[github.com/flipped-aurora/gin-vue-admin/server]2026-09-11 00:09:14.414	[31merror[0m	/Users/a1/data/go/gin-vue-admin/server/initialize/internal/gorm_logger_writer.go:54	SQL 执行错误	{"node": "", "app_id": "", "env": "", "sql": "SELECT * FROM `addon_quant_ai_task` WHERE (status = 4 AND scheduled_at IS NOT NULL AND scheduled_at <= '2026-09-10 23:53:10.253') AND `addon_quant_ai_task`.`deleted_at` IS NULL", "rows": 0, "elapsed_ms": 38679, "mod": "sql", "request_id": "", "trace_id": "", "device_id": "", "client_ip": "", "http_method": "", "http_path": "", "error_msg": "invalid connection", "error_stack": "github.com/flipped-aurora/gin-vue-admin/server/utils/logger.(*Builder).assemble\n\t/Users/a1/data/go/gin-vue-admin/server/utils/logger/builder.go:64\ngithub.com/flipped-aurora/gin-vue-admin/server/utils/logger.(*Builder).log\n\t/Users/a1/data/go/gin-vue-admin/server/utils/logger/builder.go:75\ngithub.com/flipped-aurora/gin-vue-admin/server/utils/logger.(*Builder).Error\n\t/Users/a1/data/go/gin-vue-admin/server/utils/logger/builder.go:81\ngithub.com/flipped-aurora/gin-vue-admin/server/initialize/internal.(*GormLogger).Trace\n\t/Users/a1/data/go/gin-vue-admin/server/initialize/internal/gorm_logger_writer.go:54\ngorm.io/gorm.(*processor).Execute\n\t/Users/a1/go/pkg/mod/gorm.io/gorm@v1.31.1/callbacks.go:140\ngorm.io/gorm.(*DB).Find\n\t/Users/a1/go/pkg/mod/gorm.io/gorm@v1.31.1/finisher_api.go:172\ngithub.com/flipped-aurora/gin-vue-admin/server/service/quant.(*AiTaskService).dispatchScheduledTasks\n\t/Users/a1/data/go/gin-vue-admin/server/service/quant/ai_task_service.go:421\ngithub.com/flipped-aurora/gin-vue-admin/server/service/quant.StartAiTaskScheduler.func1.1\n\t/Users/a1/data/go/gin-vue-admin/server/service/quant/ai_task_service.go:410"}
github.com/flipped-aurora/gin-vue-admin/server/initialize/internal.(*GormLogger).Trace
	/Users/a1/data/go/gin-vue-admin/server/initialize/internal/gorm_logger_writer.go:54
gorm.io/gorm.(*processor).Execute
	/Users/a1/go/pkg/mod/gorm.io/gorm@v1.31.1/callbacks.go:140
gorm.io/gorm.(*DB).Find
	/Users/a1/go/pkg/mod/gorm.io/gorm@v1.31.1/finisher_api.go:172
github.com/flipped-aurora/gin-vue-admin/server/service/quant.(*AiTaskService).dispatchScheduledTasks
	/Users/a1/data/go/gin-vue-admin/server/service/quant/ai_task_service.go:421
github.com/flipped-aurora/gin-vue-admin/server/service/quant.StartAiTaskScheduler.func1.1
	/Users/a1/data/go/gin-vue-admin/server/service/quant/ai_task_service.go:410
[github.com/flipped-aurora/gin-vue-admin/server]2026-09-11 00:09:14.416	[31merror[0m	/Users/a1/data/go/gin-vue-admin/server/service/quant/ai_task_service.go:422	查询待调度AI任务失败	{"node": "", "app_id": "", "env": "", "error": "invalid connection"}
github.com/flipped-aurora/gin-vue-admin/server/service/quant.(*AiTaskService).dispatchScheduledTasks
	/Users/a1/data/go/gin-vue-admin/server/service/quant/ai_task_service.go:422
github.com/flipped-aurora/gin-vue-admin/server/service/quant.StartAiTaskScheduler.func1.1
	/Users/a1/data/go/gin-vue-admin/server/service/quant/ai_task_service.go:410
[github.com/flipped-aurora/gin-vue-admin/server]2026-09-11 00:28:12.348	[31merror[0m	/Users/a1/data/go/gin-vue-admin/server/initialize/internal/gorm_logger_writer.go:54	SQL 执行错误	{"node": "", "app_id": "", "env": "", "sql": "SELECT * FROM `addon_quant_ai_task` WHERE (status = 4 AND scheduled_at IS NOT NULL AND scheduled_at <= '2026-09-11 00:25:28.039') AND `addon_quant_ai_task`.`deleted_at` IS NULL", "rows": 0, "elapsed_ms": 135599, "mod": "sql", "request_id": "", "trace_id": "", "device_id": "", "client_ip": "", "http_method": "", "http_path": "", "error_msg": "invalid connection", "error_stack": "github.com/flipped-aurora/gin-vue-admin/server/utils/logger.(*Builder).assemble\n\t/Users/a1/data/go/gin-vue-admin/server/utils/logger/builder.go:64\ngithub.com/flipped-aurora/gin-vue-admin/server/utils/logger.(*Builder).log\n\t/Users/a1/data/go/gin-vue-admin/server/utils/logger/builder.go:75\ngithub.com/flipped-aurora/gin-vue-admin/server/utils/logger.(*Builder).Error\n\t/Users/a1/data/go/gin-vue-admin/server/utils/logger/builder.go:81\ngithub.com/flipped-aurora/gin-vue-admin/server/initialize/internal.(*GormLogger).Trace\n\t/Users/a1/data/go/gin-vue-admin/server/initialize/internal/gorm_logger_writer.go:54\ngorm.io/gorm.(*processor).Execute\n\t/Users/a1/go/pkg/mod/gorm.io/gorm@v1.31.1/callbacks.go:140\ngorm.io/gorm.(*DB).Find\n\t/Users/a1/go/pkg/mod/gorm.io/gorm@v1.31.1/finisher_api.go:172\ngithub.com/flipped-aurora/gin-vue-admin/server/service/quant.(*AiTaskService).dispatchScheduledTasks\n\t/Users/a1/data/go/gin-vue-admin/server/service/quant/ai_task_service.go:421\ngithub.com/flipped-aurora/gin-vue-admin/server/service/quant.StartAiTaskScheduler.func1.1\n\t/Users/a1/data/go/gin-vue-admin/server/service/quant/ai_task_service.go:410"}
github.com/flipped-aurora/gin-vue-admin/server/initialize/internal.(*GormLogger).Trace
	/Users/a1/data/go/gin-vue-admin/server/initialize/internal/gorm_logger_writer.go:54
gorm.io/gorm.(*processor).Execute
	/Users/a1/go/pkg/mod/gorm.io/gorm@v1.31.1/callbacks.go:140
gorm.io/gorm.(*DB).Find
	/Users/a1/go/pkg/mod/gorm.io/gorm@v1.31.1/finisher_api.go:172
github.com/flipped-aurora/gin-vue-admin/server/service/quant.(*AiTaskService).dispatchScheduledTasks
	/Users/a1/data/go/gin-vue-admin/server/service/quant/ai_task_service.go:421
github.com/flipped-aurora/gin-vue-admin/server/service/quant.StartAiTaskScheduler.func1.1
	/Users/a1/data/go/gin-vue-admin/server/service/quant/ai_task_service.go:410
[github.com/flipped-aurora/gin-vue-admin/server]2026-09-11 00:28:12.349	[31merror[0m	/Users/a1/data/go/gin-vue-admin/server/service/quant/ai_task_service.go:422	查询待调度AI任务失败	{"node": "", "app_id": "", "env": "", "error": "invalid connection"}
github.com/flipped-aurora/gin-vue-admin/server/service/quant.(*AiTaskService).dispatchScheduledTasks
	/Users/a1/data/go/gin-vue-admin/server/service/quant/ai_task_service.go:422
github.com/flipped-aurora/gin-vue-admin/server/service/quant.StartAiTaskScheduler.func1.1
	/Users/a1/data/go/gin-vue-admin/server/service/quant/ai_task_service.go:410
[github.com/flipped-aurora/gin-vue-admin/server]2026-09-11 01:06:09.544	[31merror[0m	/Users/a1/data/go/gin-vue-admin/server/initialize/internal/gorm_logger_writer.go:54	SQL 执行错误	{"node": "", "app_id": "", "env": "", "sql": "SELECT count(*) FROM `common_member` WHERE mobile = '13568961416' AND `common_member`.`deleted_at` IS NULL", "rows": 0, "elapsed_ms": 45, "mod": "sql", "request_id": "f7a5d51a-9e7c-4299-9397-0e67b28b00f2", "trace_id": "5dcd21fdf6e54ceb50b636d778751175", "device_id": "", "client_ip": "127.0.0.1", "http_method": "POST", "http_path": "/client/auth/register", "span_id": "20a7dc8efe597c3b", "error_msg": "Error 1146 (42S02): Table 'go_noooya_com.common_member' doesn't exist", "error_stack": "github.com/flipped-aurora/gin-vue-admin/server/utils/logger.(*Builder).assemble\n\t/Users/a1/data/go/gin-vue-admin/server/utils/logger/builder.go:64\ngithub.com/flipped-aurora/gin-vue-admin/server/utils/logger.(*Builder).log\n\t/Users/a1/data/go/gin-vue-admin/server/utils/logger/builder.go:75\ngithub.com/flipped-aurora/gin-vue-admin/server/utils/logger.(*Builder).Error\n\t/Users/a1/data/go/gin-vue-admin/server/utils/logger/builder.go:81\ngithub.com/flipped-aurora/gin-vue-admin/server/initialize/internal.(*GormLogger).Trace\n\t/Users/a1/data/go/gin-vue-admin/server/initialize/internal/gorm_logger_writer.go:54\ngorm.io/gorm.(*processor).Execute\n\t/Users/a1/go/pkg/mod/gorm.io/gorm@v1.31.1/callbacks.go:140\ngorm.io/gorm.(*DB).Count\n\t/Users/a1/go/pkg/mod/gorm.io/gorm@v1.31.1/finisher_api.go:497\ngithub.com/flipped-aurora/gin-vue-admin/server/service/common.(*AuthService).Register\n\t/Users/a1/data/go/gin-vue-admin/server/service/common/auth.go:33\ngithub.com/flipped-aurora/gin-vue-admin/server/api/client/v1/common.(*AuthApi).Register\n\t/Users/a1/data/go/gin-vue-admin/server/api/client/v1/common/auth.go:66\ngithub.com/gin-gonic/gin.(*Context).Next\n\t/Users/a1/go/pkg/mod/github.com/gin-gonic/gin@v1.10.0/context.go:185\ngithub.com/flipped-aurora/gin-vue-admin/server/initialize.Routers.Cors.func5\n\t/Users/a1/data/go/gin-vue-admin/server/middleware/cors.go:26\ngithub.com/gin-gonic/gin.(*Context).Next\n\t/Users/a1/go/pkg/mod/github.com/gin-gonic/gin@v1.10.0/context.go:185\ngithub.com/flipped-aurora/gin-vue-admin/server/middleware.UploadResponseHeaders.func1\n\t/Users/a1/data/go/gin-vue-admin/server/middleware/upload_security.go:25\ngithub.com/gin-gonic/gin.(*Context).Next\n\t/Users/a1/go/pkg/mod/github.com/gin-gonic/gin@v1.10.0/context.go:185\ngithub.com/gin-gonic/gin.LoggerWithConfig.func1\n\t/Users/a1/go/pkg/mod/github.com/gin-gonic/gin@v1.10.0/logger.go:249\ngithub.com/gin-gonic/gin.(*Context).Next\n\t/Users/a1/go/pkg/mod/github.com/gin-gonic/gin@v1.10.0/context.go:185\ngithub.com/flipped-aurora/gin-vue-admin/server/initialize.Routers.AccessLog.func4\n\t/Users/a1/data/go/gin-vue-admin/server/middleware/access_log.go:73\ngithub.com/gin-gonic/gin.(*Context).Next\n\t/Users/a1/go/pkg/mod/github.com/gin-gonic/gin@v1.10.0/context.go:185\ngithub.com/flipped-aurora/gin-vue-admin/server/initialize.Routers.GinRecovery.func3\n\t/Users/a1/data/go/gin-vue-admin/server/middleware/error.go:56\ngithub.com/gin-gonic/gin.(*Context).Next\n\t/Users/a1/go/pkg/mod/github.com/gin-gonic/gin@v1.10.0/context.go:185\ngithub.com/flipped-aurora/gin-vue-admin/server/initialize.Routers.RequestMeta.func2\n\t/Users/a1/data/go/gin-vue-admin/server/middleware/request_meta.go:39\ngithub.com/gin-gonic/gin.(*Context).Next\n\t/Users/a1/go/pkg/mod/github.com/gin-gonic/gin@v1.10.0/context.go:185\ngithub.com/gin-gonic/gin.(*Engine).handleHTTPRequest\n\t/Users/a1/go/pkg/mod/github.com/gin-gonic/gin@v1.10.0/gin.go:633\ngithub.com/gin-gonic/gin.(*Engine).ServeHTTP\n\t/Users/a1/go/pkg/mod/github.com/gin-gonic/gin@v1.10.0/gin.go:589\nnet/http.serverHandler.ServeHTTP\n\t/usr/local/go/src/net/http/server.go:3311\nnet/http.(*conn).serve\n\t/usr/local/go/src/net/http/server.go:2073"}
github.com/flipped-aurora/gin-vue-admin/server/initialize/internal.(*GormLogger).Trace
	/Users/a1/data/go/gin-vue-admin/server/initialize/internal/gorm_logger_writer.go:54
gorm.io/gorm.(*processor).Execute
	/Users/a1/go/pkg/mod/gorm.io/gorm@v1.31.1/callbacks.go:140
gorm.io/gorm.(*DB).Count
	/Users/a1/go/pkg/mod/gorm.io/gorm@v1.31.1/finisher_api.go:497
github.com/flipped-aurora/gin-vue-admin/server/service/common.(*AuthService).Register
	/Users/a1/data/go/gin-vue-admin/server/service/common/auth.go:33
github.com/flipped-aurora/gin-vue-admin/server/api/client/v1/common.(*AuthApi).Register
	/Users/a1/data/go/gin-vue-admin/server/api/client/v1/common/auth.go:66
github.com/gin-gonic/gin.(*Context).Next
	/Users/a1/go/pkg/mod/github.com/gin-gonic/gin@v1.10.0/context.go:185
github.com/flipped-aurora/gin-vue-admin/server/initialize.Routers.Cors.func5
	/Users/a1/data/go/gin-vue-admin/server/middleware/cors.go:26
github.com/gin-gonic/gin.(*Context).Next
	/Users/a1/go/pkg/mod/github.com/gin-gonic/gin@v1.10.0/context.go:185
github.com/flipped-aurora/gin-vue-admin/server/middleware.UploadResponseHeaders.func1
	/Users/a1/data/go/gin-vue-admin/server/middleware/upload_security.go:25
github.com/gin-gonic/gin.(*Context).Next
	/Users/a1/go/pkg/mod/github.com/gin-gonic/gin@v1.10.0/context.go:185
github.com/gin-gonic/gin.LoggerWithConfig.func1
	/Users/a1/go/pkg/mod/github.com/gin-gonic/gin@v1.10.0/logger.go:249
github.com/gin-gonic/gin.(*Context).Next
	/Users/a1/go/pkg/mod/github.com/gin-gonic/gin@v1.10.0/context.go:185
github.com/flipped-aurora/gin-vue-admin/server/initialize.Routers.AccessLog.func4
	/Users/a1/data/go/gin-vue-admin/server/middleware/access_log.go:73
github.com/gin-gonic/gin.(*Context).Next
	/Users/a1/go/pkg/mod/github.com/gin-gonic/gin@v1.10.0/context.go:185
github.com/flipped-aurora/gin-vue-admin/server/initialize.Routers.GinRecovery.func3
	/Users/a1/data/go/gin-vue-admin/server/middleware/error.go:56
github.com/gin-gonic/gin.(*Context).Next
	/Users/a1/go/pkg/mod/github.com/gin-gonic/gin@v1.10.0/context.go:185
github.com/flipped-aurora/gin-vue-admin/server/initialize.Routers.RequestMeta.func2
	/Users/a1/data/go/gin-vue-admin/server/middleware/request_meta.go:39
github.com/gin-gonic/gin.(*Context).Next
	/Users/a1/go/pkg/mod/github.com/gin-gonic/gin@v1.10.0/context.go:185
github.com/gin-gonic/gin.(*Engine).handleHTTPRequest
	/Users/a1/go/pkg/mod/github.com/gin-gonic/gin@v1.10.0/gin.go:633
github.com/gin-gonic/gin.(*Engine).ServeHTTP
	/Users/a1/go/pkg/mod/github.com/gin-gonic/gin@v1.10.0/gin.go:589
net/http.serverHandler.ServeHTTP
	/usr/local/go/src/net/http/server.go:3311
net/http.(*conn).serve
	/usr/local/go/src/net/http/server.go:2073
[github.com/flipped-aurora/gin-vue-admin/server]2026-09-11 01:06:09.563	[31merror[0m	/Users/a1/data/go/gin-vue-admin/server/api/client/v1/common/auth.go:68	注册失败!	{"node": "", "app_id": "", "env": "", "error": "Error 1146 (42S02): Table 'go_noooya_com.common_member' doesn't exist"}
github.com/flipped-aurora/gin-vue-admin/server/api/client/v1/common.(*AuthApi).Register
	/Users/a1/data/go/gin-vue-admin/server/api/client/v1/common/auth.go:68
github.com/gin-gonic/gin.(*Context).Next
	/Users/a1/go/pkg/mod/github.com/gin-gonic/gin@v1.10.0/context.go:185
github.com/flipped-aurora/gin-vue-admin/server/initialize.Routers.Cors.func5
	/Users/a1/data/go/gin-vue-admin/server/middleware/cors.go:26
github.com/gin-gonic/gin.(*Context).Next
	/Users/a1/go/pkg/mod/github.com/gin-gonic/gin@v1.10.0/context.go:185
github.com/flipped-aurora/gin-vue-admin/server/middleware.UploadResponseHeaders.func1
	/Users/a1/data/go/gin-vue-admin/server/middleware/upload_security.go:25
github.com/gin-gonic/gin.(*Context).Next
	/Users/a1/go/pkg/mod/github.com/gin-gonic/gin@v1.10.0/context.go:185
github.com/gin-gonic/gin.LoggerWithConfig.func1
	/Users/a1/go/pkg/mod/github.com/gin-gonic/gin@v1.10.0/logger.go:249
github.com/gin-gonic/gin.(*Context).Next
	/Users/a1/go/pkg/mod/github.com/gin-gonic/gin@v1.10.0/context.go:185
github.com/flipped-aurora/gin-vue-admin/server/initialize.Routers.AccessLog.func4
	/Users/a1/data/go/gin-vue-admin/server/middleware/access_log.go:73
github.com/gin-gonic/gin.(*Context).Next
	/Users/a1/go/pkg/mod/github.com/gin-gonic/gin@v1.10.0/context.go:185
github.com/flipped-aurora/gin-vue-admin/server/initialize.Routers.GinRecovery.func3
	/Users/a1/data/go/gin-vue-admin/server/middleware/error.go:56
github.com/gin-gonic/gin.(*Context).Next
	/Users/a1/go/pkg/mod/github.com/gin-gonic/gin@v1.10.0/context.go:185
github.com/flipped-aurora/gin-vue-admin/server/initialize.Routers.RequestMeta.func2
	/Users/a1/data/go/gin-vue-admin/server/middleware/request_meta.go:39
github.com/gin-gonic/gin.(*Context).Next
	/Users/a1/go/pkg/mod/github.com/gin-gonic/gin@v1.10.0/context.go:185
github.com/gin-gonic/gin.(*Engine).handleHTTPRequest
	/Users/a1/go/pkg/mod/github.com/gin-gonic/gin@v1.10.0/gin.go:633
github.com/gin-gonic/gin.(*Engine).ServeHTTP
	/Users/a1/go/pkg/mod/github.com/gin-gonic/gin@v1.10.0/gin.go:589
net/http.serverHandler.ServeHTTP
	/usr/local/go/src/net/http/server.go:3311
net/http.(*conn).serve
	/usr/local/go/src/net/http/server.go:2073
[github.com/flipped-aurora/gin-vue-admin/server]2026-09-11 01:19:54.583	[31merror[0m	/Users/a1/data/go/gin-vue-admin/server/initialize/internal/gorm_logger_writer.go:54	SQL 执行错误	{"node": "", "app_id": "", "env": "", "sql": "SELECT * FROM `addon_quant_ai_task` WHERE (status = 4 AND scheduled_at IS NOT NULL AND scheduled_at <= '2026-09-11 01:19:15.327') AND `addon_quant_ai_task`.`deleted_at` IS NULL", "rows": 0, "elapsed_ms": 39254, "mod": "sql", "request_id": "", "trace_id": "", "device_id": "", "client_ip": "", "http_method": "", "http_path": "", "error_msg": "invalid connection", "error_stack": "github.com/flipped-aurora/gin-vue-admin/server/utils/logger.(*Builder).assemble\n\t/Users/a1/data/go/gin-vue-admin/server/utils/logger/builder.go:64\ngithub.com/flipped-aurora/gin-vue-admin/server/utils/logger.(*Builder).log\n\t/Users/a1/data/go/gin-vue-admin/server/utils/logger/builder.go:75\ngithub.com/flipped-aurora/gin-vue-admin/server/utils/logger.(*Builder).Error\n\t/Users/a1/data/go/gin-vue-admin/server/utils/logger/builder.go:81\ngithub.com/flipped-aurora/gin-vue-admin/server/initialize/internal.(*GormLogger).Trace\n\t/Users/a1/data/go/gin-vue-admin/server/initialize/internal/gorm_logger_writer.go:54\ngorm.io/gorm.(*processor).Execute\n\t/Users/a1/go/pkg/mod/gorm.io/gorm@v1.31.1/callbacks.go:140\ngorm.io/gorm.(*DB).Find\n\t/Users/a1/go/pkg/mod/gorm.io/gorm@v1.31.1/finisher_api.go:172\ngithub.com/flipped-aurora/gin-vue-admin/server/service/quant.(*AiTaskService).dispatchScheduledTasks\n\t/Users/a1/data/go/gin-vue-admin/server/service/quant/ai_task_service.go:421\ngithub.com/flipped-aurora/gin-vue-admin/server/service/quant.StartAiTaskScheduler.func1.1\n\t/Users/a1/data/go/gin-vue-admin/server/service/quant/ai_task_service.go:410"}
github.com/flipped-aurora/gin-vue-admin/server/initialize/internal.(*GormLogger).Trace
	/Users/a1/data/go/gin-vue-admin/server/initialize/internal/gorm_logger_writer.go:54
gorm.io/gorm.(*processor).Execute
	/Users/a1/go/pkg/mod/gorm.io/gorm@v1.31.1/callbacks.go:140
gorm.io/gorm.(*DB).Find
	/Users/a1/go/pkg/mod/gorm.io/gorm@v1.31.1/finisher_api.go:172
github.com/flipped-aurora/gin-vue-admin/server/service/quant.(*AiTaskService).dispatchScheduledTasks
	/Users/a1/data/go/gin-vue-admin/server/service/quant/ai_task_service.go:421
github.com/flipped-aurora/gin-vue-admin/server/service/quant.StartAiTaskScheduler.func1.1
	/Users/a1/data/go/gin-vue-admin/server/service/quant/ai_task_service.go:410
[github.com/flipped-aurora/gin-vue-admin/server]2026-09-11 01:19:54.603	[31merror[0m	/Users/a1/data/go/gin-vue-admin/server/service/quant/ai_task_service.go:422	查询待调度AI任务失败	{"node": "", "app_id": "", "env": "", "error": "invalid connection"}
github.com/flipped-aurora/gin-vue-admin/server/service/quant.(*AiTaskService).dispatchScheduledTasks
	/Users/a1/data/go/gin-vue-admin/server/service/quant/ai_task_service.go:422
github.com/flipped-aurora/gin-vue-admin/server/service/quant.StartAiTaskScheduler.func1.1
	/Users/a1/data/go/gin-vue-admin/server/service/quant/ai_task_service.go:410
[github.com/flipped-aurora/gin-vue-admin/server]2026-09-11 01:24:54.216	[31merror[0m	/Users/a1/data/go/gin-vue-admin/server/initialize/internal/gorm_logger_writer.go:54	SQL 执行错误	{"node": "", "app_id": "", "env": "", "sql": "SELECT * FROM `addon_quant_ai_task` WHERE (status = 4 AND scheduled_at IS NOT NULL AND scheduled_at <= '2026-09-11 01:22:47.311') AND `addon_quant_ai_task`.`deleted_at` IS NULL", "rows": 0, "elapsed_ms": 61080, "mod": "sql", "request_id": "", "trace_id": "", "device_id": "", "client_ip": "", "http_method": "", "http_path": "", "error_msg": "invalid connection", "error_stack": "github.com/flipped-aurora/gin-vue-admin/server/utils/logger.(*Builder).assemble\n\t/Users/a1/data/go/gin-vue-admin/server/utils/logger/builder.go:64\ngithub.com/flipped-aurora/gin-vue-admin/server/utils/logger.(*Builder).log\n\t/Users/a1/data/go/gin-vue-admin/server/utils/logger/builder.go:75\ngithub.com/flipped-aurora/gin-vue-admin/server/utils/logger.(*Builder).Error\n\t/Users/a1/data/go/gin-vue-admin/server/utils/logger/builder.go:81\ngithub.com/flipped-aurora/gin-vue-admin/server/initialize/internal.(*GormLogger).Trace\n\t/Users/a1/data/go/gin-vue-admin/server/initialize/internal/gorm_logger_writer.go:54\ngorm.io/gorm.(*processor).Execute\n\t/Users/a1/go/pkg/mod/gorm.io/gorm@v1.31.1/callbacks.go:140\ngorm.io/gorm.(*DB).Find\n\t/Users/a1/go/pkg/mod/gorm.io/gorm@v1.31.1/finisher_api.go:172\ngithub.com/flipped-aurora/gin-vue-admin/server/service/quant.(*AiTaskService).dispatchScheduledTasks\n\t/Users/a1/data/go/gin-vue-admin/server/service/quant/ai_task_service.go:421\ngithub.com/flipped-aurora/gin-vue-admin/server/service/quant.StartAiTaskScheduler.func1.1\n\t/Users/a1/data/go/gin-vue-admin/server/service/quant/ai_task_service.go:410"}
github.com/flipped-aurora/gin-vue-admin/server/initialize/internal.(*GormLogger).Trace
	/Users/a1/data/go/gin-vue-admin/server/initialize/internal/gorm_logger_writer.go:54
gorm.io/gorm.(*processor).Execute
	/Users/a1/go/pkg/mod/gorm.io/gorm@v1.31.1/callbacks.go:140
gorm.io/gorm.(*DB).Find
	/Users/a1/go/pkg/mod/gorm.io/gorm@v1.31.1/finisher_api.go:172
github.com/flipped-aurora/gin-vue-admin/server/service/quant.(*AiTaskService).dispatchScheduledTasks
	/Users/a1/data/go/gin-vue-admin/server/service/quant/ai_task_service.go:421
github.com/flipped-aurora/gin-vue-admin/server/service/quant.StartAiTaskScheduler.func1.1
	/Users/a1/data/go/gin-vue-admin/server/service/quant/ai_task_service.go:410
[github.com/flipped-aurora/gin-vue-admin/server]2026-09-11 01:24:54.219	[31merror[0m	/Users/a1/data/go/gin-vue-admin/server/service/quant/ai_task_service.go:422	查询待调度AI任务失败	{"node": "", "app_id": "", "env": "", "error": "invalid connection"}
github.com/flipped-aurora/gin-vue-admin/server/service/quant.(*AiTaskService).dispatchScheduledTasks
	/Users/a1/data/go/gin-vue-admin/server/service/quant/ai_task_service.go:422
github.com/flipped-aurora/gin-vue-admin/server/service/quant.StartAiTaskScheduler.func1.1
	/Users/a1/data/go/gin-vue-admin/server/service/quant/ai_task_service.go:410
[github.com/flipped-aurora/gin-vue-admin/server]2026-09-11 01:41:11.164	[31merror[0m	/Users/a1/data/go/gin-vue-admin/server/initialize/internal/gorm_logger_writer.go:54	SQL 执行错误	{"node": "", "app_id": "", "env": "", "sql": "SELECT * FROM `addon_quant_ai_task` WHERE (status = 4 AND scheduled_at IS NOT NULL AND scheduled_at <= '2026-09-11 01:40:33.431') AND `addon_quant_ai_task`.`deleted_at` IS NULL", "rows": 0, "elapsed_ms": 37654, "mod": "sql", "request_id": "", "trace_id": "", "device_id": "", "client_ip": "", "http_method": "", "http_path": "", "error_msg": "invalid connection", "error_stack": "github.com/flipped-aurora/gin-vue-admin/server/utils/logger.(*Builder).assemble\n\t/Users/a1/data/go/gin-vue-admin/server/utils/logger/builder.go:64\ngithub.com/flipped-aurora/gin-vue-admin/server/utils/logger.(*Builder).log\n\t/Users/a1/data/go/gin-vue-admin/server/utils/logger/builder.go:75\ngithub.com/flipped-aurora/gin-vue-admin/server/utils/logger.(*Builder).Error\n\t/Users/a1/data/go/gin-vue-admin/server/utils/logger/builder.go:81\ngithub.com/flipped-aurora/gin-vue-admin/server/initialize/internal.(*GormLogger).Trace\n\t/Users/a1/data/go/gin-vue-admin/server/initialize/internal/gorm_logger_writer.go:54\ngorm.io/gorm.(*processor).Execute\n\t/Users/a1/go/pkg/mod/gorm.io/gorm@v1.31.1/callbacks.go:140\ngorm.io/gorm.(*DB).Find\n\t/Users/a1/go/pkg/mod/gorm.io/gorm@v1.31.1/finisher_api.go:172\ngithub.com/flipped-aurora/gin-vue-admin/server/service/quant.(*AiTaskService).dispatchScheduledTasks\n\t/Users/a1/data/go/gin-vue-admin/server/service/quant/ai_task_service.go:421\ngithub.com/flipped-aurora/gin-vue-admin/server/service/quant.StartAiTaskScheduler.func1.1\n\t/Users/a1/data/go/gin-vue-admin/server/service/quant/ai_task_service.go:410"}
github.com/flipped-aurora/gin-vue-admin/server/initialize/internal.(*GormLogger).Trace
	/Users/a1/data/go/gin-vue-admin/server/initialize/internal/gorm_logger_writer.go:54
gorm.io/gorm.(*processor).Execute
	/Users/a1/go/pkg/mod/gorm.io/gorm@v1.31.1/callbacks.go:140
gorm.io/gorm.(*DB).Find
	/Users/a1/go/pkg/mod/gorm.io/gorm@v1.31.1/finisher_api.go:172
github.com/flipped-aurora/gin-vue-admin/server/service/quant.(*AiTaskService).dispatchScheduledTasks
	/Users/a1/data/go/gin-vue-admin/server/service/quant/ai_task_service.go:421
github.com/flipped-aurora/gin-vue-admin/server/service/quant.StartAiTaskScheduler.func1.1
	/Users/a1/data/go/gin-vue-admin/server/service/quant/ai_task_service.go:410
[github.com/flipped-aurora/gin-vue-admin/server]2026-09-11 01:41:11.167	[31merror[0m	/Users/a1/data/go/gin-vue-admin/server/service/quant/ai_task_service.go:422	查询待调度AI任务失败	{"node": "", "app_id": "", "env": "", "error": "invalid connection"}
github.com/flipped-aurora/gin-vue-admin/server/service/quant.(*AiTaskService).dispatchScheduledTasks
	/Users/a1/data/go/gin-vue-admin/server/service/quant/ai_task_service.go:422
github.com/flipped-aurora/gin-vue-admin/server/service/quant.StartAiTaskScheduler.func1.1
	/Users/a1/data/go/gin-vue-admin/server/service/quant/ai_task_service.go:410
[github.com/flipped-aurora/gin-vue-admin/server]2026-09-11 01:57:40.506	[31merror[0m	/Users/a1/data/go/gin-vue-admin/server/initialize/internal/gorm_logger_writer.go:54	SQL 执行错误	{"node": "", "app_id": "", "env": "", "sql": "SELECT * FROM `addon_quant_ai_task` WHERE (status = 4 AND scheduled_at IS NOT NULL AND scheduled_at <= '2026-09-11 01:57:03.262') AND `addon_quant_ai_task`.`deleted_at` IS NULL", "rows": 0, "elapsed_ms": 37243, "mod": "sql", "request_id": "", "trace_id": "", "device_id": "", "client_ip": "", "http_method": "", "http_path": "", "error_msg": "invalid connection", "error_stack": "github.com/flipped-aurora/gin-vue-admin/server/utils/logger.(*Builder).assemble\n\t/Users/a1/data/go/gin-vue-admin/server/utils/logger/builder.go:64\ngithub.com/flipped-aurora/gin-vue-admin/server/utils/logger.(*Builder).log\n\t/Users/a1/data/go/gin-vue-admin/server/utils/logger/builder.go:75\ngithub.com/flipped-aurora/gin-vue-admin/server/utils/logger.(*Builder).Error\n\t/Users/a1/data/go/gin-vue-admin/server/utils/logger/builder.go:81\ngithub.com/flipped-aurora/gin-vue-admin/server/initialize/internal.(*GormLogger).Trace\n\t/Users/a1/data/go/gin-vue-admin/server/initialize/internal/gorm_logger_writer.go:54\ngorm.io/gorm.(*processor).Execute\n\t/Users/a1/go/pkg/mod/gorm.io/gorm@v1.31.1/callbacks.go:140\ngorm.io/gorm.(*DB).Find\n\t/Users/a1/go/pkg/mod/gorm.io/gorm@v1.31.1/finisher_api.go:172\ngithub.com/flipped-aurora/gin-vue-admin/server/service/quant.(*AiTaskService).dispatchScheduledTasks\n\t/Users/a1/data/go/gin-vue-admin/server/service/quant/ai_task_service.go:421\ngithub.com/flipped-aurora/gin-vue-admin/server/service/quant.StartAiTaskScheduler.func1.1\n\t/Users/a1/data/go/gin-vue-admin/server/service/quant/ai_task_service.go:410"}
github.com/flipped-aurora/gin-vue-admin/server/initialize/internal.(*GormLogger).Trace
	/Users/a1/data/go/gin-vue-admin/server/initialize/internal/gorm_logger_writer.go:54
gorm.io/gorm.(*processor).Execute
	/Users/a1/go/pkg/mod/gorm.io/gorm@v1.31.1/callbacks.go:140
gorm.io/gorm.(*DB).Find
	/Users/a1/go/pkg/mod/gorm.io/gorm@v1.31.1/finisher_api.go:172
github.com/flipped-aurora/gin-vue-admin/server/service/quant.(*AiTaskService).dispatchScheduledTasks
	/Users/a1/data/go/gin-vue-admin/server/service/quant/ai_task_service.go:421
github.com/flipped-aurora/gin-vue-admin/server/service/quant.StartAiTaskScheduler.func1.1
	/Users/a1/data/go/gin-vue-admin/server/service/quant/ai_task_service.go:410
[github.com/flipped-aurora/gin-vue-admin/server]2026-09-11 01:57:40.538	[31merror[0m	/Users/a1/data/go/gin-vue-admin/server/service/quant/ai_task_service.go:422	查询待调度AI任务失败	{"node": "", "app_id": "", "env": "", "error": "invalid connection"}
github.com/flipped-aurora/gin-vue-admin/server/service/quant.(*AiTaskService).dispatchScheduledTasks
	/Users/a1/data/go/gin-vue-admin/server/service/quant/ai_task_service.go:422
github.com/flipped-aurora/gin-vue-admin/server/service/quant.StartAiTaskScheduler.func1.1
	/Users/a1/data/go/gin-vue-admin/server/service/quant/ai_task_service.go:410
[github.com/flipped-aurora/gin-vue-admin/server]2026-09-11 02:53:19.524	[31merror[0m	/Users/a1/data/go/gin-vue-admin/server/initialize/internal/gorm_logger_writer.go:54	SQL 执行错误	{"node": "", "app_id": "", "env": "", "sql": "SELECT * FROM `addon_quant_ai_task` WHERE (status = 4 AND scheduled_at IS NOT NULL AND scheduled_at <= '2026-09-11 02:37:18.243') AND `addon_quant_ai_task`.`deleted_at` IS NULL", "rows": 0, "elapsed_ms": 35626, "mod": "sql", "request_id": "", "trace_id": "", "device_id": "", "client_ip": "", "http_method": "", "http_path": "", "error_msg": "invalid connection", "error_stack": "github.com/flipped-aurora/gin-vue-admin/server/utils/logger.(*Builder).assemble\n\t/Users/a1/data/go/gin-vue-admin/server/utils/logger/builder.go:64\ngithub.com/flipped-aurora/gin-vue-admin/server/utils/logger.(*Builder).log\n\t/Users/a1/data/go/gin-vue-admin/server/utils/logger/builder.go:75\ngithub.com/flipped-aurora/gin-vue-admin/server/utils/logger.(*Builder).Error\n\t/Users/a1/data/go/gin-vue-admin/server/utils/logger/builder.go:81\ngithub.com/flipped-aurora/gin-vue-admin/server/initialize/internal.(*GormLogger).Trace\n\t/Users/a1/data/go/gin-vue-admin/server/initialize/internal/gorm_logger_writer.go:54\ngorm.io/gorm.(*processor).Execute\n\t/Users/a1/go/pkg/mod/gorm.io/gorm@v1.31.1/callbacks.go:140\ngorm.io/gorm.(*DB).Find\n\t/Users/a1/go/pkg/mod/gorm.io/gorm@v1.31.1/finisher_api.go:172\ngithub.com/flipped-aurora/gin-vue-admin/server/service/quant.(*AiTaskService).dispatchScheduledTasks\n\t/Users/a1/data/go/gin-vue-admin/server/service/quant/ai_task_service.go:421\ngithub.com/flipped-aurora/gin-vue-admin/server/service/quant.StartAiTaskScheduler.func1.1\n\t/Users/a1/data/go/gin-vue-admin/server/service/quant/ai_task_service.go:410"}
github.com/flipped-aurora/gin-vue-admin/server/initialize/internal.(*GormLogger).Trace
	/Users/a1/data/go/gin-vue-admin/server/initialize/internal/gorm_logger_writer.go:54
gorm.io/gorm.(*processor).Execute
	/Users/a1/go/pkg/mod/gorm.io/gorm@v1.31.1/callbacks.go:140
gorm.io/gorm.(*DB).Find
	/Users/a1/go/pkg/mod/gorm.io/gorm@v1.31.1/finisher_api.go:172
github.com/flipped-aurora/gin-vue-admin/server/service/quant.(*AiTaskService).dispatchScheduledTasks
	/Users/a1/data/go/gin-vue-admin/server/service/quant/ai_task_service.go:421
github.com/flipped-aurora/gin-vue-admin/server/service/quant.StartAiTaskScheduler.func1.1
	/Users/a1/data/go/gin-vue-admin/server/service/quant/ai_task_service.go:410
[github.com/flipped-aurora/gin-vue-admin/server]2026-09-11 02:53:19.525	[31merror[0m	/Users/a1/data/go/gin-vue-admin/server/service/quant/ai_task_service.go:422	查询待调度AI任务失败	{"node": "", "app_id": "", "env": "", "error": "invalid connection"}
github.com/flipped-aurora/gin-vue-admin/server/service/quant.(*AiTaskService).dispatchScheduledTasks
	/Users/a1/data/go/gin-vue-admin/server/service/quant/ai_task_service.go:422
github.com/flipped-aurora/gin-vue-admin/server/service/quant.StartAiTaskScheduler.func1.1
	/Users/a1/data/go/gin-vue-admin/server/service/quant/ai_task_service.go:410
[github.com/flipped-aurora/gin-vue-admin/server]2026-09-11 03:15:42.233	[31merror[0m	/Users/a1/data/go/gin-vue-admin/server/initialize/internal/gorm_logger_writer.go:54	SQL 执行错误	{"node": "", "app_id": "", "env": "", "sql": "SELECT * FROM `addon_quant_ai_task` WHERE (status = 4 AND scheduled_at IS NOT NULL AND scheduled_at <= '2026-09-11 03:09:39.534') AND `addon_quant_ai_task`.`deleted_at` IS NULL", "rows": 0, "elapsed_ms": 46063, "mod": "sql", "request_id": "", "trace_id": "", "device_id": "", "client_ip": "", "http_method": "", "http_path": "", "error_msg": "invalid connection", "error_stack": "github.com/flipped-aurora/gin-vue-admin/server/utils/logger.(*Builder).assemble\n\t/Users/a1/data/go/gin-vue-admin/server/utils/logger/builder.go:64\ngithub.com/flipped-aurora/gin-vue-admin/server/utils/logger.(*Builder).log\n\t/Users/a1/data/go/gin-vue-admin/server/utils/logger/builder.go:75\ngithub.com/flipped-aurora/gin-vue-admin/server/utils/logger.(*Builder).Error\n\t/Users/a1/data/go/gin-vue-admin/server/utils/logger/builder.go:81\ngithub.com/flipped-aurora/gin-vue-admin/server/initialize/internal.(*GormLogger).Trace\n\t/Users/a1/data/go/gin-vue-admin/server/initialize/internal/gorm_logger_writer.go:54\ngorm.io/gorm.(*processor).Execute\n\t/Users/a1/go/pkg/mod/gorm.io/gorm@v1.31.1/callbacks.go:140\ngorm.io/gorm.(*DB).Find\n\t/Users/a1/go/pkg/mod/gorm.io/gorm@v1.31.1/finisher_api.go:172\ngithub.com/flipped-aurora/gin-vue-admin/server/service/quant.(*AiTaskService).dispatchScheduledTasks\n\t/Users/a1/data/go/gin-vue-admin/server/service/quant/ai_task_service.go:421\ngithub.com/flipped-aurora/gin-vue-admin/server/service/quant.StartAiTaskScheduler.func1.1\n\t/Users/a1/data/go/gin-vue-admin/server/service/quant/ai_task_service.go:410"}
github.com/flipped-aurora/gin-vue-admin/server/initialize/internal.(*GormLogger).Trace
	/Users/a1/data/go/gin-vue-admin/server/initialize/internal/gorm_logger_writer.go:54
gorm.io/gorm.(*processor).Execute
	/Users/a1/go/pkg/mod/gorm.io/gorm@v1.31.1/callbacks.go:140
gorm.io/gorm.(*DB).Find
	/Users/a1/go/pkg/mod/gorm.io/gorm@v1.31.1/finisher_api.go:172
github.com/flipped-aurora/gin-vue-admin/server/service/quant.(*AiTaskService).dispatchScheduledTasks
	/Users/a1/data/go/gin-vue-admin/server/service/quant/ai_task_service.go:421
github.com/flipped-aurora/gin-vue-admin/server/service/quant.StartAiTaskScheduler.func1.1
	/Users/a1/data/go/gin-vue-admin/server/service/quant/ai_task_service.go:410
[github.com/flipped-aurora/gin-vue-admin/server]2026-09-11 03:15:42.233	[31merror[0m	/Users/a1/data/go/gin-vue-admin/server/service/quant/ai_task_service.go:422	查询待调度AI任务失败	{"node": "", "app_id": "", "env": "", "error": "invalid connection"}
github.com/flipped-aurora/gin-vue-admin/server/service/quant.(*AiTaskService).dispatchScheduledTasks
	/Users/a1/data/go/gin-vue-admin/server/service/quant/ai_task_service.go:422
github.com/flipped-aurora/gin-vue-admin/server/service/quant.StartAiTaskScheduler.func1.1
	/Users/a1/data/go/gin-vue-admin/server/service/quant/ai_task_service.go:410
[github.com/flipped-aurora/gin-vue-admin/server]2026-09-11 03:48:11.426	[31merror[0m	/Users/a1/data/go/gin-vue-admin/server/initialize/internal/gorm_logger_writer.go:54	SQL 执行错误	{"node": "", "app_id": "", "env": "", "sql": "SELECT * FROM `addon_quant_ai_task` WHERE (status = 4 AND scheduled_at IS NOT NULL AND scheduled_at <= '2026-09-11 03:32:21.807') AND `addon_quant_ai_task`.`deleted_at` IS NULL", "rows": 0, "elapsed_ms": 26175, "mod": "sql", "request_id": "", "trace_id": "", "device_id": "", "client_ip": "", "http_method": "", "http_path": "", "error_msg": "invalid connection", "error_stack": "github.com/flipped-aurora/gin-vue-admin/server/utils/logger.(*Builder).assemble\n\t/Users/a1/data/go/gin-vue-admin/server/utils/logger/builder.go:64\ngithub.com/flipped-aurora/gin-vue-admin/server/utils/logger.(*Builder).log\n\t/Users/a1/data/go/gin-vue-admin/server/utils/logger/builder.go:75\ngithub.com/flipped-aurora/gin-vue-admin/server/utils/logger.(*Builder).Error\n\t/Users/a1/data/go/gin-vue-admin/server/utils/logger/builder.go:81\ngithub.com/flipped-aurora/gin-vue-admin/server/initialize/internal.(*GormLogger).Trace\n\t/Users/a1/data/go/gin-vue-admin/server/initialize/internal/gorm_logger_writer.go:54\ngorm.io/gorm.(*processor).Execute\n\t/Users/a1/go/pkg/mod/gorm.io/gorm@v1.31.1/callbacks.go:140\ngorm.io/gorm.(*DB).Find\n\t/Users/a1/go/pkg/mod/gorm.io/gorm@v1.31.1/finisher_api.go:172\ngithub.com/flipped-aurora/gin-vue-admin/server/service/quant.(*AiTaskService).dispatchScheduledTasks\n\t/Users/a1/data/go/gin-vue-admin/server/service/quant/ai_task_service.go:421\ngithub.com/flipped-aurora/gin-vue-admin/server/service/quant.StartAiTaskScheduler.func1.1\n\t/Users/a1/data/go/gin-vue-admin/server/service/quant/ai_task_service.go:410"}
github.com/flipped-aurora/gin-vue-admin/server/initialize/internal.(*GormLogger).Trace
	/Users/a1/data/go/gin-vue-admin/server/initialize/internal/gorm_logger_writer.go:54
gorm.io/gorm.(*processor).Execute
	/Users/a1/go/pkg/mod/gorm.io/gorm@v1.31.1/callbacks.go:140
gorm.io/gorm.(*DB).Find
	/Users/a1/go/pkg/mod/gorm.io/gorm@v1.31.1/finisher_api.go:172
github.com/flipped-aurora/gin-vue-admin/server/service/quant.(*AiTaskService).dispatchScheduledTasks
	/Users/a1/data/go/gin-vue-admin/server/service/quant/ai_task_service.go:421
github.com/flipped-aurora/gin-vue-admin/server/service/quant.StartAiTaskScheduler.func1.1
	/Users/a1/data/go/gin-vue-admin/server/service/quant/ai_task_service.go:410
[github.com/flipped-aurora/gin-vue-admin/server]2026-09-11 03:48:11.427	[31merror[0m	/Users/a1/data/go/gin-vue-admin/server/service/quant/ai_task_service.go:422	查询待调度AI任务失败	{"node": "", "app_id": "", "env": "", "error": "invalid connection"}
github.com/flipped-aurora/gin-vue-admin/server/service/quant.(*AiTaskService).dispatchScheduledTasks
	/Users/a1/data/go/gin-vue-admin/server/service/quant/ai_task_service.go:422
github.com/flipped-aurora/gin-vue-admin/server/service/quant.StartAiTaskScheduler.func1.1
	/Users/a1/data/go/gin-vue-admin/server/service/quant/ai_task_service.go:410
[github.com/flipped-aurora/gin-vue-admin/server]2026-09-11 04:53:18.515	[31merror[0m	/Users/a1/data/go/gin-vue-admin/server/initialize/internal/gorm_logger_writer.go:54	SQL 执行错误	{"node": "", "app_id": "", "env": "", "sql": "SELECT * FROM `addon_quant_ai_task` WHERE (status = 4 AND scheduled_at IS NOT NULL AND scheduled_at <= '2026-09-11 04:37:05.919') AND `addon_quant_ai_task`.`deleted_at` IS NULL", "rows": 0, "elapsed_ms": 47003, "mod": "sql", "request_id": "", "trace_id": "", "device_id": "", "client_ip": "", "http_method": "", "http_path": "", "error_msg": "invalid connection", "error_stack": "github.com/flipped-aurora/gin-vue-admin/server/utils/logger.(*Builder).assemble\n\t/Users/a1/data/go/gin-vue-admin/server/utils/logger/builder.go:64\ngithub.com/flipped-aurora/gin-vue-admin/server/utils/logger.(*Builder).log\n\t/Users/a1/data/go/gin-vue-admin/server/utils/logger/builder.go:75\ngithub.com/flipped-aurora/gin-vue-admin/server/utils/logger.(*Builder).Error\n\t/Users/a1/data/go/gin-vue-admin/server/utils/logger/builder.go:81\ngithub.com/flipped-aurora/gin-vue-admin/server/initialize/internal.(*GormLogger).Trace\n\t/Users/a1/data/go/gin-vue-admin/server/initialize/internal/gorm_logger_writer.go:54\ngorm.io/gorm.(*processor).Execute\n\t/Users/a1/go/pkg/mod/gorm.io/gorm@v1.31.1/callbacks.go:140\ngorm.io/gorm.(*DB).Find\n\t/Users/a1/go/pkg/mod/gorm.io/gorm@v1.31.1/finisher_api.go:172\ngithub.com/flipped-aurora/gin-vue-admin/server/service/quant.(*AiTaskService).dispatchScheduledTasks\n\t/Users/a1/data/go/gin-vue-admin/server/service/quant/ai_task_service.go:421\ngithub.com/flipped-aurora/gin-vue-admin/server/service/quant.StartAiTaskScheduler.func1.1\n\t/Users/a1/data/go/gin-vue-admin/server/service/quant/ai_task_service.go:410"}
github.com/flipped-aurora/gin-vue-admin/server/initialize/internal.(*GormLogger).Trace
	/Users/a1/data/go/gin-vue-admin/server/initialize/internal/gorm_logger_writer.go:54
gorm.io/gorm.(*processor).Execute
	/Users/a1/go/pkg/mod/gorm.io/gorm@v1.31.1/callbacks.go:140
gorm.io/gorm.(*DB).Find
	/Users/a1/go/pkg/mod/gorm.io/gorm@v1.31.1/finisher_api.go:172
github.com/flipped-aurora/gin-vue-admin/server/service/quant.(*AiTaskService).dispatchScheduledTasks
	/Users/a1/data/go/gin-vue-admin/server/service/quant/ai_task_service.go:421
github.com/flipped-aurora/gin-vue-admin/server/service/quant.StartAiTaskScheduler.func1.1
	/Users/a1/data/go/gin-vue-admin/server/service/quant/ai_task_service.go:410
[github.com/flipped-aurora/gin-vue-admin/server]2026-09-11 04:53:18.515	[31merror[0m	/Users/a1/data/go/gin-vue-admin/server/service/quant/ai_task_service.go:422	查询待调度AI任务失败	{"node": "", "app_id": "", "env": "", "error": "invalid connection"}
github.com/flipped-aurora/gin-vue-admin/server/service/quant.(*AiTaskService).dispatchScheduledTasks
	/Users/a1/data/go/gin-vue-admin/server/service/quant/ai_task_service.go:422
github.com/flipped-aurora/gin-vue-admin/server/service/quant.StartAiTaskScheduler.func1.1
	/Users/a1/data/go/gin-vue-admin/server/service/quant/ai_task_service.go:410
[github.com/flipped-aurora/gin-vue-admin/server]2026-09-11 05:18:40.052	[31merror[0m	/Users/a1/data/go/gin-vue-admin/server/initialize/internal/gorm_logger_writer.go:54	SQL 执行错误	{"node": "", "app_id": "", "env": "", "sql": "SELECT * FROM `addon_quant_ai_task` WHERE (status = 4 AND scheduled_at IS NOT NULL AND scheduled_at <= '2026-09-11 05:08:03.458') AND `addon_quant_ai_task`.`deleted_at` IS NULL", "rows": 0, "elapsed_ms": 49639, "mod": "sql", "request_id": "", "trace_id": "", "device_id": "", "client_ip": "", "http_method": "", "http_path": "", "error_msg": "invalid connection", "error_stack": "github.com/flipped-aurora/gin-vue-admin/server/utils/logger.(*Builder).assemble\n\t/Users/a1/data/go/gin-vue-admin/server/utils/logger/builder.go:64\ngithub.com/flipped-aurora/gin-vue-admin/server/utils/logger.(*Builder).log\n\t/Users/a1/data/go/gin-vue-admin/server/utils/logger/builder.go:75\ngithub.com/flipped-aurora/gin-vue-admin/server/utils/logger.(*Builder).Error\n\t/Users/a1/data/go/gin-vue-admin/server/utils/logger/builder.go:81\ngithub.com/flipped-aurora/gin-vue-admin/server/initialize/internal.(*GormLogger).Trace\n\t/Users/a1/data/go/gin-vue-admin/server/initialize/internal/gorm_logger_writer.go:54\ngorm.io/gorm.(*processor).Execute\n\t/Users/a1/go/pkg/mod/gorm.io/gorm@v1.31.1/callbacks.go:140\ngorm.io/gorm.(*DB).Find\n\t/Users/a1/go/pkg/mod/gorm.io/gorm@v1.31.1/finisher_api.go:172\ngithub.com/flipped-aurora/gin-vue-admin/server/service/quant.(*AiTaskService).dispatchScheduledTasks\n\t/Users/a1/data/go/gin-vue-admin/server/service/quant/ai_task_service.go:421\ngithub.com/flipped-aurora/gin-vue-admin/server/service/quant.StartAiTaskScheduler.func1.1\n\t/Users/a1/data/go/gin-vue-admin/server/service/quant/ai_task_service.go:410"}
github.com/flipped-aurora/gin-vue-admin/server/initialize/internal.(*GormLogger).Trace
	/Users/a1/data/go/gin-vue-admin/server/initialize/internal/gorm_logger_writer.go:54
gorm.io/gorm.(*processor).Execute
	/Users/a1/go/pkg/mod/gorm.io/gorm@v1.31.1/callbacks.go:140
gorm.io/gorm.(*DB).Find
	/Users/a1/go/pkg/mod/gorm.io/gorm@v1.31.1/finisher_api.go:172
github.com/flipped-aurora/gin-vue-admin/server/service/quant.(*AiTaskService).dispatchScheduledTasks
	/Users/a1/data/go/gin-vue-admin/server/service/quant/ai_task_service.go:421
github.com/flipped-aurora/gin-vue-admin/server/service/quant.StartAiTaskScheduler.func1.1
	/Users/a1/data/go/gin-vue-admin/server/service/quant/ai_task_service.go:410
[github.com/flipped-aurora/gin-vue-admin/server]2026-09-11 05:18:40.073	[31merror[0m	/Users/a1/data/go/gin-vue-admin/server/service/quant/ai_task_service.go:422	查询待调度AI任务失败	{"node": "", "app_id": "", "env": "", "error": "invalid connection"}
github.com/flipped-aurora/gin-vue-admin/server/service/quant.(*AiTaskService).dispatchScheduledTasks
	/Users/a1/data/go/gin-vue-admin/server/service/quant/ai_task_service.go:422
github.com/flipped-aurora/gin-vue-admin/server/service/quant.StartAiTaskScheduler.func1.1
	/Users/a1/data/go/gin-vue-admin/server/service/quant/ai_task_service.go:410
[github.com/flipped-aurora/gin-vue-admin/server]2026-09-11 06:21:24.997	[31merror[0m	/Users/a1/data/go/gin-vue-admin/server/initialize/internal/gorm_logger_writer.go:54	SQL 执行错误	{"node": "", "app_id": "", "env": "", "sql": "SELECT * FROM `addon_quant_ai_task` WHERE (status = 4 AND scheduled_at IS NOT NULL AND scheduled_at <= '2026-09-11 06:05:46.128') AND `addon_quant_ai_task`.`deleted_at` IS NULL", "rows": 0, "elapsed_ms": 41328, "mod": "sql", "request_id": "", "trace_id": "", "device_id": "", "client_ip": "", "http_method": "", "http_path": "", "error_msg": "invalid connection", "error_stack": "github.com/flipped-aurora/gin-vue-admin/server/utils/logger.(*Builder).assemble\n\t/Users/a1/data/go/gin-vue-admin/server/utils/logger/builder.go:64\ngithub.com/flipped-aurora/gin-vue-admin/server/utils/logger.(*Builder).log\n\t/Users/a1/data/go/gin-vue-admin/server/utils/logger/builder.go:75\ngithub.com/flipped-aurora/gin-vue-admin/server/utils/logger.(*Builder).Error\n\t/Users/a1/data/go/gin-vue-admin/server/utils/logger/builder.go:81\ngithub.com/flipped-aurora/gin-vue-admin/server/initialize/internal.(*GormLogger).Trace\n\t/Users/a1/data/go/gin-vue-admin/server/initialize/internal/gorm_logger_writer.go:54\ngorm.io/gorm.(*processor).Execute\n\t/Users/a1/go/pkg/mod/gorm.io/gorm@v1.31.1/callbacks.go:140\ngorm.io/gorm.(*DB).Find\n\t/Users/a1/go/pkg/mod/gorm.io/gorm@v1.31.1/finisher_api.go:172\ngithub.com/flipped-aurora/gin-vue-admin/server/service/quant.(*AiTaskService).dispatchScheduledTasks\n\t/Users/a1/data/go/gin-vue-admin/server/service/quant/ai_task_service.go:421\ngithub.com/flipped-aurora/gin-vue-admin/server/service/quant.StartAiTaskScheduler.func1.1\n\t/Users/a1/data/go/gin-vue-admin/server/service/quant/ai_task_service.go:410"}
github.com/flipped-aurora/gin-vue-admin/server/initialize/internal.(*GormLogger).Trace
	/Users/a1/data/go/gin-vue-admin/server/initialize/internal/gorm_logger_writer.go:54
gorm.io/gorm.(*processor).Execute
	/Users/a1/go/pkg/mod/gorm.io/gorm@v1.31.1/callbacks.go:140
gorm.io/gorm.(*DB).Find
	/Users/a1/go/pkg/mod/gorm.io/gorm@v1.31.1/finisher_api.go:172
github.com/flipped-aurora/gin-vue-admin/server/service/quant.(*AiTaskService).dispatchScheduledTasks
	/Users/a1/data/go/gin-vue-admin/server/service/quant/ai_task_service.go:421
github.com/flipped-aurora/gin-vue-admin/server/service/quant.StartAiTaskScheduler.func1.1
	/Users/a1/data/go/gin-vue-admin/server/service/quant/ai_task_service.go:410
[github.com/flipped-aurora/gin-vue-admin/server]2026-09-11 06:21:24.997	[31merror[0m	/Users/a1/data/go/gin-vue-admin/server/service/quant/ai_task_service.go:422	查询待调度AI任务失败	{"node": "", "app_id": "", "env": "", "error": "invalid connection"}
github.com/flipped-aurora/gin-vue-admin/server/service/quant.(*AiTaskService).dispatchScheduledTasks
	/Users/a1/data/go/gin-vue-admin/server/service/quant/ai_task_service.go:422
github.com/flipped-aurora/gin-vue-admin/server/service/quant.StartAiTaskScheduler.func1.1
	/Users/a1/data/go/gin-vue-admin/server/service/quant/ai_task_service.go:410
[github.com/flipped-aurora/gin-vue-admin/server]2026-09-11 06:54:02.398	[31merror[0m	/Users/a1/data/go/gin-vue-admin/server/initialize/internal/gorm_logger_writer.go:54	SQL 执行错误	{"node": "", "app_id": "", "env": "", "sql": "SELECT * FROM `addon_quant_ai_task` WHERE (status = 4 AND scheduled_at IS NOT NULL AND scheduled_at <= '2026-09-11 06:37:40.691') AND `addon_quant_ai_task`.`deleted_at` IS NULL", "rows": 0, "elapsed_ms": 56047, "mod": "sql", "request_id": "", "trace_id": "", "device_id": "", "client_ip": "", "http_method": "", "http_path": "", "error_msg": "invalid connection", "error_stack": "github.com/flipped-aurora/gin-vue-admin/server/utils/logger.(*Builder).assemble\n\t/Users/a1/data/go/gin-vue-admin/server/utils/logger/builder.go:64\ngithub.com/flipped-aurora/gin-vue-admin/server/utils/logger.(*Builder).log\n\t/Users/a1/data/go/gin-vue-admin/server/utils/logger/builder.go:75\ngithub.com/flipped-aurora/gin-vue-admin/server/utils/logger.(*Builder).Error\n\t/Users/a1/data/go/gin-vue-admin/server/utils/logger/builder.go:81\ngithub.com/flipped-aurora/gin-vue-admin/server/initialize/internal.(*GormLogger).Trace\n\t/Users/a1/data/go/gin-vue-admin/server/initialize/internal/gorm_logger_writer.go:54\ngorm.io/gorm.(*processor).Execute\n\t/Users/a1/go/pkg/mod/gorm.io/gorm@v1.31.1/callbacks.go:140\ngorm.io/gorm.(*DB).Find\n\t/Users/a1/go/pkg/mod/gorm.io/gorm@v1.31.1/finisher_api.go:172\ngithub.com/flipped-aurora/gin-vue-admin/server/service/quant.(*AiTaskService).dispatchScheduledTasks\n\t/Users/a1/data/go/gin-vue-admin/server/service/quant/ai_task_service.go:421\ngithub.com/flipped-aurora/gin-vue-admin/server/service/quant.StartAiTaskScheduler.func1.1\n\t/Users/a1/data/go/gin-vue-admin/server/service/quant/ai_task_service.go:410"}
github.com/flipped-aurora/gin-vue-admin/server/initialize/internal.(*GormLogger).Trace
	/Users/a1/data/go/gin-vue-admin/server/initialize/internal/gorm_logger_writer.go:54
gorm.io/gorm.(*processor).Execute
	/Users/a1/go/pkg/mod/gorm.io/gorm@v1.31.1/callbacks.go:140
gorm.io/gorm.(*DB).Find
	/Users/a1/go/pkg/mod/gorm.io/gorm@v1.31.1/finisher_api.go:172
github.com/flipped-aurora/gin-vue-admin/server/service/quant.(*AiTaskService).dispatchScheduledTasks
	/Users/a1/data/go/gin-vue-admin/server/service/quant/ai_task_service.go:421
github.com/flipped-aurora/gin-vue-admin/server/service/quant.StartAiTaskScheduler.func1.1
	/Users/a1/data/go/gin-vue-admin/server/service/quant/ai_task_service.go:410
[github.com/flipped-aurora/gin-vue-admin/server]2026-09-11 06:54:02.399	[31merror[0m	/Users/a1/data/go/gin-vue-admin/server/service/quant/ai_task_service.go:422	查询待调度AI任务失败	{"node": "", "app_id": "", "env": "", "error": "invalid connection"}
github.com/flipped-aurora/gin-vue-admin/server/service/quant.(*AiTaskService).dispatchScheduledTasks
	/Users/a1/data/go/gin-vue-admin/server/service/quant/ai_task_service.go:422
github.com/flipped-aurora/gin-vue-admin/server/service/quant.StartAiTaskScheduler.func1.1
	/Users/a1/data/go/gin-vue-admin/server/service/quant/ai_task_service.go:410
[github.com/flipped-aurora/gin-vue-admin/server]2026-09-11 07:08:48.765	[31merror[0m	/Users/a1/data/go/gin-vue-admin/server/initialize/internal/gorm_logger_writer.go:54	SQL 执行错误	{"node": "", "app_id": "", "env": "", "sql": "SELECT * FROM `addon_quant_ai_task` WHERE (status = 4 AND scheduled_at IS NOT NULL AND scheduled_at <= '2026-09-11 07:08:03.271') AND `addon_quant_ai_task`.`deleted_at` IS NULL", "rows": 0, "elapsed_ms": 45487, "mod": "sql", "request_id": "", "trace_id": "", "device_id": "", "client_ip": "", "http_method": "", "http_path": "", "error_msg": "invalid connection", "error_stack": "github.com/flipped-aurora/gin-vue-admin/server/utils/logger.(*Builder).assemble\n\t/Users/a1/data/go/gin-vue-admin/server/utils/logger/builder.go:64\ngithub.com/flipped-aurora/gin-vue-admin/server/utils/logger.(*Builder).log\n\t/Users/a1/data/go/gin-vue-admin/server/utils/logger/builder.go:75\ngithub.com/flipped-aurora/gin-vue-admin/server/utils/logger.(*Builder).Error\n\t/Users/a1/data/go/gin-vue-admin/server/utils/logger/builder.go:81\ngithub.com/flipped-aurora/gin-vue-admin/server/initialize/internal.(*GormLogger).Trace\n\t/Users/a1/data/go/gin-vue-admin/server/initialize/internal/gorm_logger_writer.go:54\ngorm.io/gorm.(*processor).Execute\n\t/Users/a1/go/pkg/mod/gorm.io/gorm@v1.31.1/callbacks.go:140\ngorm.io/gorm.(*DB).Find\n\t/Users/a1/go/pkg/mod/gorm.io/gorm@v1.31.1/finisher_api.go:172\ngithub.com/flipped-aurora/gin-vue-admin/server/service/quant.(*AiTaskService).dispatchScheduledTasks\n\t/Users/a1/data/go/gin-vue-admin/server/service/quant/ai_task_service.go:421\ngithub.com/flipped-aurora/gin-vue-admin/server/service/quant.StartAiTaskScheduler.func1.1\n\t/Users/a1/data/go/gin-vue-admin/server/service/quant/ai_task_service.go:410"}
github.com/flipped-aurora/gin-vue-admin/server/initialize/internal.(*GormLogger).Trace
	/Users/a1/data/go/gin-vue-admin/server/initialize/internal/gorm_logger_writer.go:54
gorm.io/gorm.(*processor).Execute
	/Users/a1/go/pkg/mod/gorm.io/gorm@v1.31.1/callbacks.go:140
gorm.io/gorm.(*DB).Find
	/Users/a1/go/pkg/mod/gorm.io/gorm@v1.31.1/finisher_api.go:172
github.com/flipped-aurora/gin-vue-admin/server/service/quant.(*AiTaskService).dispatchScheduledTasks
	/Users/a1/data/go/gin-vue-admin/server/service/quant/ai_task_service.go:421
github.com/flipped-aurora/gin-vue-admin/server/service/quant.StartAiTaskScheduler.func1.1
	/Users/a1/data/go/gin-vue-admin/server/service/quant/ai_task_service.go:410
[github.com/flipped-aurora/gin-vue-admin/server]2026-09-11 07:08:48.791	[31merror[0m	/Users/a1/data/go/gin-vue-admin/server/service/quant/ai_task_service.go:422	查询待调度AI任务失败	{"node": "", "app_id": "", "env": "", "error": "invalid connection"}
github.com/flipped-aurora/gin-vue-admin/server/service/quant.(*AiTaskService).dispatchScheduledTasks
	/Users/a1/data/go/gin-vue-admin/server/service/quant/ai_task_service.go:422
github.com/flipped-aurora/gin-vue-admin/server/service/quant.StartAiTaskScheduler.func1.1
	/Users/a1/data/go/gin-vue-admin/server/service/quant/ai_task_service.go:410
[github.com/flipped-aurora/gin-vue-admin/server]2026-09-11 07:28:06.268	[31merror[0m	/Users/a1/data/go/gin-vue-admin/server/initialize/internal/gorm_logger_writer.go:54	SQL 执行错误	{"node": "", "app_id": "", "env": "", "sql": "SELECT * FROM `addon_quant_ai_task` WHERE (status = 4 AND scheduled_at IS NOT NULL AND scheduled_at <= '2026-09-11 07:24:06.762') AND `addon_quant_ai_task`.`deleted_at` IS NULL", "rows": 0, "elapsed_ms": 53283, "mod": "sql", "request_id": "", "trace_id": "", "device_id": "", "client_ip": "", "http_method": "", "http_path": "", "error_msg": "invalid connection", "error_stack": "github.com/flipped-aurora/gin-vue-admin/server/utils/logger.(*Builder).assemble\n\t/Users/a1/data/go/gin-vue-admin/server/utils/logger/builder.go:64\ngithub.com/flipped-aurora/gin-vue-admin/server/utils/logger.(*Builder).log\n\t/Users/a1/data/go/gin-vue-admin/server/utils/logger/builder.go:75\ngithub.com/flipped-aurora/gin-vue-admin/server/utils/logger.(*Builder).Error\n\t/Users/a1/data/go/gin-vue-admin/server/utils/logger/builder.go:81\ngithub.com/flipped-aurora/gin-vue-admin/server/initialize/internal.(*GormLogger).Trace\n\t/Users/a1/data/go/gin-vue-admin/server/initialize/internal/gorm_logger_writer.go:54\ngorm.io/gorm.(*processor).Execute\n\t/Users/a1/go/pkg/mod/gorm.io/gorm@v1.31.1/callbacks.go:140\ngorm.io/gorm.(*DB).Find\n\t/Users/a1/go/pkg/mod/gorm.io/gorm@v1.31.1/finisher_api.go:172\ngithub.com/flipped-aurora/gin-vue-admin/server/service/quant.(*AiTaskService).dispatchScheduledTasks\n\t/Users/a1/data/go/gin-vue-admin/server/service/quant/ai_task_service.go:421\ngithub.com/flipped-aurora/gin-vue-admin/server/service/quant.StartAiTaskScheduler.func1.1\n\t/Users/a1/data/go/gin-vue-admin/server/service/quant/ai_task_service.go:410"}
github.com/flipped-aurora/gin-vue-admin/server/initialize/internal.(*GormLogger).Trace
	/Users/a1/data/go/gin-vue-admin/server/initialize/internal/gorm_logger_writer.go:54
gorm.io/gorm.(*processor).Execute
	/Users/a1/go/pkg/mod/gorm.io/gorm@v1.31.1/callbacks.go:140
gorm.io/gorm.(*DB).Find
	/Users/a1/go/pkg/mod/gorm.io/gorm@v1.31.1/finisher_api.go:172
github.com/flipped-aurora/gin-vue-admin/server/service/quant.(*AiTaskService).dispatchScheduledTasks
	/Users/a1/data/go/gin-vue-admin/server/service/quant/ai_task_service.go:421
github.com/flipped-aurora/gin-vue-admin/server/service/quant.StartAiTaskScheduler.func1.1
	/Users/a1/data/go/gin-vue-admin/server/service/quant/ai_task_service.go:410
[github.com/flipped-aurora/gin-vue-admin/server]2026-09-11 07:28:06.297	[31merror[0m	/Users/a1/data/go/gin-vue-admin/server/service/quant/ai_task_service.go:422	查询待调度AI任务失败	{"node": "", "app_id": "", "env": "", "error": "invalid connection"}
github.com/flipped-aurora/gin-vue-admin/server/service/quant.(*AiTaskService).dispatchScheduledTasks
	/Users/a1/data/go/gin-vue-admin/server/service/quant/ai_task_service.go:422
github.com/flipped-aurora/gin-vue-admin/server/service/quant.StartAiTaskScheduler.func1.1
	/Users/a1/data/go/gin-vue-admin/server/service/quant/ai_task_service.go:410
[github.com/flipped-aurora/gin-vue-admin/server]2026-09-11 07:54:36.766	[31merror[0m	/Users/a1/data/go/gin-vue-admin/server/initialize/internal/gorm_logger_writer.go:54	SQL 执行错误	{"node": "", "app_id": "", "env": "", "sql": "SELECT * FROM `addon_quant_ai_task` WHERE (status = 4 AND scheduled_at IS NOT NULL AND scheduled_at <= '2026-09-11 07:51:54.444') AND `addon_quant_ai_task`.`deleted_at` IS NULL", "rows": 0, "elapsed_ms": 135803, "mod": "sql", "request_id": "", "trace_id": "", "device_id": "", "client_ip": "", "http_method": "", "http_path": "", "error_msg": "invalid connection", "error_stack": "github.com/flipped-aurora/gin-vue-admin/server/utils/logger.(*Builder).assemble\n\t/Users/a1/data/go/gin-vue-admin/server/utils/logger/builder.go:64\ngithub.com/flipped-aurora/gin-vue-admin/server/utils/logger.(*Builder).log\n\t/Users/a1/data/go/gin-vue-admin/server/utils/logger/builder.go:75\ngithub.com/flipped-aurora/gin-vue-admin/server/utils/logger.(*Builder).Error\n\t/Users/a1/data/go/gin-vue-admin/server/utils/logger/builder.go:81\ngithub.com/flipped-aurora/gin-vue-admin/server/initialize/internal.(*GormLogger).Trace\n\t/Users/a1/data/go/gin-vue-admin/server/initialize/internal/gorm_logger_writer.go:54\ngorm.io/gorm.(*processor).Execute\n\t/Users/a1/go/pkg/mod/gorm.io/gorm@v1.31.1/callbacks.go:140\ngorm.io/gorm.(*DB).Find\n\t/Users/a1/go/pkg/mod/gorm.io/gorm@v1.31.1/finisher_api.go:172\ngithub.com/flipped-aurora/gin-vue-admin/server/service/quant.(*AiTaskService).dispatchScheduledTasks\n\t/Users/a1/data/go/gin-vue-admin/server/service/quant/ai_task_service.go:421\ngithub.com/flipped-aurora/gin-vue-admin/server/service/quant.StartAiTaskScheduler.func1.1\n\t/Users/a1/data/go/gin-vue-admin/server/service/quant/ai_task_service.go:410"}
github.com/flipped-aurora/gin-vue-admin/server/initialize/internal.(*GormLogger).Trace
	/Users/a1/data/go/gin-vue-admin/server/initialize/internal/gorm_logger_writer.go:54
gorm.io/gorm.(*processor).Execute
	/Users/a1/go/pkg/mod/gorm.io/gorm@v1.31.1/callbacks.go:140
gorm.io/gorm.(*DB).Find
	/Users/a1/go/pkg/mod/gorm.io/gorm@v1.31.1/finisher_api.go:172
github.com/flipped-aurora/gin-vue-admin/server/service/quant.(*AiTaskService).dispatchScheduledTasks
	/Users/a1/data/go/gin-vue-admin/server/service/quant/ai_task_service.go:421
github.com/flipped-aurora/gin-vue-admin/server/service/quant.StartAiTaskScheduler.func1.1
	/Users/a1/data/go/gin-vue-admin/server/service/quant/ai_task_service.go:410
[github.com/flipped-aurora/gin-vue-admin/server]2026-09-11 07:54:36.774	[31merror[0m	/Users/a1/data/go/gin-vue-admin/server/service/quant/ai_task_service.go:422	查询待调度AI任务失败	{"node": "", "app_id": "", "env": "", "error": "invalid connection"}
github.com/flipped-aurora/gin-vue-admin/server/service/quant.(*AiTaskService).dispatchScheduledTasks
	/Users/a1/data/go/gin-vue-admin/server/service/quant/ai_task_service.go:422
github.com/flipped-aurora/gin-vue-admin/server/service/quant.StartAiTaskScheduler.func1.1
	/Users/a1/data/go/gin-vue-admin/server/service/quant/ai_task_service.go:410
[github.com/flipped-aurora/gin-vue-admin/server]2026-09-11 08:42:11.768	[31merror[0m	/Users/a1/data/go/gin-vue-admin/server/initialize/internal/gorm_logger_writer.go:54	SQL 执行错误	{"node": "", "app_id": "", "env": "", "sql": "SELECT * FROM `addon_quant_ai_task` WHERE (status = 4 AND scheduled_at IS NOT NULL AND scheduled_at <= '2026-09-11 08:40:11.571') AND `addon_quant_ai_task`.`deleted_at` IS NULL", "rows": 0, "elapsed_ms": 120192, "mod": "sql", "request_id": "", "trace_id": "", "device_id": "", "client_ip": "", "http_method": "", "http_path": "", "error_msg": "invalid connection", "error_stack": "github.com/flipped-aurora/gin-vue-admin/server/utils/logger.(*Builder).assemble\n\t/Users/a1/data/go/gin-vue-admin/server/utils/logger/builder.go:64\ngithub.com/flipped-aurora/gin-vue-admin/server/utils/logger.(*Builder).log\n\t/Users/a1/data/go/gin-vue-admin/server/utils/logger/builder.go:75\ngithub.com/flipped-aurora/gin-vue-admin/server/utils/logger.(*Builder).Error\n\t/Users/a1/data/go/gin-vue-admin/server/utils/logger/builder.go:81\ngithub.com/flipped-aurora/gin-vue-admin/server/initialize/internal.(*GormLogger).Trace\n\t/Users/a1/data/go/gin-vue-admin/server/initialize/internal/gorm_logger_writer.go:54\ngorm.io/gorm.(*processor).Execute\n\t/Users/a1/go/pkg/mod/gorm.io/gorm@v1.31.1/callbacks.go:140\ngorm.io/gorm.(*DB).Find\n\t/Users/a1/go/pkg/mod/gorm.io/gorm@v1.31.1/finisher_api.go:172\ngithub.com/flipped-aurora/gin-vue-admin/server/service/quant.(*AiTaskService).dispatchScheduledTasks\n\t/Users/a1/data/go/gin-vue-admin/server/service/quant/ai_task_service.go:421\ngithub.com/flipped-aurora/gin-vue-admin/server/service/quant.StartAiTaskScheduler.func1.1\n\t/Users/a1/data/go/gin-vue-admin/server/service/quant/ai_task_service.go:410"}
github.com/flipped-aurora/gin-vue-admin/server/initialize/internal.(*GormLogger).Trace
	/Users/a1/data/go/gin-vue-admin/server/initialize/internal/gorm_logger_writer.go:54
gorm.io/gorm.(*processor).Execute
	/Users/a1/go/pkg/mod/gorm.io/gorm@v1.31.1/callbacks.go:140
gorm.io/gorm.(*DB).Find
	/Users/a1/go/pkg/mod/gorm.io/gorm@v1.31.1/finisher_api.go:172
github.com/flipped-aurora/gin-vue-admin/server/service/quant.(*AiTaskService).dispatchScheduledTasks
	/Users/a1/data/go/gin-vue-admin/server/service/quant/ai_task_service.go:421
github.com/flipped-aurora/gin-vue-admin/server/service/quant.StartAiTaskScheduler.func1.1
	/Users/a1/data/go/gin-vue-admin/server/service/quant/ai_task_service.go:410
[github.com/flipped-aurora/gin-vue-admin/server]2026-09-11 08:42:11.770	[31merror[0m	/Users/a1/data/go/gin-vue-admin/server/service/quant/ai_task_service.go:422	查询待调度AI任务失败	{"node": "", "app_id": "", "env": "", "error": "invalid connection"}
github.com/flipped-aurora/gin-vue-admin/server/service/quant.(*AiTaskService).dispatchScheduledTasks
	/Users/a1/data/go/gin-vue-admin/server/service/quant/ai_task_service.go:422
github.com/flipped-aurora/gin-vue-admin/server/service/quant.StartAiTaskScheduler.func1.1
	/Users/a1/data/go/gin-vue-admin/server/service/quant/ai_task_service.go:410
[github.com/flipped-aurora/gin-vue-admin/server]2026-09-11 12:00:31.588	[31merror[0m	/Users/a1/data/go/gin-vue-admin/server/initialize/internal/gorm_logger_writer.go:54	SQL 执行错误	{"node": "", "app_id": "", "env": "", "sql": "SELECT * FROM `addon_quant_ai_task` WHERE (status = 4 AND scheduled_at IS NOT NULL AND scheduled_at <= '2026-09-11 11:59:53.265') AND `addon_quant_ai_task`.`deleted_at` IS NULL", "rows": 0, "elapsed_ms": 38322, "mod": "sql", "request_id": "", "trace_id": "", "device_id": "", "client_ip": "", "http_method": "", "http_path": "", "error_msg": "invalid connection", "error_stack": "github.com/flipped-aurora/gin-vue-admin/server/utils/logger.(*Builder).assemble\n\t/Users/a1/data/go/gin-vue-admin/server/utils/logger/builder.go:64\ngithub.com/flipped-aurora/gin-vue-admin/server/utils/logger.(*Builder).log\n\t/Users/a1/data/go/gin-vue-admin/server/utils/logger/builder.go:75\ngithub.com/flipped-aurora/gin-vue-admin/server/utils/logger.(*Builder).Error\n\t/Users/a1/data/go/gin-vue-admin/server/utils/logger/builder.go:81\ngithub.com/flipped-aurora/gin-vue-admin/server/initialize/internal.(*GormLogger).Trace\n\t/Users/a1/data/go/gin-vue-admin/server/initialize/internal/gorm_logger_writer.go:54\ngorm.io/gorm.(*processor).Execute\n\t/Users/a1/go/pkg/mod/gorm.io/gorm@v1.31.1/callbacks.go:140\ngorm.io/gorm.(*DB).Find\n\t/Users/a1/go/pkg/mod/gorm.io/gorm@v1.31.1/finisher_api.go:172\ngithub.com/flipped-aurora/gin-vue-admin/server/service/quant.(*AiTaskService).dispatchScheduledTasks\n\t/Users/a1/data/go/gin-vue-admin/server/service/quant/ai_task_service.go:421\ngithub.com/flipped-aurora/gin-vue-admin/server/service/quant.StartAiTaskScheduler.func1.1\n\t/Users/a1/data/go/gin-vue-admin/server/service/quant/ai_task_service.go:410"}
github.com/flipped-aurora/gin-vue-admin/server/initialize/internal.(*GormLogger).Trace
	/Users/a1/data/go/gin-vue-admin/server/initialize/internal/gorm_logger_writer.go:54
gorm.io/gorm.(*processor).Execute
	/Users/a1/go/pkg/mod/gorm.io/gorm@v1.31.1/callbacks.go:140
gorm.io/gorm.(*DB).Find
	/Users/a1/go/pkg/mod/gorm.io/gorm@v1.31.1/finisher_api.go:172
github.com/flipped-aurora/gin-vue-admin/server/service/quant.(*AiTaskService).dispatchScheduledTasks
	/Users/a1/data/go/gin-vue-admin/server/service/quant/ai_task_service.go:421
github.com/flipped-aurora/gin-vue-admin/server/service/quant.StartAiTaskScheduler.func1.1
	/Users/a1/data/go/gin-vue-admin/server/service/quant/ai_task_service.go:410
[github.com/flipped-aurora/gin-vue-admin/server]2026-09-11 12:00:31.588	[31merror[0m	/Users/a1/data/go/gin-vue-admin/server/service/quant/ai_task_service.go:422	查询待调度AI任务失败	{"node": "", "app_id": "", "env": "", "error": "invalid connection"}
github.com/flipped-aurora/gin-vue-admin/server/service/quant.(*AiTaskService).dispatchScheduledTasks
	/Users/a1/data/go/gin-vue-admin/server/service/quant/ai_task_service.go:422
github.com/flipped-aurora/gin-vue-admin/server/service/quant.StartAiTaskScheduler.func1.1
	/Users/a1/data/go/gin-vue-admin/server/service/quant/ai_task_service.go:410
[github.com/flipped-aurora/gin-vue-admin/server]2026-09-11 12:54:41.709	[31merror[0m	/Users/a1/data/go/gin-vue-admin/server/api/v1/system/sys_menu.go:144	添加失败!	{"node": "", "app_id": "", "env": "", "mod": "biz", "request_id": "72c49e5b-1791-4d16-b007-027cbba423ec", "trace_id": "dd6687f186ef302cfef652545ed8c901", "device_id": "", "client_ip": "127.0.0.1", "http_method": "POST", "http_path": "/menu/addBaseMenu", "span_id": "f07d7638500f3bc8", "error_msg": "存在重复name，请修改name", "error_stack": "github.com/flipped-aurora/gin-vue-admin/server/utils/logger.(*Builder).assemble\n\t/Users/a1/data/go/gin-vue-admin/server/utils/logger/builder.go:64\ngithub.com/flipped-aurora/gin-vue-admin/server/utils/logger.(*Builder).log\n\t/Users/a1/data/go/gin-vue-admin/server/utils/logger/builder.go:75\ngithub.com/flipped-aurora/gin-vue-admin/server/utils/logger.(*Builder).Error\n\t/Users/a1/data/go/gin-vue-admin/server/utils/logger/builder.go:81\ngithub.com/flipped-aurora/gin-vue-admin/server/api/v1/system.(*AuthorityMenuApi).AddBaseMenu\n\t/Users/a1/data/go/gin-vue-admin/server/api/v1/system/sys_menu.go:144\ngithub.com/gin-gonic/gin.(*Context).Next\n\t/Users/a1/go/pkg/mod/github.com/gin-gonic/gin@v1.10.0/context.go:185\ngithub.com/flipped-aurora/gin-vue-admin/server/router/system.(*MenuRouter).InitMenuRouter.OperationRecord.func1\n\t/Users/a1/data/go/gin-vue-admin/server/middleware/operation.go:75\ngithub.com/gin-gonic/gin.(*Context).Next\n\t/Users/a1/go/pkg/mod/github.com/gin-gonic/gin@v1.10.0/context.go:185\ngithub.com/flipped-aurora/gin-vue-admin/server/initialize.Routers.DataScope.func9\n\t/Users/a1/data/go/gin-vue-admin/server/middleware/data_scope.go:26\ngithub.com/gin-gonic/gin.(*Context).Next\n\t/Users/a1/go/pkg/mod/github.com/gin-gonic/gin@v1.10.0/context.go:185\ngithub.com/flipped-aurora/gin-vue-admin/server/initialize.Routers.CasbinHandler.func8\n\t/Users/a1/data/go/gin-vue-admin/server/middleware/casbin_rbac.go:30\ngithub.com/gin-gonic/gin.(*Context).Next\n\t/Users/a1/go/pkg/mod/github.com/gin-gonic/gin@v1.10.0/context.go:185\ngithub.com/flipped-aurora/gin-vue-admin/server/initialize.Routers.MustChangePwdGuard.func7\n\t/Users/a1/data/go/gin-vue-admin/server/middleware/must_change_pwd.go:29\ngithub.com/gin-gonic/gin.(*Context).Next\n\t/Users/a1/go/pkg/mod/github.com/gin-gonic/gin@v1.10.0/context.go:185\ngithub.com/flipped-aurora/gin-vue-admin/server/initialize.Routers.JWTAuth.func6\n\t/Users/a1/data/go/gin-vue-admin/server/middleware/jwt.go:69\ngithub.com/gin-gonic/gin.(*Context).Next\n\t/Users/a1/go/pkg/mod/github.com/gin-gonic/gin@v1.10.0/context.go:185\ngithub.com/flipped-aurora/gin-vue-admin/server/initialize.Routers.Cors.func5\n\t/Users/a1/data/go/gin-vue-admin/server/middleware/cors.go:26\ngithub.com/gin-gonic/gin.(*Context).Next\n\t/Users/a1/go/pkg/mod/github.com/gin-gonic/gin@v1.10.0/context.go:185\ngithub.com/flipped-aurora/gin-vue-admin/server/middleware.UploadResponseHeaders.func1\n\t/Users/a1/data/go/gin-vue-admin/server/middleware/upload_security.go:25\ngithub.com/gin-gonic/gin.(*Context).Next\n\t/Users/a1/go/pkg/mod/github.com/gin-gonic/gin@v1.10.0/context.go:185\ngithub.com/gin-gonic/gin.LoggerWithConfig.func1\n\t/Users/a1/go/pkg/mod/github.com/gin-gonic/gin@v1.10.0/logger.go:249\ngithub.com/gin-gonic/gin.(*Context).Next\n\t/Users/a1/go/pkg/mod/github.com/gin-gonic/gin@v1.10.0/context.go:185\ngithub.com/flipped-aurora/gin-vue-admin/server/initialize.Routers.AccessLog.func4\n\t/Users/a1/data/go/gin-vue-admin/server/middleware/access_log.go:73\ngithub.com/gin-gonic/gin.(*Context).Next\n\t/Users/a1/go/pkg/mod/github.com/gin-gonic/gin@v1.10.0/context.go:185\ngithub.com/flipped-aurora/gin-vue-admin/server/initialize.Routers.GinRecovery.func3\n\t/Users/a1/data/go/gin-vue-admin/server/middleware/error.go:56\ngithub.com/gin-gonic/gin.(*Context).Next\n\t/Users/a1/go/pkg/mod/github.com/gin-gonic/gin@v1.10.0/context.go:185\ngithub.com/flipped-aurora/gin-vue-admin/server/initialize.Routers.RequestMeta.func2\n\t/Users/a1/data/go/gin-vue-admin/server/middleware/request_meta.go:39\ngithub.com/gin-gonic/gin.(*Context).Next\n\t/Users/a1/go/pkg/mod/github.com/gin-gonic/gin@v1.10.0/context.go:185\ngithub.com/gin-gonic/gin.(*Engine).handleHTTPRequest\n\t/Users/a1/go/pkg/mod/github.com/gin-gonic/gin@v1.10.0/gin.go:633\ngithub.com/gin-gonic/gin.(*Engine).ServeHTTP\n\t/Users/a1/go/pkg/mod/github.com/gin-gonic/gin@v1.10.0/gin.go:589\nnet/http.serverHandler.ServeHTTP\n\t/usr/local/go/src/net/http/server.go:3311\nnet/http.(*conn).serve\n\t/usr/local/go/src/net/http/server.go:2073"}
github.com/flipped-aurora/gin-vue-admin/server/api/v1/system.(*AuthorityMenuApi).AddBaseMenu
	/Users/a1/data/go/gin-vue-admin/server/api/v1/system/sys_menu.go:144
github.com/gin-gonic/gin.(*Context).Next
	/Users/a1/go/pkg/mod/github.com/gin-gonic/gin@v1.10.0/context.go:185
github.com/flipped-aurora/gin-vue-admin/server/router/system.(*MenuRouter).InitMenuRouter.OperationRecord.func1
	/Users/a1/data/go/gin-vue-admin/server/middleware/operation.go:75
github.com/gin-gonic/gin.(*Context).Next
	/Users/a1/go/pkg/mod/github.com/gin-gonic/gin@v1.10.0/context.go:185
github.com/flipped-aurora/gin-vue-admin/server/initialize.Routers.DataScope.func9
	/Users/a1/data/go/gin-vue-admin/server/middleware/data_scope.go:26
github.com/gin-gonic/gin.(*Context).Next
	/Users/a1/go/pkg/mod/github.com/gin-gonic/gin@v1.10.0/context.go:185
github.com/flipped-aurora/gin-vue-admin/server/initialize.Routers.CasbinHandler.func8
	/Users/a1/data/go/gin-vue-admin/server/middleware/casbin_rbac.go:30
github.com/gin-gonic/gin.(*Context).Next
	/Users/a1/go/pkg/mod/github.com/gin-gonic/gin@v1.10.0/context.go:185
github.com/flipped-aurora/gin-vue-admin/server/initialize.Routers.MustChangePwdGuard.func7
	/Users/a1/data/go/gin-vue-admin/server/middleware/must_change_pwd.go:29
github.com/gin-gonic/gin.(*Context).Next
	/Users/a1/go/pkg/mod/github.com/gin-gonic/gin@v1.10.0/context.go:185
github.com/flipped-aurora/gin-vue-admin/server/initialize.Routers.JWTAuth.func6
	/Users/a1/data/go/gin-vue-admin/server/middleware/jwt.go:69
github.com/gin-gonic/gin.(*Context).Next
	/Users/a1/go/pkg/mod/github.com/gin-gonic/gin@v1.10.0/context.go:185
github.com/flipped-aurora/gin-vue-admin/server/initialize.Routers.Cors.func5
	/Users/a1/data/go/gin-vue-admin/server/middleware/cors.go:26
github.com/gin-gonic/gin.(*Context).Next
	/Users/a1/go/pkg/mod/github.com/gin-gonic/gin@v1.10.0/context.go:185
github.com/flipped-aurora/gin-vue-admin/server/middleware.UploadResponseHeaders.func1
	/Users/a1/data/go/gin-vue-admin/server/middleware/upload_security.go:25
github.com/gin-gonic/gin.(*Context).Next
	/Users/a1/go/pkg/mod/github.com/gin-gonic/gin@v1.10.0/context.go:185
github.com/gin-gonic/gin.LoggerWithConfig.func1
	/Users/a1/go/pkg/mod/github.com/gin-gonic/gin@v1.10.0/logger.go:249
github.com/gin-gonic/gin.(*Context).Next
	/Users/a1/go/pkg/mod/github.com/gin-gonic/gin@v1.10.0/context.go:185
github.com/flipped-aurora/gin-vue-admin/server/initialize.Routers.AccessLog.func4
	/Users/a1/data/go/gin-vue-admin/server/middleware/access_log.go:73
github.com/gin-gonic/gin.(*Context).Next
	/Users/a1/go/pkg/mod/github.com/gin-gonic/gin@v1.10.0/context.go:185
github.com/flipped-aurora/gin-vue-admin/server/initialize.Routers.GinRecovery.func3
	/Users/a1/data/go/gin-vue-admin/server/middleware/error.go:56
github.com/gin-gonic/gin.(*Context).Next
	/Users/a1/go/pkg/mod/github.com/gin-gonic/gin@v1.10.0/context.go:185
github.com/flipped-aurora/gin-vue-admin/server/initialize.Routers.RequestMeta.func2
	/Users/a1/data/go/gin-vue-admin/server/middleware/request_meta.go:39
github.com/gin-gonic/gin.(*Context).Next
	/Users/a1/go/pkg/mod/github.com/gin-gonic/gin@v1.10.0/context.go:185
github.com/gin-gonic/gin.(*Engine).handleHTTPRequest
	/Users/a1/go/pkg/mod/github.com/gin-gonic/gin@v1.10.0/gin.go:633
github.com/gin-gonic/gin.(*Engine).ServeHTTP
	/Users/a1/go/pkg/mod/github.com/gin-gonic/gin@v1.10.0/gin.go:589
net/http.serverHandler.ServeHTTP
	/usr/local/go/src/net/http/server.go:3311
net/http.(*conn).serve
	/usr/local/go/src/net/http/server.go:2073
[github.com/flipped-aurora/gin-vue-admin/server]2026-09-11 12:59:36.708	[31merror[0m	/Users/a1/data/go/gin-vue-admin/server/api/v1/system/sys_menu.go:144	添加失败!	{"node": "", "app_id": "", "env": "", "mod": "biz", "request_id": "db9083d1-516e-4fc8-98e3-11f42bfa1a53", "trace_id": "a38b9335abc0fb8ef8402c368deb0e7e", "device_id": "", "client_ip": "127.0.0.1", "http_method": "POST", "http_path": "/menu/addBaseMenu", "span_id": "9c4c6db9c53aa015", "error_msg": "存在重复name，请修改name", "error_stack": "github.com/flipped-aurora/gin-vue-admin/server/utils/logger.(*Builder).assemble\n\t/Users/a1/data/go/gin-vue-admin/server/utils/logger/builder.go:64\ngithub.com/flipped-aurora/gin-vue-admin/server/utils/logger.(*Builder).log\n\t/Users/a1/data/go/gin-vue-admin/server/utils/logger/builder.go:75\ngithub.com/flipped-aurora/gin-vue-admin/server/utils/logger.(*Builder).Error\n\t/Users/a1/data/go/gin-vue-admin/server/utils/logger/builder.go:81\ngithub.com/flipped-aurora/gin-vue-admin/server/api/v1/system.(*AuthorityMenuApi).AddBaseMenu\n\t/Users/a1/data/go/gin-vue-admin/server/api/v1/system/sys_menu.go:144\ngithub.com/gin-gonic/gin.(*Context).Next\n\t/Users/a1/go/pkg/mod/github.com/gin-gonic/gin@v1.10.0/context.go:185\ngithub.com/flipped-aurora/gin-vue-admin/server/router/system.(*MenuRouter).InitMenuRouter.OperationRecord.func1\n\t/Users/a1/data/go/gin-vue-admin/server/middleware/operation.go:75\ngithub.com/gin-gonic/gin.(*Context).Next\n\t/Users/a1/go/pkg/mod/github.com/gin-gonic/gin@v1.10.0/context.go:185\ngithub.com/flipped-aurora/gin-vue-admin/server/initialize.Routers.DataScope.func9\n\t/Users/a1/data/go/gin-vue-admin/server/middleware/data_scope.go:26\ngithub.com/gin-gonic/gin.(*Context).Next\n\t/Users/a1/go/pkg/mod/github.com/gin-gonic/gin@v1.10.0/context.go:185\ngithub.com/flipped-aurora/gin-vue-admin/server/initialize.Routers.CasbinHandler.func8\n\t/Users/a1/data/go/gin-vue-admin/server/middleware/casbin_rbac.go:30\ngithub.com/gin-gonic/gin.(*Context).Next\n\t/Users/a1/go/pkg/mod/github.com/gin-gonic/gin@v1.10.0/context.go:185\ngithub.com/flipped-aurora/gin-vue-admin/server/initialize.Routers.MustChangePwdGuard.func7\n\t/Users/a1/data/go/gin-vue-admin/server/middleware/must_change_pwd.go:29\ngithub.com/gin-gonic/gin.(*Context).Next\n\t/Users/a1/go/pkg/mod/github.com/gin-gonic/gin@v1.10.0/context.go:185\ngithub.com/flipped-aurora/gin-vue-admin/server/initialize.Routers.JWTAuth.func6\n\t/Users/a1/data/go/gin-vue-admin/server/middleware/jwt.go:69\ngithub.com/gin-gonic/gin.(*Context).Next\n\t/Users/a1/go/pkg/mod/github.com/gin-gonic/gin@v1.10.0/context.go:185\ngithub.com/flipped-aurora/gin-vue-admin/server/initialize.Routers.Cors.func5\n\t/Users/a1/data/go/gin-vue-admin/server/middleware/cors.go:26\ngithub.com/gin-gonic/gin.(*Context).Next\n\t/Users/a1/go/pkg/mod/github.com/gin-gonic/gin@v1.10.0/context.go:185\ngithub.com/flipped-aurora/gin-vue-admin/server/middleware.UploadResponseHeaders.func1\n\t/Users/a1/data/go/gin-vue-admin/server/middleware/upload_security.go:25\ngithub.com/gin-gonic/gin.(*Context).Next\n\t/Users/a1/go/pkg/mod/github.com/gin-gonic/gin@v1.10.0/context.go:185\ngithub.com/gin-gonic/gin.LoggerWithConfig.func1\n\t/Users/a1/go/pkg/mod/github.com/gin-gonic/gin@v1.10.0/logger.go:249\ngithub.com/gin-gonic/gin.(*Context).Next\n\t/Users/a1/go/pkg/mod/github.com/gin-gonic/gin@v1.10.0/context.go:185\ngithub.com/flipped-aurora/gin-vue-admin/server/initialize.Routers.AccessLog.func4\n\t/Users/a1/data/go/gin-vue-admin/server/middleware/access_log.go:73\ngithub.com/gin-gonic/gin.(*Context).Next\n\t/Users/a1/go/pkg/mod/github.com/gin-gonic/gin@v1.10.0/context.go:185\ngithub.com/flipped-aurora/gin-vue-admin/server/initialize.Routers.GinRecovery.func3\n\t/Users/a1/data/go/gin-vue-admin/server/middleware/error.go:56\ngithub.com/gin-gonic/gin.(*Context).Next\n\t/Users/a1/go/pkg/mod/github.com/gin-gonic/gin@v1.10.0/context.go:185\ngithub.com/flipped-aurora/gin-vue-admin/server/initialize.Routers.RequestMeta.func2\n\t/Users/a1/data/go/gin-vue-admin/server/middleware/request_meta.go:39\ngithub.com/gin-gonic/gin.(*Context).Next\n\t/Users/a1/go/pkg/mod/github.com/gin-gonic/gin@v1.10.0/context.go:185\ngithub.com/gin-gonic/gin.(*Engine).handleHTTPRequest\n\t/Users/a1/go/pkg/mod/github.com/gin-gonic/gin@v1.10.0/gin.go:633\ngithub.com/gin-gonic/gin.(*Engine).ServeHTTP\n\t/Users/a1/go/pkg/mod/github.com/gin-gonic/gin@v1.10.0/gin.go:589\nnet/http.serverHandler.ServeHTTP\n\t/usr/local/go/src/net/http/server.go:3311\nnet/http.(*conn).serve\n\t/usr/local/go/src/net/http/server.go:2073"}
github.com/flipped-aurora/gin-vue-admin/server/api/v1/system.(*AuthorityMenuApi).AddBaseMenu
	/Users/a1/data/go/gin-vue-admin/server/api/v1/system/sys_menu.go:144
github.com/gin-gonic/gin.(*Context).Next
	/Users/a1/go/pkg/mod/github.com/gin-gonic/gin@v1.10.0/context.go:185
github.com/flipped-aurora/gin-vue-admin/server/router/system.(*MenuRouter).InitMenuRouter.OperationRecord.func1
	/Users/a1/data/go/gin-vue-admin/server/middleware/operation.go:75
github.com/gin-gonic/gin.(*Context).Next
	/Users/a1/go/pkg/mod/github.com/gin-gonic/gin@v1.10.0/context.go:185
github.com/flipped-aurora/gin-vue-admin/server/initialize.Routers.DataScope.func9
	/Users/a1/data/go/gin-vue-admin/server/middleware/data_scope.go:26
github.com/gin-gonic/gin.(*Context).Next
	/Users/a1/go/pkg/mod/github.com/gin-gonic/gin@v1.10.0/context.go:185
github.com/flipped-aurora/gin-vue-admin/server/initialize.Routers.CasbinHandler.func8
	/Users/a1/data/go/gin-vue-admin/server/middleware/casbin_rbac.go:30
github.com/gin-gonic/gin.(*Context).Next
	/Users/a1/go/pkg/mod/github.com/gin-gonic/gin@v1.10.0/context.go:185
github.com/flipped-aurora/gin-vue-admin/server/initialize.Routers.MustChangePwdGuard.func7
	/Users/a1/data/go/gin-vue-admin/server/middleware/must_change_pwd.go:29
github.com/gin-gonic/gin.(*Context).Next
	/Users/a1/go/pkg/mod/github.com/gin-gonic/gin@v1.10.0/context.go:185
github.com/flipped-aurora/gin-vue-admin/server/initialize.Routers.JWTAuth.func6
	/Users/a1/data/go/gin-vue-admin/server/middleware/jwt.go:69
github.com/gin-gonic/gin.(*Context).Next
	/Users/a1/go/pkg/mod/github.com/gin-gonic/gin@v1.10.0/context.go:185
github.com/flipped-aurora/gin-vue-admin/server/initialize.Routers.Cors.func5
	/Users/a1/data/go/gin-vue-admin/server/middleware/cors.go:26
github.com/gin-gonic/gin.(*Context).Next
	/Users/a1/go/pkg/mod/github.com/gin-gonic/gin@v1.10.0/context.go:185
github.com/flipped-aurora/gin-vue-admin/server/middleware.UploadResponseHeaders.func1
	/Users/a1/data/go/gin-vue-admin/server/middleware/upload_security.go:25
github.com/gin-gonic/gin.(*Context).Next
	/Users/a1/go/pkg/mod/github.com/gin-gonic/gin@v1.10.0/context.go:185
github.com/gin-gonic/gin.LoggerWithConfig.func1
	/Users/a1/go/pkg/mod/github.com/gin-gonic/gin@v1.10.0/logger.go:249
github.com/gin-gonic/gin.(*Context).Next
	/Users/a1/go/pkg/mod/github.com/gin-gonic/gin@v1.10.0/context.go:185
github.com/flipped-aurora/gin-vue-admin/server/initialize.Routers.AccessLog.func4
	/Users/a1/data/go/gin-vue-admin/server/middleware/access_log.go:73
github.com/gin-gonic/gin.(*Context).Next
	/Users/a1/go/pkg/mod/github.com/gin-gonic/gin@v1.10.0/context.go:185
github.com/flipped-aurora/gin-vue-admin/server/initialize.Routers.GinRecovery.func3
	/Users/a1/data/go/gin-vue-admin/server/middleware/error.go:56
github.com/gin-gonic/gin.(*Context).Next
	/Users/a1/go/pkg/mod/github.com/gin-gonic/gin@v1.10.0/context.go:185
github.com/flipped-aurora/gin-vue-admin/server/initialize.Routers.RequestMeta.func2
	/Users/a1/data/go/gin-vue-admin/server/middleware/request_meta.go:39
github.com/gin-gonic/gin.(*Context).Next
	/Users/a1/go/pkg/mod/github.com/gin-gonic/gin@v1.10.0/context.go:185
github.com/gin-gonic/gin.(*Engine).handleHTTPRequest
	/Users/a1/go/pkg/mod/github.com/gin-gonic/gin@v1.10.0/gin.go:633
github.com/gin-gonic/gin.(*Engine).ServeHTTP
	/Users/a1/go/pkg/mod/github.com/gin-gonic/gin@v1.10.0/gin.go:589
net/http.serverHandler.ServeHTTP
	/usr/local/go/src/net/http/server.go:3311
net/http.(*conn).serve
	/usr/local/go/src/net/http/server.go:2073
[github.com/flipped-aurora/gin-vue-admin/server]2026-09-11 15:14:57.470	[31merror[0m	/Users/a1/data/go/gin-vue-admin/server/initialize/internal/gorm_logger_writer.go:54	SQL 执行错误	{"node": "", "app_id": "", "env": "", "sql": "SELECT count(*) FROM `addon_member` WHERE `addon_member`.`deleted_at` IS NULL", "rows": 0, "elapsed_ms": 39, "mod": "sql", "request_id": "f5bbe82a-47de-4e2d-b77b-e6a71c9a0f4e", "trace_id": "20ba8af8876f38222fc1ab1024877c79", "device_id": "", "client_ip": "::1", "http_method": "GET", "http_path": "/member/member/getMemberList", "span_id": "e7b100b8ca758ea3", "error_msg": "Error 1146 (42S02): Table 'go_noooya_com.addon_member' doesn't exist", "error_stack": "github.com/flipped-aurora/gin-vue-admin/server/utils/logger.(*Builder).assemble\n\t/Users/a1/data/go/gin-vue-admin/server/utils/logger/builder.go:64\ngithub.com/flipped-aurora/gin-vue-admin/server/utils/logger.(*Builder).log\n\t/Users/a1/data/go/gin-vue-admin/server/utils/logger/builder.go:75\ngithub.com/flipped-aurora/gin-vue-admin/server/utils/logger.(*Builder).Error\n\t/Users/a1/data/go/gin-vue-admin/server/utils/logger/builder.go:81\ngithub.com/flipped-aurora/gin-vue-admin/server/initialize/internal.(*GormLogger).Trace\n\t/Users/a1/data/go/gin-vue-admin/server/initialize/internal/gorm_logger_writer.go:54\ngorm.io/gorm.(*processor).Execute\n\t/Users/a1/go/pkg/mod/gorm.io/gorm@v1.31.1/callbacks.go:140\ngorm.io/gorm.(*DB).Count\n\t/Users/a1/go/pkg/mod/gorm.io/gorm@v1.31.1/finisher_api.go:497\ngithub.com/flipped-aurora/gin-vue-admin/server/service/member.(*MemberService).GetMemberInfoList\n\t/Users/a1/data/go/gin-vue-admin/server/service/member/member_biz.go:80\ngithub.com/flipped-aurora/gin-vue-admin/server/api/v1/member.(*MemberApi).GetMemberList\n\t/Users/a1/data/go/gin-vue-admin/server/api/v1/member/member.go:154\ngithub.com/gin-gonic/gin.(*Context).Next\n\t/Users/a1/go/pkg/mod/github.com/gin-gonic/gin@v1.10.0/context.go:185\ngithub.com/flipped-aurora/gin-vue-admin/server/initialize.Routers.DataScope.func9\n\t/Users/a1/data/go/gin-vue-admin/server/middleware/data_scope.go:26\ngithub.com/gin-gonic/gin.(*Context).Next\n\t/Users/a1/go/pkg/mod/github.com/gin-gonic/gin@v1.10.0/context.go:185\ngithub.com/flipped-aurora/gin-vue-admin/server/initialize.Routers.CasbinHandler.func8\n\t/Users/a1/data/go/gin-vue-admin/server/middleware/casbin_rbac.go:30\ngithub.com/gin-gonic/gin.(*Context).Next\n\t/Users/a1/go/pkg/mod/github.com/gin-gonic/gin@v1.10.0/context.go:185\ngithub.com/flipped-aurora/gin-vue-admin/server/initialize.Routers.MustChangePwdGuard.func7\n\t/Users/a1/data/go/gin-vue-admin/server/middleware/must_change_pwd.go:29\ngithub.com/gin-gonic/gin.(*Context).Next\n\t/Users/a1/go/pkg/mod/github.com/gin-gonic/gin@v1.10.0/context.go:185\ngithub.com/flipped-aurora/gin-vue-admin/server/initialize.Routers.JWTAuth.func6\n\t/Users/a1/data/go/gin-vue-admin/server/middleware/jwt.go:69\ngithub.com/gin-gonic/gin.(*Context).Next\n\t/Users/a1/go/pkg/mod/github.com/gin-gonic/gin@v1.10.0/context.go:185\ngithub.com/flipped-aurora/gin-vue-admin/server/initialize.Routers.Cors.func5\n\t/Users/a1/data/go/gin-vue-admin/server/middleware/cors.go:26\ngithub.com/gin-gonic/gin.(*Context).Next\n\t/Users/a1/go/pkg/mod/github.com/gin-gonic/gin@v1.10.0/context.go:185\ngithub.com/flipped-aurora/gin-vue-admin/server/middleware.UploadResponseHeaders.func1\n\t/Users/a1/data/go/gin-vue-admin/server/middleware/upload_security.go:25\ngithub.com/gin-gonic/gin.(*Context).Next\n\t/Users/a1/go/pkg/mod/github.com/gin-gonic/gin@v1.10.0/context.go:185\ngithub.com/gin-gonic/gin.LoggerWithConfig.func1\n\t/Users/a1/go/pkg/mod/github.com/gin-gonic/gin@v1.10.0/logger.go:249\ngithub.com/gin-gonic/gin.(*Context).Next\n\t/Users/a1/go/pkg/mod/github.com/gin-gonic/gin@v1.10.0/context.go:185\ngithub.com/flipped-aurora/gin-vue-admin/server/initialize.Routers.AccessLog.func4\n\t/Users/a1/data/go/gin-vue-admin/server/middleware/access_log.go:73\ngithub.com/gin-gonic/gin.(*Context).Next\n\t/Users/a1/go/pkg/mod/github.com/gin-gonic/gin@v1.10.0/context.go:185\ngithub.com/flipped-aurora/gin-vue-admin/server/initialize.Routers.GinRecovery.func3\n\t/Users/a1/data/go/gin-vue-admin/server/middleware/error.go:56\ngithub.com/gin-gonic/gin.(*Context).Next\n\t/Users/a1/go/pkg/mod/github.com/gin-gonic/gin@v1.10.0/context.go:185\ngithub.com/flipped-aurora/gin-vue-admin/server/initialize.Routers.RequestMeta.func2\n\t/Users/a1/data/go/gin-vue-admin/server/middleware/request_meta.go:39\ngithub.com/gin-gonic/gin.(*Context).Next\n\t/Users/a1/go/pkg/mod/github.com/gin-gonic/gin@v1.10.0/context.go:185\ngithub.com/gin-gonic/gin.(*Engine).handleHTTPRequest\n\t/Users/a1/go/pkg/mod/github.com/gin-gonic/gin@v1.10.0/gin.go:633\ngithub.com/gin-gonic/gin.(*Engine).ServeHTTP\n\t/Users/a1/go/pkg/mod/github.com/gin-gonic/gin@v1.10.0/gin.go:589\nnet/http.serverHandler.ServeHTTP\n\t/usr/local/go/src/net/http/server.go:3311\nnet/http.(*conn).serve\n\t/usr/local/go/src/net/http/server.go:2073"}
github.com/flipped-aurora/gin-vue-admin/server/initialize/internal.(*GormLogger).Trace
	/Users/a1/data/go/gin-vue-admin/server/initialize/internal/gorm_logger_writer.go:54
gorm.io/gorm.(*processor).Execute
	/Users/a1/go/pkg/mod/gorm.io/gorm@v1.31.1/callbacks.go:140
gorm.io/gorm.(*DB).Count
	/Users/a1/go/pkg/mod/gorm.io/gorm@v1.31.1/finisher_api.go:497
github.com/flipped-aurora/gin-vue-admin/server/service/member.(*MemberService).GetMemberInfoList
	/Users/a1/data/go/gin-vue-admin/server/service/member/member_biz.go:80
github.com/flipped-aurora/gin-vue-admin/server/api/v1/member.(*MemberApi).GetMemberList
	/Users/a1/data/go/gin-vue-admin/server/api/v1/member/member.go:154
github.com/gin-gonic/gin.(*Context).Next
	/Users/a1/go/pkg/mod/github.com/gin-gonic/gin@v1.10.0/context.go:185
github.com/flipped-aurora/gin-vue-admin/server/initialize.Routers.DataScope.func9
	/Users/a1/data/go/gin-vue-admin/server/middleware/data_scope.go:26
github.com/gin-gonic/gin.(*Context).Next
	/Users/a1/go/pkg/mod/github.com/gin-gonic/gin@v1.10.0/context.go:185
github.com/flipped-aurora/gin-vue-admin/server/initialize.Routers.CasbinHandler.func8
	/Users/a1/data/go/gin-vue-admin/server/middleware/casbin_rbac.go:30
github.com/gin-gonic/gin.(*Context).Next
	/Users/a1/go/pkg/mod/github.com/gin-gonic/gin@v1.10.0/context.go:185
github.com/flipped-aurora/gin-vue-admin/server/initialize.Routers.MustChangePwdGuard.func7
	/Users/a1/data/go/gin-vue-admin/server/middleware/must_change_pwd.go:29
github.com/gin-gonic/gin.(*Context).Next
	/Users/a1/go/pkg/mod/github.com/gin-gonic/gin@v1.10.0/context.go:185
github.com/flipped-aurora/gin-vue-admin/server/initialize.Routers.JWTAuth.func6
	/Users/a1/data/go/gin-vue-admin/server/middleware/jwt.go:69
github.com/gin-gonic/gin.(*Context).Next
	/Users/a1/go/pkg/mod/github.com/gin-gonic/gin@v1.10.0/context.go:185
github.com/flipped-aurora/gin-vue-admin/server/initialize.Routers.Cors.func5
	/Users/a1/data/go/gin-vue-admin/server/middleware/cors.go:26
github.com/gin-gonic/gin.(*Context).Next
	/Users/a1/go/pkg/mod/github.com/gin-gonic/gin@v1.10.0/context.go:185
github.com/flipped-aurora/gin-vue-admin/server/middleware.UploadResponseHeaders.func1
	/Users/a1/data/go/gin-vue-admin/server/middleware/upload_security.go:25
github.com/gin-gonic/gin.(*Context).Next
	/Users/a1/go/pkg/mod/github.com/gin-gonic/gin@v1.10.0/context.go:185
github.com/gin-gonic/gin.LoggerWithConfig.func1
	/Users/a1/go/pkg/mod/github.com/gin-gonic/gin@v1.10.0/logger.go:249
github.com/gin-gonic/gin.(*Context).Next
	/Users/a1/go/pkg/mod/github.com/gin-gonic/gin@v1.10.0/context.go:185
github.com/flipped-aurora/gin-vue-admin/server/initialize.Routers.AccessLog.func4
	/Users/a1/data/go/gin-vue-admin/server/middleware/access_log.go:73
github.com/gin-gonic/gin.(*Context).Next
	/Users/a1/go/pkg/mod/github.com/gin-gonic/gin@v1.10.0/context.go:185
github.com/flipped-aurora/gin-vue-admin/server/initialize.Routers.GinRecovery.func3
	/Users/a1/data/go/gin-vue-admin/server/middleware/error.go:56
github.com/gin-gonic/gin.(*Context).Next
	/Users/a1/go/pkg/mod/github.com/gin-gonic/gin@v1.10.0/context.go:185
github.com/flipped-aurora/gin-vue-admin/server/initialize.Routers.RequestMeta.func2
	/Users/a1/data/go/gin-vue-admin/server/middleware/request_meta.go:39
github.com/gin-gonic/gin.(*Context).Next
	/Users/a1/go/pkg/mod/github.com/gin-gonic/gin@v1.10.0/context.go:185
github.com/gin-gonic/gin.(*Engine).handleHTTPRequest
	/Users/a1/go/pkg/mod/github.com/gin-gonic/gin@v1.10.0/gin.go:633
github.com/gin-gonic/gin.(*Engine).ServeHTTP
	/Users/a1/go/pkg/mod/github.com/gin-gonic/gin@v1.10.0/gin.go:589
net/http.serverHandler.ServeHTTP
	/usr/local/go/src/net/http/server.go:3311
net/http.(*conn).serve
	/usr/local/go/src/net/http/server.go:2073
[github.com/flipped-aurora/gin-vue-admin/server]2026-09-11 15:14:57.480	[31merror[0m	/Users/a1/data/go/gin-vue-admin/server/api/v1/member/member.go:156	获取会员列表失败!	{"node": "", "app_id": "", "env": "", "error": "Error 1146 (42S02): Table 'go_noooya_com.addon_member' doesn't exist"}
github.com/flipped-aurora/gin-vue-admin/server/api/v1/member.(*MemberApi).GetMemberList
	/Users/a1/data/go/gin-vue-admin/server/api/v1/member/member.go:156
github.com/gin-gonic/gin.(*Context).Next
	/Users/a1/go/pkg/mod/github.com/gin-gonic/gin@v1.10.0/context.go:185
github.com/flipped-aurora/gin-vue-admin/server/initialize.Routers.DataScope.func9
	/Users/a1/data/go/gin-vue-admin/server/middleware/data_scope.go:26
github.com/gin-gonic/gin.(*Context).Next
	/Users/a1/go/pkg/mod/github.com/gin-gonic/gin@v1.10.0/context.go:185
github.com/flipped-aurora/gin-vue-admin/server/initialize.Routers.CasbinHandler.func8
	/Users/a1/data/go/gin-vue-admin/server/middleware/casbin_rbac.go:30
github.com/gin-gonic/gin.(*Context).Next
	/Users/a1/go/pkg/mod/github.com/gin-gonic/gin@v1.10.0/context.go:185
github.com/flipped-aurora/gin-vue-admin/server/initialize.Routers.MustChangePwdGuard.func7
	/Users/a1/data/go/gin-vue-admin/server/middleware/must_change_pwd.go:29
github.com/gin-gonic/gin.(*Context).Next
	/Users/a1/go/pkg/mod/github.com/gin-gonic/gin@v1.10.0/context.go:185
github.com/flipped-aurora/gin-vue-admin/server/initialize.Routers.JWTAuth.func6
	/Users/a1/data/go/gin-vue-admin/server/middleware/jwt.go:69
github.com/gin-gonic/gin.(*Context).Next
	/Users/a1/go/pkg/mod/github.com/gin-gonic/gin@v1.10.0/context.go:185
github.com/flipped-aurora/gin-vue-admin/server/initialize.Routers.Cors.func5
	/Users/a1/data/go/gin-vue-admin/server/middleware/cors.go:26
github.com/gin-gonic/gin.(*Context).Next
	/Users/a1/go/pkg/mod/github.com/gin-gonic/gin@v1.10.0/context.go:185
github.com/flipped-aurora/gin-vue-admin/server/middleware.UploadResponseHeaders.func1
	/Users/a1/data/go/gin-vue-admin/server/middleware/upload_security.go:25
github.com/gin-gonic/gin.(*Context).Next
	/Users/a1/go/pkg/mod/github.com/gin-gonic/gin@v1.10.0/context.go:185
github.com/gin-gonic/gin.LoggerWithConfig.func1
	/Users/a1/go/pkg/mod/github.com/gin-gonic/gin@v1.10.0/logger.go:249
github.com/gin-gonic/gin.(*Context).Next
	/Users/a1/go/pkg/mod/github.com/gin-gonic/gin@v1.10.0/context.go:185
github.com/flipped-aurora/gin-vue-admin/server/initialize.Routers.AccessLog.func4
	/Users/a1/data/go/gin-vue-admin/server/middleware/access_log.go:73
github.com/gin-gonic/gin.(*Context).Next
	/Users/a1/go/pkg/mod/github.com/gin-gonic/gin@v1.10.0/context.go:185
github.com/flipped-aurora/gin-vue-admin/server/initialize.Routers.GinRecovery.func3
	/Users/a1/data/go/gin-vue-admin/server/middleware/error.go:56
github.com/gin-gonic/gin.(*Context).Next
	/Users/a1/go/pkg/mod/github.com/gin-gonic/gin@v1.10.0/context.go:185
github.com/flipped-aurora/gin-vue-admin/server/initialize.Routers.RequestMeta.func2
	/Users/a1/data/go/gin-vue-admin/server/middleware/request_meta.go:39
github.com/gin-gonic/gin.(*Context).Next
	/Users/a1/go/pkg/mod/github.com/gin-gonic/gin@v1.10.0/context.go:185
github.com/gin-gonic/gin.(*Engine).handleHTTPRequest
	/Users/a1/go/pkg/mod/github.com/gin-gonic/gin@v1.10.0/gin.go:633
github.com/gin-gonic/gin.(*Engine).ServeHTTP
	/Users/a1/go/pkg/mod/github.com/gin-gonic/gin@v1.10.0/gin.go:589
net/http.serverHandler.ServeHTTP
	/usr/local/go/src/net/http/server.go:3311
net/http.(*conn).serve
	/usr/local/go/src/net/http/server.go:2073
[github.com/flipped-aurora/gin-vue-admin/server]2026-09-11 15:17:20.845	[31merror[0m	/Users/a1/data/go/gin-vue-admin/server/initialize/internal/gorm_logger_writer.go:54	SQL 执行错误	{"node": "", "app_id": "", "env": "", "sql": "SELECT count(*) FROM `addon_member` WHERE `addon_member`.`deleted_at` IS NULL", "rows": 0, "elapsed_ms": 39, "mod": "sql", "request_id": "d677312c-bc3d-42f6-9143-bce4a78e2f7d", "trace_id": "700999ee61950df5264d233d5bf94e24", "device_id": "", "client_ip": "::1", "http_method": "GET", "http_path": "/member/member/getMemberList", "span_id": "3481236f3862a017", "error_msg": "Error 1146 (42S02): Table 'go_noooya_com.addon_member' doesn't exist", "error_stack": "github.com/flipped-aurora/gin-vue-admin/server/utils/logger.(*Builder).assemble\n\t/Users/a1/data/go/gin-vue-admin/server/utils/logger/builder.go:64\ngithub.com/flipped-aurora/gin-vue-admin/server/utils/logger.(*Builder).log\n\t/Users/a1/data/go/gin-vue-admin/server/utils/logger/builder.go:75\ngithub.com/flipped-aurora/gin-vue-admin/server/utils/logger.(*Builder).Error\n\t/Users/a1/data/go/gin-vue-admin/server/utils/logger/builder.go:81\ngithub.com/flipped-aurora/gin-vue-admin/server/initialize/internal.(*GormLogger).Trace\n\t/Users/a1/data/go/gin-vue-admin/server/initialize/internal/gorm_logger_writer.go:54\ngorm.io/gorm.(*processor).Execute\n\t/Users/a1/go/pkg/mod/gorm.io/gorm@v1.31.1/callbacks.go:140\ngorm.io/gorm.(*DB).Count\n\t/Users/a1/go/pkg/mod/gorm.io/gorm@v1.31.1/finisher_api.go:497\ngithub.com/flipped-aurora/gin-vue-admin/server/service/member.(*MemberService).GetMemberInfoList\n\t/Users/a1/data/go/gin-vue-admin/server/service/member/member_biz.go:80\ngithub.com/flipped-aurora/gin-vue-admin/server/api/v1/member.(*MemberApi).GetMemberList\n\t/Users/a1/data/go/gin-vue-admin/server/api/v1/member/member.go:154\ngithub.com/gin-gonic/gin.(*Context).Next\n\t/Users/a1/go/pkg/mod/github.com/gin-gonic/gin@v1.10.0/context.go:185\ngithub.com/flipped-aurora/gin-vue-admin/server/initialize.Routers.DataScope.func9\n\t/Users/a1/data/go/gin-vue-admin/server/middleware/data_scope.go:26\ngithub.com/gin-gonic/gin.(*Context).Next\n\t/Users/a1/go/pkg/mod/github.com/gin-gonic/gin@v1.10.0/context.go:185\ngithub.com/flipped-aurora/gin-vue-admin/server/initialize.Routers.CasbinHandler.func8\n\t/Users/a1/data/go/gin-vue-admin/server/middleware/casbin_rbac.go:30\ngithub.com/gin-gonic/gin.(*Context).Next\n\t/Users/a1/go/pkg/mod/github.com/gin-gonic/gin@v1.10.0/context.go:185\ngithub.com/flipped-aurora/gin-vue-admin/server/initialize.Routers.MustChangePwdGuard.func7\n\t/Users/a1/data/go/gin-vue-admin/server/middleware/must_change_pwd.go:29\ngithub.com/gin-gonic/gin.(*Context).Next\n\t/Users/a1/go/pkg/mod/github.com/gin-gonic/gin@v1.10.0/context.go:185\ngithub.com/flipped-aurora/gin-vue-admin/server/initialize.Routers.JWTAuth.func6\n\t/Users/a1/data/go/gin-vue-admin/server/middleware/jwt.go:69\ngithub.com/gin-gonic/gin.(*Context).Next\n\t/Users/a1/go/pkg/mod/github.com/gin-gonic/gin@v1.10.0/context.go:185\ngithub.com/flipped-aurora/gin-vue-admin/server/initialize.Routers.Cors.func5\n\t/Users/a1/data/go/gin-vue-admin/server/middleware/cors.go:26\ngithub.com/gin-gonic/gin.(*Context).Next\n\t/Users/a1/go/pkg/mod/github.com/gin-gonic/gin@v1.10.0/context.go:185\ngithub.com/flipped-aurora/gin-vue-admin/server/middleware.UploadResponseHeaders.func1\n\t/Users/a1/data/go/gin-vue-admin/server/middleware/upload_security.go:25\ngithub.com/gin-gonic/gin.(*Context).Next\n\t/Users/a1/go/pkg/mod/github.com/gin-gonic/gin@v1.10.0/context.go:185\ngithub.com/gin-gonic/gin.LoggerWithConfig.func1\n\t/Users/a1/go/pkg/mod/github.com/gin-gonic/gin@v1.10.0/logger.go:249\ngithub.com/gin-gonic/gin.(*Context).Next\n\t/Users/a1/go/pkg/mod/github.com/gin-gonic/gin@v1.10.0/context.go:185\ngithub.com/flipped-aurora/gin-vue-admin/server/initialize.Routers.AccessLog.func4\n\t/Users/a1/data/go/gin-vue-admin/server/middleware/access_log.go:73\ngithub.com/gin-gonic/gin.(*Context).Next\n\t/Users/a1/go/pkg/mod/github.com/gin-gonic/gin@v1.10.0/context.go:185\ngithub.com/flipped-aurora/gin-vue-admin/server/initialize.Routers.GinRecovery.func3\n\t/Users/a1/data/go/gin-vue-admin/server/middleware/error.go:56\ngithub.com/gin-gonic/gin.(*Context).Next\n\t/Users/a1/go/pkg/mod/github.com/gin-gonic/gin@v1.10.0/context.go:185\ngithub.com/flipped-aurora/gin-vue-admin/server/initialize.Routers.RequestMeta.func2\n\t/Users/a1/data/go/gin-vue-admin/server/middleware/request_meta.go:39\ngithub.com/gin-gonic/gin.(*Context).Next\n\t/Users/a1/go/pkg/mod/github.com/gin-gonic/gin@v1.10.0/context.go:185\ngithub.com/gin-gonic/gin.(*Engine).handleHTTPRequest\n\t/Users/a1/go/pkg/mod/github.com/gin-gonic/gin@v1.10.0/gin.go:633\ngithub.com/gin-gonic/gin.(*Engine).ServeHTTP\n\t/Users/a1/go/pkg/mod/github.com/gin-gonic/gin@v1.10.0/gin.go:589\nnet/http.serverHandler.ServeHTTP\n\t/usr/local/go/src/net/http/server.go:3311\nnet/http.(*conn).serve\n\t/usr/local/go/src/net/http/server.go:2073"}
github.com/flipped-aurora/gin-vue-admin/server/initialize/internal.(*GormLogger).Trace
	/Users/a1/data/go/gin-vue-admin/server/initialize/internal/gorm_logger_writer.go:54
gorm.io/gorm.(*processor).Execute
	/Users/a1/go/pkg/mod/gorm.io/gorm@v1.31.1/callbacks.go:140
gorm.io/gorm.(*DB).Count
	/Users/a1/go/pkg/mod/gorm.io/gorm@v1.31.1/finisher_api.go:497
github.com/flipped-aurora/gin-vue-admin/server/service/member.(*MemberService).GetMemberInfoList
	/Users/a1/data/go/gin-vue-admin/server/service/member/member_biz.go:80
github.com/flipped-aurora/gin-vue-admin/server/api/v1/member.(*MemberApi).GetMemberList
	/Users/a1/data/go/gin-vue-admin/server/api/v1/member/member.go:154
github.com/gin-gonic/gin.(*Context).Next
	/Users/a1/go/pkg/mod/github.com/gin-gonic/gin@v1.10.0/context.go:185
github.com/flipped-aurora/gin-vue-admin/server/initialize.Routers.DataScope.func9
	/Users/a1/data/go/gin-vue-admin/server/middleware/data_scope.go:26
github.com/gin-gonic/gin.(*Context).Next
	/Users/a1/go/pkg/mod/github.com/gin-gonic/gin@v1.10.0/context.go:185
github.com/flipped-aurora/gin-vue-admin/server/initialize.Routers.CasbinHandler.func8
	/Users/a1/data/go/gin-vue-admin/server/middleware/casbin_rbac.go:30
github.com/gin-gonic/gin.(*Context).Next
	/Users/a1/go/pkg/mod/github.com/gin-gonic/gin@v1.10.0/context.go:185
github.com/flipped-aurora/gin-vue-admin/server/initialize.Routers.MustChangePwdGuard.func7
	/Users/a1/data/go/gin-vue-admin/server/middleware/must_change_pwd.go:29
github.com/gin-gonic/gin.(*Context).Next
	/Users/a1/go/pkg/mod/github.com/gin-gonic/gin@v1.10.0/context.go:185
github.com/flipped-aurora/gin-vue-admin/server/initialize.Routers.JWTAuth.func6
	/Users/a1/data/go/gin-vue-admin/server/middleware/jwt.go:69
github.com/gin-gonic/gin.(*Context).Next
	/Users/a1/go/pkg/mod/github.com/gin-gonic/gin@v1.10.0/context.go:185
github.com/flipped-aurora/gin-vue-admin/server/initialize.Routers.Cors.func5
	/Users/a1/data/go/gin-vue-admin/server/middleware/cors.go:26
github.com/gin-gonic/gin.(*Context).Next
	/Users/a1/go/pkg/mod/github.com/gin-gonic/gin@v1.10.0/context.go:185
github.com/flipped-aurora/gin-vue-admin/server/middleware.UploadResponseHeaders.func1
	/Users/a1/data/go/gin-vue-admin/server/middleware/upload_security.go:25
github.com/gin-gonic/gin.(*Context).Next
	/Users/a1/go/pkg/mod/github.com/gin-gonic/gin@v1.10.0/context.go:185
github.com/gin-gonic/gin.LoggerWithConfig.func1
	/Users/a1/go/pkg/mod/github.com/gin-gonic/gin@v1.10.0/logger.go:249
github.com/gin-gonic/gin.(*Context).Next
	/Users/a1/go/pkg/mod/github.com/gin-gonic/gin@v1.10.0/context.go:185
github.com/flipped-aurora/gin-vue-admin/server/initialize.Routers.AccessLog.func4
	/Users/a1/data/go/gin-vue-admin/server/middleware/access_log.go:73
github.com/gin-gonic/gin.(*Context).Next
	/Users/a1/go/pkg/mod/github.com/gin-gonic/gin@v1.10.0/context.go:185
github.com/flipped-aurora/gin-vue-admin/server/initialize.Routers.GinRecovery.func3
	/Users/a1/data/go/gin-vue-admin/server/middleware/error.go:56
github.com/gin-gonic/gin.(*Context).Next
	/Users/a1/go/pkg/mod/github.com/gin-gonic/gin@v1.10.0/context.go:185
github.com/flipped-aurora/gin-vue-admin/server/initialize.Routers.RequestMeta.func2
	/Users/a1/data/go/gin-vue-admin/server/middleware/request_meta.go:39
github.com/gin-gonic/gin.(*Context).Next
	/Users/a1/go/pkg/mod/github.com/gin-gonic/gin@v1.10.0/context.go:185
github.com/gin-gonic/gin.(*Engine).handleHTTPRequest
	/Users/a1/go/pkg/mod/github.com/gin-gonic/gin@v1.10.0/gin.go:633
github.com/gin-gonic/gin.(*Engine).ServeHTTP
	/Users/a1/go/pkg/mod/github.com/gin-gonic/gin@v1.10.0/gin.go:589
net/http.serverHandler.ServeHTTP
	/usr/local/go/src/net/http/server.go:3311
net/http.(*conn).serve
	/usr/local/go/src/net/http/server.go:2073
[github.com/flipped-aurora/gin-vue-admin/server]2026-09-11 15:17:20.847	[31merror[0m	/Users/a1/data/go/gin-vue-admin/server/api/v1/member/member.go:156	获取会员列表失败!	{"node": "", "app_id": "", "env": "", "error": "Error 1146 (42S02): Table 'go_noooya_com.addon_member' doesn't exist"}
github.com/flipped-aurora/gin-vue-admin/server/api/v1/member.(*MemberApi).GetMemberList
	/Users/a1/data/go/gin-vue-admin/server/api/v1/member/member.go:156
github.com/gin-gonic/gin.(*Context).Next
	/Users/a1/go/pkg/mod/github.com/gin-gonic/gin@v1.10.0/context.go:185
github.com/flipped-aurora/gin-vue-admin/server/initialize.Routers.DataScope.func9
	/Users/a1/data/go/gin-vue-admin/server/middleware/data_scope.go:26
github.com/gin-gonic/gin.(*Context).Next
	/Users/a1/go/pkg/mod/github.com/gin-gonic/gin@v1.10.0/context.go:185
github.com/flipped-aurora/gin-vue-admin/server/initialize.Routers.CasbinHandler.func8
	/Users/a1/data/go/gin-vue-admin/server/middleware/casbin_rbac.go:30
github.com/gin-gonic/gin.(*Context).Next
	/Users/a1/go/pkg/mod/github.com/gin-gonic/gin@v1.10.0/context.go:185
github.com/flipped-aurora/gin-vue-admin/server/initialize.Routers.MustChangePwdGuard.func7
	/Users/a1/data/go/gin-vue-admin/server/middleware/must_change_pwd.go:29
github.com/gin-gonic/gin.(*Context).Next
	/Users/a1/go/pkg/mod/github.com/gin-gonic/gin@v1.10.0/context.go:185
github.com/flipped-aurora/gin-vue-admin/server/initialize.Routers.JWTAuth.func6
	/Users/a1/data/go/gin-vue-admin/server/middleware/jwt.go:69
github.com/gin-gonic/gin.(*Context).Next
	/Users/a1/go/pkg/mod/github.com/gin-gonic/gin@v1.10.0/context.go:185
github.com/flipped-aurora/gin-vue-admin/server/initialize.Routers.Cors.func5
	/Users/a1/data/go/gin-vue-admin/server/middleware/cors.go:26
github.com/gin-gonic/gin.(*Context).Next
	/Users/a1/go/pkg/mod/github.com/gin-gonic/gin@v1.10.0/context.go:185
github.com/flipped-aurora/gin-vue-admin/server/middleware.UploadResponseHeaders.func1
	/Users/a1/data/go/gin-vue-admin/server/middleware/upload_security.go:25
github.com/gin-gonic/gin.(*Context).Next
	/Users/a1/go/pkg/mod/github.com/gin-gonic/gin@v1.10.0/context.go:185
github.com/gin-gonic/gin.LoggerWithConfig.func1
	/Users/a1/go/pkg/mod/github.com/gin-gonic/gin@v1.10.0/logger.go:249
github.com/gin-gonic/gin.(*Context).Next
	/Users/a1/go/pkg/mod/github.com/gin-gonic/gin@v1.10.0/context.go:185
github.com/flipped-aurora/gin-vue-admin/server/initialize.Routers.AccessLog.func4
	/Users/a1/data/go/gin-vue-admin/server/middleware/access_log.go:73
github.com/gin-gonic/gin.(*Context).Next
	/Users/a1/go/pkg/mod/github.com/gin-gonic/gin@v1.10.0/context.go:185
github.com/flipped-aurora/gin-vue-admin/server/initialize.Routers.GinRecovery.func3
	/Users/a1/data/go/gin-vue-admin/server/middleware/error.go:56
github.com/gin-gonic/gin.(*Context).Next
	/Users/a1/go/pkg/mod/github.com/gin-gonic/gin@v1.10.0/context.go:185
github.com/flipped-aurora/gin-vue-admin/server/initialize.Routers.RequestMeta.func2
	/Users/a1/data/go/gin-vue-admin/server/middleware/request_meta.go:39
github.com/gin-gonic/gin.(*Context).Next
	/Users/a1/go/pkg/mod/github.com/gin-gonic/gin@v1.10.0/context.go:185
github.com/gin-gonic/gin.(*Engine).handleHTTPRequest
	/Users/a1/go/pkg/mod/github.com/gin-gonic/gin@v1.10.0/gin.go:633
github.com/gin-gonic/gin.(*Engine).ServeHTTP
	/Users/a1/go/pkg/mod/github.com/gin-gonic/gin@v1.10.0/gin.go:589
net/http.serverHandler.ServeHTTP
	/usr/local/go/src/net/http/server.go:3311
net/http.(*conn).serve
	/usr/local/go/src/net/http/server.go:2073
[github.com/flipped-aurora/gin-vue-admin/server]2026-09-11 16:43:56.887	[31merror[0m	/Users/a1/data/go/gin-vue-admin/server/initialize/internal/gorm_logger_writer.go:54	SQL 执行错误	{"node": "", "app_id": "", "env": "", "sql": "SELECT * FROM `addon_quant_ai_task` WHERE (status = 4 AND scheduled_at IS NOT NULL AND scheduled_at <= '2026-09-11 16:43:13.933') AND `addon_quant_ai_task`.`deleted_at` IS NULL", "rows": 0, "elapsed_ms": 42903, "mod": "sql", "request_id": "", "trace_id": "", "device_id": "", "client_ip": "", "http_method": "", "http_path": "", "error_msg": "invalid connection", "error_stack": "github.com/flipped-aurora/gin-vue-admin/server/utils/logger.(*Builder).assemble\n\t/Users/a1/data/go/gin-vue-admin/server/utils/logger/builder.go:64\ngithub.com/flipped-aurora/gin-vue-admin/server/utils/logger.(*Builder).log\n\t/Users/a1/data/go/gin-vue-admin/server/utils/logger/builder.go:75\ngithub.com/flipped-aurora/gin-vue-admin/server/utils/logger.(*Builder).Error\n\t/Users/a1/data/go/gin-vue-admin/server/utils/logger/builder.go:81\ngithub.com/flipped-aurora/gin-vue-admin/server/initialize/internal.(*GormLogger).Trace\n\t/Users/a1/data/go/gin-vue-admin/server/initialize/internal/gorm_logger_writer.go:54\ngorm.io/gorm.(*processor).Execute\n\t/Users/a1/go/pkg/mod/gorm.io/gorm@v1.31.1/callbacks.go:140\ngorm.io/gorm.(*DB).Find\n\t/Users/a1/go/pkg/mod/gorm.io/gorm@v1.31.1/finisher_api.go:172\ngithub.com/flipped-aurora/gin-vue-admin/server/service/quant.(*AiTaskService).dispatchScheduledTasks\n\t/Users/a1/data/go/gin-vue-admin/server/service/quant/ai_task_service.go:421\ngithub.com/flipped-aurora/gin-vue-admin/server/service/quant.StartAiTaskScheduler.func1.1\n\t/Users/a1/data/go/gin-vue-admin/server/service/quant/ai_task_service.go:410"}
github.com/flipped-aurora/gin-vue-admin/server/initialize/internal.(*GormLogger).Trace
	/Users/a1/data/go/gin-vue-admin/server/initialize/internal/gorm_logger_writer.go:54
gorm.io/gorm.(*processor).Execute
	/Users/a1/go/pkg/mod/gorm.io/gorm@v1.31.1/callbacks.go:140
gorm.io/gorm.(*DB).Find
	/Users/a1/go/pkg/mod/gorm.io/gorm@v1.31.1/finisher_api.go:172
github.com/flipped-aurora/gin-vue-admin/server/service/quant.(*AiTaskService).dispatchScheduledTasks
	/Users/a1/data/go/gin-vue-admin/server/service/quant/ai_task_service.go:421
github.com/flipped-aurora/gin-vue-admin/server/service/quant.StartAiTaskScheduler.func1.1
	/Users/a1/data/go/gin-vue-admin/server/service/quant/ai_task_service.go:410
[github.com/flipped-aurora/gin-vue-admin/server]2026-09-11 16:43:56.890	[31merror[0m	/Users/a1/data/go/gin-vue-admin/server/service/quant/ai_task_service.go:422	查询待调度AI任务失败	{"node": "", "app_id": "", "env": "", "error": "invalid connection"}
github.com/flipped-aurora/gin-vue-admin/server/service/quant.(*AiTaskService).dispatchScheduledTasks
	/Users/a1/data/go/gin-vue-admin/server/service/quant/ai_task_service.go:422
github.com/flipped-aurora/gin-vue-admin/server/service/quant.StartAiTaskScheduler.func1.1
	/Users/a1/data/go/gin-vue-admin/server/service/quant/ai_task_service.go:410
[github.com/flipped-aurora/gin-vue-admin/server]2026-09-11 17:14:48.015	[31merror[0m	/Users/a1/data/go/gin-vue-admin/server/initialize/internal/gorm_logger_writer.go:54	SQL 执行错误	{"node": "", "app_id": "", "env": "", "sql": "SELECT * FROM `addon_quant_ai_task` WHERE (status = 4 AND scheduled_at IS NOT NULL AND scheduled_at <= '2026-09-11 16:59:00.99') AND `addon_quant_ai_task`.`deleted_at` IS NULL", "rows": 0, "elapsed_ms": 50547, "mod": "sql", "request_id": "", "trace_id": "", "device_id": "", "client_ip": "", "http_method": "", "http_path": "", "error_msg": "invalid connection", "error_stack": "github.com/flipped-aurora/gin-vue-admin/server/utils/logger.(*Builder).assemble\n\t/Users/a1/data/go/gin-vue-admin/server/utils/logger/builder.go:64\ngithub.com/flipped-aurora/gin-vue-admin/server/utils/logger.(*Builder).log\n\t/Users/a1/data/go/gin-vue-admin/server/utils/logger/builder.go:75\ngithub.com/flipped-aurora/gin-vue-admin/server/utils/logger.(*Builder).Error\n\t/Users/a1/data/go/gin-vue-admin/server/utils/logger/builder.go:81\ngithub.com/flipped-aurora/gin-vue-admin/server/initialize/internal.(*GormLogger).Trace\n\t/Users/a1/data/go/gin-vue-admin/server/initialize/internal/gorm_logger_writer.go:54\ngorm.io/gorm.(*processor).Execute\n\t/Users/a1/go/pkg/mod/gorm.io/gorm@v1.31.1/callbacks.go:140\ngorm.io/gorm.(*DB).Find\n\t/Users/a1/go/pkg/mod/gorm.io/gorm@v1.31.1/finisher_api.go:172\ngithub.com/flipped-aurora/gin-vue-admin/server/service/quant.(*AiTaskService).dispatchScheduledTasks\n\t/Users/a1/data/go/gin-vue-admin/server/service/quant/ai_task_service.go:421\ngithub.com/flipped-aurora/gin-vue-admin/server/service/quant.StartAiTaskScheduler.func1.1\n\t/Users/a1/data/go/gin-vue-admin/server/service/quant/ai_task_service.go:410"}
github.com/flipped-aurora/gin-vue-admin/server/initialize/internal.(*GormLogger).Trace
	/Users/a1/data/go/gin-vue-admin/server/initialize/internal/gorm_logger_writer.go:54
gorm.io/gorm.(*processor).Execute
	/Users/a1/go/pkg/mod/gorm.io/gorm@v1.31.1/callbacks.go:140
gorm.io/gorm.(*DB).Find
	/Users/a1/go/pkg/mod/gorm.io/gorm@v1.31.1/finisher_api.go:172
github.com/flipped-aurora/gin-vue-admin/server/service/quant.(*AiTaskService).dispatchScheduledTasks
	/Users/a1/data/go/gin-vue-admin/server/service/quant/ai_task_service.go:421
github.com/flipped-aurora/gin-vue-admin/server/service/quant.StartAiTaskScheduler.func1.1
	/Users/a1/data/go/gin-vue-admin/server/service/quant/ai_task_service.go:410
[github.com/flipped-aurora/gin-vue-admin/server]2026-09-11 17:14:48.016	[31merror[0m	/Users/a1/data/go/gin-vue-admin/server/service/quant/ai_task_service.go:422	查询待调度AI任务失败	{"node": "", "app_id": "", "env": "", "error": "invalid connection"}
github.com/flipped-aurora/gin-vue-admin/server/service/quant.(*AiTaskService).dispatchScheduledTasks
	/Users/a1/data/go/gin-vue-admin/server/service/quant/ai_task_service.go:422
github.com/flipped-aurora/gin-vue-admin/server/service/quant.StartAiTaskScheduler.func1.1
	/Users/a1/data/go/gin-vue-admin/server/service/quant/ai_task_service.go:410
[github.com/flipped-aurora/gin-vue-admin/server]2026-09-11 17:46:44.061	[31merror[0m	/Users/a1/data/go/gin-vue-admin/server/initialize/internal/gorm_logger_writer.go:54	SQL 执行错误	{"node": "", "app_id": "", "env": "", "sql": "SELECT * FROM `addon_quant_ai_task` WHERE (status = 4 AND scheduled_at IS NOT NULL AND scheduled_at <= '2026-09-11 17:31:02.503') AND `addon_quant_ai_task`.`deleted_at` IS NULL", "rows": 0, "elapsed_ms": 43707, "mod": "sql", "request_id": "", "trace_id": "", "device_id": "", "client_ip": "", "http_method": "", "http_path": "", "error_msg": "invalid connection", "error_stack": "github.com/flipped-aurora/gin-vue-admin/server/utils/logger.(*Builder).assemble\n\t/Users/a1/data/go/gin-vue-admin/server/utils/logger/builder.go:64\ngithub.com/flipped-aurora/gin-vue-admin/server/utils/logger.(*Builder).log\n\t/Users/a1/data/go/gin-vue-admin/server/utils/logger/builder.go:75\ngithub.com/flipped-aurora/gin-vue-admin/server/utils/logger.(*Builder).Error\n\t/Users/a1/data/go/gin-vue-admin/server/utils/logger/builder.go:81\ngithub.com/flipped-aurora/gin-vue-admin/server/initialize/internal.(*GormLogger).Trace\n\t/Users/a1/data/go/gin-vue-admin/server/initialize/internal/gorm_logger_writer.go:54\ngorm.io/gorm.(*processor).Execute\n\t/Users/a1/go/pkg/mod/gorm.io/gorm@v1.31.1/callbacks.go:140\ngorm.io/gorm.(*DB).Find\n\t/Users/a1/go/pkg/mod/gorm.io/gorm@v1.31.1/finisher_api.go:172\ngithub.com/flipped-aurora/gin-vue-admin/server/service/quant.(*AiTaskService).dispatchScheduledTasks\n\t/Users/a1/data/go/gin-vue-admin/server/service/quant/ai_task_service.go:421\ngithub.com/flipped-aurora/gin-vue-admin/server/service/quant.StartAiTaskScheduler.func1.1\n\t/Users/a1/data/go/gin-vue-admin/server/service/quant/ai_task_service.go:410"}
github.com/flipped-aurora/gin-vue-admin/server/initialize/internal.(*GormLogger).Trace
	/Users/a1/data/go/gin-vue-admin/server/initialize/internal/gorm_logger_writer.go:54
gorm.io/gorm.(*processor).Execute
	/Users/a1/go/pkg/mod/gorm.io/gorm@v1.31.1/callbacks.go:140
gorm.io/gorm.(*DB).Find
	/Users/a1/go/pkg/mod/gorm.io/gorm@v1.31.1/finisher_api.go:172
github.com/flipped-aurora/gin-vue-admin/server/service/quant.(*AiTaskService).dispatchScheduledTasks
	/Users/a1/data/go/gin-vue-admin/server/service/quant/ai_task_service.go:421
github.com/flipped-aurora/gin-vue-admin/server/service/quant.StartAiTaskScheduler.func1.1
	/Users/a1/data/go/gin-vue-admin/server/service/quant/ai_task_service.go:410
[github.com/flipped-aurora/gin-vue-admin/server]2026-09-11 17:46:44.062	[31merror[0m	/Users/a1/data/go/gin-vue-admin/server/service/quant/ai_task_service.go:422	查询待调度AI任务失败	{"node": "", "app_id": "", "env": "", "error": "invalid connection"}
github.com/flipped-aurora/gin-vue-admin/server/service/quant.(*AiTaskService).dispatchScheduledTasks
	/Users/a1/data/go/gin-vue-admin/server/service/quant/ai_task_service.go:422
github.com/flipped-aurora/gin-vue-admin/server/service/quant.StartAiTaskScheduler.func1.1
	/Users/a1/data/go/gin-vue-admin/server/service/quant/ai_task_service.go:410
[github.com/flipped-aurora/gin-vue-admin/server]2026-09-11 18:05:50.451	[31merror[0m	/Users/a1/data/go/gin-vue-admin/server/initialize/internal/gorm_logger_writer.go:54	SQL 执行错误	{"node": "", "app_id": "", "env": "", "sql": "SELECT * FROM `addon_quant_ai_task` WHERE (status = 4 AND scheduled_at IS NOT NULL AND scheduled_at <= '2026-09-11 18:04:57.528') AND `addon_quant_ai_task`.`deleted_at` IS NULL", "rows": 0, "elapsed_ms": 52909, "mod": "sql", "request_id": "", "trace_id": "", "device_id": "", "client_ip": "", "http_method": "", "http_path": "", "error_msg": "invalid connection", "error_stack": "github.com/flipped-aurora/gin-vue-admin/server/utils/logger.(*Builder).assemble\n\t/Users/a1/data/go/gin-vue-admin/server/utils/logger/builder.go:64\ngithub.com/flipped-aurora/gin-vue-admin/server/utils/logger.(*Builder).log\n\t/Users/a1/data/go/gin-vue-admin/server/utils/logger/builder.go:75\ngithub.com/flipped-aurora/gin-vue-admin/server/utils/logger.(*Builder).Error\n\t/Users/a1/data/go/gin-vue-admin/server/utils/logger/builder.go:81\ngithub.com/flipped-aurora/gin-vue-admin/server/initialize/internal.(*GormLogger).Trace\n\t/Users/a1/data/go/gin-vue-admin/server/initialize/internal/gorm_logger_writer.go:54\ngorm.io/gorm.(*processor).Execute\n\t/Users/a1/go/pkg/mod/gorm.io/gorm@v1.31.1/callbacks.go:140\ngorm.io/gorm.(*DB).Find\n\t/Users/a1/go/pkg/mod/gorm.io/gorm@v1.31.1/finisher_api.go:172\ngithub.com/flipped-aurora/gin-vue-admin/server/service/quant.(*AiTaskService).dispatchScheduledTasks\n\t/Users/a1/data/go/gin-vue-admin/server/service/quant/ai_task_service.go:421\ngithub.com/flipped-aurora/gin-vue-admin/server/service/quant.StartAiTaskScheduler.func1.1\n\t/Users/a1/data/go/gin-vue-admin/server/service/quant/ai_task_service.go:410"}
github.com/flipped-aurora/gin-vue-admin/server/initialize/internal.(*GormLogger).Trace
	/Users/a1/data/go/gin-vue-admin/server/initialize/internal/gorm_logger_writer.go:54
gorm.io/gorm.(*processor).Execute
	/Users/a1/go/pkg/mod/gorm.io/gorm@v1.31.1/callbacks.go:140
gorm.io/gorm.(*DB).Find
	/Users/a1/go/pkg/mod/gorm.io/gorm@v1.31.1/finisher_api.go:172
github.com/flipped-aurora/gin-vue-admin/server/service/quant.(*AiTaskService).dispatchScheduledTasks
	/Users/a1/data/go/gin-vue-admin/server/service/quant/ai_task_service.go:421
github.com/flipped-aurora/gin-vue-admin/server/service/quant.StartAiTaskScheduler.func1.1
	/Users/a1/data/go/gin-vue-admin/server/service/quant/ai_task_service.go:410
[github.com/flipped-aurora/gin-vue-admin/server]2026-09-11 18:05:50.469	[31merror[0m	/Users/a1/data/go/gin-vue-admin/server/service/quant/ai_task_service.go:422	查询待调度AI任务失败	{"node": "", "app_id": "", "env": "", "error": "invalid connection"}
github.com/flipped-aurora/gin-vue-admin/server/service/quant.(*AiTaskService).dispatchScheduledTasks
	/Users/a1/data/go/gin-vue-admin/server/service/quant/ai_task_service.go:422
github.com/flipped-aurora/gin-vue-admin/server/service/quant.StartAiTaskScheduler.func1.1
	/Users/a1/data/go/gin-vue-admin/server/service/quant/ai_task_service.go:410
[github.com/flipped-aurora/gin-vue-admin/server]2026-09-11 18:38:09.251	[31merror[0m	/Users/a1/data/go/gin-vue-admin/server/initialize/internal/gorm_logger_writer.go:54	SQL 执行错误	{"node": "", "app_id": "", "env": "", "sql": "SELECT * FROM `addon_quant_ai_task` WHERE (status = 4 AND scheduled_at IS NOT NULL AND scheduled_at <= '2026-09-11 18:33:02.569') AND `addon_quant_ai_task`.`deleted_at` IS NULL", "rows": 0, "elapsed_ms": 55977, "mod": "sql", "request_id": "", "trace_id": "", "device_id": "", "client_ip": "", "http_method": "", "http_path": "", "error_msg": "invalid connection", "error_stack": "github.com/flipped-aurora/gin-vue-admin/server/utils/logger.(*Builder).assemble\n\t/Users/a1/data/go/gin-vue-admin/server/utils/logger/builder.go:64\ngithub.com/flipped-aurora/gin-vue-admin/server/utils/logger.(*Builder).log\n\t/Users/a1/data/go/gin-vue-admin/server/utils/logger/builder.go:75\ngithub.com/flipped-aurora/gin-vue-admin/server/utils/logger.(*Builder).Error\n\t/Users/a1/data/go/gin-vue-admin/server/utils/logger/builder.go:81\ngithub.com/flipped-aurora/gin-vue-admin/server/initialize/internal.(*GormLogger).Trace\n\t/Users/a1/data/go/gin-vue-admin/server/initialize/internal/gorm_logger_writer.go:54\ngorm.io/gorm.(*processor).Execute\n\t/Users/a1/go/pkg/mod/gorm.io/gorm@v1.31.1/callbacks.go:140\ngorm.io/gorm.(*DB).Find\n\t/Users/a1/go/pkg/mod/gorm.io/gorm@v1.31.1/finisher_api.go:172\ngithub.com/flipped-aurora/gin-vue-admin/server/service/quant.(*AiTaskService).dispatchScheduledTasks\n\t/Users/a1/data/go/gin-vue-admin/server/service/quant/ai_task_service.go:421\ngithub.com/flipped-aurora/gin-vue-admin/server/service/quant.StartAiTaskScheduler.func1.1\n\t/Users/a1/data/go/gin-vue-admin/server/service/quant/ai_task_service.go:410"}
github.com/flipped-aurora/gin-vue-admin/server/initialize/internal.(*GormLogger).Trace
	/Users/a1/data/go/gin-vue-admin/server/initialize/internal/gorm_logger_writer.go:54
gorm.io/gorm.(*processor).Execute
	/Users/a1/go/pkg/mod/gorm.io/gorm@v1.31.1/callbacks.go:140
gorm.io/gorm.(*DB).Find
	/Users/a1/go/pkg/mod/gorm.io/gorm@v1.31.1/finisher_api.go:172
github.com/flipped-aurora/gin-vue-admin/server/service/quant.(*AiTaskService).dispatchScheduledTasks
	/Users/a1/data/go/gin-vue-admin/server/service/quant/ai_task_service.go:421
github.com/flipped-aurora/gin-vue-admin/server/service/quant.StartAiTaskScheduler.func1.1
	/Users/a1/data/go/gin-vue-admin/server/service/quant/ai_task_service.go:410
[github.com/flipped-aurora/gin-vue-admin/server]2026-09-11 18:38:09.271	[31merror[0m	/Users/a1/data/go/gin-vue-admin/server/service/quant/ai_task_service.go:422	查询待调度AI任务失败	{"node": "", "app_id": "", "env": "", "error": "invalid connection"}
github.com/flipped-aurora/gin-vue-admin/server/service/quant.(*AiTaskService).dispatchScheduledTasks
	/Users/a1/data/go/gin-vue-admin/server/service/quant/ai_task_service.go:422
github.com/flipped-aurora/gin-vue-admin/server/service/quant.StartAiTaskScheduler.func1.1
	/Users/a1/data/go/gin-vue-admin/server/service/quant/ai_task_service.go:410
[github.com/flipped-aurora/gin-vue-admin/server]2026-09-11 18:59:00.624	[31merror[0m	/Users/a1/data/go/gin-vue-admin/server/initialize/internal/gorm_logger_writer.go:54	SQL 执行错误	{"node": "", "app_id": "", "env": "", "sql": "SELECT * FROM `addon_quant_ai_task` WHERE (status = 4 AND scheduled_at IS NOT NULL AND scheduled_at <= '2026-09-11 18:42:53.888') AND `addon_quant_ai_task`.`deleted_at` IS NULL", "rows": 0, "elapsed_ms": 41074, "mod": "sql", "request_id": "", "trace_id": "", "device_id": "", "client_ip": "", "http_method": "", "http_path": "", "error_msg": "invalid connection", "error_stack": "github.com/flipped-aurora/gin-vue-admin/server/utils/logger.(*Builder).assemble\n\t/Users/a1/data/go/gin-vue-admin/server/utils/logger/builder.go:64\ngithub.com/flipped-aurora/gin-vue-admin/server/utils/logger.(*Builder).log\n\t/Users/a1/data/go/gin-vue-admin/server/utils/logger/builder.go:75\ngithub.com/flipped-aurora/gin-vue-admin/server/utils/logger.(*Builder).Error\n\t/Users/a1/data/go/gin-vue-admin/server/utils/logger/builder.go:81\ngithub.com/flipped-aurora/gin-vue-admin/server/initialize/internal.(*GormLogger).Trace\n\t/Users/a1/data/go/gin-vue-admin/server/initialize/internal/gorm_logger_writer.go:54\ngorm.io/gorm.(*processor).Execute\n\t/Users/a1/go/pkg/mod/gorm.io/gorm@v1.31.1/callbacks.go:140\ngorm.io/gorm.(*DB).Find\n\t/Users/a1/go/pkg/mod/gorm.io/gorm@v1.31.1/finisher_api.go:172\ngithub.com/flipped-aurora/gin-vue-admin/server/service/quant.(*AiTaskService).dispatchScheduledTasks\n\t/Users/a1/data/go/gin-vue-admin/server/service/quant/ai_task_service.go:421\ngithub.com/flipped-aurora/gin-vue-admin/server/service/quant.StartAiTaskScheduler.func1.1\n\t/Users/a1/data/go/gin-vue-admin/server/service/quant/ai_task_service.go:410"}
github.com/flipped-aurora/gin-vue-admin/server/initialize/internal.(*GormLogger).Trace
	/Users/a1/data/go/gin-vue-admin/server/initialize/internal/gorm_logger_writer.go:54
gorm.io/gorm.(*processor).Execute
	/Users/a1/go/pkg/mod/gorm.io/gorm@v1.31.1/callbacks.go:140
gorm.io/gorm.(*DB).Find
	/Users/a1/go/pkg/mod/gorm.io/gorm@v1.31.1/finisher_api.go:172
github.com/flipped-aurora/gin-vue-admin/server/service/quant.(*AiTaskService).dispatchScheduledTasks
	/Users/a1/data/go/gin-vue-admin/server/service/quant/ai_task_service.go:421
github.com/flipped-aurora/gin-vue-admin/server/service/quant.StartAiTaskScheduler.func1.1
	/Users/a1/data/go/gin-vue-admin/server/service/quant/ai_task_service.go:410
[github.com/flipped-aurora/gin-vue-admin/server]2026-09-11 18:59:00.624	[31merror[0m	/Users/a1/data/go/gin-vue-admin/server/service/quant/ai_task_service.go:422	查询待调度AI任务失败	{"node": "", "app_id": "", "env": "", "error": "invalid connection"}
github.com/flipped-aurora/gin-vue-admin/server/service/quant.(*AiTaskService).dispatchScheduledTasks
	/Users/a1/data/go/gin-vue-admin/server/service/quant/ai_task_service.go:422
github.com/flipped-aurora/gin-vue-admin/server/service/quant.StartAiTaskScheduler.func1.1
	/Users/a1/data/go/gin-vue-admin/server/service/quant/ai_task_service.go:410
[github.com/flipped-aurora/gin-vue-admin/server]2026-09-11 19:20:45.084	[31merror[0m	/Users/a1/data/go/gin-vue-admin/server/initialize/internal/gorm_logger_writer.go:54	SQL 执行错误	{"node": "", "app_id": "", "env": "", "sql": "SELECT * FROM `addon_quant_ai_task` WHERE (status = 4 AND scheduled_at IS NOT NULL AND scheduled_at <= '2026-09-11 19:15:16.256') AND `addon_quant_ai_task`.`deleted_at` IS NULL", "rows": 0, "elapsed_ms": 134268, "mod": "sql", "request_id": "", "trace_id": "", "device_id": "", "client_ip": "", "http_method": "", "http_path": "", "error_msg": "invalid connection", "error_stack": "github.com/flipped-aurora/gin-vue-admin/server/utils/logger.(*Builder).assemble\n\t/Users/a1/data/go/gin-vue-admin/server/utils/logger/builder.go:64\ngithub.com/flipped-aurora/gin-vue-admin/server/utils/logger.(*Builder).log\n\t/Users/a1/data/go/gin-vue-admin/server/utils/logger/builder.go:75\ngithub.com/flipped-aurora/gin-vue-admin/server/utils/logger.(*Builder).Error\n\t/Users/a1/data/go/gin-vue-admin/server/utils/logger/builder.go:81\ngithub.com/flipped-aurora/gin-vue-admin/server/initialize/internal.(*GormLogger).Trace\n\t/Users/a1/data/go/gin-vue-admin/server/initialize/internal/gorm_logger_writer.go:54\ngorm.io/gorm.(*processor).Execute\n\t/Users/a1/go/pkg/mod/gorm.io/gorm@v1.31.1/callbacks.go:140\ngorm.io/gorm.(*DB).Find\n\t/Users/a1/go/pkg/mod/gorm.io/gorm@v1.31.1/finisher_api.go:172\ngithub.com/flipped-aurora/gin-vue-admin/server/service/quant.(*AiTaskService).dispatchScheduledTasks\n\t/Users/a1/data/go/gin-vue-admin/server/service/quant/ai_task_service.go:421\ngithub.com/flipped-aurora/gin-vue-admin/server/service/quant.StartAiTaskScheduler.func1.1\n\t/Users/a1/data/go/gin-vue-admin/server/service/quant/ai_task_service.go:410"}
github.com/flipped-aurora/gin-vue-admin/server/initialize/internal.(*GormLogger).Trace
	/Users/a1/data/go/gin-vue-admin/server/initialize/internal/gorm_logger_writer.go:54
gorm.io/gorm.(*processor).Execute
	/Users/a1/go/pkg/mod/gorm.io/gorm@v1.31.1/callbacks.go:140
gorm.io/gorm.(*DB).Find
	/Users/a1/go/pkg/mod/gorm.io/gorm@v1.31.1/finisher_api.go:172
github.com/flipped-aurora/gin-vue-admin/server/service/quant.(*AiTaskService).dispatchScheduledTasks
	/Users/a1/data/go/gin-vue-admin/server/service/quant/ai_task_service.go:421
github.com/flipped-aurora/gin-vue-admin/server/service/quant.StartAiTaskScheduler.func1.1
	/Users/a1/data/go/gin-vue-admin/server/service/quant/ai_task_service.go:410
[github.com/flipped-aurora/gin-vue-admin/server]2026-09-11 19:20:45.085	[31merror[0m	/Users/a1/data/go/gin-vue-admin/server/service/quant/ai_task_service.go:422	查询待调度AI任务失败	{"node": "", "app_id": "", "env": "", "error": "invalid connection"}
github.com/flipped-aurora/gin-vue-admin/server/service/quant.(*AiTaskService).dispatchScheduledTasks
	/Users/a1/data/go/gin-vue-admin/server/service/quant/ai_task_service.go:422
github.com/flipped-aurora/gin-vue-admin/server/service/quant.StartAiTaskScheduler.func1.1
	/Users/a1/data/go/gin-vue-admin/server/service/quant/ai_task_service.go:410
[github.com/flipped-aurora/gin-vue-admin/server]2026-09-11 19:21:57.451	[31merror[0m	/Users/a1/data/go/gin-vue-admin/server/initialize/internal/gorm_logger_writer.go:54	SQL 执行错误	{"node": "", "app_id": "", "env": "", "sql": "SELECT count(*) FROM `addon_member_member` WHERE `addon_member_member`.`deleted_at` IS NULL", "rows": 0, "elapsed_ms": 39, "mod": "sql", "request_id": "fbf73d0d-ff23-4c6c-90b6-9dd300fee46f", "trace_id": "49a3571d4c16dcb5c437ff4f282d64d0", "device_id": "", "client_ip": "127.0.0.1", "http_method": "GET", "http_path": "/member/member/getMemberList", "span_id": "2055653a685e5d7e", "error_msg": "Error 1146 (42S02): Table 'go_noooya_com.addon_member_member' doesn't exist", "error_stack": "github.com/flipped-aurora/gin-vue-admin/server/utils/logger.(*Builder).assemble\n\t/Users/a1/data/go/gin-vue-admin/server/utils/logger/builder.go:64\ngithub.com/flipped-aurora/gin-vue-admin/server/utils/logger.(*Builder).log\n\t/Users/a1/data/go/gin-vue-admin/server/utils/logger/builder.go:75\ngithub.com/flipped-aurora/gin-vue-admin/server/utils/logger.(*Builder).Error\n\t/Users/a1/data/go/gin-vue-admin/server/utils/logger/builder.go:81\ngithub.com/flipped-aurora/gin-vue-admin/server/initialize/internal.(*GormLogger).Trace\n\t/Users/a1/data/go/gin-vue-admin/server/initialize/internal/gorm_logger_writer.go:54\ngorm.io/gorm.(*processor).Execute\n\t/Users/a1/go/pkg/mod/gorm.io/gorm@v1.31.1/callbacks.go:140\ngorm.io/gorm.(*DB).Count\n\t/Users/a1/go/pkg/mod/gorm.io/gorm@v1.31.1/finisher_api.go:497\ngithub.com/flipped-aurora/gin-vue-admin/server/service/member.(*MemberService).GetMemberInfoList\n\t/Users/a1/data/go/gin-vue-admin/server/service/member/member_biz.go:80\ngithub.com/flipped-aurora/gin-vue-admin/server/api/v1/member.(*MemberApi).GetMemberList\n\t/Users/a1/data/go/gin-vue-admin/server/api/v1/member/member.go:154\ngithub.com/gin-gonic/gin.(*Context).Next\n\t/Users/a1/go/pkg/mod/github.com/gin-gonic/gin@v1.10.0/context.go:185\ngithub.com/flipped-aurora/gin-vue-admin/server/initialize.Routers.DataScope.func9\n\t/Users/a1/data/go/gin-vue-admin/server/middleware/data_scope.go:26\ngithub.com/gin-gonic/gin.(*Context).Next\n\t/Users/a1/go/pkg/mod/github.com/gin-gonic/gin@v1.10.0/context.go:185\ngithub.com/flipped-aurora/gin-vue-admin/server/initialize.Routers.CasbinHandler.func8\n\t/Users/a1/data/go/gin-vue-admin/server/middleware/casbin_rbac.go:30\ngithub.com/gin-gonic/gin.(*Context).Next\n\t/Users/a1/go/pkg/mod/github.com/gin-gonic/gin@v1.10.0/context.go:185\ngithub.com/flipped-aurora/gin-vue-admin/server/initialize.Routers.MustChangePwdGuard.func7\n\t/Users/a1/data/go/gin-vue-admin/server/middleware/must_change_pwd.go:29\ngithub.com/gin-gonic/gin.(*Context).Next\n\t/Users/a1/go/pkg/mod/github.com/gin-gonic/gin@v1.10.0/context.go:185\ngithub.com/flipped-aurora/gin-vue-admin/server/initialize.Routers.JWTAuth.func6\n\t/Users/a1/data/go/gin-vue-admin/server/middleware/jwt.go:69\ngithub.com/gin-gonic/gin.(*Context).Next\n\t/Users/a1/go/pkg/mod/github.com/gin-gonic/gin@v1.10.0/context.go:185\ngithub.com/flipped-aurora/gin-vue-admin/server/initialize.Routers.Cors.func5\n\t/Users/a1/data/go/gin-vue-admin/server/middleware/cors.go:26\ngithub.com/gin-gonic/gin.(*Context).Next\n\t/Users/a1/go/pkg/mod/github.com/gin-gonic/gin@v1.10.0/context.go:185\ngithub.com/flipped-aurora/gin-vue-admin/server/middleware.UploadResponseHeaders.func1\n\t/Users/a1/data/go/gin-vue-admin/server/middleware/upload_security.go:25\ngithub.com/gin-gonic/gin.(*Context).Next\n\t/Users/a1/go/pkg/mod/github.com/gin-gonic/gin@v1.10.0/context.go:185\ngithub.com/gin-gonic/gin.LoggerWithConfig.func1\n\t/Users/a1/go/pkg/mod/github.com/gin-gonic/gin@v1.10.0/logger.go:249\ngithub.com/gin-gonic/gin.(*Context).Next\n\t/Users/a1/go/pkg/mod/github.com/gin-gonic/gin@v1.10.0/context.go:185\ngithub.com/flipped-aurora/gin-vue-admin/server/initialize.Routers.AccessLog.func4\n\t/Users/a1/data/go/gin-vue-admin/server/middleware/access_log.go:73\ngithub.com/gin-gonic/gin.(*Context).Next\n\t/Users/a1/go/pkg/mod/github.com/gin-gonic/gin@v1.10.0/context.go:185\ngithub.com/flipped-aurora/gin-vue-admin/server/initialize.Routers.GinRecovery.func3\n\t/Users/a1/data/go/gin-vue-admin/server/middleware/error.go:56\ngithub.com/gin-gonic/gin.(*Context).Next\n\t/Users/a1/go/pkg/mod/github.com/gin-gonic/gin@v1.10.0/context.go:185\ngithub.com/flipped-aurora/gin-vue-admin/server/initialize.Routers.RequestMeta.func2\n\t/Users/a1/data/go/gin-vue-admin/server/middleware/request_meta.go:39\ngithub.com/gin-gonic/gin.(*Context).Next\n\t/Users/a1/go/pkg/mod/github.com/gin-gonic/gin@v1.10.0/context.go:185\ngithub.com/gin-gonic/gin.(*Engine).handleHTTPRequest\n\t/Users/a1/go/pkg/mod/github.com/gin-gonic/gin@v1.10.0/gin.go:633\ngithub.com/gin-gonic/gin.(*Engine).ServeHTTP\n\t/Users/a1/go/pkg/mod/github.com/gin-gonic/gin@v1.10.0/gin.go:589\nnet/http.serverHandler.ServeHTTP\n\t/usr/local/go/src/net/http/server.go:3311\nnet/http.(*conn).serve\n\t/usr/local/go/src/net/http/server.go:2073"}
github.com/flipped-aurora/gin-vue-admin/server/initialize/internal.(*GormLogger).Trace
	/Users/a1/data/go/gin-vue-admin/server/initialize/internal/gorm_logger_writer.go:54
gorm.io/gorm.(*processor).Execute
	/Users/a1/go/pkg/mod/gorm.io/gorm@v1.31.1/callbacks.go:140
gorm.io/gorm.(*DB).Count
	/Users/a1/go/pkg/mod/gorm.io/gorm@v1.31.1/finisher_api.go:497
github.com/flipped-aurora/gin-vue-admin/server/service/member.(*MemberService).GetMemberInfoList
	/Users/a1/data/go/gin-vue-admin/server/service/member/member_biz.go:80
github.com/flipped-aurora/gin-vue-admin/server/api/v1/member.(*MemberApi).GetMemberList
	/Users/a1/data/go/gin-vue-admin/server/api/v1/member/member.go:154
github.com/gin-gonic/gin.(*Context).Next
	/Users/a1/go/pkg/mod/github.com/gin-gonic/gin@v1.10.0/context.go:185
github.com/flipped-aurora/gin-vue-admin/server/initialize.Routers.DataScope.func9
	/Users/a1/data/go/gin-vue-admin/server/middleware/data_scope.go:26
github.com/gin-gonic/gin.(*Context).Next
	/Users/a1/go/pkg/mod/github.com/gin-gonic/gin@v1.10.0/context.go:185
github.com/flipped-aurora/gin-vue-admin/server/initialize.Routers.CasbinHandler.func8
	/Users/a1/data/go/gin-vue-admin/server/middleware/casbin_rbac.go:30
github.com/gin-gonic/gin.(*Context).Next
	/Users/a1/go/pkg/mod/github.com/gin-gonic/gin@v1.10.0/context.go:185
github.com/flipped-aurora/gin-vue-admin/server/initialize.Routers.MustChangePwdGuard.func7
	/Users/a1/data/go/gin-vue-admin/server/middleware/must_change_pwd.go:29
github.com/gin-gonic/gin.(*Context).Next
	/Users/a1/go/pkg/mod/github.com/gin-gonic/gin@v1.10.0/context.go:185
github.com/flipped-aurora/gin-vue-admin/server/initialize.Routers.JWTAuth.func6
	/Users/a1/data/go/gin-vue-admin/server/middleware/jwt.go:69
github.com/gin-gonic/gin.(*Context).Next
	/Users/a1/go/pkg/mod/github.com/gin-gonic/gin@v1.10.0/context.go:185
github.com/flipped-aurora/gin-vue-admin/server/initialize.Routers.Cors.func5
	/Users/a1/data/go/gin-vue-admin/server/middleware/cors.go:26
github.com/gin-gonic/gin.(*Context).Next
	/Users/a1/go/pkg/mod/github.com/gin-gonic/gin@v1.10.0/context.go:185
github.com/flipped-aurora/gin-vue-admin/server/middleware.UploadResponseHeaders.func1
	/Users/a1/data/go/gin-vue-admin/server/middleware/upload_security.go:25
github.com/gin-gonic/gin.(*Context).Next
	/Users/a1/go/pkg/mod/github.com/gin-gonic/gin@v1.10.0/context.go:185
github.com/gin-gonic/gin.LoggerWithConfig.func1
	/Users/a1/go/pkg/mod/github.com/gin-gonic/gin@v1.10.0/logger.go:249
github.com/gin-gonic/gin.(*Context).Next
	/Users/a1/go/pkg/mod/github.com/gin-gonic/gin@v1.10.0/context.go:185
github.com/flipped-aurora/gin-vue-admin/server/initialize.Routers.AccessLog.func4
	/Users/a1/data/go/gin-vue-admin/server/middleware/access_log.go:73
github.com/gin-gonic/gin.(*Context).Next
	/Users/a1/go/pkg/mod/github.com/gin-gonic/gin@v1.10.0/context.go:185
github.com/flipped-aurora/gin-vue-admin/server/initialize.Routers.GinRecovery.func3
	/Users/a1/data/go/gin-vue-admin/server/middleware/error.go:56
github.com/gin-gonic/gin.(*Context).Next
	/Users/a1/go/pkg/mod/github.com/gin-gonic/gin@v1.10.0/context.go:185
github.com/flipped-aurora/gin-vue-admin/server/initialize.Routers.RequestMeta.func2
	/Users/a1/data/go/gin-vue-admin/server/middleware/request_meta.go:39
github.com/gin-gonic/gin.(*Context).Next
	/Users/a1/go/pkg/mod/github.com/gin-gonic/gin@v1.10.0/context.go:185
github.com/gin-gonic/gin.(*Engine).handleHTTPRequest
	/Users/a1/go/pkg/mod/github.com/gin-gonic/gin@v1.10.0/gin.go:633
github.com/gin-gonic/gin.(*Engine).ServeHTTP
	/Users/a1/go/pkg/mod/github.com/gin-gonic/gin@v1.10.0/gin.go:589
net/http.serverHandler.ServeHTTP
	/usr/local/go/src/net/http/server.go:3311
net/http.(*conn).serve
	/usr/local/go/src/net/http/server.go:2073
[github.com/flipped-aurora/gin-vue-admin/server]2026-09-11 19:21:57.451	[31merror[0m	/Users/a1/data/go/gin-vue-admin/server/api/v1/member/member.go:156	获取会员列表失败!	{"node": "", "app_id": "", "env": "", "error": "Error 1146 (42S02): Table 'go_noooya_com.addon_member_member' doesn't exist"}
github.com/flipped-aurora/gin-vue-admin/server/api/v1/member.(*MemberApi).GetMemberList
	/Users/a1/data/go/gin-vue-admin/server/api/v1/member/member.go:156
github.com/gin-gonic/gin.(*Context).Next
	/Users/a1/go/pkg/mod/github.com/gin-gonic/gin@v1.10.0/context.go:185
github.com/flipped-aurora/gin-vue-admin/server/initialize.Routers.DataScope.func9
	/Users/a1/data/go/gin-vue-admin/server/middleware/data_scope.go:26
github.com/gin-gonic/gin.(*Context).Next
	/Users/a1/go/pkg/mod/github.com/gin-gonic/gin@v1.10.0/context.go:185
github.com/flipped-aurora/gin-vue-admin/server/initialize.Routers.CasbinHandler.func8
	/Users/a1/data/go/gin-vue-admin/server/middleware/casbin_rbac.go:30
github.com/gin-gonic/gin.(*Context).Next
	/Users/a1/go/pkg/mod/github.com/gin-gonic/gin@v1.10.0/context.go:185
github.com/flipped-aurora/gin-vue-admin/server/initialize.Routers.MustChangePwdGuard.func7
	/Users/a1/data/go/gin-vue-admin/server/middleware/must_change_pwd.go:29
github.com/gin-gonic/gin.(*Context).Next
	/Users/a1/go/pkg/mod/github.com/gin-gonic/gin@v1.10.0/context.go:185
github.com/flipped-aurora/gin-vue-admin/server/initialize.Routers.JWTAuth.func6
	/Users/a1/data/go/gin-vue-admin/server/middleware/jwt.go:69
github.com/gin-gonic/gin.(*Context).Next
	/Users/a1/go/pkg/mod/github.com/gin-gonic/gin@v1.10.0/context.go:185
github.com/flipped-aurora/gin-vue-admin/server/initialize.Routers.Cors.func5
	/Users/a1/data/go/gin-vue-admin/server/middleware/cors.go:26
github.com/gin-gonic/gin.(*Context).Next
	/Users/a1/go/pkg/mod/github.com/gin-gonic/gin@v1.10.0/context.go:185
github.com/flipped-aurora/gin-vue-admin/server/middleware.UploadResponseHeaders.func1
	/Users/a1/data/go/gin-vue-admin/server/middleware/upload_security.go:25
github.com/gin-gonic/gin.(*Context).Next
	/Users/a1/go/pkg/mod/github.com/gin-gonic/gin@v1.10.0/context.go:185
github.com/gin-gonic/gin.LoggerWithConfig.func1
	/Users/a1/go/pkg/mod/github.com/gin-gonic/gin@v1.10.0/logger.go:249
github.com/gin-gonic/gin.(*Context).Next
	/Users/a1/go/pkg/mod/github.com/gin-gonic/gin@v1.10.0/context.go:185
github.com/flipped-aurora/gin-vue-admin/server/initialize.Routers.AccessLog.func4
	/Users/a1/data/go/gin-vue-admin/server/middleware/access_log.go:73
github.com/gin-gonic/gin.(*Context).Next
	/Users/a1/go/pkg/mod/github.com/gin-gonic/gin@v1.10.0/context.go:185
github.com/flipped-aurora/gin-vue-admin/server/initialize.Routers.GinRecovery.func3
	/Users/a1/data/go/gin-vue-admin/server/middleware/error.go:56
github.com/gin-gonic/gin.(*Context).Next
	/Users/a1/go/pkg/mod/github.com/gin-gonic/gin@v1.10.0/context.go:185
github.com/flipped-aurora/gin-vue-admin/server/initialize.Routers.RequestMeta.func2
	/Users/a1/data/go/gin-vue-admin/server/middleware/request_meta.go:39
github.com/gin-gonic/gin.(*Context).Next
	/Users/a1/go/pkg/mod/github.com/gin-gonic/gin@v1.10.0/context.go:185
github.com/gin-gonic/gin.(*Engine).handleHTTPRequest
	/Users/a1/go/pkg/mod/github.com/gin-gonic/gin@v1.10.0/gin.go:633
github.com/gin-gonic/gin.(*Engine).ServeHTTP
	/Users/a1/go/pkg/mod/github.com/gin-gonic/gin@v1.10.0/gin.go:589
net/http.serverHandler.ServeHTTP
	/usr/local/go/src/net/http/server.go:3311
net/http.(*conn).serve
	/usr/local/go/src/net/http/server.go:2073
[github.com/flipped-aurora/gin-vue-admin/server]2026-09-11 19:24:39.992	[31merror[0m	/Users/a1/data/go/gin-vue-admin/server/initialize/internal/gorm_logger_writer.go:54	SQL 执行错误	{"node": "", "app_id": "", "env": "", "sql": "SELECT count(*) FROM `addon_member_member` WHERE `addon_member_member`.`deleted_at` IS NULL", "rows": 0, "elapsed_ms": 47, "mod": "sql", "request_id": "6650c500-1cec-4762-8c0b-efa6b968056f", "trace_id": "00680d4176d52a6875bff79d3191382f", "device_id": "", "client_ip": "127.0.0.1", "http_method": "GET", "http_path": "/member/member/getMemberList", "span_id": "8ac0f02948cebc2d", "error_msg": "Error 1146 (42S02): Table 'go_noooya_com.addon_member_member' doesn't exist", "error_stack": "github.com/flipped-aurora/gin-vue-admin/server/utils/logger.(*Builder).assemble\n\t/Users/a1/data/go/gin-vue-admin/server/utils/logger/builder.go:64\ngithub.com/flipped-aurora/gin-vue-admin/server/utils/logger.(*Builder).log\n\t/Users/a1/data/go/gin-vue-admin/server/utils/logger/builder.go:75\ngithub.com/flipped-aurora/gin-vue-admin/server/utils/logger.(*Builder).Error\n\t/Users/a1/data/go/gin-vue-admin/server/utils/logger/builder.go:81\ngithub.com/flipped-aurora/gin-vue-admin/server/initialize/internal.(*GormLogger).Trace\n\t/Users/a1/data/go/gin-vue-admin/server/initialize/internal/gorm_logger_writer.go:54\ngorm.io/gorm.(*processor).Execute\n\t/Users/a1/go/pkg/mod/gorm.io/gorm@v1.31.1/callbacks.go:140\ngorm.io/gorm.(*DB).Count\n\t/Users/a1/go/pkg/mod/gorm.io/gorm@v1.31.1/finisher_api.go:497\ngithub.com/flipped-aurora/gin-vue-admin/server/service/member.(*MemberService).GetMemberInfoList\n\t/Users/a1/data/go/gin-vue-admin/server/service/member/member_biz.go:80\ngithub.com/flipped-aurora/gin-vue-admin/server/api/v1/member.(*MemberApi).GetMemberList\n\t/Users/a1/data/go/gin-vue-admin/server/api/v1/member/member.go:154\ngithub.com/gin-gonic/gin.(*Context).Next\n\t/Users/a1/go/pkg/mod/github.com/gin-gonic/gin@v1.10.0/context.go:185\ngithub.com/flipped-aurora/gin-vue-admin/server/initialize.Routers.DataScope.func9\n\t/Users/a1/data/go/gin-vue-admin/server/middleware/data_scope.go:26\ngithub.com/gin-gonic/gin.(*Context).Next\n\t/Users/a1/go/pkg/mod/github.com/gin-gonic/gin@v1.10.0/context.go:185\ngithub.com/flipped-aurora/gin-vue-admin/server/initialize.Routers.CasbinHandler.func8\n\t/Users/a1/data/go/gin-vue-admin/server/middleware/casbin_rbac.go:30\ngithub.com/gin-gonic/gin.(*Context).Next\n\t/Users/a1/go/pkg/mod/github.com/gin-gonic/gin@v1.10.0/context.go:185\ngithub.com/flipped-aurora/gin-vue-admin/server/initialize.Routers.MustChangePwdGuard.func7\n\t/Users/a1/data/go/gin-vue-admin/server/middleware/must_change_pwd.go:29\ngithub.com/gin-gonic/gin.(*Context).Next\n\t/Users/a1/go/pkg/mod/github.com/gin-gonic/gin@v1.10.0/context.go:185\ngithub.com/flipped-aurora/gin-vue-admin/server/initialize.Routers.JWTAuth.func6\n\t/Users/a1/data/go/gin-vue-admin/server/middleware/jwt.go:69\ngithub.com/gin-gonic/gin.(*Context).Next\n\t/Users/a1/go/pkg/mod/github.com/gin-gonic/gin@v1.10.0/context.go:185\ngithub.com/flipped-aurora/gin-vue-admin/server/initialize.Routers.Cors.func5\n\t/Users/a1/data/go/gin-vue-admin/server/middleware/cors.go:26\ngithub.com/gin-gonic/gin.(*Context).Next\n\t/Users/a1/go/pkg/mod/github.com/gin-gonic/gin@v1.10.0/context.go:185\ngithub.com/flipped-aurora/gin-vue-admin/server/middleware.UploadResponseHeaders.func1\n\t/Users/a1/data/go/gin-vue-admin/server/middleware/upload_security.go:25\ngithub.com/gin-gonic/gin.(*Context).Next\n\t/Users/a1/go/pkg/mod/github.com/gin-gonic/gin@v1.10.0/context.go:185\ngithub.com/gin-gonic/gin.LoggerWithConfig.func1\n\t/Users/a1/go/pkg/mod/github.com/gin-gonic/gin@v1.10.0/logger.go:249\ngithub.com/gin-gonic/gin.(*Context).Next\n\t/Users/a1/go/pkg/mod/github.com/gin-gonic/gin@v1.10.0/context.go:185\ngithub.com/flipped-aurora/gin-vue-admin/server/initialize.Routers.AccessLog.func4\n\t/Users/a1/data/go/gin-vue-admin/server/middleware/access_log.go:73\ngithub.com/gin-gonic/gin.(*Context).Next\n\t/Users/a1/go/pkg/mod/github.com/gin-gonic/gin@v1.10.0/context.go:185\ngithub.com/flipped-aurora/gin-vue-admin/server/initialize.Routers.GinRecovery.func3\n\t/Users/a1/data/go/gin-vue-admin/server/middleware/error.go:56\ngithub.com/gin-gonic/gin.(*Context).Next\n\t/Users/a1/go/pkg/mod/github.com/gin-gonic/gin@v1.10.0/context.go:185\ngithub.com/flipped-aurora/gin-vue-admin/server/initialize.Routers.RequestMeta.func2\n\t/Users/a1/data/go/gin-vue-admin/server/middleware/request_meta.go:39\ngithub.com/gin-gonic/gin.(*Context).Next\n\t/Users/a1/go/pkg/mod/github.com/gin-gonic/gin@v1.10.0/context.go:185\ngithub.com/gin-gonic/gin.(*Engine).handleHTTPRequest\n\t/Users/a1/go/pkg/mod/github.com/gin-gonic/gin@v1.10.0/gin.go:633\ngithub.com/gin-gonic/gin.(*Engine).ServeHTTP\n\t/Users/a1/go/pkg/mod/github.com/gin-gonic/gin@v1.10.0/gin.go:589\nnet/http.serverHandler.ServeHTTP\n\t/usr/local/go/src/net/http/server.go:3311\nnet/http.(*conn).serve\n\t/usr/local/go/src/net/http/server.go:2073"}
github.com/flipped-aurora/gin-vue-admin/server/initialize/internal.(*GormLogger).Trace
	/Users/a1/data/go/gin-vue-admin/server/initialize/internal/gorm_logger_writer.go:54
gorm.io/gorm.(*processor).Execute
	/Users/a1/go/pkg/mod/gorm.io/gorm@v1.31.1/callbacks.go:140
gorm.io/gorm.(*DB).Count
	/Users/a1/go/pkg/mod/gorm.io/gorm@v1.31.1/finisher_api.go:497
github.com/flipped-aurora/gin-vue-admin/server/service/member.(*MemberService).GetMemberInfoList
	/Users/a1/data/go/gin-vue-admin/server/service/member/member_biz.go:80
github.com/flipped-aurora/gin-vue-admin/server/api/v1/member.(*MemberApi).GetMemberList
	/Users/a1/data/go/gin-vue-admin/server/api/v1/member/member.go:154
github.com/gin-gonic/gin.(*Context).Next
	/Users/a1/go/pkg/mod/github.com/gin-gonic/gin@v1.10.0/context.go:185
github.com/flipped-aurora/gin-vue-admin/server/initialize.Routers.DataScope.func9
	/Users/a1/data/go/gin-vue-admin/server/middleware/data_scope.go:26
github.com/gin-gonic/gin.(*Context).Next
	/Users/a1/go/pkg/mod/github.com/gin-gonic/gin@v1.10.0/context.go:185
github.com/flipped-aurora/gin-vue-admin/server/initialize.Routers.CasbinHandler.func8
	/Users/a1/data/go/gin-vue-admin/server/middleware/casbin_rbac.go:30
github.com/gin-gonic/gin.(*Context).Next
	/Users/a1/go/pkg/mod/github.com/gin-gonic/gin@v1.10.0/context.go:185
github.com/flipped-aurora/gin-vue-admin/server/initialize.Routers.MustChangePwdGuard.func7
	/Users/a1/data/go/gin-vue-admin/server/middleware/must_change_pwd.go:29
github.com/gin-gonic/gin.(*Context).Next
	/Users/a1/go/pkg/mod/github.com/gin-gonic/gin@v1.10.0/context.go:185
github.com/flipped-aurora/gin-vue-admin/server/initialize.Routers.JWTAuth.func6
	/Users/a1/data/go/gin-vue-admin/server/middleware/jwt.go:69
github.com/gin-gonic/gin.(*Context).Next
	/Users/a1/go/pkg/mod/github.com/gin-gonic/gin@v1.10.0/context.go:185
github.com/flipped-aurora/gin-vue-admin/server/initialize.Routers.Cors.func5
	/Users/a1/data/go/gin-vue-admin/server/middleware/cors.go:26
github.com/gin-gonic/gin.(*Context).Next
	/Users/a1/go/pkg/mod/github.com/gin-gonic/gin@v1.10.0/context.go:185
github.com/flipped-aurora/gin-vue-admin/server/middleware.UploadResponseHeaders.func1
	/Users/a1/data/go/gin-vue-admin/server/middleware/upload_security.go:25
github.com/gin-gonic/gin.(*Context).Next
	/Users/a1/go/pkg/mod/github.com/gin-gonic/gin@v1.10.0/context.go:185
github.com/gin-gonic/gin.LoggerWithConfig.func1
	/Users/a1/go/pkg/mod/github.com/gin-gonic/gin@v1.10.0/logger.go:249
github.com/gin-gonic/gin.(*Context).Next
	/Users/a1/go/pkg/mod/github.com/gin-gonic/gin@v1.10.0/context.go:185
github.com/flipped-aurora/gin-vue-admin/server/initialize.Routers.AccessLog.func4
	/Users/a1/data/go/gin-vue-admin/server/middleware/access_log.go:73
github.com/gin-gonic/gin.(*Context).Next
	/Users/a1/go/pkg/mod/github.com/gin-gonic/gin@v1.10.0/context.go:185
github.com/flipped-aurora/gin-vue-admin/server/initialize.Routers.GinRecovery.func3
	/Users/a1/data/go/gin-vue-admin/server/middleware/error.go:56
github.com/gin-gonic/gin.(*Context).Next
	/Users/a1/go/pkg/mod/github.com/gin-gonic/gin@v1.10.0/context.go:185
github.com/flipped-aurora/gin-vue-admin/server/initialize.Routers.RequestMeta.func2
	/Users/a1/data/go/gin-vue-admin/server/middleware/request_meta.go:39
github.com/gin-gonic/gin.(*Context).Next
	/Users/a1/go/pkg/mod/github.com/gin-gonic/gin@v1.10.0/context.go:185
github.com/gin-gonic/gin.(*Engine).handleHTTPRequest
	/Users/a1/go/pkg/mod/github.com/gin-gonic/gin@v1.10.0/gin.go:633
github.com/gin-gonic/gin.(*Engine).ServeHTTP
	/Users/a1/go/pkg/mod/github.com/gin-gonic/gin@v1.10.0/gin.go:589
net/http.serverHandler.ServeHTTP
	/usr/local/go/src/net/http/server.go:3311
net/http.(*conn).serve
	/usr/local/go/src/net/http/server.go:2073
[github.com/flipped-aurora/gin-vue-admin/server]2026-09-11 19:24:39.992	[31merror[0m	/Users/a1/data/go/gin-vue-admin/server/api/v1/member/member.go:156	获取会员列表失败!	{"node": "", "app_id": "", "env": "", "error": "Error 1146 (42S02): Table 'go_noooya_com.addon_member_member' doesn't exist"}
github.com/flipped-aurora/gin-vue-admin/server/api/v1/member.(*MemberApi).GetMemberList
	/Users/a1/data/go/gin-vue-admin/server/api/v1/member/member.go:156
github.com/gin-gonic/gin.(*Context).Next
	/Users/a1/go/pkg/mod/github.com/gin-gonic/gin@v1.10.0/context.go:185
github.com/flipped-aurora/gin-vue-admin/server/initialize.Routers.DataScope.func9
	/Users/a1/data/go/gin-vue-admin/server/middleware/data_scope.go:26
github.com/gin-gonic/gin.(*Context).Next
	/Users/a1/go/pkg/mod/github.com/gin-gonic/gin@v1.10.0/context.go:185
github.com/flipped-aurora/gin-vue-admin/server/initialize.Routers.CasbinHandler.func8
	/Users/a1/data/go/gin-vue-admin/server/middleware/casbin_rbac.go:30
github.com/gin-gonic/gin.(*Context).Next
	/Users/a1/go/pkg/mod/github.com/gin-gonic/gin@v1.10.0/context.go:185
github.com/flipped-aurora/gin-vue-admin/server/initialize.Routers.MustChangePwdGuard.func7
	/Users/a1/data/go/gin-vue-admin/server/middleware/must_change_pwd.go:29
github.com/gin-gonic/gin.(*Context).Next
	/Users/a1/go/pkg/mod/github.com/gin-gonic/gin@v1.10.0/context.go:185
github.com/flipped-aurora/gin-vue-admin/server/initialize.Routers.JWTAuth.func6
	/Users/a1/data/go/gin-vue-admin/server/middleware/jwt.go:69
github.com/gin-gonic/gin.(*Context).Next
	/Users/a1/go/pkg/mod/github.com/gin-gonic/gin@v1.10.0/context.go:185
github.com/flipped-aurora/gin-vue-admin/server/initialize.Routers.Cors.func5
	/Users/a1/data/go/gin-vue-admin/server/middleware/cors.go:26
github.com/gin-gonic/gin.(*Context).Next
	/Users/a1/go/pkg/mod/github.com/gin-gonic/gin@v1.10.0/context.go:185
github.com/flipped-aurora/gin-vue-admin/server/middleware.UploadResponseHeaders.func1
	/Users/a1/data/go/gin-vue-admin/server/middleware/upload_security.go:25
github.com/gin-gonic/gin.(*Context).Next
	/Users/a1/go/pkg/mod/github.com/gin-gonic/gin@v1.10.0/context.go:185
github.com/gin-gonic/gin.LoggerWithConfig.func1
	/Users/a1/go/pkg/mod/github.com/gin-gonic/gin@v1.10.0/logger.go:249
github.com/gin-gonic/gin.(*Context).Next
	/Users/a1/go/pkg/mod/github.com/gin-gonic/gin@v1.10.0/context.go:185
github.com/flipped-aurora/gin-vue-admin/server/initialize.Routers.AccessLog.func4
	/Users/a1/data/go/gin-vue-admin/server/middleware/access_log.go:73
github.com/gin-gonic/gin.(*Context).Next
	/Users/a1/go/pkg/mod/github.com/gin-gonic/gin@v1.10.0/context.go:185
github.com/flipped-aurora/gin-vue-admin/server/initialize.Routers.GinRecovery.func3
	/Users/a1/data/go/gin-vue-admin/server/middleware/error.go:56
github.com/gin-gonic/gin.(*Context).Next
	/Users/a1/go/pkg/mod/github.com/gin-gonic/gin@v1.10.0/context.go:185
github.com/flipped-aurora/gin-vue-admin/server/initialize.Routers.RequestMeta.func2
	/Users/a1/data/go/gin-vue-admin/server/middleware/request_meta.go:39
github.com/gin-gonic/gin.(*Context).Next
	/Users/a1/go/pkg/mod/github.com/gin-gonic/gin@v1.10.0/context.go:185
github.com/gin-gonic/gin.(*Engine).handleHTTPRequest
	/Users/a1/go/pkg/mod/github.com/gin-gonic/gin@v1.10.0/gin.go:633
github.com/gin-gonic/gin.(*Engine).ServeHTTP
	/Users/a1/go/pkg/mod/github.com/gin-gonic/gin@v1.10.0/gin.go:589
net/http.serverHandler.ServeHTTP
	/usr/local/go/src/net/http/server.go:3311
net/http.(*conn).serve
	/usr/local/go/src/net/http/server.go:2073
[github.com/flipped-aurora/gin-vue-admin/server]2026-09-11 19:24:50.272	[31merror[0m	/Users/a1/data/go/gin-vue-admin/server/initialize/internal/gorm_logger_writer.go:54	SQL 执行错误	{"node": "", "app_id": "", "env": "", "sql": "SELECT count(*) FROM `addon_member_member` WHERE `addon_member_member`.`deleted_at` IS NULL", "rows": 0, "elapsed_ms": 52, "mod": "sql", "request_id": "3b90433c-7bdf-415f-beab-c2df9698c9b2", "trace_id": "49b426c8aac40012f9932acc2b792e0a", "device_id": "", "client_ip": "127.0.0.1", "http_method": "GET", "http_path": "/member/member/getMemberList", "span_id": "c5d36466e2006e45", "error_msg": "Error 1146 (42S02): Table 'go_noooya_com.addon_member_member' doesn't exist", "error_stack": "github.com/flipped-aurora/gin-vue-admin/server/utils/logger.(*Builder).assemble\n\t/Users/a1/data/go/gin-vue-admin/server/utils/logger/builder.go:64\ngithub.com/flipped-aurora/gin-vue-admin/server/utils/logger.(*Builder).log\n\t/Users/a1/data/go/gin-vue-admin/server/utils/logger/builder.go:75\ngithub.com/flipped-aurora/gin-vue-admin/server/utils/logger.(*Builder).Error\n\t/Users/a1/data/go/gin-vue-admin/server/utils/logger/builder.go:81\ngithub.com/flipped-aurora/gin-vue-admin/server/initialize/internal.(*GormLogger).Trace\n\t/Users/a1/data/go/gin-vue-admin/server/initialize/internal/gorm_logger_writer.go:54\ngorm.io/gorm.(*processor).Execute\n\t/Users/a1/go/pkg/mod/gorm.io/gorm@v1.31.1/callbacks.go:140\ngorm.io/gorm.(*DB).Count\n\t/Users/a1/go/pkg/mod/gorm.io/gorm@v1.31.1/finisher_api.go:497\ngithub.com/flipped-aurora/gin-vue-admin/server/service/member.(*MemberService).GetMemberInfoList\n\t/Users/a1/data/go/gin-vue-admin/server/service/member/member_biz.go:80\ngithub.com/flipped-aurora/gin-vue-admin/server/api/v1/member.(*MemberApi).GetMemberList\n\t/Users/a1/data/go/gin-vue-admin/server/api/v1/member/member.go:154\ngithub.com/gin-gonic/gin.(*Context).Next\n\t/Users/a1/go/pkg/mod/github.com/gin-gonic/gin@v1.10.0/context.go:185\ngithub.com/flipped-aurora/gin-vue-admin/server/initialize.Routers.DataScope.func9\n\t/Users/a1/data/go/gin-vue-admin/server/middleware/data_scope.go:26\ngithub.com/gin-gonic/gin.(*Context).Next\n\t/Users/a1/go/pkg/mod/github.com/gin-gonic/gin@v1.10.0/context.go:185\ngithub.com/flipped-aurora/gin-vue-admin/server/initialize.Routers.CasbinHandler.func8\n\t/Users/a1/data/go/gin-vue-admin/server/middleware/casbin_rbac.go:30\ngithub.com/gin-gonic/gin.(*Context).Next\n\t/Users/a1/go/pkg/mod/github.com/gin-gonic/gin@v1.10.0/context.go:185\ngithub.com/flipped-aurora/gin-vue-admin/server/initialize.Routers.MustChangePwdGuard.func7\n\t/Users/a1/data/go/gin-vue-admin/server/middleware/must_change_pwd.go:29\ngithub.com/gin-gonic/gin.(*Context).Next\n\t/Users/a1/go/pkg/mod/github.com/gin-gonic/gin@v1.10.0/context.go:185\ngithub.com/flipped-aurora/gin-vue-admin/server/initialize.Routers.JWTAuth.func6\n\t/Users/a1/data/go/gin-vue-admin/server/middleware/jwt.go:69\ngithub.com/gin-gonic/gin.(*Context).Next\n\t/Users/a1/go/pkg/mod/github.com/gin-gonic/gin@v1.10.0/context.go:185\ngithub.com/flipped-aurora/gin-vue-admin/server/initialize.Routers.Cors.func5\n\t/Users/a1/data/go/gin-vue-admin/server/middleware/cors.go:26\ngithub.com/gin-gonic/gin.(*Context).Next\n\t/Users/a1/go/pkg/mod/github.com/gin-gonic/gin@v1.10.0/context.go:185\ngithub.com/flipped-aurora/gin-vue-admin/server/middleware.UploadResponseHeaders.func1\n\t/Users/a1/data/go/gin-vue-admin/server/middleware/upload_security.go:25\ngithub.com/gin-gonic/gin.(*Context).Next\n\t/Users/a1/go/pkg/mod/github.com/gin-gonic/gin@v1.10.0/context.go:185\ngithub.com/gin-gonic/gin.LoggerWithConfig.func1\n\t/Users/a1/go/pkg/mod/github.com/gin-gonic/gin@v1.10.0/logger.go:249\ngithub.com/gin-gonic/gin.(*Context).Next\n\t/Users/a1/go/pkg/mod/github.com/gin-gonic/gin@v1.10.0/context.go:185\ngithub.com/flipped-aurora/gin-vue-admin/server/initialize.Routers.AccessLog.func4\n\t/Users/a1/data/go/gin-vue-admin/server/middleware/access_log.go:73\ngithub.com/gin-gonic/gin.(*Context).Next\n\t/Users/a1/go/pkg/mod/github.com/gin-gonic/gin@v1.10.0/context.go:185\ngithub.com/flipped-aurora/gin-vue-admin/server/initialize.Routers.GinRecovery.func3\n\t/Users/a1/data/go/gin-vue-admin/server/middleware/error.go:56\ngithub.com/gin-gonic/gin.(*Context).Next\n\t/Users/a1/go/pkg/mod/github.com/gin-gonic/gin@v1.10.0/context.go:185\ngithub.com/flipped-aurora/gin-vue-admin/server/initialize.Routers.RequestMeta.func2\n\t/Users/a1/data/go/gin-vue-admin/server/middleware/request_meta.go:39\ngithub.com/gin-gonic/gin.(*Context).Next\n\t/Users/a1/go/pkg/mod/github.com/gin-gonic/gin@v1.10.0/context.go:185\ngithub.com/gin-gonic/gin.(*Engine).handleHTTPRequest\n\t/Users/a1/go/pkg/mod/github.com/gin-gonic/gin@v1.10.0/gin.go:633\ngithub.com/gin-gonic/gin.(*Engine).ServeHTTP\n\t/Users/a1/go/pkg/mod/github.com/gin-gonic/gin@v1.10.0/gin.go:589\nnet/http.serverHandler.ServeHTTP\n\t/usr/local/go/src/net/http/server.go:3311\nnet/http.(*conn).serve\n\t/usr/local/go/src/net/http/server.go:2073"}
github.com/flipped-aurora/gin-vue-admin/server/initialize/internal.(*GormLogger).Trace
	/Users/a1/data/go/gin-vue-admin/server/initialize/internal/gorm_logger_writer.go:54
gorm.io/gorm.(*processor).Execute
	/Users/a1/go/pkg/mod/gorm.io/gorm@v1.31.1/callbacks.go:140
gorm.io/gorm.(*DB).Count
	/Users/a1/go/pkg/mod/gorm.io/gorm@v1.31.1/finisher_api.go:497
github.com/flipped-aurora/gin-vue-admin/server/service/member.(*MemberService).GetMemberInfoList
	/Users/a1/data/go/gin-vue-admin/server/service/member/member_biz.go:80
github.com/flipped-aurora/gin-vue-admin/server/api/v1/member.(*MemberApi).GetMemberList
	/Users/a1/data/go/gin-vue-admin/server/api/v1/member/member.go:154
github.com/gin-gonic/gin.(*Context).Next
	/Users/a1/go/pkg/mod/github.com/gin-gonic/gin@v1.10.0/context.go:185
github.com/flipped-aurora/gin-vue-admin/server/initialize.Routers.DataScope.func9
	/Users/a1/data/go/gin-vue-admin/server/middleware/data_scope.go:26
github.com/gin-gonic/gin.(*Context).Next
	/Users/a1/go/pkg/mod/github.com/gin-gonic/gin@v1.10.0/context.go:185
github.com/flipped-aurora/gin-vue-admin/server/initialize.Routers.CasbinHandler.func8
	/Users/a1/data/go/gin-vue-admin/server/middleware/casbin_rbac.go:30
github.com/gin-gonic/gin.(*Context).Next
	/Users/a1/go/pkg/mod/github.com/gin-gonic/gin@v1.10.0/context.go:185
github.com/flipped-aurora/gin-vue-admin/server/initialize.Routers.MustChangePwdGuard.func7
	/Users/a1/data/go/gin-vue-admin/server/middleware/must_change_pwd.go:29
github.com/gin-gonic/gin.(*Context).Next
	/Users/a1/go/pkg/mod/github.com/gin-gonic/gin@v1.10.0/context.go:185
github.com/flipped-aurora/gin-vue-admin/server/initialize.Routers.JWTAuth.func6
	/Users/a1/data/go/gin-vue-admin/server/middleware/jwt.go:69
github.com/gin-gonic/gin.(*Context).Next
	/Users/a1/go/pkg/mod/github.com/gin-gonic/gin@v1.10.0/context.go:185
github.com/flipped-aurora/gin-vue-admin/server/initialize.Routers.Cors.func5
	/Users/a1/data/go/gin-vue-admin/server/middleware/cors.go:26
github.com/gin-gonic/gin.(*Context).Next
	/Users/a1/go/pkg/mod/github.com/gin-gonic/gin@v1.10.0/context.go:185
github.com/flipped-aurora/gin-vue-admin/server/middleware.UploadResponseHeaders.func1
	/Users/a1/data/go/gin-vue-admin/server/middleware/upload_security.go:25
github.com/gin-gonic/gin.(*Context).Next
	/Users/a1/go/pkg/mod/github.com/gin-gonic/gin@v1.10.0/context.go:185
github.com/gin-gonic/gin.LoggerWithConfig.func1
	/Users/a1/go/pkg/mod/github.com/gin-gonic/gin@v1.10.0/logger.go:249
github.com/gin-gonic/gin.(*Context).Next
	/Users/a1/go/pkg/mod/github.com/gin-gonic/gin@v1.10.0/context.go:185
github.com/flipped-aurora/gin-vue-admin/server/initialize.Routers.AccessLog.func4
	/Users/a1/data/go/gin-vue-admin/server/middleware/access_log.go:73
github.com/gin-gonic/gin.(*Context).Next
	/Users/a1/go/pkg/mod/github.com/gin-gonic/gin@v1.10.0/context.go:185
github.com/flipped-aurora/gin-vue-admin/server/initialize.Routers.GinRecovery.func3
	/Users/a1/data/go/gin-vue-admin/server/middleware/error.go:56
github.com/gin-gonic/gin.(*Context).Next
	/Users/a1/go/pkg/mod/github.com/gin-gonic/gin@v1.10.0/context.go:185
github.com/flipped-aurora/gin-vue-admin/server/initialize.Routers.RequestMeta.func2
	/Users/a1/data/go/gin-vue-admin/server/middleware/request_meta.go:39
github.com/gin-gonic/gin.(*Context).Next
	/Users/a1/go/pkg/mod/github.com/gin-gonic/gin@v1.10.0/context.go:185
github.com/gin-gonic/gin.(*Engine).handleHTTPRequest
	/Users/a1/go/pkg/mod/github.com/gin-gonic/gin@v1.10.0/gin.go:633
github.com/gin-gonic/gin.(*Engine).ServeHTTP
	/Users/a1/go/pkg/mod/github.com/gin-gonic/gin@v1.10.0/gin.go:589
net/http.serverHandler.ServeHTTP
	/usr/local/go/src/net/http/server.go:3311
net/http.(*conn).serve
	/usr/local/go/src/net/http/server.go:2073
[github.com/flipped-aurora/gin-vue-admin/server]2026-09-11 19:24:50.272	[31merror[0m	/Users/a1/data/go/gin-vue-admin/server/api/v1/member/member.go:156	获取会员列表失败!	{"node": "", "app_id": "", "env": "", "error": "Error 1146 (42S02): Table 'go_noooya_com.addon_member_member' doesn't exist"}
github.com/flipped-aurora/gin-vue-admin/server/api/v1/member.(*MemberApi).GetMemberList
	/Users/a1/data/go/gin-vue-admin/server/api/v1/member/member.go:156
github.com/gin-gonic/gin.(*Context).Next
	/Users/a1/go/pkg/mod/github.com/gin-gonic/gin@v1.10.0/context.go:185
github.com/flipped-aurora/gin-vue-admin/server/initialize.Routers.DataScope.func9
	/Users/a1/data/go/gin-vue-admin/server/middleware/data_scope.go:26
github.com/gin-gonic/gin.(*Context).Next
	/Users/a1/go/pkg/mod/github.com/gin-gonic/gin@v1.10.0/context.go:185
github.com/flipped-aurora/gin-vue-admin/server/initialize.Routers.CasbinHandler.func8
	/Users/a1/data/go/gin-vue-admin/server/middleware/casbin_rbac.go:30
github.com/gin-gonic/gin.(*Context).Next
	/Users/a1/go/pkg/mod/github.com/gin-gonic/gin@v1.10.0/context.go:185
github.com/flipped-aurora/gin-vue-admin/server/initialize.Routers.MustChangePwdGuard.func7
	/Users/a1/data/go/gin-vue-admin/server/middleware/must_change_pwd.go:29
github.com/gin-gonic/gin.(*Context).Next
	/Users/a1/go/pkg/mod/github.com/gin-gonic/gin@v1.10.0/context.go:185
github.com/flipped-aurora/gin-vue-admin/server/initialize.Routers.JWTAuth.func6
	/Users/a1/data/go/gin-vue-admin/server/middleware/jwt.go:69
github.com/gin-gonic/gin.(*Context).Next
	/Users/a1/go/pkg/mod/github.com/gin-gonic/gin@v1.10.0/context.go:185
github.com/flipped-aurora/gin-vue-admin/server/initialize.Routers.Cors.func5
	/Users/a1/data/go/gin-vue-admin/server/middleware/cors.go:26
github.com/gin-gonic/gin.(*Context).Next
	/Users/a1/go/pkg/mod/github.com/gin-gonic/gin@v1.10.0/context.go:185
github.com/flipped-aurora/gin-vue-admin/server/middleware.UploadResponseHeaders.func1
	/Users/a1/data/go/gin-vue-admin/server/middleware/upload_security.go:25
github.com/gin-gonic/gin.(*Context).Next
	/Users/a1/go/pkg/mod/github.com/gin-gonic/gin@v1.10.0/context.go:185
github.com/gin-gonic/gin.LoggerWithConfig.func1
	/Users/a1/go/pkg/mod/github.com/gin-gonic/gin@v1.10.0/logger.go:249
github.com/gin-gonic/gin.(*Context).Next
	/Users/a1/go/pkg/mod/github.com/gin-gonic/gin@v1.10.0/context.go:185
github.com/flipped-aurora/gin-vue-admin/server/initialize.Routers.AccessLog.func4
	/Users/a1/data/go/gin-vue-admin/server/middleware/access_log.go:73
github.com/gin-gonic/gin.(*Context).Next
	/Users/a1/go/pkg/mod/github.com/gin-gonic/gin@v1.10.0/context.go:185
github.com/flipped-aurora/gin-vue-admin/server/initialize.Routers.GinRecovery.func3
	/Users/a1/data/go/gin-vue-admin/server/middleware/error.go:56
github.com/gin-gonic/gin.(*Context).Next
	/Users/a1/go/pkg/mod/github.com/gin-gonic/gin@v1.10.0/context.go:185
github.com/flipped-aurora/gin-vue-admin/server/initialize.Routers.RequestMeta.func2
	/Users/a1/data/go/gin-vue-admin/server/middleware/request_meta.go:39
github.com/gin-gonic/gin.(*Context).Next
	/Users/a1/go/pkg/mod/github.com/gin-gonic/gin@v1.10.0/context.go:185
github.com/gin-gonic/gin.(*Engine).handleHTTPRequest
	/Users/a1/go/pkg/mod/github.com/gin-gonic/gin@v1.10.0/gin.go:633
github.com/gin-gonic/gin.(*Engine).ServeHTTP
	/Users/a1/go/pkg/mod/github.com/gin-gonic/gin@v1.10.0/gin.go:589
net/http.serverHandler.ServeHTTP
	/usr/local/go/src/net/http/server.go:3311
net/http.(*conn).serve
	/usr/local/go/src/net/http/server.go:2073
[github.com/flipped-aurora/gin-vue-admin/server]2026-09-11 19:24:52.134	[31merror[0m	/Users/a1/data/go/gin-vue-admin/server/initialize/internal/gorm_logger_writer.go:54	SQL 执行错误	{"node": "", "app_id": "", "env": "", "sql": "SELECT count(*) FROM `addon_member_member` WHERE `addon_member_member`.`deleted_at` IS NULL", "rows": 0, "elapsed_ms": 47, "mod": "sql", "request_id": "89691cca-3a4a-4ca4-8b13-0f1187a5992e", "trace_id": "301b02cb47b9a8a1da01cde39ff7aa0f", "device_id": "", "client_ip": "127.0.0.1", "http_method": "GET", "http_path": "/member/member/getMemberList", "span_id": "cbb54e872212693c", "error_msg": "Error 1146 (42S02): Table 'go_noooya_com.addon_member_member' doesn't exist", "error_stack": "github.com/flipped-aurora/gin-vue-admin/server/utils/logger.(*Builder).assemble\n\t/Users/a1/data/go/gin-vue-admin/server/utils/logger/builder.go:64\ngithub.com/flipped-aurora/gin-vue-admin/server/utils/logger.(*Builder).log\n\t/Users/a1/data/go/gin-vue-admin/server/utils/logger/builder.go:75\ngithub.com/flipped-aurora/gin-vue-admin/server/utils/logger.(*Builder).Error\n\t/Users/a1/data/go/gin-vue-admin/server/utils/logger/builder.go:81\ngithub.com/flipped-aurora/gin-vue-admin/server/initialize/internal.(*GormLogger).Trace\n\t/Users/a1/data/go/gin-vue-admin/server/initialize/internal/gorm_logger_writer.go:54\ngorm.io/gorm.(*processor).Execute\n\t/Users/a1/go/pkg/mod/gorm.io/gorm@v1.31.1/callbacks.go:140\ngorm.io/gorm.(*DB).Count\n\t/Users/a1/go/pkg/mod/gorm.io/gorm@v1.31.1/finisher_api.go:497\ngithub.com/flipped-aurora/gin-vue-admin/server/service/member.(*MemberService).GetMemberInfoList\n\t/Users/a1/data/go/gin-vue-admin/server/service/member/member_biz.go:80\ngithub.com/flipped-aurora/gin-vue-admin/server/api/v1/member.(*MemberApi).GetMemberList\n\t/Users/a1/data/go/gin-vue-admin/server/api/v1/member/member.go:154\ngithub.com/gin-gonic/gin.(*Context).Next\n\t/Users/a1/go/pkg/mod/github.com/gin-gonic/gin@v1.10.0/context.go:185\ngithub.com/flipped-aurora/gin-vue-admin/server/initialize.Routers.DataScope.func9\n\t/Users/a1/data/go/gin-vue-admin/server/middleware/data_scope.go:26\ngithub.com/gin-gonic/gin.(*Context).Next\n\t/Users/a1/go/pkg/mod/github.com/gin-gonic/gin@v1.10.0/context.go:185\ngithub.com/flipped-aurora/gin-vue-admin/server/initialize.Routers.CasbinHandler.func8\n\t/Users/a1/data/go/gin-vue-admin/server/middleware/casbin_rbac.go:30\ngithub.com/gin-gonic/gin.(*Context).Next\n\t/Users/a1/go/pkg/mod/github.com/gin-gonic/gin@v1.10.0/context.go:185\ngithub.com/flipped-aurora/gin-vue-admin/server/initialize.Routers.MustChangePwdGuard.func7\n\t/Users/a1/data/go/gin-vue-admin/server/middleware/must_change_pwd.go:29\ngithub.com/gin-gonic/gin.(*Context).Next\n\t/Users/a1/go/pkg/mod/github.com/gin-gonic/gin@v1.10.0/context.go:185\ngithub.com/flipped-aurora/gin-vue-admin/server/initialize.Routers.JWTAuth.func6\n\t/Users/a1/data/go/gin-vue-admin/server/middleware/jwt.go:69\ngithub.com/gin-gonic/gin.(*Context).Next\n\t/Users/a1/go/pkg/mod/github.com/gin-gonic/gin@v1.10.0/context.go:185\ngithub.com/flipped-aurora/gin-vue-admin/server/initialize.Routers.Cors.func5\n\t/Users/a1/data/go/gin-vue-admin/server/middleware/cors.go:26\ngithub.com/gin-gonic/gin.(*Context).Next\n\t/Users/a1/go/pkg/mod/github.com/gin-gonic/gin@v1.10.0/context.go:185\ngithub.com/flipped-aurora/gin-vue-admin/server/middleware.UploadResponseHeaders.func1\n\t/Users/a1/data/go/gin-vue-admin/server/middleware/upload_security.go:25\ngithub.com/gin-gonic/gin.(*Context).Next\n\t/Users/a1/go/pkg/mod/github.com/gin-gonic/gin@v1.10.0/context.go:185\ngithub.com/gin-gonic/gin.LoggerWithConfig.func1\n\t/Users/a1/go/pkg/mod/github.com/gin-gonic/gin@v1.10.0/logger.go:249\ngithub.com/gin-gonic/gin.(*Context).Next\n\t/Users/a1/go/pkg/mod/github.com/gin-gonic/gin@v1.10.0/context.go:185\ngithub.com/flipped-aurora/gin-vue-admin/server/initialize.Routers.AccessLog.func4\n\t/Users/a1/data/go/gin-vue-admin/server/middleware/access_log.go:73\ngithub.com/gin-gonic/gin.(*Context).Next\n\t/Users/a1/go/pkg/mod/github.com/gin-gonic/gin@v1.10.0/context.go:185\ngithub.com/flipped-aurora/gin-vue-admin/server/initialize.Routers.GinRecovery.func3\n\t/Users/a1/data/go/gin-vue-admin/server/middleware/error.go:56\ngithub.com/gin-gonic/gin.(*Context).Next\n\t/Users/a1/go/pkg/mod/github.com/gin-gonic/gin@v1.10.0/context.go:185\ngithub.com/flipped-aurora/gin-vue-admin/server/initialize.Routers.RequestMeta.func2\n\t/Users/a1/data/go/gin-vue-admin/server/middleware/request_meta.go:39\ngithub.com/gin-gonic/gin.(*Context).Next\n\t/Users/a1/go/pkg/mod/github.com/gin-gonic/gin@v1.10.0/context.go:185\ngithub.com/gin-gonic/gin.(*Engine).handleHTTPRequest\n\t/Users/a1/go/pkg/mod/github.com/gin-gonic/gin@v1.10.0/gin.go:633\ngithub.com/gin-gonic/gin.(*Engine).ServeHTTP\n\t/Users/a1/go/pkg/mod/github.com/gin-gonic/gin@v1.10.0/gin.go:589\nnet/http.serverHandler.ServeHTTP\n\t/usr/local/go/src/net/http/server.go:3311\nnet/http.(*conn).serve\n\t/usr/local/go/src/net/http/server.go:2073"}
github.com/flipped-aurora/gin-vue-admin/server/initialize/internal.(*GormLogger).Trace
	/Users/a1/data/go/gin-vue-admin/server/initialize/internal/gorm_logger_writer.go:54
gorm.io/gorm.(*processor).Execute
	/Users/a1/go/pkg/mod/gorm.io/gorm@v1.31.1/callbacks.go:140
gorm.io/gorm.(*DB).Count
	/Users/a1/go/pkg/mod/gorm.io/gorm@v1.31.1/finisher_api.go:497
github.com/flipped-aurora/gin-vue-admin/server/service/member.(*MemberService).GetMemberInfoList
	/Users/a1/data/go/gin-vue-admin/server/service/member/member_biz.go:80
github.com/flipped-aurora/gin-vue-admin/server/api/v1/member.(*MemberApi).GetMemberList
	/Users/a1/data/go/gin-vue-admin/server/api/v1/member/member.go:154
github.com/gin-gonic/gin.(*Context).Next
	/Users/a1/go/pkg/mod/github.com/gin-gonic/gin@v1.10.0/context.go:185
github.com/flipped-aurora/gin-vue-admin/server/initialize.Routers.DataScope.func9
	/Users/a1/data/go/gin-vue-admin/server/middleware/data_scope.go:26
github.com/gin-gonic/gin.(*Context).Next
	/Users/a1/go/pkg/mod/github.com/gin-gonic/gin@v1.10.0/context.go:185
github.com/flipped-aurora/gin-vue-admin/server/initialize.Routers.CasbinHandler.func8
	/Users/a1/data/go/gin-vue-admin/server/middleware/casbin_rbac.go:30
github.com/gin-gonic/gin.(*Context).Next
	/Users/a1/go/pkg/mod/github.com/gin-gonic/gin@v1.10.0/context.go:185
github.com/flipped-aurora/gin-vue-admin/server/initialize.Routers.MustChangePwdGuard.func7
	/Users/a1/data/go/gin-vue-admin/server/middleware/must_change_pwd.go:29
github.com/gin-gonic/gin.(*Context).Next
	/Users/a1/go/pkg/mod/github.com/gin-gonic/gin@v1.10.0/context.go:185
github.com/flipped-aurora/gin-vue-admin/server/initialize.Routers.JWTAuth.func6
	/Users/a1/data/go/gin-vue-admin/server/middleware/jwt.go:69
github.com/gin-gonic/gin.(*Context).Next
	/Users/a1/go/pkg/mod/github.com/gin-gonic/gin@v1.10.0/context.go:185
github.com/flipped-aurora/gin-vue-admin/server/initialize.Routers.Cors.func5
	/Users/a1/data/go/gin-vue-admin/server/middleware/cors.go:26
github.com/gin-gonic/gin.(*Context).Next
	/Users/a1/go/pkg/mod/github.com/gin-gonic/gin@v1.10.0/context.go:185
github.com/flipped-aurora/gin-vue-admin/server/middleware.UploadResponseHeaders.func1
	/Users/a1/data/go/gin-vue-admin/server/middleware/upload_security.go:25
github.com/gin-gonic/gin.(*Context).Next
	/Users/a1/go/pkg/mod/github.com/gin-gonic/gin@v1.10.0/context.go:185
github.com/gin-gonic/gin.LoggerWithConfig.func1
	/Users/a1/go/pkg/mod/github.com/gin-gonic/gin@v1.10.0/logger.go:249
github.com/gin-gonic/gin.(*Context).Next
	/Users/a1/go/pkg/mod/github.com/gin-gonic/gin@v1.10.0/context.go:185
github.com/flipped-aurora/gin-vue-admin/server/initialize.Routers.AccessLog.func4
	/Users/a1/data/go/gin-vue-admin/server/middleware/access_log.go:73
github.com/gin-gonic/gin.(*Context).Next
	/Users/a1/go/pkg/mod/github.com/gin-gonic/gin@v1.10.0/context.go:185
github.com/flipped-aurora/gin-vue-admin/server/initialize.Routers.GinRecovery.func3
	/Users/a1/data/go/gin-vue-admin/server/middleware/error.go:56
github.com/gin-gonic/gin.(*Context).Next
	/Users/a1/go/pkg/mod/github.com/gin-gonic/gin@v1.10.0/context.go:185
github.com/flipped-aurora/gin-vue-admin/server/initialize.Routers.RequestMeta.func2
	/Users/a1/data/go/gin-vue-admin/server/middleware/request_meta.go:39
github.com/gin-gonic/gin.(*Context).Next
	/Users/a1/go/pkg/mod/github.com/gin-gonic/gin@v1.10.0/context.go:185
github.com/gin-gonic/gin.(*Engine).handleHTTPRequest
	/Users/a1/go/pkg/mod/github.com/gin-gonic/gin@v1.10.0/gin.go:633
github.com/gin-gonic/gin.(*Engine).ServeHTTP
	/Users/a1/go/pkg/mod/github.com/gin-gonic/gin@v1.10.0/gin.go:589
net/http.serverHandler.ServeHTTP
	/usr/local/go/src/net/http/server.go:3311
net/http.(*conn).serve
	/usr/local/go/src/net/http/server.go:2073
[github.com/flipped-aurora/gin-vue-admin/server]2026-09-11 19:24:52.135	[31merror[0m	/Users/a1/data/go/gin-vue-admin/server/api/v1/member/member.go:156	获取会员列表失败!	{"node": "", "app_id": "", "env": "", "error": "Error 1146 (42S02): Table 'go_noooya_com.addon_member_member' doesn't exist"}
github.com/flipped-aurora/gin-vue-admin/server/api/v1/member.(*MemberApi).GetMemberList
	/Users/a1/data/go/gin-vue-admin/server/api/v1/member/member.go:156
github.com/gin-gonic/gin.(*Context).Next
	/Users/a1/go/pkg/mod/github.com/gin-gonic/gin@v1.10.0/context.go:185
github.com/flipped-aurora/gin-vue-admin/server/initialize.Routers.DataScope.func9
	/Users/a1/data/go/gin-vue-admin/server/middleware/data_scope.go:26
github.com/gin-gonic/gin.(*Context).Next
	/Users/a1/go/pkg/mod/github.com/gin-gonic/gin@v1.10.0/context.go:185
github.com/flipped-aurora/gin-vue-admin/server/initialize.Routers.CasbinHandler.func8
	/Users/a1/data/go/gin-vue-admin/server/middleware/casbin_rbac.go:30
github.com/gin-gonic/gin.(*Context).Next
	/Users/a1/go/pkg/mod/github.com/gin-gonic/gin@v1.10.0/context.go:185
github.com/flipped-aurora/gin-vue-admin/server/initialize.Routers.MustChangePwdGuard.func7
	/Users/a1/data/go/gin-vue-admin/server/middleware/must_change_pwd.go:29
github.com/gin-gonic/gin.(*Context).Next
	/Users/a1/go/pkg/mod/github.com/gin-gonic/gin@v1.10.0/context.go:185
github.com/flipped-aurora/gin-vue-admin/server/initialize.Routers.JWTAuth.func6
	/Users/a1/data/go/gin-vue-admin/server/middleware/jwt.go:69
github.com/gin-gonic/gin.(*Context).Next
	/Users/a1/go/pkg/mod/github.com/gin-gonic/gin@v1.10.0/context.go:185
github.com/flipped-aurora/gin-vue-admin/server/initialize.Routers.Cors.func5
	/Users/a1/data/go/gin-vue-admin/server/middleware/cors.go:26
github.com/gin-gonic/gin.(*Context).Next
	/Users/a1/go/pkg/mod/github.com/gin-gonic/gin@v1.10.0/context.go:185
github.com/flipped-aurora/gin-vue-admin/server/middleware.UploadResponseHeaders.func1
	/Users/a1/data/go/gin-vue-admin/server/middleware/upload_security.go:25
github.com/gin-gonic/gin.(*Context).Next
	/Users/a1/go/pkg/mod/github.com/gin-gonic/gin@v1.10.0/context.go:185
github.com/gin-gonic/gin.LoggerWithConfig.func1
	/Users/a1/go/pkg/mod/github.com/gin-gonic/gin@v1.10.0/logger.go:249
github.com/gin-gonic/gin.(*Context).Next
	/Users/a1/go/pkg/mod/github.com/gin-gonic/gin@v1.10.0/context.go:185
github.com/flipped-aurora/gin-vue-admin/server/initialize.Routers.AccessLog.func4
	/Users/a1/data/go/gin-vue-admin/server/middleware/access_log.go:73
github.com/gin-gonic/gin.(*Context).Next
	/Users/a1/go/pkg/mod/github.com/gin-gonic/gin@v1.10.0/context.go:185
github.com/flipped-aurora/gin-vue-admin/server/initialize.Routers.GinRecovery.func3
	/Users/a1/data/go/gin-vue-admin/server/middleware/error.go:56
github.com/gin-gonic/gin.(*Context).Next
	/Users/a1/go/pkg/mod/github.com/gin-gonic/gin@v1.10.0/context.go:185
github.com/flipped-aurora/gin-vue-admin/server/initialize.Routers.RequestMeta.func2
	/Users/a1/data/go/gin-vue-admin/server/middleware/request_meta.go:39
github.com/gin-gonic/gin.(*Context).Next
	/Users/a1/go/pkg/mod/github.com/gin-gonic/gin@v1.10.0/context.go:185
github.com/gin-gonic/gin.(*Engine).handleHTTPRequest
	/Users/a1/go/pkg/mod/github.com/gin-gonic/gin@v1.10.0/gin.go:633
github.com/gin-gonic/gin.(*Engine).ServeHTTP
	/Users/a1/go/pkg/mod/github.com/gin-gonic/gin@v1.10.0/gin.go:589
net/http.serverHandler.ServeHTTP
	/usr/local/go/src/net/http/server.go:3311
net/http.(*conn).serve
	/usr/local/go/src/net/http/server.go:2073
[github.com/flipped-aurora/gin-vue-admin/server]2026-09-11 19:25:50.062	[31merror[0m	/Users/a1/data/go/gin-vue-admin/server/initialize/internal/gorm_logger_writer.go:54	SQL 执行错误	{"node": "", "app_id": "", "env": "", "sql": "SELECT count(*) FROM `addon_member_member` WHERE `addon_member_member`.`deleted_at` IS NULL", "rows": 0, "elapsed_ms": 47, "mod": "sql", "request_id": "94f06a97-d9c6-4ac9-b5b3-02a84e8402ef", "trace_id": "cac48bb05e362e6675eb7390347111ac", "device_id": "", "client_ip": "127.0.0.1", "http_method": "GET", "http_path": "/member/member/getMemberList", "span_id": "3f0aeb13ff4d5b5b", "error_msg": "Error 1146 (42S02): Table 'go_noooya_com.addon_member_member' doesn't exist", "error_stack": "github.com/flipped-aurora/gin-vue-admin/server/utils/logger.(*Builder).assemble\n\t/Users/a1/data/go/gin-vue-admin/server/utils/logger/builder.go:64\ngithub.com/flipped-aurora/gin-vue-admin/server/utils/logger.(*Builder).log\n\t/Users/a1/data/go/gin-vue-admin/server/utils/logger/builder.go:75\ngithub.com/flipped-aurora/gin-vue-admin/server/utils/logger.(*Builder).Error\n\t/Users/a1/data/go/gin-vue-admin/server/utils/logger/builder.go:81\ngithub.com/flipped-aurora/gin-vue-admin/server/initialize/internal.(*GormLogger).Trace\n\t/Users/a1/data/go/gin-vue-admin/server/initialize/internal/gorm_logger_writer.go:54\ngorm.io/gorm.(*processor).Execute\n\t/Users/a1/go/pkg/mod/gorm.io/gorm@v1.31.1/callbacks.go:140\ngorm.io/gorm.(*DB).Count\n\t/Users/a1/go/pkg/mod/gorm.io/gorm@v1.31.1/finisher_api.go:497\ngithub.com/flipped-aurora/gin-vue-admin/server/service/member.(*MemberService).GetMemberInfoList\n\t/Users/a1/data/go/gin-vue-admin/server/service/member/member_biz.go:80\ngithub.com/flipped-aurora/gin-vue-admin/server/api/v1/member.(*MemberApi).GetMemberList\n\t/Users/a1/data/go/gin-vue-admin/server/api/v1/member/member.go:154\ngithub.com/gin-gonic/gin.(*Context).Next\n\t/Users/a1/go/pkg/mod/github.com/gin-gonic/gin@v1.10.0/context.go:185\ngithub.com/flipped-aurora/gin-vue-admin/server/initialize.Routers.DataScope.func9\n\t/Users/a1/data/go/gin-vue-admin/server/middleware/data_scope.go:26\ngithub.com/gin-gonic/gin.(*Context).Next\n\t/Users/a1/go/pkg/mod/github.com/gin-gonic/gin@v1.10.0/context.go:185\ngithub.com/flipped-aurora/gin-vue-admin/server/initialize.Routers.CasbinHandler.func8\n\t/Users/a1/data/go/gin-vue-admin/server/middleware/casbin_rbac.go:30\ngithub.com/gin-gonic/gin.(*Context).Next\n\t/Users/a1/go/pkg/mod/github.com/gin-gonic/gin@v1.10.0/context.go:185\ngithub.com/flipped-aurora/gin-vue-admin/server/initialize.Routers.MustChangePwdGuard.func7\n\t/Users/a1/data/go/gin-vue-admin/server/middleware/must_change_pwd.go:29\ngithub.com/gin-gonic/gin.(*Context).Next\n\t/Users/a1/go/pkg/mod/github.com/gin-gonic/gin@v1.10.0/context.go:185\ngithub.com/flipped-aurora/gin-vue-admin/server/initialize.Routers.JWTAuth.func6\n\t/Users/a1/data/go/gin-vue-admin/server/middleware/jwt.go:69\ngithub.com/gin-gonic/gin.(*Context).Next\n\t/Users/a1/go/pkg/mod/github.com/gin-gonic/gin@v1.10.0/context.go:185\ngithub.com/flipped-aurora/gin-vue-admin/server/initialize.Routers.Cors.func5\n\t/Users/a1/data/go/gin-vue-admin/server/middleware/cors.go:26\ngithub.com/gin-gonic/gin.(*Context).Next\n\t/Users/a1/go/pkg/mod/github.com/gin-gonic/gin@v1.10.0/context.go:185\ngithub.com/flipped-aurora/gin-vue-admin/server/middleware.UploadResponseHeaders.func1\n\t/Users/a1/data/go/gin-vue-admin/server/middleware/upload_security.go:25\ngithub.com/gin-gonic/gin.(*Context).Next\n\t/Users/a1/go/pkg/mod/github.com/gin-gonic/gin@v1.10.0/context.go:185\ngithub.com/gin-gonic/gin.LoggerWithConfig.func1\n\t/Users/a1/go/pkg/mod/github.com/gin-gonic/gin@v1.10.0/logger.go:249\ngithub.com/gin-gonic/gin.(*Context).Next\n\t/Users/a1/go/pkg/mod/github.com/gin-gonic/gin@v1.10.0/context.go:185\ngithub.com/flipped-aurora/gin-vue-admin/server/initialize.Routers.AccessLog.func4\n\t/Users/a1/data/go/gin-vue-admin/server/middleware/access_log.go:73\ngithub.com/gin-gonic/gin.(*Context).Next\n\t/Users/a1/go/pkg/mod/github.com/gin-gonic/gin@v1.10.0/context.go:185\ngithub.com/flipped-aurora/gin-vue-admin/server/initialize.Routers.GinRecovery.func3\n\t/Users/a1/data/go/gin-vue-admin/server/middleware/error.go:56\ngithub.com/gin-gonic/gin.(*Context).Next\n\t/Users/a1/go/pkg/mod/github.com/gin-gonic/gin@v1.10.0/context.go:185\ngithub.com/flipped-aurora/gin-vue-admin/server/initialize.Routers.RequestMeta.func2\n\t/Users/a1/data/go/gin-vue-admin/server/middleware/request_meta.go:39\ngithub.com/gin-gonic/gin.(*Context).Next\n\t/Users/a1/go/pkg/mod/github.com/gin-gonic/gin@v1.10.0/context.go:185\ngithub.com/gin-gonic/gin.(*Engine).handleHTTPRequest\n\t/Users/a1/go/pkg/mod/github.com/gin-gonic/gin@v1.10.0/gin.go:633\ngithub.com/gin-gonic/gin.(*Engine).ServeHTTP\n\t/Users/a1/go/pkg/mod/github.com/gin-gonic/gin@v1.10.0/gin.go:589\nnet/http.serverHandler.ServeHTTP\n\t/usr/local/go/src/net/http/server.go:3311\nnet/http.(*conn).serve\n\t/usr/local/go/src/net/http/server.go:2073"}
github.com/flipped-aurora/gin-vue-admin/server/initialize/internal.(*GormLogger).Trace
	/Users/a1/data/go/gin-vue-admin/server/initialize/internal/gorm_logger_writer.go:54
gorm.io/gorm.(*processor).Execute
	/Users/a1/go/pkg/mod/gorm.io/gorm@v1.31.1/callbacks.go:140
gorm.io/gorm.(*DB).Count
	/Users/a1/go/pkg/mod/gorm.io/gorm@v1.31.1/finisher_api.go:497
github.com/flipped-aurora/gin-vue-admin/server/service/member.(*MemberService).GetMemberInfoList
	/Users/a1/data/go/gin-vue-admin/server/service/member/member_biz.go:80
github.com/flipped-aurora/gin-vue-admin/server/api/v1/member.(*MemberApi).GetMemberList
	/Users/a1/data/go/gin-vue-admin/server/api/v1/member/member.go:154
github.com/gin-gonic/gin.(*Context).Next
	/Users/a1/go/pkg/mod/github.com/gin-gonic/gin@v1.10.0/context.go:185
github.com/flipped-aurora/gin-vue-admin/server/initialize.Routers.DataScope.func9
	/Users/a1/data/go/gin-vue-admin/server/middleware/data_scope.go:26
github.com/gin-gonic/gin.(*Context).Next
	/Users/a1/go/pkg/mod/github.com/gin-gonic/gin@v1.10.0/context.go:185
github.com/flipped-aurora/gin-vue-admin/server/initialize.Routers.CasbinHandler.func8
	/Users/a1/data/go/gin-vue-admin/server/middleware/casbin_rbac.go:30
github.com/gin-gonic/gin.(*Context).Next
	/Users/a1/go/pkg/mod/github.com/gin-gonic/gin@v1.10.0/context.go:185
github.com/flipped-aurora/gin-vue-admin/server/initialize.Routers.MustChangePwdGuard.func7
	/Users/a1/data/go/gin-vue-admin/server/middleware/must_change_pwd.go:29
github.com/gin-gonic/gin.(*Context).Next
	/Users/a1/go/pkg/mod/github.com/gin-gonic/gin@v1.10.0/context.go:185
github.com/flipped-aurora/gin-vue-admin/server/initialize.Routers.JWTAuth.func6
	/Users/a1/data/go/gin-vue-admin/server/middleware/jwt.go:69
github.com/gin-gonic/gin.(*Context).Next
	/Users/a1/go/pkg/mod/github.com/gin-gonic/gin@v1.10.0/context.go:185
github.com/flipped-aurora/gin-vue-admin/server/initialize.Routers.Cors.func5
	/Users/a1/data/go/gin-vue-admin/server/middleware/cors.go:26
github.com/gin-gonic/gin.(*Context).Next
	/Users/a1/go/pkg/mod/github.com/gin-gonic/gin@v1.10.0/context.go:185
github.com/flipped-aurora/gin-vue-admin/server/middleware.UploadResponseHeaders.func1
	/Users/a1/data/go/gin-vue-admin/server/middleware/upload_security.go:25
github.com/gin-gonic/gin.(*Context).Next
	/Users/a1/go/pkg/mod/github.com/gin-gonic/gin@v1.10.0/context.go:185
github.com/gin-gonic/gin.LoggerWithConfig.func1
	/Users/a1/go/pkg/mod/github.com/gin-gonic/gin@v1.10.0/logger.go:249
github.com/gin-gonic/gin.(*Context).Next
	/Users/a1/go/pkg/mod/github.com/gin-gonic/gin@v1.10.0/context.go:185
github.com/flipped-aurora/gin-vue-admin/server/initialize.Routers.AccessLog.func4
	/Users/a1/data/go/gin-vue-admin/server/middleware/access_log.go:73
github.com/gin-gonic/gin.(*Context).Next
	/Users/a1/go/pkg/mod/github.com/gin-gonic/gin@v1.10.0/context.go:185
github.com/flipped-aurora/gin-vue-admin/server/initialize.Routers.GinRecovery.func3
	/Users/a1/data/go/gin-vue-admin/server/middleware/error.go:56
github.com/gin-gonic/gin.(*Context).Next
	/Users/a1/go/pkg/mod/github.com/gin-gonic/gin@v1.10.0/context.go:185
github.com/flipped-aurora/gin-vue-admin/server/initialize.Routers.RequestMeta.func2
	/Users/a1/data/go/gin-vue-admin/server/middleware/request_meta.go:39
github.com/gin-gonic/gin.(*Context).Next
	/Users/a1/go/pkg/mod/github.com/gin-gonic/gin@v1.10.0/context.go:185
github.com/gin-gonic/gin.(*Engine).handleHTTPRequest
	/Users/a1/go/pkg/mod/github.com/gin-gonic/gin@v1.10.0/gin.go:633
github.com/gin-gonic/gin.(*Engine).ServeHTTP
	/Users/a1/go/pkg/mod/github.com/gin-gonic/gin@v1.10.0/gin.go:589
net/http.serverHandler.ServeHTTP
	/usr/local/go/src/net/http/server.go:3311
net/http.(*conn).serve
	/usr/local/go/src/net/http/server.go:2073
[github.com/flipped-aurora/gin-vue-admin/server]2026-09-11 19:25:50.063	[31merror[0m	/Users/a1/data/go/gin-vue-admin/server/api/v1/member/member.go:156	获取会员列表失败!	{"node": "", "app_id": "", "env": "", "error": "Error 1146 (42S02): Table 'go_noooya_com.addon_member_member' doesn't exist"}
github.com/flipped-aurora/gin-vue-admin/server/api/v1/member.(*MemberApi).GetMemberList
	/Users/a1/data/go/gin-vue-admin/server/api/v1/member/member.go:156
github.com/gin-gonic/gin.(*Context).Next
	/Users/a1/go/pkg/mod/github.com/gin-gonic/gin@v1.10.0/context.go:185
github.com/flipped-aurora/gin-vue-admin/server/initialize.Routers.DataScope.func9
	/Users/a1/data/go/gin-vue-admin/server/middleware/data_scope.go:26
github.com/gin-gonic/gin.(*Context).Next
	/Users/a1/go/pkg/mod/github.com/gin-gonic/gin@v1.10.0/context.go:185
github.com/flipped-aurora/gin-vue-admin/server/initialize.Routers.CasbinHandler.func8
	/Users/a1/data/go/gin-vue-admin/server/middleware/casbin_rbac.go:30
github.com/gin-gonic/gin.(*Context).Next
	/Users/a1/go/pkg/mod/github.com/gin-gonic/gin@v1.10.0/context.go:185
github.com/flipped-aurora/gin-vue-admin/server/initialize.Routers.MustChangePwdGuard.func7
	/Users/a1/data/go/gin-vue-admin/server/middleware/must_change_pwd.go:29
github.com/gin-gonic/gin.(*Context).Next
	/Users/a1/go/pkg/mod/github.com/gin-gonic/gin@v1.10.0/context.go:185
github.com/flipped-aurora/gin-vue-admin/server/initialize.Routers.JWTAuth.func6
	/Users/a1/data/go/gin-vue-admin/server/middleware/jwt.go:69
github.com/gin-gonic/gin.(*Context).Next
	/Users/a1/go/pkg/mod/github.com/gin-gonic/gin@v1.10.0/context.go:185
github.com/flipped-aurora/gin-vue-admin/server/initialize.Routers.Cors.func5
	/Users/a1/data/go/gin-vue-admin/server/middleware/cors.go:26
github.com/gin-gonic/gin.(*Context).Next
	/Users/a1/go/pkg/mod/github.com/gin-gonic/gin@v1.10.0/context.go:185
github.com/flipped-aurora/gin-vue-admin/server/middleware.UploadResponseHeaders.func1
	/Users/a1/data/go/gin-vue-admin/server/middleware/upload_security.go:25
github.com/gin-gonic/gin.(*Context).Next
	/Users/a1/go/pkg/mod/github.com/gin-gonic/gin@v1.10.0/context.go:185
github.com/gin-gonic/gin.LoggerWithConfig.func1
	/Users/a1/go/pkg/mod/github.com/gin-gonic/gin@v1.10.0/logger.go:249
github.com/gin-gonic/gin.(*Context).Next
	/Users/a1/go/pkg/mod/github.com/gin-gonic/gin@v1.10.0/context.go:185
github.com/flipped-aurora/gin-vue-admin/server/initialize.Routers.AccessLog.func4
	/Users/a1/data/go/gin-vue-admin/server/middleware/access_log.go:73
github.com/gin-gonic/gin.(*Context).Next
	/Users/a1/go/pkg/mod/github.com/gin-gonic/gin@v1.10.0/context.go:185
github.com/flipped-aurora/gin-vue-admin/server/initialize.Routers.GinRecovery.func3
	/Users/a1/data/go/gin-vue-admin/server/middleware/error.go:56
github.com/gin-gonic/gin.(*Context).Next
	/Users/a1/go/pkg/mod/github.com/gin-gonic/gin@v1.10.0/context.go:185
github.com/flipped-aurora/gin-vue-admin/server/initialize.Routers.RequestMeta.func2
	/Users/a1/data/go/gin-vue-admin/server/middleware/request_meta.go:39
github.com/gin-gonic/gin.(*Context).Next
	/Users/a1/go/pkg/mod/github.com/gin-gonic/gin@v1.10.0/context.go:185
github.com/gin-gonic/gin.(*Engine).handleHTTPRequest
	/Users/a1/go/pkg/mod/github.com/gin-gonic/gin@v1.10.0/gin.go:633
github.com/gin-gonic/gin.(*Engine).ServeHTTP
	/Users/a1/go/pkg/mod/github.com/gin-gonic/gin@v1.10.0/gin.go:589
net/http.serverHandler.ServeHTTP
	/usr/local/go/src/net/http/server.go:3311
net/http.(*conn).serve
	/usr/local/go/src/net/http/server.go:2073
[github.com/flipped-aurora/gin-vue-admin/server]2026-09-11 19:27:25.242	[31merror[0m	/Users/a1/data/go/gin-vue-admin/server/initialize/internal/gorm_logger_writer.go:54	SQL 执行错误	{"node": "", "app_id": "", "env": "", "sql": "SELECT count(*) FROM `addon_member_member` WHERE `addon_member_member`.`deleted_at` IS NULL", "rows": 0, "elapsed_ms": 51, "mod": "sql", "request_id": "4c062ab0-f668-420c-9d77-1c74ebaa43cc", "trace_id": "aaaad5bbb237ea6a39b46b71c1d3fccf", "device_id": "", "client_ip": "127.0.0.1", "http_method": "GET", "http_path": "/member/member/getMemberList", "span_id": "22e9de6be4f12ac0", "error_msg": "Error 1146 (42S02): Table 'go_noooya_com.addon_member_member' doesn't exist", "error_stack": "github.com/flipped-aurora/gin-vue-admin/server/utils/logger.(*Builder).assemble\n\t/Users/a1/data/go/gin-vue-admin/server/utils/logger/builder.go:64\ngithub.com/flipped-aurora/gin-vue-admin/server/utils/logger.(*Builder).log\n\t/Users/a1/data/go/gin-vue-admin/server/utils/logger/builder.go:75\ngithub.com/flipped-aurora/gin-vue-admin/server/utils/logger.(*Builder).Error\n\t/Users/a1/data/go/gin-vue-admin/server/utils/logger/builder.go:81\ngithub.com/flipped-aurora/gin-vue-admin/server/initialize/internal.(*GormLogger).Trace\n\t/Users/a1/data/go/gin-vue-admin/server/initialize/internal/gorm_logger_writer.go:54\ngorm.io/gorm.(*processor).Execute\n\t/Users/a1/go/pkg/mod/gorm.io/gorm@v1.31.1/callbacks.go:140\ngorm.io/gorm.(*DB).Count\n\t/Users/a1/go/pkg/mod/gorm.io/gorm@v1.31.1/finisher_api.go:497\ngithub.com/flipped-aurora/gin-vue-admin/server/service/member.(*MemberService).GetMemberInfoList\n\t/Users/a1/data/go/gin-vue-admin/server/service/member/member_biz.go:80\ngithub.com/flipped-aurora/gin-vue-admin/server/api/v1/member.(*MemberApi).GetMemberList\n\t/Users/a1/data/go/gin-vue-admin/server/api/v1/member/member.go:154\ngithub.com/gin-gonic/gin.(*Context).Next\n\t/Users/a1/go/pkg/mod/github.com/gin-gonic/gin@v1.10.0/context.go:185\ngithub.com/flipped-aurora/gin-vue-admin/server/initialize.Routers.DataScope.func9\n\t/Users/a1/data/go/gin-vue-admin/server/middleware/data_scope.go:26\ngithub.com/gin-gonic/gin.(*Context).Next\n\t/Users/a1/go/pkg/mod/github.com/gin-gonic/gin@v1.10.0/context.go:185\ngithub.com/flipped-aurora/gin-vue-admin/server/initialize.Routers.CasbinHandler.func8\n\t/Users/a1/data/go/gin-vue-admin/server/middleware/casbin_rbac.go:30\ngithub.com/gin-gonic/gin.(*Context).Next\n\t/Users/a1/go/pkg/mod/github.com/gin-gonic/gin@v1.10.0/context.go:185\ngithub.com/flipped-aurora/gin-vue-admin/server/initialize.Routers.MustChangePwdGuard.func7\n\t/Users/a1/data/go/gin-vue-admin/server/middleware/must_change_pwd.go:29\ngithub.com/gin-gonic/gin.(*Context).Next\n\t/Users/a1/go/pkg/mod/github.com/gin-gonic/gin@v1.10.0/context.go:185\ngithub.com/flipped-aurora/gin-vue-admin/server/initialize.Routers.JWTAuth.func6\n\t/Users/a1/data/go/gin-vue-admin/server/middleware/jwt.go:69\ngithub.com/gin-gonic/gin.(*Context).Next\n\t/Users/a1/go/pkg/mod/github.com/gin-gonic/gin@v1.10.0/context.go:185\ngithub.com/flipped-aurora/gin-vue-admin/server/initialize.Routers.Cors.func5\n\t/Users/a1/data/go/gin-vue-admin/server/middleware/cors.go:26\ngithub.com/gin-gonic/gin.(*Context).Next\n\t/Users/a1/go/pkg/mod/github.com/gin-gonic/gin@v1.10.0/context.go:185\ngithub.com/flipped-aurora/gin-vue-admin/server/middleware.UploadResponseHeaders.func1\n\t/Users/a1/data/go/gin-vue-admin/server/middleware/upload_security.go:25\ngithub.com/gin-gonic/gin.(*Context).Next\n\t/Users/a1/go/pkg/mod/github.com/gin-gonic/gin@v1.10.0/context.go:185\ngithub.com/gin-gonic/gin.LoggerWithConfig.func1\n\t/Users/a1/go/pkg/mod/github.com/gin-gonic/gin@v1.10.0/logger.go:249\ngithub.com/gin-gonic/gin.(*Context).Next\n\t/Users/a1/go/pkg/mod/github.com/gin-gonic/gin@v1.10.0/context.go:185\ngithub.com/flipped-aurora/gin-vue-admin/server/initialize.Routers.AccessLog.func4\n\t/Users/a1/data/go/gin-vue-admin/server/middleware/access_log.go:73\ngithub.com/gin-gonic/gin.(*Context).Next\n\t/Users/a1/go/pkg/mod/github.com/gin-gonic/gin@v1.10.0/context.go:185\ngithub.com/flipped-aurora/gin-vue-admin/server/initialize.Routers.GinRecovery.func3\n\t/Users/a1/data/go/gin-vue-admin/server/middleware/error.go:56\ngithub.com/gin-gonic/gin.(*Context).Next\n\t/Users/a1/go/pkg/mod/github.com/gin-gonic/gin@v1.10.0/context.go:185\ngithub.com/flipped-aurora/gin-vue-admin/server/initialize.Routers.RequestMeta.func2\n\t/Users/a1/data/go/gin-vue-admin/server/middleware/request_meta.go:39\ngithub.com/gin-gonic/gin.(*Context).Next\n\t/Users/a1/go/pkg/mod/github.com/gin-gonic/gin@v1.10.0/context.go:185\ngithub.com/gin-gonic/gin.(*Engine).handleHTTPRequest\n\t/Users/a1/go/pkg/mod/github.com/gin-gonic/gin@v1.10.0/gin.go:633\ngithub.com/gin-gonic/gin.(*Engine).ServeHTTP\n\t/Users/a1/go/pkg/mod/github.com/gin-gonic/gin@v1.10.0/gin.go:589\nnet/http.serverHandler.ServeHTTP\n\t/usr/local/go/src/net/http/server.go:3311\nnet/http.(*conn).serve\n\t/usr/local/go/src/net/http/server.go:2073"}
github.com/flipped-aurora/gin-vue-admin/server/initialize/internal.(*GormLogger).Trace
	/Users/a1/data/go/gin-vue-admin/server/initialize/internal/gorm_logger_writer.go:54
gorm.io/gorm.(*processor).Execute
	/Users/a1/go/pkg/mod/gorm.io/gorm@v1.31.1/callbacks.go:140
gorm.io/gorm.(*DB).Count
	/Users/a1/go/pkg/mod/gorm.io/gorm@v1.31.1/finisher_api.go:497
github.com/flipped-aurora/gin-vue-admin/server/service/member.(*MemberService).GetMemberInfoList
	/Users/a1/data/go/gin-vue-admin/server/service/member/member_biz.go:80
github.com/flipped-aurora/gin-vue-admin/server/api/v1/member.(*MemberApi).GetMemberList
	/Users/a1/data/go/gin-vue-admin/server/api/v1/member/member.go:154
github.com/gin-gonic/gin.(*Context).Next
	/Users/a1/go/pkg/mod/github.com/gin-gonic/gin@v1.10.0/context.go:185
github.com/flipped-aurora/gin-vue-admin/server/initialize.Routers.DataScope.func9
	/Users/a1/data/go/gin-vue-admin/server/middleware/data_scope.go:26
github.com/gin-gonic/gin.(*Context).Next
	/Users/a1/go/pkg/mod/github.com/gin-gonic/gin@v1.10.0/context.go:185
github.com/flipped-aurora/gin-vue-admin/server/initialize.Routers.CasbinHandler.func8
	/Users/a1/data/go/gin-vue-admin/server/middleware/casbin_rbac.go:30
github.com/gin-gonic/gin.(*Context).Next
	/Users/a1/go/pkg/mod/github.com/gin-gonic/gin@v1.10.0/context.go:185
github.com/flipped-aurora/gin-vue-admin/server/initialize.Routers.MustChangePwdGuard.func7
	/Users/a1/data/go/gin-vue-admin/server/middleware/must_change_pwd.go:29
github.com/gin-gonic/gin.(*Context).Next
	/Users/a1/go/pkg/mod/github.com/gin-gonic/gin@v1.10.0/context.go:185
github.com/flipped-aurora/gin-vue-admin/server/initialize.Routers.JWTAuth.func6
	/Users/a1/data/go/gin-vue-admin/server/middleware/jwt.go:69
github.com/gin-gonic/gin.(*Context).Next
	/Users/a1/go/pkg/mod/github.com/gin-gonic/gin@v1.10.0/context.go:185
github.com/flipped-aurora/gin-vue-admin/server/initialize.Routers.Cors.func5
	/Users/a1/data/go/gin-vue-admin/server/middleware/cors.go:26
github.com/gin-gonic/gin.(*Context).Next
	/Users/a1/go/pkg/mod/github.com/gin-gonic/gin@v1.10.0/context.go:185
github.com/flipped-aurora/gin-vue-admin/server/middleware.UploadResponseHeaders.func1
	/Users/a1/data/go/gin-vue-admin/server/middleware/upload_security.go:25
github.com/gin-gonic/gin.(*Context).Next
	/Users/a1/go/pkg/mod/github.com/gin-gonic/gin@v1.10.0/context.go:185
github.com/gin-gonic/gin.LoggerWithConfig.func1
	/Users/a1/go/pkg/mod/github.com/gin-gonic/gin@v1.10.0/logger.go:249
github.com/gin-gonic/gin.(*Context).Next
	/Users/a1/go/pkg/mod/github.com/gin-gonic/gin@v1.10.0/context.go:185
github.com/flipped-aurora/gin-vue-admin/server/initialize.Routers.AccessLog.func4
	/Users/a1/data/go/gin-vue-admin/server/middleware/access_log.go:73
github.com/gin-gonic/gin.(*Context).Next
	/Users/a1/go/pkg/mod/github.com/gin-gonic/gin@v1.10.0/context.go:185
github.com/flipped-aurora/gin-vue-admin/server/initialize.Routers.GinRecovery.func3
	/Users/a1/data/go/gin-vue-admin/server/middleware/error.go:56
github.com/gin-gonic/gin.(*Context).Next
	/Users/a1/go/pkg/mod/github.com/gin-gonic/gin@v1.10.0/context.go:185
github.com/flipped-aurora/gin-vue-admin/server/initialize.Routers.RequestMeta.func2
	/Users/a1/data/go/gin-vue-admin/server/middleware/request_meta.go:39
github.com/gin-gonic/gin.(*Context).Next
	/Users/a1/go/pkg/mod/github.com/gin-gonic/gin@v1.10.0/context.go:185
github.com/gin-gonic/gin.(*Engine).handleHTTPRequest
	/Users/a1/go/pkg/mod/github.com/gin-gonic/gin@v1.10.0/gin.go:633
github.com/gin-gonic/gin.(*Engine).ServeHTTP
	/Users/a1/go/pkg/mod/github.com/gin-gonic/gin@v1.10.0/gin.go:589
net/http.serverHandler.ServeHTTP
	/usr/local/go/src/net/http/server.go:3311
net/http.(*conn).serve
	/usr/local/go/src/net/http/server.go:2073
[github.com/flipped-aurora/gin-vue-admin/server]2026-09-11 19:27:25.246	[31merror[0m	/Users/a1/data/go/gin-vue-admin/server/api/v1/member/member.go:156	获取会员列表失败!	{"node": "", "app_id": "", "env": "", "error": "Error 1146 (42S02): Table 'go_noooya_com.addon_member_member' doesn't exist"}
github.com/flipped-aurora/gin-vue-admin/server/api/v1/member.(*MemberApi).GetMemberList
	/Users/a1/data/go/gin-vue-admin/server/api/v1/member/member.go:156
github.com/gin-gonic/gin.(*Context).Next
	/Users/a1/go/pkg/mod/github.com/gin-gonic/gin@v1.10.0/context.go:185
github.com/flipped-aurora/gin-vue-admin/server/initialize.Routers.DataScope.func9
	/Users/a1/data/go/gin-vue-admin/server/middleware/data_scope.go:26
github.com/gin-gonic/gin.(*Context).Next
	/Users/a1/go/pkg/mod/github.com/gin-gonic/gin@v1.10.0/context.go:185
github.com/flipped-aurora/gin-vue-admin/server/initialize.Routers.CasbinHandler.func8
	/Users/a1/data/go/gin-vue-admin/server/middleware/casbin_rbac.go:30
github.com/gin-gonic/gin.(*Context).Next
	/Users/a1/go/pkg/mod/github.com/gin-gonic/gin@v1.10.0/context.go:185
github.com/flipped-aurora/gin-vue-admin/server/initialize.Routers.MustChangePwdGuard.func7
	/Users/a1/data/go/gin-vue-admin/server/middleware/must_change_pwd.go:29
github.com/gin-gonic/gin.(*Context).Next
	/Users/a1/go/pkg/mod/github.com/gin-gonic/gin@v1.10.0/context.go:185
github.com/flipped-aurora/gin-vue-admin/server/initialize.Routers.JWTAuth.func6
	/Users/a1/data/go/gin-vue-admin/server/middleware/jwt.go:69
github.com/gin-gonic/gin.(*Context).Next
	/Users/a1/go/pkg/mod/github.com/gin-gonic/gin@v1.10.0/context.go:185
github.com/flipped-aurora/gin-vue-admin/server/initialize.Routers.Cors.func5
	/Users/a1/data/go/gin-vue-admin/server/middleware/cors.go:26
github.com/gin-gonic/gin.(*Context).Next
	/Users/a1/go/pkg/mod/github.com/gin-gonic/gin@v1.10.0/context.go:185
github.com/flipped-aurora/gin-vue-admin/server/middleware.UploadResponseHeaders.func1
	/Users/a1/data/go/gin-vue-admin/server/middleware/upload_security.go:25
github.com/gin-gonic/gin.(*Context).Next
	/Users/a1/go/pkg/mod/github.com/gin-gonic/gin@v1.10.0/context.go:185
github.com/gin-gonic/gin.LoggerWithConfig.func1
	/Users/a1/go/pkg/mod/github.com/gin-gonic/gin@v1.10.0/logger.go:249
github.com/gin-gonic/gin.(*Context).Next
	/Users/a1/go/pkg/mod/github.com/gin-gonic/gin@v1.10.0/context.go:185
github.com/flipped-aurora/gin-vue-admin/server/initialize.Routers.AccessLog.func4
	/Users/a1/data/go/gin-vue-admin/server/middleware/access_log.go:73
github.com/gin-gonic/gin.(*Context).Next
	/Users/a1/go/pkg/mod/github.com/gin-gonic/gin@v1.10.0/context.go:185
github.com/flipped-aurora/gin-vue-admin/server/initialize.Routers.GinRecovery.func3
	/Users/a1/data/go/gin-vue-admin/server/middleware/error.go:56
github.com/gin-gonic/gin.(*Context).Next
	/Users/a1/go/pkg/mod/github.com/gin-gonic/gin@v1.10.0/context.go:185
github.com/flipped-aurora/gin-vue-admin/server/initialize.Routers.RequestMeta.func2
	/Users/a1/data/go/gin-vue-admin/server/middleware/request_meta.go:39
github.com/gin-gonic/gin.(*Context).Next
	/Users/a1/go/pkg/mod/github.com/gin-gonic/gin@v1.10.0/context.go:185
github.com/gin-gonic/gin.(*Engine).handleHTTPRequest
	/Users/a1/go/pkg/mod/github.com/gin-gonic/gin@v1.10.0/gin.go:633
github.com/gin-gonic/gin.(*Engine).ServeHTTP
	/Users/a1/go/pkg/mod/github.com/gin-gonic/gin@v1.10.0/gin.go:589
net/http.serverHandler.ServeHTTP
	/usr/local/go/src/net/http/server.go:3311
net/http.(*conn).serve
	/usr/local/go/src/net/http/server.go:2073
[github.com/flipped-aurora/gin-vue-admin/server]2026-09-11 19:31:15.844	[31merror[0m	/Users/a1/data/go/gin-vue-admin/server/initialize/internal/gorm_logger_writer.go:54	SQL 执行错误	{"node": "", "app_id": "", "env": "", "sql": "SELECT count(*) FROM `addon_member_member` WHERE `addon_member_member`.`deleted_at` IS NULL", "rows": 0, "elapsed_ms": 40, "mod": "sql", "request_id": "a885b790-c8c7-4125-8587-1cbad4b6832a", "trace_id": "5bcd8662552810d979c61d2f5240e4c5", "device_id": "", "client_ip": "127.0.0.1", "http_method": "GET", "http_path": "/member/member/getMemberList", "span_id": "5670558d5416c2a1", "error_msg": "Error 1146 (42S02): Table 'go_noooya_com.addon_member_member' doesn't exist", "error_stack": "github.com/flipped-aurora/gin-vue-admin/server/utils/logger.(*Builder).assemble\n\t/Users/a1/data/go/gin-vue-admin/server/utils/logger/builder.go:64\ngithub.com/flipped-aurora/gin-vue-admin/server/utils/logger.(*Builder).log\n\t/Users/a1/data/go/gin-vue-admin/server/utils/logger/builder.go:75\ngithub.com/flipped-aurora/gin-vue-admin/server/utils/logger.(*Builder).Error\n\t/Users/a1/data/go/gin-vue-admin/server/utils/logger/builder.go:81\ngithub.com/flipped-aurora/gin-vue-admin/server/initialize/internal.(*GormLogger).Trace\n\t/Users/a1/data/go/gin-vue-admin/server/initialize/internal/gorm_logger_writer.go:54\ngorm.io/gorm.(*processor).Execute\n\t/Users/a1/go/pkg/mod/gorm.io/gorm@v1.31.1/callbacks.go:140\ngorm.io/gorm.(*DB).Count\n\t/Users/a1/go/pkg/mod/gorm.io/gorm@v1.31.1/finisher_api.go:497\ngithub.com/flipped-aurora/gin-vue-admin/server/service/member.(*MemberService).GetMemberInfoList\n\t/Users/a1/data/go/gin-vue-admin/server/service/member/member_biz.go:80\ngithub.com/flipped-aurora/gin-vue-admin/server/api/v1/member.(*MemberApi).GetMemberList\n\t/Users/a1/data/go/gin-vue-admin/server/api/v1/member/member.go:154\ngithub.com/gin-gonic/gin.(*Context).Next\n\t/Users/a1/go/pkg/mod/github.com/gin-gonic/gin@v1.10.0/context.go:185\ngithub.com/flipped-aurora/gin-vue-admin/server/initialize.Routers.DataScope.func9\n\t/Users/a1/data/go/gin-vue-admin/server/middleware/data_scope.go:26\ngithub.com/gin-gonic/gin.(*Context).Next\n\t/Users/a1/go/pkg/mod/github.com/gin-gonic/gin@v1.10.0/context.go:185\ngithub.com/flipped-aurora/gin-vue-admin/server/initialize.Routers.CasbinHandler.func8\n\t/Users/a1/data/go/gin-vue-admin/server/middleware/casbin_rbac.go:30\ngithub.com/gin-gonic/gin.(*Context).Next\n\t/Users/a1/go/pkg/mod/github.com/gin-gonic/gin@v1.10.0/context.go:185\ngithub.com/flipped-aurora/gin-vue-admin/server/initialize.Routers.MustChangePwdGuard.func7\n\t/Users/a1/data/go/gin-vue-admin/server/middleware/must_change_pwd.go:29\ngithub.com/gin-gonic/gin.(*Context).Next\n\t/Users/a1/go/pkg/mod/github.com/gin-gonic/gin@v1.10.0/context.go:185\ngithub.com/flipped-aurora/gin-vue-admin/server/initialize.Routers.JWTAuth.func6\n\t/Users/a1/data/go/gin-vue-admin/server/middleware/jwt.go:69\ngithub.com/gin-gonic/gin.(*Context).Next\n\t/Users/a1/go/pkg/mod/github.com/gin-gonic/gin@v1.10.0/context.go:185\ngithub.com/flipped-aurora/gin-vue-admin/server/initialize.Routers.Cors.func5\n\t/Users/a1/data/go/gin-vue-admin/server/middleware/cors.go:26\ngithub.com/gin-gonic/gin.(*Context).Next\n\t/Users/a1/go/pkg/mod/github.com/gin-gonic/gin@v1.10.0/context.go:185\ngithub.com/flipped-aurora/gin-vue-admin/server/middleware.UploadResponseHeaders.func1\n\t/Users/a1/data/go/gin-vue-admin/server/middleware/upload_security.go:25\ngithub.com/gin-gonic/gin.(*Context).Next\n\t/Users/a1/go/pkg/mod/github.com/gin-gonic/gin@v1.10.0/context.go:185\ngithub.com/gin-gonic/gin.LoggerWithConfig.func1\n\t/Users/a1/go/pkg/mod/github.com/gin-gonic/gin@v1.10.0/logger.go:249\ngithub.com/gin-gonic/gin.(*Context).Next\n\t/Users/a1/go/pkg/mod/github.com/gin-gonic/gin@v1.10.0/context.go:185\ngithub.com/flipped-aurora/gin-vue-admin/server/initialize.Routers.AccessLog.func4\n\t/Users/a1/data/go/gin-vue-admin/server/middleware/access_log.go:73\ngithub.com/gin-gonic/gin.(*Context).Next\n\t/Users/a1/go/pkg/mod/github.com/gin-gonic/gin@v1.10.0/context.go:185\ngithub.com/flipped-aurora/gin-vue-admin/server/initialize.Routers.GinRecovery.func3\n\t/Users/a1/data/go/gin-vue-admin/server/middleware/error.go:56\ngithub.com/gin-gonic/gin.(*Context).Next\n\t/Users/a1/go/pkg/mod/github.com/gin-gonic/gin@v1.10.0/context.go:185\ngithub.com/flipped-aurora/gin-vue-admin/server/initialize.Routers.RequestMeta.func2\n\t/Users/a1/data/go/gin-vue-admin/server/middleware/request_meta.go:39\ngithub.com/gin-gonic/gin.(*Context).Next\n\t/Users/a1/go/pkg/mod/github.com/gin-gonic/gin@v1.10.0/context.go:185\ngithub.com/gin-gonic/gin.(*Engine).handleHTTPRequest\n\t/Users/a1/go/pkg/mod/github.com/gin-gonic/gin@v1.10.0/gin.go:633\ngithub.com/gin-gonic/gin.(*Engine).ServeHTTP\n\t/Users/a1/go/pkg/mod/github.com/gin-gonic/gin@v1.10.0/gin.go:589\nnet/http.serverHandler.ServeHTTP\n\t/usr/local/go/src/net/http/server.go:3311\nnet/http.(*conn).serve\n\t/usr/local/go/src/net/http/server.go:2073"}
github.com/flipped-aurora/gin-vue-admin/server/initialize/internal.(*GormLogger).Trace
	/Users/a1/data/go/gin-vue-admin/server/initialize/internal/gorm_logger_writer.go:54
gorm.io/gorm.(*processor).Execute
	/Users/a1/go/pkg/mod/gorm.io/gorm@v1.31.1/callbacks.go:140
gorm.io/gorm.(*DB).Count
	/Users/a1/go/pkg/mod/gorm.io/gorm@v1.31.1/finisher_api.go:497
github.com/flipped-aurora/gin-vue-admin/server/service/member.(*MemberService).GetMemberInfoList
	/Users/a1/data/go/gin-vue-admin/server/service/member/member_biz.go:80
github.com/flipped-aurora/gin-vue-admin/server/api/v1/member.(*MemberApi).GetMemberList
	/Users/a1/data/go/gin-vue-admin/server/api/v1/member/member.go:154
github.com/gin-gonic/gin.(*Context).Next
	/Users/a1/go/pkg/mod/github.com/gin-gonic/gin@v1.10.0/context.go:185
github.com/flipped-aurora/gin-vue-admin/server/initialize.Routers.DataScope.func9
	/Users/a1/data/go/gin-vue-admin/server/middleware/data_scope.go:26
github.com/gin-gonic/gin.(*Context).Next
	/Users/a1/go/pkg/mod/github.com/gin-gonic/gin@v1.10.0/context.go:185
github.com/flipped-aurora/gin-vue-admin/server/initialize.Routers.CasbinHandler.func8
	/Users/a1/data/go/gin-vue-admin/server/middleware/casbin_rbac.go:30
github.com/gin-gonic/gin.(*Context).Next
	/Users/a1/go/pkg/mod/github.com/gin-gonic/gin@v1.10.0/context.go:185
github.com/flipped-aurora/gin-vue-admin/server/initialize.Routers.MustChangePwdGuard.func7
	/Users/a1/data/go/gin-vue-admin/server/middleware/must_change_pwd.go:29
github.com/gin-gonic/gin.(*Context).Next
	/Users/a1/go/pkg/mod/github.com/gin-gonic/gin@v1.10.0/context.go:185
github.com/flipped-aurora/gin-vue-admin/server/initialize.Routers.JWTAuth.func6
	/Users/a1/data/go/gin-vue-admin/server/middleware/jwt.go:69
github.com/gin-gonic/gin.(*Context).Next
	/Users/a1/go/pkg/mod/github.com/gin-gonic/gin@v1.10.0/context.go:185
github.com/flipped-aurora/gin-vue-admin/server/initialize.Routers.Cors.func5
	/Users/a1/data/go/gin-vue-admin/server/middleware/cors.go:26
github.com/gin-gonic/gin.(*Context).Next
	/Users/a1/go/pkg/mod/github.com/gin-gonic/gin@v1.10.0/context.go:185
github.com/flipped-aurora/gin-vue-admin/server/middleware.UploadResponseHeaders.func1
	/Users/a1/data/go/gin-vue-admin/server/middleware/upload_security.go:25
github.com/gin-gonic/gin.(*Context).Next
	/Users/a1/go/pkg/mod/github.com/gin-gonic/gin@v1.10.0/context.go:185
github.com/gin-gonic/gin.LoggerWithConfig.func1
	/Users/a1/go/pkg/mod/github.com/gin-gonic/gin@v1.10.0/logger.go:249
github.com/gin-gonic/gin.(*Context).Next
	/Users/a1/go/pkg/mod/github.com/gin-gonic/gin@v1.10.0/context.go:185
github.com/flipped-aurora/gin-vue-admin/server/initialize.Routers.AccessLog.func4
	/Users/a1/data/go/gin-vue-admin/server/middleware/access_log.go:73
github.com/gin-gonic/gin.(*Context).Next
	/Users/a1/go/pkg/mod/github.com/gin-gonic/gin@v1.10.0/context.go:185
github.com/flipped-aurora/gin-vue-admin/server/initialize.Routers.GinRecovery.func3
	/Users/a1/data/go/gin-vue-admin/server/middleware/error.go:56
github.com/gin-gonic/gin.(*Context).Next
	/Users/a1/go/pkg/mod/github.com/gin-gonic/gin@v1.10.0/context.go:185
github.com/flipped-aurora/gin-vue-admin/server/initialize.Routers.RequestMeta.func2
	/Users/a1/data/go/gin-vue-admin/server/middleware/request_meta.go:39
github.com/gin-gonic/gin.(*Context).Next
	/Users/a1/go/pkg/mod/github.com/gin-gonic/gin@v1.10.0/context.go:185
github.com/gin-gonic/gin.(*Engine).handleHTTPRequest
	/Users/a1/go/pkg/mod/github.com/gin-gonic/gin@v1.10.0/gin.go:633
github.com/gin-gonic/gin.(*Engine).ServeHTTP
	/Users/a1/go/pkg/mod/github.com/gin-gonic/gin@v1.10.0/gin.go:589
net/http.serverHandler.ServeHTTP
	/usr/local/go/src/net/http/server.go:3311
net/http.(*conn).serve
	/usr/local/go/src/net/http/server.go:2073
[github.com/flipped-aurora/gin-vue-admin/server]2026-09-11 19:31:15.845	[31merror[0m	/Users/a1/data/go/gin-vue-admin/server/api/v1/member/member.go:156	获取会员列表失败!	{"node": "", "app_id": "", "env": "", "error": "Error 1146 (42S02): Table 'go_noooya_com.addon_member_member' doesn't exist"}
github.com/flipped-aurora/gin-vue-admin/server/api/v1/member.(*MemberApi).GetMemberList
	/Users/a1/data/go/gin-vue-admin/server/api/v1/member/member.go:156
github.com/gin-gonic/gin.(*Context).Next
	/Users/a1/go/pkg/mod/github.com/gin-gonic/gin@v1.10.0/context.go:185
github.com/flipped-aurora/gin-vue-admin/server/initialize.Routers.DataScope.func9
	/Users/a1/data/go/gin-vue-admin/server/middleware/data_scope.go:26
github.com/gin-gonic/gin.(*Context).Next
	/Users/a1/go/pkg/mod/github.com/gin-gonic/gin@v1.10.0/context.go:185
github.com/flipped-aurora/gin-vue-admin/server/initialize.Routers.CasbinHandler.func8
	/Users/a1/data/go/gin-vue-admin/server/middleware/casbin_rbac.go:30
github.com/gin-gonic/gin.(*Context).Next
	/Users/a1/go/pkg/mod/github.com/gin-gonic/gin@v1.10.0/context.go:185
github.com/flipped-aurora/gin-vue-admin/server/initialize.Routers.MustChangePwdGuard.func7
	/Users/a1/data/go/gin-vue-admin/server/middleware/must_change_pwd.go:29
github.com/gin-gonic/gin.(*Context).Next
	/Users/a1/go/pkg/mod/github.com/gin-gonic/gin@v1.10.0/context.go:185
github.com/flipped-aurora/gin-vue-admin/server/initialize.Routers.JWTAuth.func6
	/Users/a1/data/go/gin-vue-admin/server/middleware/jwt.go:69
github.com/gin-gonic/gin.(*Context).Next
	/Users/a1/go/pkg/mod/github.com/gin-gonic/gin@v1.10.0/context.go:185
github.com/flipped-aurora/gin-vue-admin/server/initialize.Routers.Cors.func5
	/Users/a1/data/go/gin-vue-admin/server/middleware/cors.go:26
github.com/gin-gonic/gin.(*Context).Next
	/Users/a1/go/pkg/mod/github.com/gin-gonic/gin@v1.10.0/context.go:185
github.com/flipped-aurora/gin-vue-admin/server/middleware.UploadResponseHeaders.func1
	/Users/a1/data/go/gin-vue-admin/server/middleware/upload_security.go:25
github.com/gin-gonic/gin.(*Context).Next
	/Users/a1/go/pkg/mod/github.com/gin-gonic/gin@v1.10.0/context.go:185
github.com/gin-gonic/gin.LoggerWithConfig.func1
	/Users/a1/go/pkg/mod/github.com/gin-gonic/gin@v1.10.0/logger.go:249
github.com/gin-gonic/gin.(*Context).Next
	/Users/a1/go/pkg/mod/github.com/gin-gonic/gin@v1.10.0/context.go:185
github.com/flipped-aurora/gin-vue-admin/server/initialize.Routers.AccessLog.func4
	/Users/a1/data/go/gin-vue-admin/server/middleware/access_log.go:73
github.com/gin-gonic/gin.(*Context).Next
	/Users/a1/go/pkg/mod/github.com/gin-gonic/gin@v1.10.0/context.go:185
github.com/flipped-aurora/gin-vue-admin/server/initialize.Routers.GinRecovery.func3
	/Users/a1/data/go/gin-vue-admin/server/middleware/error.go:56
github.com/gin-gonic/gin.(*Context).Next
	/Users/a1/go/pkg/mod/github.com/gin-gonic/gin@v1.10.0/context.go:185
github.com/flipped-aurora/gin-vue-admin/server/initialize.Routers.RequestMeta.func2
	/Users/a1/data/go/gin-vue-admin/server/middleware/request_meta.go:39
github.com/gin-gonic/gin.(*Context).Next
	/Users/a1/go/pkg/mod/github.com/gin-gonic/gin@v1.10.0/context.go:185
github.com/gin-gonic/gin.(*Engine).handleHTTPRequest
	/Users/a1/go/pkg/mod/github.com/gin-gonic/gin@v1.10.0/gin.go:633
github.com/gin-gonic/gin.(*Engine).ServeHTTP
	/Users/a1/go/pkg/mod/github.com/gin-gonic/gin@v1.10.0/gin.go:589
net/http.serverHandler.ServeHTTP
	/usr/local/go/src/net/http/server.go:3311
net/http.(*conn).serve
	/usr/local/go/src/net/http/server.go:2073
[github.com/flipped-aurora/gin-vue-admin/server]2026-09-11 20:04:29.603	[31merror[0m	/Users/a1/data/go/gin-vue-admin/server/api/client/v1/member/auth.go:43	登录失败!	{"node": "", "app_id": "", "env": "", "error": "密码错误"}
github.com/flipped-aurora/gin-vue-admin/server/api/client/v1/member.(*AuthApi).Login
	/Users/a1/data/go/gin-vue-admin/server/api/client/v1/member/auth.go:43
github.com/gin-gonic/gin.(*Context).Next
	/Users/a1/go/pkg/mod/github.com/gin-gonic/gin@v1.10.0/context.go:185
github.com/flipped-aurora/gin-vue-admin/server/initialize.Routers.Cors.func5
	/Users/a1/data/go/gin-vue-admin/server/middleware/cors.go:26
github.com/gin-gonic/gin.(*Context).Next
	/Users/a1/go/pkg/mod/github.com/gin-gonic/gin@v1.10.0/context.go:185
github.com/flipped-aurora/gin-vue-admin/server/middleware.UploadResponseHeaders.func1
	/Users/a1/data/go/gin-vue-admin/server/middleware/upload_security.go:25
github.com/gin-gonic/gin.(*Context).Next
	/Users/a1/go/pkg/mod/github.com/gin-gonic/gin@v1.10.0/context.go:185
github.com/gin-gonic/gin.LoggerWithConfig.func1
	/Users/a1/go/pkg/mod/github.com/gin-gonic/gin@v1.10.0/logger.go:249
github.com/gin-gonic/gin.(*Context).Next
	/Users/a1/go/pkg/mod/github.com/gin-gonic/gin@v1.10.0/context.go:185
github.com/flipped-aurora/gin-vue-admin/server/initialize.Routers.AccessLog.func4
	/Users/a1/data/go/gin-vue-admin/server/middleware/access_log.go:73
github.com/gin-gonic/gin.(*Context).Next
	/Users/a1/go/pkg/mod/github.com/gin-gonic/gin@v1.10.0/context.go:185
github.com/flipped-aurora/gin-vue-admin/server/initialize.Routers.GinRecovery.func3
	/Users/a1/data/go/gin-vue-admin/server/middleware/error.go:56
github.com/gin-gonic/gin.(*Context).Next
	/Users/a1/go/pkg/mod/github.com/gin-gonic/gin@v1.10.0/context.go:185
github.com/flipped-aurora/gin-vue-admin/server/initialize.Routers.RequestMeta.func2
	/Users/a1/data/go/gin-vue-admin/server/middleware/request_meta.go:39
github.com/gin-gonic/gin.(*Context).Next
	/Users/a1/go/pkg/mod/github.com/gin-gonic/gin@v1.10.0/context.go:185
github.com/gin-gonic/gin.(*Engine).handleHTTPRequest
	/Users/a1/go/pkg/mod/github.com/gin-gonic/gin@v1.10.0/gin.go:633
github.com/gin-gonic/gin.(*Engine).ServeHTTP
	/Users/a1/go/pkg/mod/github.com/gin-gonic/gin@v1.10.0/gin.go:589
net/http.serverHandler.ServeHTTP
	/usr/local/go/src/net/http/server.go:3311
net/http.(*conn).serve
	/usr/local/go/src/net/http/server.go:2073
[github.com/flipped-aurora/gin-vue-admin/server]2026-09-11 20:28:57.646	[31merror[0m	/Users/a1/data/go/gin-vue-admin/server/api/client/v1/member/auth.go:43	登录失败!	{"node": "", "app_id": "", "env": "", "error": "密码错误"}
github.com/flipped-aurora/gin-vue-admin/server/api/client/v1/member.(*AuthApi).Login
	/Users/a1/data/go/gin-vue-admin/server/api/client/v1/member/auth.go:43
github.com/gin-gonic/gin.(*Context).Next
	/Users/a1/go/pkg/mod/github.com/gin-gonic/gin@v1.10.0/context.go:185
github.com/flipped-aurora/gin-vue-admin/server/initialize.Routers.Cors.func5
	/Users/a1/data/go/gin-vue-admin/server/middleware/cors.go:26
github.com/gin-gonic/gin.(*Context).Next
	/Users/a1/go/pkg/mod/github.com/gin-gonic/gin@v1.10.0/context.go:185
github.com/flipped-aurora/gin-vue-admin/server/middleware.UploadResponseHeaders.func1
	/Users/a1/data/go/gin-vue-admin/server/middleware/upload_security.go:25
github.com/gin-gonic/gin.(*Context).Next
	/Users/a1/go/pkg/mod/github.com/gin-gonic/gin@v1.10.0/context.go:185
github.com/gin-gonic/gin.LoggerWithConfig.func1
	/Users/a1/go/pkg/mod/github.com/gin-gonic/gin@v1.10.0/logger.go:249
github.com/gin-gonic/gin.(*Context).Next
	/Users/a1/go/pkg/mod/github.com/gin-gonic/gin@v1.10.0/context.go:185
github.com/flipped-aurora/gin-vue-admin/server/initialize.Routers.AccessLog.func4
	/Users/a1/data/go/gin-vue-admin/server/middleware/access_log.go:73
github.com/gin-gonic/gin.(*Context).Next
	/Users/a1/go/pkg/mod/github.com/gin-gonic/gin@v1.10.0/context.go:185
github.com/flipped-aurora/gin-vue-admin/server/initialize.Routers.GinRecovery.func3
	/Users/a1/data/go/gin-vue-admin/server/middleware/error.go:56
github.com/gin-gonic/gin.(*Context).Next
	/Users/a1/go/pkg/mod/github.com/gin-gonic/gin@v1.10.0/context.go:185
github.com/flipped-aurora/gin-vue-admin/server/initialize.Routers.RequestMeta.func2
	/Users/a1/data/go/gin-vue-admin/server/middleware/request_meta.go:39
github.com/gin-gonic/gin.(*Context).Next
	/Users/a1/go/pkg/mod/github.com/gin-gonic/gin@v1.10.0/context.go:185
github.com/gin-gonic/gin.(*Engine).handleHTTPRequest
	/Users/a1/go/pkg/mod/github.com/gin-gonic/gin@v1.10.0/gin.go:633
github.com/gin-gonic/gin.(*Engine).ServeHTTP
	/Users/a1/go/pkg/mod/github.com/gin-gonic/gin@v1.10.0/gin.go:589
net/http.serverHandler.ServeHTTP
	/usr/local/go/src/net/http/server.go:3311
net/http.(*conn).serve
	/usr/local/go/src/net/http/server.go:2073
[github.com/flipped-aurora/gin-vue-admin/server]2026-09-11 20:29:01.343	[31merror[0m	/Users/a1/data/go/gin-vue-admin/server/api/client/v1/member/auth.go:43	登录失败!	{"node": "", "app_id": "", "env": "", "error": "密码错误"}
github.com/flipped-aurora/gin-vue-admin/server/api/client/v1/member.(*AuthApi).Login
	/Users/a1/data/go/gin-vue-admin/server/api/client/v1/member/auth.go:43
github.com/gin-gonic/gin.(*Context).Next
	/Users/a1/go/pkg/mod/github.com/gin-gonic/gin@v1.10.0/context.go:185
github.com/flipped-aurora/gin-vue-admin/server/initialize.Routers.Cors.func5
	/Users/a1/data/go/gin-vue-admin/server/middleware/cors.go:26
github.com/gin-gonic/gin.(*Context).Next
	/Users/a1/go/pkg/mod/github.com/gin-gonic/gin@v1.10.0/context.go:185
github.com/flipped-aurora/gin-vue-admin/server/middleware.UploadResponseHeaders.func1
	/Users/a1/data/go/gin-vue-admin/server/middleware/upload_security.go:25
github.com/gin-gonic/gin.(*Context).Next
	/Users/a1/go/pkg/mod/github.com/gin-gonic/gin@v1.10.0/context.go:185
github.com/gin-gonic/gin.LoggerWithConfig.func1
	/Users/a1/go/pkg/mod/github.com/gin-gonic/gin@v1.10.0/logger.go:249
github.com/gin-gonic/gin.(*Context).Next
	/Users/a1/go/pkg/mod/github.com/gin-gonic/gin@v1.10.0/context.go:185
github.com/flipped-aurora/gin-vue-admin/server/initialize.Routers.AccessLog.func4
	/Users/a1/data/go/gin-vue-admin/server/middleware/access_log.go:73
github.com/gin-gonic/gin.(*Context).Next
	/Users/a1/go/pkg/mod/github.com/gin-gonic/gin@v1.10.0/context.go:185
github.com/flipped-aurora/gin-vue-admin/server/initialize.Routers.GinRecovery.func3
	/Users/a1/data/go/gin-vue-admin/server/middleware/error.go:56
github.com/gin-gonic/gin.(*Context).Next
	/Users/a1/go/pkg/mod/github.com/gin-gonic/gin@v1.10.0/context.go:185
github.com/flipped-aurora/gin-vue-admin/server/initialize.Routers.RequestMeta.func2
	/Users/a1/data/go/gin-vue-admin/server/middleware/request_meta.go:39
github.com/gin-gonic/gin.(*Context).Next
	/Users/a1/go/pkg/mod/github.com/gin-gonic/gin@v1.10.0/context.go:185
github.com/gin-gonic/gin.(*Engine).handleHTTPRequest
	/Users/a1/go/pkg/mod/github.com/gin-gonic/gin@v1.10.0/gin.go:633
github.com/gin-gonic/gin.(*Engine).ServeHTTP
	/Users/a1/go/pkg/mod/github.com/gin-gonic/gin@v1.10.0/gin.go:589
net/http.serverHandler.ServeHTTP
	/usr/local/go/src/net/http/server.go:3311
net/http.(*conn).serve
	/usr/local/go/src/net/http/server.go:2073
[github.com/flipped-aurora/gin-vue-admin/server]2026-09-11 20:54:48.669	[31merror[0m	/Users/a1/data/go/gin-vue-admin/server/api/client/v1/member/auth.go:43	登录失败!	{"node": "", "app_id": "", "env": "", "error": "密码错误"}
github.com/flipped-aurora/gin-vue-admin/server/api/client/v1/member.(*AuthApi).Login
	/Users/a1/data/go/gin-vue-admin/server/api/client/v1/member/auth.go:43
github.com/gin-gonic/gin.(*Context).Next
	/Users/a1/go/pkg/mod/github.com/gin-gonic/gin@v1.10.0/context.go:185
github.com/flipped-aurora/gin-vue-admin/server/initialize.Routers.Cors.func5
	/Users/a1/data/go/gin-vue-admin/server/middleware/cors.go:26
github.com/gin-gonic/gin.(*Context).Next
	/Users/a1/go/pkg/mod/github.com/gin-gonic/gin@v1.10.0/context.go:185
github.com/flipped-aurora/gin-vue-admin/server/middleware.UploadResponseHeaders.func1
	/Users/a1/data/go/gin-vue-admin/server/middleware/upload_security.go:25
github.com/gin-gonic/gin.(*Context).Next
	/Users/a1/go/pkg/mod/github.com/gin-gonic/gin@v1.10.0/context.go:185
github.com/gin-gonic/gin.LoggerWithConfig.func1
	/Users/a1/go/pkg/mod/github.com/gin-gonic/gin@v1.10.0/logger.go:249
github.com/gin-gonic/gin.(*Context).Next
	/Users/a1/go/pkg/mod/github.com/gin-gonic/gin@v1.10.0/context.go:185
github.com/flipped-aurora/gin-vue-admin/server/initialize.Routers.AccessLog.func4
	/Users/a1/data/go/gin-vue-admin/server/middleware/access_log.go:73
github.com/gin-gonic/gin.(*Context).Next
	/Users/a1/go/pkg/mod/github.com/gin-gonic/gin@v1.10.0/context.go:185
github.com/flipped-aurora/gin-vue-admin/server/initialize.Routers.GinRecovery.func3
	/Users/a1/data/go/gin-vue-admin/server/middleware/error.go:56
github.com/gin-gonic/gin.(*Context).Next
	/Users/a1/go/pkg/mod/github.com/gin-gonic/gin@v1.10.0/context.go:185
github.com/flipped-aurora/gin-vue-admin/server/initialize.Routers.RequestMeta.func2
	/Users/a1/data/go/gin-vue-admin/server/middleware/request_meta.go:39
github.com/gin-gonic/gin.(*Context).Next
	/Users/a1/go/pkg/mod/github.com/gin-gonic/gin@v1.10.0/context.go:185
github.com/gin-gonic/gin.(*Engine).handleHTTPRequest
	/Users/a1/go/pkg/mod/github.com/gin-gonic/gin@v1.10.0/gin.go:633
github.com/gin-gonic/gin.(*Engine).ServeHTTP
	/Users/a1/go/pkg/mod/github.com/gin-gonic/gin@v1.10.0/gin.go:589
net/http.serverHandler.ServeHTTP
	/usr/local/go/src/net/http/server.go:3311
net/http.(*conn).serve
	/usr/local/go/src/net/http/server.go:2073
[github.com/flipped-aurora/gin-vue-admin/server]2026-09-11 20:54:52.108	[31merror[0m	/Users/a1/data/go/gin-vue-admin/server/api/client/v1/member/auth.go:43	登录失败!	{"node": "", "app_id": "", "env": "", "error": "密码错误"}
github.com/flipped-aurora/gin-vue-admin/server/api/client/v1/member.(*AuthApi).Login
	/Users/a1/data/go/gin-vue-admin/server/api/client/v1/member/auth.go:43
github.com/gin-gonic/gin.(*Context).Next
	/Users/a1/go/pkg/mod/github.com/gin-gonic/gin@v1.10.0/context.go:185
github.com/flipped-aurora/gin-vue-admin/server/initialize.Routers.Cors.func5
	/Users/a1/data/go/gin-vue-admin/server/middleware/cors.go:26
github.com/gin-gonic/gin.(*Context).Next
	/Users/a1/go/pkg/mod/github.com/gin-gonic/gin@v1.10.0/context.go:185
github.com/flipped-aurora/gin-vue-admin/server/middleware.UploadResponseHeaders.func1
	/Users/a1/data/go/gin-vue-admin/server/middleware/upload_security.go:25
github.com/gin-gonic/gin.(*Context).Next
	/Users/a1/go/pkg/mod/github.com/gin-gonic/gin@v1.10.0/context.go:185
github.com/gin-gonic/gin.LoggerWithConfig.func1
	/Users/a1/go/pkg/mod/github.com/gin-gonic/gin@v1.10.0/logger.go:249
github.com/gin-gonic/gin.(*Context).Next
	/Users/a1/go/pkg/mod/github.com/gin-gonic/gin@v1.10.0/context.go:185
github.com/flipped-aurora/gin-vue-admin/server/initialize.Routers.AccessLog.func4
	/Users/a1/data/go/gin-vue-admin/server/middleware/access_log.go:73
github.com/gin-gonic/gin.(*Context).Next
	/Users/a1/go/pkg/mod/github.com/gin-gonic/gin@v1.10.0/context.go:185
github.com/flipped-aurora/gin-vue-admin/server/initialize.Routers.GinRecovery.func3
	/Users/a1/data/go/gin-vue-admin/server/middleware/error.go:56
github.com/gin-gonic/gin.(*Context).Next
	/Users/a1/go/pkg/mod/github.com/gin-gonic/gin@v1.10.0/context.go:185
github.com/flipped-aurora/gin-vue-admin/server/initialize.Routers.RequestMeta.func2
	/Users/a1/data/go/gin-vue-admin/server/middleware/request_meta.go:39
github.com/gin-gonic/gin.(*Context).Next
	/Users/a1/go/pkg/mod/github.com/gin-gonic/gin@v1.10.0/context.go:185
github.com/gin-gonic/gin.(*Engine).handleHTTPRequest
	/Users/a1/go/pkg/mod/github.com/gin-gonic/gin@v1.10.0/gin.go:633
github.com/gin-gonic/gin.(*Engine).ServeHTTP
	/Users/a1/go/pkg/mod/github.com/gin-gonic/gin@v1.10.0/gin.go:589
net/http.serverHandler.ServeHTTP
	/usr/local/go/src/net/http/server.go:3311
net/http.(*conn).serve
	/usr/local/go/src/net/http/server.go:2073
[github.com/flipped-aurora/gin-vue-admin/server]2026-09-11 20:59:28.593	[31merror[0m	/Users/a1/data/go/gin-vue-admin/server/api/client/v1/member/auth.go:43	登录失败!	{"node": "", "app_id": "", "env": "", "error": "手机号未注册"}
github.com/flipped-aurora/gin-vue-admin/server/api/client/v1/member.(*AuthApi).Login
	/Users/a1/data/go/gin-vue-admin/server/api/client/v1/member/auth.go:43
github.com/gin-gonic/gin.(*Context).Next
	/Users/a1/go/pkg/mod/github.com/gin-gonic/gin@v1.10.0/context.go:185
github.com/flipped-aurora/gin-vue-admin/server/initialize.Routers.Cors.func5
	/Users/a1/data/go/gin-vue-admin/server/middleware/cors.go:26
github.com/gin-gonic/gin.(*Context).Next
	/Users/a1/go/pkg/mod/github.com/gin-gonic/gin@v1.10.0/context.go:185
github.com/flipped-aurora/gin-vue-admin/server/middleware.UploadResponseHeaders.func1
	/Users/a1/data/go/gin-vue-admin/server/middleware/upload_security.go:25
github.com/gin-gonic/gin.(*Context).Next
	/Users/a1/go/pkg/mod/github.com/gin-gonic/gin@v1.10.0/context.go:185
github.com/gin-gonic/gin.LoggerWithConfig.func1
	/Users/a1/go/pkg/mod/github.com/gin-gonic/gin@v1.10.0/logger.go:249
github.com/gin-gonic/gin.(*Context).Next
	/Users/a1/go/pkg/mod/github.com/gin-gonic/gin@v1.10.0/context.go:185
github.com/flipped-aurora/gin-vue-admin/server/initialize.Routers.AccessLog.func4
	/Users/a1/data/go/gin-vue-admin/server/middleware/access_log.go:73
github.com/gin-gonic/gin.(*Context).Next
	/Users/a1/go/pkg/mod/github.com/gin-gonic/gin@v1.10.0/context.go:185
github.com/flipped-aurora/gin-vue-admin/server/initialize.Routers.GinRecovery.func3
	/Users/a1/data/go/gin-vue-admin/server/middleware/error.go:56
github.com/gin-gonic/gin.(*Context).Next
	/Users/a1/go/pkg/mod/github.com/gin-gonic/gin@v1.10.0/context.go:185
github.com/flipped-aurora/gin-vue-admin/server/initialize.Routers.RequestMeta.func2
	/Users/a1/data/go/gin-vue-admin/server/middleware/request_meta.go:39
github.com/gin-gonic/gin.(*Context).Next
	/Users/a1/go/pkg/mod/github.com/gin-gonic/gin@v1.10.0/context.go:185
github.com/gin-gonic/gin.(*Engine).handleHTTPRequest
	/Users/a1/go/pkg/mod/github.com/gin-gonic/gin@v1.10.0/gin.go:633
github.com/gin-gonic/gin.(*Engine).ServeHTTP
	/Users/a1/go/pkg/mod/github.com/gin-gonic/gin@v1.10.0/gin.go:589
net/http.serverHandler.ServeHTTP
	/usr/local/go/src/net/http/server.go:3311
net/http.(*conn).serve
	/usr/local/go/src/net/http/server.go:2073
[github.com/flipped-aurora/gin-vue-admin/server]2026-09-11 21:30:29.165	[31merror[0m	/Users/a1/data/go/gin-vue-admin/server/middleware/client_jwt.go:35	C端鉴权: 按ID查询会员失败	{"node": "", "app_id": "", "env": "", "member_id": 1, "error": "record not found"}
github.com/flipped-aurora/gin-vue-admin/server/router/client.(*MemberRouter).InitMemberRouter.ClientJWTAuth.func1
	/Users/a1/data/go/gin-vue-admin/server/middleware/client_jwt.go:35
github.com/gin-gonic/gin.(*Context).Next
	/Users/a1/go/pkg/mod/github.com/gin-gonic/gin@v1.10.0/context.go:185
github.com/flipped-aurora/gin-vue-admin/server/initialize.Routers.Cors.func5
	/Users/a1/data/go/gin-vue-admin/server/middleware/cors.go:26
github.com/gin-gonic/gin.(*Context).Next
	/Users/a1/go/pkg/mod/github.com/gin-gonic/gin@v1.10.0/context.go:185
github.com/flipped-aurora/gin-vue-admin/server/middleware.UploadResponseHeaders.func1
	/Users/a1/data/go/gin-vue-admin/server/middleware/upload_security.go:25
github.com/gin-gonic/gin.(*Context).Next
	/Users/a1/go/pkg/mod/github.com/gin-gonic/gin@v1.10.0/context.go:185
github.com/gin-gonic/gin.LoggerWithConfig.func1
	/Users/a1/go/pkg/mod/github.com/gin-gonic/gin@v1.10.0/logger.go:249
github.com/gin-gonic/gin.(*Context).Next
	/Users/a1/go/pkg/mod/github.com/gin-gonic/gin@v1.10.0/context.go:185
github.com/flipped-aurora/gin-vue-admin/server/initialize.Routers.AccessLog.func4
	/Users/a1/data/go/gin-vue-admin/server/middleware/access_log.go:73
github.com/gin-gonic/gin.(*Context).Next
	/Users/a1/go/pkg/mod/github.com/gin-gonic/gin@v1.10.0/context.go:185
github.com/flipped-aurora/gin-vue-admin/server/initialize.Routers.GinRecovery.func3
	/Users/a1/data/go/gin-vue-admin/server/middleware/error.go:56
github.com/gin-gonic/gin.(*Context).Next
	/Users/a1/go/pkg/mod/github.com/gin-gonic/gin@v1.10.0/context.go:185
github.com/flipped-aurora/gin-vue-admin/server/initialize.Routers.RequestMeta.func2
	/Users/a1/data/go/gin-vue-admin/server/middleware/request_meta.go:39
github.com/gin-gonic/gin.(*Context).Next
	/Users/a1/go/pkg/mod/github.com/gin-gonic/gin@v1.10.0/context.go:185
github.com/gin-gonic/gin.(*Engine).handleHTTPRequest
	/Users/a1/go/pkg/mod/github.com/gin-gonic/gin@v1.10.0/gin.go:633
github.com/gin-gonic/gin.(*Engine).ServeHTTP
	/Users/a1/go/pkg/mod/github.com/gin-gonic/gin@v1.10.0/gin.go:589
net/http.serverHandler.ServeHTTP
	/usr/local/go/src/net/http/server.go:3311
net/http.(*conn).serve
	/usr/local/go/src/net/http/server.go:2073
[github.com/flipped-aurora/gin-vue-admin/server]2026-09-11 21:35:39.192	[31merror[0m	/Users/a1/data/go/gin-vue-admin/server/initialize/internal/gorm_logger_writer.go:54	SQL 执行错误	{"node": "", "app_id": "", "env": "", "sql": "SELECT * FROM `addon_member` WHERE id = 1 AND `addon_member`.`deleted_at` IS NULL ORDER BY `addon_member`.`id` LIMIT 1", "rows": 0, "elapsed_ms": 18741, "mod": "sql", "request_id": "", "trace_id": "", "device_id": "", "client_ip": "", "http_method": "", "http_path": "", "error_msg": "invalid connection", "error_stack": "github.com/flipped-aurora/gin-vue-admin/server/utils/logger.(*Builder).assemble\n\t/Users/a1/data/go/gin-vue-admin/server/utils/logger/builder.go:64\ngithub.com/flipped-aurora/gin-vue-admin/server/utils/logger.(*Builder).log\n\t/Users/a1/data/go/gin-vue-admin/server/utils/logger/builder.go:75\ngithub.com/flipped-aurora/gin-vue-admin/server/utils/logger.(*Builder).Error\n\t/Users/a1/data/go/gin-vue-admin/server/utils/logger/builder.go:81\ngithub.com/flipped-aurora/gin-vue-admin/server/initialize/internal.(*GormLogger).Trace\n\t/Users/a1/data/go/gin-vue-admin/server/initialize/internal/gorm_logger_writer.go:54\ngorm.io/gorm.(*processor).Execute\n\t/Users/a1/go/pkg/mod/gorm.io/gorm@v1.31.1/callbacks.go:140\ngorm.io/gorm.(*DB).First\n\t/Users/a1/go/pkg/mod/gorm.io/gorm@v1.31.1/finisher_api.go:131\ngithub.com/flipped-aurora/gin-vue-admin/server/router/client.(*MemberRouter).InitMemberRouter.ClientJWTAuth.func1\n\t/Users/a1/data/go/gin-vue-admin/server/middleware/client_jwt.go:33\ngithub.com/gin-gonic/gin.(*Context).Next\n\t/Users/a1/go/pkg/mod/github.com/gin-gonic/gin@v1.10.0/context.go:185\ngithub.com/flipped-aurora/gin-vue-admin/server/initialize.Routers.Cors.func5\n\t/Users/a1/data/go/gin-vue-admin/server/middleware/cors.go:26\ngithub.com/gin-gonic/gin.(*Context).Next\n\t/Users/a1/go/pkg/mod/github.com/gin-gonic/gin@v1.10.0/context.go:185\ngithub.com/flipped-aurora/gin-vue-admin/server/middleware.UploadResponseHeaders.func1\n\t/Users/a1/data/go/gin-vue-admin/server/middleware/upload_security.go:25\ngithub.com/gin-gonic/gin.(*Context).Next\n\t/Users/a1/go/pkg/mod/github.com/gin-gonic/gin@v1.10.0/context.go:185\ngithub.com/gin-gonic/gin.LoggerWithConfig.func1\n\t/Users/a1/go/pkg/mod/github.com/gin-gonic/gin@v1.10.0/logger.go:249\ngithub.com/gin-gonic/gin.(*Context).Next\n\t/Users/a1/go/pkg/mod/github.com/gin-gonic/gin@v1.10.0/context.go:185\ngithub.com/flipped-aurora/gin-vue-admin/server/initialize.Routers.AccessLog.func4\n\t/Users/a1/data/go/gin-vue-admin/server/middleware/access_log.go:73\ngithub.com/gin-gonic/gin.(*Context).Next\n\t/Users/a1/go/pkg/mod/github.com/gin-gonic/gin@v1.10.0/context.go:185\ngithub.com/flipped-aurora/gin-vue-admin/server/initialize.Routers.GinRecovery.func3\n\t/Users/a1/data/go/gin-vue-admin/server/middleware/error.go:56\ngithub.com/gin-gonic/gin.(*Context).Next\n\t/Users/a1/go/pkg/mod/github.com/gin-gonic/gin@v1.10.0/context.go:185\ngithub.com/flipped-aurora/gin-vue-admin/server/initialize.Routers.RequestMeta.func2\n\t/Users/a1/data/go/gin-vue-admin/server/middleware/request_meta.go:39\ngithub.com/gin-gonic/gin.(*Context).Next\n\t/Users/a1/go/pkg/mod/github.com/gin-gonic/gin@v1.10.0/context.go:185\ngithub.com/gin-gonic/gin.(*Engine).handleHTTPRequest\n\t/Users/a1/go/pkg/mod/github.com/gin-gonic/gin@v1.10.0/gin.go:633\ngithub.com/gin-gonic/gin.(*Engine).ServeHTTP\n\t/Users/a1/go/pkg/mod/github.com/gin-gonic/gin@v1.10.0/gin.go:589\nnet/http.serverHandler.ServeHTTP\n\t/usr/local/go/src/net/http/server.go:3311\nnet/http.(*conn).serve\n\t/usr/local/go/src/net/http/server.go:2073"}
github.com/flipped-aurora/gin-vue-admin/server/initialize/internal.(*GormLogger).Trace
	/Users/a1/data/go/gin-vue-admin/server/initialize/internal/gorm_logger_writer.go:54
gorm.io/gorm.(*processor).Execute
	/Users/a1/go/pkg/mod/gorm.io/gorm@v1.31.1/callbacks.go:140
gorm.io/gorm.(*DB).First
	/Users/a1/go/pkg/mod/gorm.io/gorm@v1.31.1/finisher_api.go:131
github.com/flipped-aurora/gin-vue-admin/server/router/client.(*MemberRouter).InitMemberRouter.ClientJWTAuth.func1
	/Users/a1/data/go/gin-vue-admin/server/middleware/client_jwt.go:33
github.com/gin-gonic/gin.(*Context).Next
	/Users/a1/go/pkg/mod/github.com/gin-gonic/gin@v1.10.0/context.go:185
github.com/flipped-aurora/gin-vue-admin/server/initialize.Routers.Cors.func5
	/Users/a1/data/go/gin-vue-admin/server/middleware/cors.go:26
github.com/gin-gonic/gin.(*Context).Next
	/Users/a1/go/pkg/mod/github.com/gin-gonic/gin@v1.10.0/context.go:185
github.com/flipped-aurora/gin-vue-admin/server/middleware.UploadResponseHeaders.func1
	/Users/a1/data/go/gin-vue-admin/server/middleware/upload_security.go:25
github.com/gin-gonic/gin.(*Context).Next
	/Users/a1/go/pkg/mod/github.com/gin-gonic/gin@v1.10.0/context.go:185
github.com/gin-gonic/gin.LoggerWithConfig.func1
	/Users/a1/go/pkg/mod/github.com/gin-gonic/gin@v1.10.0/logger.go:249
github.com/gin-gonic/gin.(*Context).Next
	/Users/a1/go/pkg/mod/github.com/gin-gonic/gin@v1.10.0/context.go:185
github.com/flipped-aurora/gin-vue-admin/server/initialize.Routers.AccessLog.func4
	/Users/a1/data/go/gin-vue-admin/server/middleware/access_log.go:73
github.com/gin-gonic/gin.(*Context).Next
	/Users/a1/go/pkg/mod/github.com/gin-gonic/gin@v1.10.0/context.go:185
github.com/flipped-aurora/gin-vue-admin/server/initialize.Routers.GinRecovery.func3
	/Users/a1/data/go/gin-vue-admin/server/middleware/error.go:56
github.com/gin-gonic/gin.(*Context).Next
	/Users/a1/go/pkg/mod/github.com/gin-gonic/gin@v1.10.0/context.go:185
github.com/flipped-aurora/gin-vue-admin/server/initialize.Routers.RequestMeta.func2
	/Users/a1/data/go/gin-vue-admin/server/middleware/request_meta.go:39
github.com/gin-gonic/gin.(*Context).Next
	/Users/a1/go/pkg/mod/github.com/gin-gonic/gin@v1.10.0/context.go:185
github.com/gin-gonic/gin.(*Engine).handleHTTPRequest
	/Users/a1/go/pkg/mod/github.com/gin-gonic/gin@v1.10.0/gin.go:633
github.com/gin-gonic/gin.(*Engine).ServeHTTP
	/Users/a1/go/pkg/mod/github.com/gin-gonic/gin@v1.10.0/gin.go:589
net/http.serverHandler.ServeHTTP
	/usr/local/go/src/net/http/server.go:3311
net/http.(*conn).serve
	/usr/local/go/src/net/http/server.go:2073
[github.com/flipped-aurora/gin-vue-admin/server]2026-09-11 21:35:39.200	[31merror[0m	/Users/a1/data/go/gin-vue-admin/server/middleware/client_jwt.go:35	C端鉴权: 按ID查询会员失败	{"node": "", "app_id": "", "env": "", "member_id": 1, "error": "invalid connection"}
github.com/flipped-aurora/gin-vue-admin/server/router/client.(*MemberRouter).InitMemberRouter.ClientJWTAuth.func1
	/Users/a1/data/go/gin-vue-admin/server/middleware/client_jwt.go:35
github.com/gin-gonic/gin.(*Context).Next
	/Users/a1/go/pkg/mod/github.com/gin-gonic/gin@v1.10.0/context.go:185
github.com/flipped-aurora/gin-vue-admin/server/initialize.Routers.Cors.func5
	/Users/a1/data/go/gin-vue-admin/server/middleware/cors.go:26
github.com/gin-gonic/gin.(*Context).Next
	/Users/a1/go/pkg/mod/github.com/gin-gonic/gin@v1.10.0/context.go:185
github.com/flipped-aurora/gin-vue-admin/server/middleware.UploadResponseHeaders.func1
	/Users/a1/data/go/gin-vue-admin/server/middleware/upload_security.go:25
github.com/gin-gonic/gin.(*Context).Next
	/Users/a1/go/pkg/mod/github.com/gin-gonic/gin@v1.10.0/context.go:185
github.com/gin-gonic/gin.LoggerWithConfig.func1
	/Users/a1/go/pkg/mod/github.com/gin-gonic/gin@v1.10.0/logger.go:249
github.com/gin-gonic/gin.(*Context).Next
	/Users/a1/go/pkg/mod/github.com/gin-gonic/gin@v1.10.0/context.go:185
github.com/flipped-aurora/gin-vue-admin/server/initialize.Routers.AccessLog.func4
	/Users/a1/data/go/gin-vue-admin/server/middleware/access_log.go:73
github.com/gin-gonic/gin.(*Context).Next
	/Users/a1/go/pkg/mod/github.com/gin-gonic/gin@v1.10.0/context.go:185
github.com/flipped-aurora/gin-vue-admin/server/initialize.Routers.GinRecovery.func3
	/Users/a1/data/go/gin-vue-admin/server/middleware/error.go:56
github.com/gin-gonic/gin.(*Context).Next
	/Users/a1/go/pkg/mod/github.com/gin-gonic/gin@v1.10.0/context.go:185
github.com/flipped-aurora/gin-vue-admin/server/initialize.Routers.RequestMeta.func2
	/Users/a1/data/go/gin-vue-admin/server/middleware/request_meta.go:39
github.com/gin-gonic/gin.(*Context).Next
	/Users/a1/go/pkg/mod/github.com/gin-gonic/gin@v1.10.0/context.go:185
github.com/gin-gonic/gin.(*Engine).handleHTTPRequest
	/Users/a1/go/pkg/mod/github.com/gin-gonic/gin@v1.10.0/gin.go:633
github.com/gin-gonic/gin.(*Engine).ServeHTTP
	/Users/a1/go/pkg/mod/github.com/gin-gonic/gin@v1.10.0/gin.go:589
net/http.serverHandler.ServeHTTP
	/usr/local/go/src/net/http/server.go:3311
net/http.(*conn).serve
	/usr/local/go/src/net/http/server.go:2073
[github.com/flipped-aurora/gin-vue-admin/server]2026-09-11 21:35:59.000	[31merror[0m	/Users/a1/data/go/gin-vue-admin/server/initialize/internal/gorm_logger_writer.go:54	SQL 执行错误	{"node": "", "app_id": "", "env": "", "sql": "SELECT * FROM `addon_quant_ai_task` WHERE (status = 4 AND scheduled_at IS NOT NULL AND scheduled_at <= '2026-09-11 21:35:13.044') AND `addon_quant_ai_task`.`deleted_at` IS NULL", "rows": 0, "elapsed_ms": 45955, "mod": "sql", "request_id": "", "trace_id": "", "device_id": "", "client_ip": "", "http_method": "", "http_path": "", "error_msg": "invalid connection", "error_stack": "github.com/flipped-aurora/gin-vue-admin/server/utils/logger.(*Builder).assemble\n\t/Users/a1/data/go/gin-vue-admin/server/utils/logger/builder.go:64\ngithub.com/flipped-aurora/gin-vue-admin/server/utils/logger.(*Builder).log\n\t/Users/a1/data/go/gin-vue-admin/server/utils/logger/builder.go:75\ngithub.com/flipped-aurora/gin-vue-admin/server/utils/logger.(*Builder).Error\n\t/Users/a1/data/go/gin-vue-admin/server/utils/logger/builder.go:81\ngithub.com/flipped-aurora/gin-vue-admin/server/initialize/internal.(*GormLogger).Trace\n\t/Users/a1/data/go/gin-vue-admin/server/initialize/internal/gorm_logger_writer.go:54\ngorm.io/gorm.(*processor).Execute\n\t/Users/a1/go/pkg/mod/gorm.io/gorm@v1.31.1/callbacks.go:140\ngorm.io/gorm.(*DB).Find\n\t/Users/a1/go/pkg/mod/gorm.io/gorm@v1.31.1/finisher_api.go:172\ngithub.com/flipped-aurora/gin-vue-admin/server/service/quant.(*AiTaskService).dispatchScheduledTasks\n\t/Users/a1/data/go/gin-vue-admin/server/service/quant/ai_task_service.go:421\ngithub.com/flipped-aurora/gin-vue-admin/server/service/quant.StartAiTaskScheduler.func1.1\n\t/Users/a1/data/go/gin-vue-admin/server/service/quant/ai_task_service.go:410"}
github.com/flipped-aurora/gin-vue-admin/server/initialize/internal.(*GormLogger).Trace
	/Users/a1/data/go/gin-vue-admin/server/initialize/internal/gorm_logger_writer.go:54
gorm.io/gorm.(*processor).Execute
	/Users/a1/go/pkg/mod/gorm.io/gorm@v1.31.1/callbacks.go:140
gorm.io/gorm.(*DB).Find
	/Users/a1/go/pkg/mod/gorm.io/gorm@v1.31.1/finisher_api.go:172
github.com/flipped-aurora/gin-vue-admin/server/service/quant.(*AiTaskService).dispatchScheduledTasks
	/Users/a1/data/go/gin-vue-admin/server/service/quant/ai_task_service.go:421
github.com/flipped-aurora/gin-vue-admin/server/service/quant.StartAiTaskScheduler.func1.1
	/Users/a1/data/go/gin-vue-admin/server/service/quant/ai_task_service.go:410
[github.com/flipped-aurora/gin-vue-admin/server]2026-09-11 21:35:59.000	[31merror[0m	/Users/a1/data/go/gin-vue-admin/server/service/quant/ai_task_service.go:422	查询待调度AI任务失败	{"node": "", "app_id": "", "env": "", "error": "invalid connection"}
github.com/flipped-aurora/gin-vue-admin/server/service/quant.(*AiTaskService).dispatchScheduledTasks
	/Users/a1/data/go/gin-vue-admin/server/service/quant/ai_task_service.go:422
github.com/flipped-aurora/gin-vue-admin/server/service/quant.StartAiTaskScheduler.func1.1
	/Users/a1/data/go/gin-vue-admin/server/service/quant/ai_task_service.go:410
[github.com/flipped-aurora/gin-vue-admin/server]2026-09-11 21:40:58.982	[31merror[0m	/Users/a1/data/go/gin-vue-admin/server/middleware/client_jwt.go:35	C端鉴权: 按ID查询会员失败	{"node": "", "app_id": "", "env": "", "member_id": 1, "error": "record not found"}
github.com/flipped-aurora/gin-vue-admin/server/router/client.(*MemberRouter).InitMemberRouter.ClientJWTAuth.func1
	/Users/a1/data/go/gin-vue-admin/server/middleware/client_jwt.go:35
github.com/gin-gonic/gin.(*Context).Next
	/Users/a1/go/pkg/mod/github.com/gin-gonic/gin@v1.10.0/context.go:185
github.com/flipped-aurora/gin-vue-admin/server/initialize.Routers.Cors.func5
	/Users/a1/data/go/gin-vue-admin/server/middleware/cors.go:26
github.com/gin-gonic/gin.(*Context).Next
	/Users/a1/go/pkg/mod/github.com/gin-gonic/gin@v1.10.0/context.go:185
github.com/flipped-aurora/gin-vue-admin/server/middleware.UploadResponseHeaders.func1
	/Users/a1/data/go/gin-vue-admin/server/middleware/upload_security.go:25
github.com/gin-gonic/gin.(*Context).Next
	/Users/a1/go/pkg/mod/github.com/gin-gonic/gin@v1.10.0/context.go:185
github.com/gin-gonic/gin.LoggerWithConfig.func1
	/Users/a1/go/pkg/mod/github.com/gin-gonic/gin@v1.10.0/logger.go:249
github.com/gin-gonic/gin.(*Context).Next
	/Users/a1/go/pkg/mod/github.com/gin-gonic/gin@v1.10.0/context.go:185
github.com/flipped-aurora/gin-vue-admin/server/initialize.Routers.AccessLog.func4
	/Users/a1/data/go/gin-vue-admin/server/middleware/access_log.go:73
github.com/gin-gonic/gin.(*Context).Next
	/Users/a1/go/pkg/mod/github.com/gin-gonic/gin@v1.10.0/context.go:185
github.com/flipped-aurora/gin-vue-admin/server/initialize.Routers.GinRecovery.func3
	/Users/a1/data/go/gin-vue-admin/server/middleware/error.go:56
github.com/gin-gonic/gin.(*Context).Next
	/Users/a1/go/pkg/mod/github.com/gin-gonic/gin@v1.10.0/context.go:185
github.com/flipped-aurora/gin-vue-admin/server/initialize.Routers.RequestMeta.func2
	/Users/a1/data/go/gin-vue-admin/server/middleware/request_meta.go:39
github.com/gin-gonic/gin.(*Context).Next
	/Users/a1/go/pkg/mod/github.com/gin-gonic/gin@v1.10.0/context.go:185
github.com/gin-gonic/gin.(*Engine).handleHTTPRequest
	/Users/a1/go/pkg/mod/github.com/gin-gonic/gin@v1.10.0/gin.go:633
github.com/gin-gonic/gin.(*Engine).ServeHTTP
	/Users/a1/go/pkg/mod/github.com/gin-gonic/gin@v1.10.0/gin.go:589
net/http.serverHandler.ServeHTTP
	/usr/local/go/src/net/http/server.go:3311
net/http.(*conn).serve
	/usr/local/go/src/net/http/server.go:2073
[github.com/flipped-aurora/gin-vue-admin/server]2026-09-11 21:41:05.816	[31merror[0m	/Users/a1/data/go/gin-vue-admin/server/middleware/client_jwt.go:35	C端鉴权: 按ID查询会员失败	{"node": "", "app_id": "", "env": "", "member_id": 1, "error": "record not found"}
github.com/flipped-aurora/gin-vue-admin/server/router/client.(*MemberRouter).InitMemberRouter.ClientJWTAuth.func1
	/Users/a1/data/go/gin-vue-admin/server/middleware/client_jwt.go:35
github.com/gin-gonic/gin.(*Context).Next
	/Users/a1/go/pkg/mod/github.com/gin-gonic/gin@v1.10.0/context.go:185
github.com/flipped-aurora/gin-vue-admin/server/initialize.Routers.Cors.func5
	/Users/a1/data/go/gin-vue-admin/server/middleware/cors.go:26
github.com/gin-gonic/gin.(*Context).Next
	/Users/a1/go/pkg/mod/github.com/gin-gonic/gin@v1.10.0/context.go:185
github.com/flipped-aurora/gin-vue-admin/server/middleware.UploadResponseHeaders.func1
	/Users/a1/data/go/gin-vue-admin/server/middleware/upload_security.go:25
github.com/gin-gonic/gin.(*Context).Next
	/Users/a1/go/pkg/mod/github.com/gin-gonic/gin@v1.10.0/context.go:185
github.com/gin-gonic/gin.LoggerWithConfig.func1
	/Users/a1/go/pkg/mod/github.com/gin-gonic/gin@v1.10.0/logger.go:249
github.com/gin-gonic/gin.(*Context).Next
	/Users/a1/go/pkg/mod/github.com/gin-gonic/gin@v1.10.0/context.go:185
github.com/flipped-aurora/gin-vue-admin/server/initialize.Routers.AccessLog.func4
	/Users/a1/data/go/gin-vue-admin/server/middleware/access_log.go:73
github.com/gin-gonic/gin.(*Context).Next
	/Users/a1/go/pkg/mod/github.com/gin-gonic/gin@v1.10.0/context.go:185
github.com/flipped-aurora/gin-vue-admin/server/initialize.Routers.GinRecovery.func3
	/Users/a1/data/go/gin-vue-admin/server/middleware/error.go:56
github.com/gin-gonic/gin.(*Context).Next
	/Users/a1/go/pkg/mod/github.com/gin-gonic/gin@v1.10.0/context.go:185
github.com/flipped-aurora/gin-vue-admin/server/initialize.Routers.RequestMeta.func2
	/Users/a1/data/go/gin-vue-admin/server/middleware/request_meta.go:39
github.com/gin-gonic/gin.(*Context).Next
	/Users/a1/go/pkg/mod/github.com/gin-gonic/gin@v1.10.0/context.go:185
github.com/gin-gonic/gin.(*Engine).handleHTTPRequest
	/Users/a1/go/pkg/mod/github.com/gin-gonic/gin@v1.10.0/gin.go:633
github.com/gin-gonic/gin.(*Engine).ServeHTTP
	/Users/a1/go/pkg/mod/github.com/gin-gonic/gin@v1.10.0/gin.go:589
net/http.serverHandler.ServeHTTP
	/usr/local/go/src/net/http/server.go:3311
net/http.(*conn).serve
	/usr/local/go/src/net/http/server.go:2073
[github.com/flipped-aurora/gin-vue-admin/server]2026-09-11 21:41:18.085	[31merror[0m	/Users/a1/data/go/gin-vue-admin/server/middleware/client_jwt.go:35	C端鉴权: 按ID查询会员失败	{"node": "", "app_id": "", "env": "", "member_id": 1, "error": "record not found"}
github.com/flipped-aurora/gin-vue-admin/server/router/client.(*MemberRouter).InitMemberRouter.ClientJWTAuth.func1
	/Users/a1/data/go/gin-vue-admin/server/middleware/client_jwt.go:35
github.com/gin-gonic/gin.(*Context).Next
	/Users/a1/go/pkg/mod/github.com/gin-gonic/gin@v1.10.0/context.go:185
github.com/flipped-aurora/gin-vue-admin/server/initialize.Routers.Cors.func5
	/Users/a1/data/go/gin-vue-admin/server/middleware/cors.go:26
github.com/gin-gonic/gin.(*Context).Next
	/Users/a1/go/pkg/mod/github.com/gin-gonic/gin@v1.10.0/context.go:185
github.com/flipped-aurora/gin-vue-admin/server/middleware.UploadResponseHeaders.func1
	/Users/a1/data/go/gin-vue-admin/server/middleware/upload_security.go:25
github.com/gin-gonic/gin.(*Context).Next
	/Users/a1/go/pkg/mod/github.com/gin-gonic/gin@v1.10.0/context.go:185
github.com/gin-gonic/gin.LoggerWithConfig.func1
	/Users/a1/go/pkg/mod/github.com/gin-gonic/gin@v1.10.0/logger.go:249
github.com/gin-gonic/gin.(*Context).Next
	/Users/a1/go/pkg/mod/github.com/gin-gonic/gin@v1.10.0/context.go:185
github.com/flipped-aurora/gin-vue-admin/server/initialize.Routers.AccessLog.func4
	/Users/a1/data/go/gin-vue-admin/server/middleware/access_log.go:73
github.com/gin-gonic/gin.(*Context).Next
	/Users/a1/go/pkg/mod/github.com/gin-gonic/gin@v1.10.0/context.go:185
github.com/flipped-aurora/gin-vue-admin/server/initialize.Routers.GinRecovery.func3
	/Users/a1/data/go/gin-vue-admin/server/middleware/error.go:56
github.com/gin-gonic/gin.(*Context).Next
	/Users/a1/go/pkg/mod/github.com/gin-gonic/gin@v1.10.0/context.go:185
github.com/flipped-aurora/gin-vue-admin/server/initialize.Routers.RequestMeta.func2
	/Users/a1/data/go/gin-vue-admin/server/middleware/request_meta.go:39
github.com/gin-gonic/gin.(*Context).Next
	/Users/a1/go/pkg/mod/github.com/gin-gonic/gin@v1.10.0/context.go:185
github.com/gin-gonic/gin.(*Engine).handleHTTPRequest
	/Users/a1/go/pkg/mod/github.com/gin-gonic/gin@v1.10.0/gin.go:633
github.com/gin-gonic/gin.(*Engine).ServeHTTP
	/Users/a1/go/pkg/mod/github.com/gin-gonic/gin@v1.10.0/gin.go:589
net/http.serverHandler.ServeHTTP
	/usr/local/go/src/net/http/server.go:3311
net/http.(*conn).serve
	/usr/local/go/src/net/http/server.go:2073
[github.com/flipped-aurora/gin-vue-admin/server]2026-09-11 21:42:02.168	[31merror[0m	/Users/a1/data/go/gin-vue-admin/server/middleware/client_jwt.go:35	C端鉴权: 按ID查询会员失败	{"node": "", "app_id": "", "env": "", "member_id": 1, "error": "record not found"}
github.com/flipped-aurora/gin-vue-admin/server/router/client.(*MemberRouter).InitMemberRouter.ClientJWTAuth.func1
	/Users/a1/data/go/gin-vue-admin/server/middleware/client_jwt.go:35
github.com/gin-gonic/gin.(*Context).Next
	/Users/a1/go/pkg/mod/github.com/gin-gonic/gin@v1.10.0/context.go:185
github.com/flipped-aurora/gin-vue-admin/server/initialize.Routers.Cors.func5
	/Users/a1/data/go/gin-vue-admin/server/middleware/cors.go:26
github.com/gin-gonic/gin.(*Context).Next
	/Users/a1/go/pkg/mod/github.com/gin-gonic/gin@v1.10.0/context.go:185
github.com/flipped-aurora/gin-vue-admin/server/middleware.UploadResponseHeaders.func1
	/Users/a1/data/go/gin-vue-admin/server/middleware/upload_security.go:25
github.com/gin-gonic/gin.(*Context).Next
	/Users/a1/go/pkg/mod/github.com/gin-gonic/gin@v1.10.0/context.go:185
github.com/gin-gonic/gin.LoggerWithConfig.func1
	/Users/a1/go/pkg/mod/github.com/gin-gonic/gin@v1.10.0/logger.go:249
github.com/gin-gonic/gin.(*Context).Next
	/Users/a1/go/pkg/mod/github.com/gin-gonic/gin@v1.10.0/context.go:185
github.com/flipped-aurora/gin-vue-admin/server/initialize.Routers.AccessLog.func4
	/Users/a1/data/go/gin-vue-admin/server/middleware/access_log.go:73
github.com/gin-gonic/gin.(*Context).Next
	/Users/a1/go/pkg/mod/github.com/gin-gonic/gin@v1.10.0/context.go:185
github.com/flipped-aurora/gin-vue-admin/server/initialize.Routers.GinRecovery.func3
	/Users/a1/data/go/gin-vue-admin/server/middleware/error.go:56
github.com/gin-gonic/gin.(*Context).Next
	/Users/a1/go/pkg/mod/github.com/gin-gonic/gin@v1.10.0/context.go:185
github.com/flipped-aurora/gin-vue-admin/server/initialize.Routers.RequestMeta.func2
	/Users/a1/data/go/gin-vue-admin/server/middleware/request_meta.go:39
github.com/gin-gonic/gin.(*Context).Next
	/Users/a1/go/pkg/mod/github.com/gin-gonic/gin@v1.10.0/context.go:185
github.com/gin-gonic/gin.(*Engine).handleHTTPRequest
	/Users/a1/go/pkg/mod/github.com/gin-gonic/gin@v1.10.0/gin.go:633
github.com/gin-gonic/gin.(*Engine).ServeHTTP
	/Users/a1/go/pkg/mod/github.com/gin-gonic/gin@v1.10.0/gin.go:589
net/http.serverHandler.ServeHTTP
	/usr/local/go/src/net/http/server.go:3311
net/http.(*conn).serve
	/usr/local/go/src/net/http/server.go:2073
[github.com/flipped-aurora/gin-vue-admin/server]2026-09-11 21:42:57.829	[31merror[0m	/Users/a1/data/go/gin-vue-admin/server/middleware/client_jwt.go:35	C端鉴权: 按ID查询会员失败	{"node": "", "app_id": "", "env": "", "member_id": 1, "error": "record not found"}
github.com/flipped-aurora/gin-vue-admin/server/router/client.(*MemberRouter).InitMemberRouter.ClientJWTAuth.func1
	/Users/a1/data/go/gin-vue-admin/server/middleware/client_jwt.go:35
github.com/gin-gonic/gin.(*Context).Next
	/Users/a1/go/pkg/mod/github.com/gin-gonic/gin@v1.10.0/context.go:185
github.com/flipped-aurora/gin-vue-admin/server/initialize.Routers.Cors.func5
	/Users/a1/data/go/gin-vue-admin/server/middleware/cors.go:26
github.com/gin-gonic/gin.(*Context).Next
	/Users/a1/go/pkg/mod/github.com/gin-gonic/gin@v1.10.0/context.go:185
github.com/flipped-aurora/gin-vue-admin/server/middleware.UploadResponseHeaders.func1
	/Users/a1/data/go/gin-vue-admin/server/middleware/upload_security.go:25
github.com/gin-gonic/gin.(*Context).Next
	/Users/a1/go/pkg/mod/github.com/gin-gonic/gin@v1.10.0/context.go:185
github.com/gin-gonic/gin.LoggerWithConfig.func1
	/Users/a1/go/pkg/mod/github.com/gin-gonic/gin@v1.10.0/logger.go:249
github.com/gin-gonic/gin.(*Context).Next
	/Users/a1/go/pkg/mod/github.com/gin-gonic/gin@v1.10.0/context.go:185
github.com/flipped-aurora/gin-vue-admin/server/initialize.Routers.AccessLog.func4
	/Users/a1/data/go/gin-vue-admin/server/middleware/access_log.go:73
github.com/gin-gonic/gin.(*Context).Next
	/Users/a1/go/pkg/mod/github.com/gin-gonic/gin@v1.10.0/context.go:185
github.com/flipped-aurora/gin-vue-admin/server/initialize.Routers.GinRecovery.func3
	/Users/a1/data/go/gin-vue-admin/server/middleware/error.go:56
github.com/gin-gonic/gin.(*Context).Next
	/Users/a1/go/pkg/mod/github.com/gin-gonic/gin@v1.10.0/context.go:185
github.com/flipped-aurora/gin-vue-admin/server/initialize.Routers.RequestMeta.func2
	/Users/a1/data/go/gin-vue-admin/server/middleware/request_meta.go:39
github.com/gin-gonic/gin.(*Context).Next
	/Users/a1/go/pkg/mod/github.com/gin-gonic/gin@v1.10.0/context.go:185
github.com/gin-gonic/gin.(*Engine).handleHTTPRequest
	/Users/a1/go/pkg/mod/github.com/gin-gonic/gin@v1.10.0/gin.go:633
github.com/gin-gonic/gin.(*Engine).ServeHTTP
	/Users/a1/go/pkg/mod/github.com/gin-gonic/gin@v1.10.0/gin.go:589
net/http.serverHandler.ServeHTTP
	/usr/local/go/src/net/http/server.go:3311
net/http.(*conn).serve
	/usr/local/go/src/net/http/server.go:2073
[github.com/flipped-aurora/gin-vue-admin/server]2026-09-11 21:42:59.262	[31merror[0m	/Users/a1/data/go/gin-vue-admin/server/middleware/client_jwt.go:35	C端鉴权: 按ID查询会员失败	{"node": "", "app_id": "", "env": "", "member_id": 1, "error": "record not found"}
github.com/flipped-aurora/gin-vue-admin/server/router/client.(*MemberRouter).InitMemberRouter.ClientJWTAuth.func1
	/Users/a1/data/go/gin-vue-admin/server/middleware/client_jwt.go:35
github.com/gin-gonic/gin.(*Context).Next
	/Users/a1/go/pkg/mod/github.com/gin-gonic/gin@v1.10.0/context.go:185
github.com/flipped-aurora/gin-vue-admin/server/initialize.Routers.Cors.func5
	/Users/a1/data/go/gin-vue-admin/server/middleware/cors.go:26
github.com/gin-gonic/gin.(*Context).Next
	/Users/a1/go/pkg/mod/github.com/gin-gonic/gin@v1.10.0/context.go:185
github.com/flipped-aurora/gin-vue-admin/server/middleware.UploadResponseHeaders.func1
	/Users/a1/data/go/gin-vue-admin/server/middleware/upload_security.go:25
github.com/gin-gonic/gin.(*Context).Next
	/Users/a1/go/pkg/mod/github.com/gin-gonic/gin@v1.10.0/context.go:185
github.com/gin-gonic/gin.LoggerWithConfig.func1
	/Users/a1/go/pkg/mod/github.com/gin-gonic/gin@v1.10.0/logger.go:249
github.com/gin-gonic/gin.(*Context).Next
	/Users/a1/go/pkg/mod/github.com/gin-gonic/gin@v1.10.0/context.go:185
github.com/flipped-aurora/gin-vue-admin/server/initialize.Routers.AccessLog.func4
	/Users/a1/data/go/gin-vue-admin/server/middleware/access_log.go:73
github.com/gin-gonic/gin.(*Context).Next
	/Users/a1/go/pkg/mod/github.com/gin-gonic/gin@v1.10.0/context.go:185
github.com/flipped-aurora/gin-vue-admin/server/initialize.Routers.GinRecovery.func3
	/Users/a1/data/go/gin-vue-admin/server/middleware/error.go:56
github.com/gin-gonic/gin.(*Context).Next
	/Users/a1/go/pkg/mod/github.com/gin-gonic/gin@v1.10.0/context.go:185
github.com/flipped-aurora/gin-vue-admin/server/initialize.Routers.RequestMeta.func2
	/Users/a1/data/go/gin-vue-admin/server/middleware/request_meta.go:39
github.com/gin-gonic/gin.(*Context).Next
	/Users/a1/go/pkg/mod/github.com/gin-gonic/gin@v1.10.0/context.go:185
github.com/gin-gonic/gin.(*Engine).handleHTTPRequest
	/Users/a1/go/pkg/mod/github.com/gin-gonic/gin@v1.10.0/gin.go:633
github.com/gin-gonic/gin.(*Engine).ServeHTTP
	/Users/a1/go/pkg/mod/github.com/gin-gonic/gin@v1.10.0/gin.go:589
net/http.serverHandler.ServeHTTP
	/usr/local/go/src/net/http/server.go:3311
net/http.(*conn).serve
	/usr/local/go/src/net/http/server.go:2073
[github.com/flipped-aurora/gin-vue-admin/server]2026-09-11 21:43:01.628	[31merror[0m	/Users/a1/data/go/gin-vue-admin/server/middleware/client_jwt.go:35	C端鉴权: 按ID查询会员失败	{"node": "", "app_id": "", "env": "", "member_id": 1, "error": "record not found"}
github.com/flipped-aurora/gin-vue-admin/server/router/client.(*MemberRouter).InitMemberRouter.ClientJWTAuth.func1
	/Users/a1/data/go/gin-vue-admin/server/middleware/client_jwt.go:35
github.com/gin-gonic/gin.(*Context).Next
	/Users/a1/go/pkg/mod/github.com/gin-gonic/gin@v1.10.0/context.go:185
github.com/flipped-aurora/gin-vue-admin/server/initialize.Routers.Cors.func5
	/Users/a1/data/go/gin-vue-admin/server/middleware/cors.go:26
github.com/gin-gonic/gin.(*Context).Next
	/Users/a1/go/pkg/mod/github.com/gin-gonic/gin@v1.10.0/context.go:185
github.com/flipped-aurora/gin-vue-admin/server/middleware.UploadResponseHeaders.func1
	/Users/a1/data/go/gin-vue-admin/server/middleware/upload_security.go:25
github.com/gin-gonic/gin.(*Context).Next
	/Users/a1/go/pkg/mod/github.com/gin-gonic/gin@v1.10.0/context.go:185
github.com/gin-gonic/gin.LoggerWithConfig.func1
	/Users/a1/go/pkg/mod/github.com/gin-gonic/gin@v1.10.0/logger.go:249
github.com/gin-gonic/gin.(*Context).Next
	/Users/a1/go/pkg/mod/github.com/gin-gonic/gin@v1.10.0/context.go:185
github.com/flipped-aurora/gin-vue-admin/server/initialize.Routers.AccessLog.func4
	/Users/a1/data/go/gin-vue-admin/server/middleware/access_log.go:73
github.com/gin-gonic/gin.(*Context).Next
	/Users/a1/go/pkg/mod/github.com/gin-gonic/gin@v1.10.0/context.go:185
github.com/flipped-aurora/gin-vue-admin/server/initialize.Routers.GinRecovery.func3
	/Users/a1/data/go/gin-vue-admin/server/middleware/error.go:56
github.com/gin-gonic/gin.(*Context).Next
	/Users/a1/go/pkg/mod/github.com/gin-gonic/gin@v1.10.0/context.go:185
github.com/flipped-aurora/gin-vue-admin/server/initialize.Routers.RequestMeta.func2
	/Users/a1/data/go/gin-vue-admin/server/middleware/request_meta.go:39
github.com/gin-gonic/gin.(*Context).Next
	/Users/a1/go/pkg/mod/github.com/gin-gonic/gin@v1.10.0/context.go:185
github.com/gin-gonic/gin.(*Engine).handleHTTPRequest
	/Users/a1/go/pkg/mod/github.com/gin-gonic/gin@v1.10.0/gin.go:633
github.com/gin-gonic/gin.(*Engine).ServeHTTP
	/Users/a1/go/pkg/mod/github.com/gin-gonic/gin@v1.10.0/gin.go:589
net/http.serverHandler.ServeHTTP
	/usr/local/go/src/net/http/server.go:3311
net/http.(*conn).serve
	/usr/local/go/src/net/http/server.go:2073
[github.com/flipped-aurora/gin-vue-admin/server]2026-09-11 21:43:03.128	[31merror[0m	/Users/a1/data/go/gin-vue-admin/server/middleware/client_jwt.go:35	C端鉴权: 按ID查询会员失败	{"node": "", "app_id": "", "env": "", "member_id": 1, "error": "record not found"}
github.com/flipped-aurora/gin-vue-admin/server/router/client.(*MemberRouter).InitMemberRouter.ClientJWTAuth.func1
	/Users/a1/data/go/gin-vue-admin/server/middleware/client_jwt.go:35
github.com/gin-gonic/gin.(*Context).Next
	/Users/a1/go/pkg/mod/github.com/gin-gonic/gin@v1.10.0/context.go:185
github.com/flipped-aurora/gin-vue-admin/server/initialize.Routers.Cors.func5
	/Users/a1/data/go/gin-vue-admin/server/middleware/cors.go:26
github.com/gin-gonic/gin.(*Context).Next
	/Users/a1/go/pkg/mod/github.com/gin-gonic/gin@v1.10.0/context.go:185
github.com/flipped-aurora/gin-vue-admin/server/middleware.UploadResponseHeaders.func1
	/Users/a1/data/go/gin-vue-admin/server/middleware/upload_security.go:25
github.com/gin-gonic/gin.(*Context).Next
	/Users/a1/go/pkg/mod/github.com/gin-gonic/gin@v1.10.0/context.go:185
github.com/gin-gonic/gin.LoggerWithConfig.func1
	/Users/a1/go/pkg/mod/github.com/gin-gonic/gin@v1.10.0/logger.go:249
github.com/gin-gonic/gin.(*Context).Next
	/Users/a1/go/pkg/mod/github.com/gin-gonic/gin@v1.10.0/context.go:185
github.com/flipped-aurora/gin-vue-admin/server/initialize.Routers.AccessLog.func4
	/Users/a1/data/go/gin-vue-admin/server/middleware/access_log.go:73
github.com/gin-gonic/gin.(*Context).Next
	/Users/a1/go/pkg/mod/github.com/gin-gonic/gin@v1.10.0/context.go:185
github.com/flipped-aurora/gin-vue-admin/server/initialize.Routers.GinRecovery.func3
	/Users/a1/data/go/gin-vue-admin/server/middleware/error.go:56
github.com/gin-gonic/gin.(*Context).Next
	/Users/a1/go/pkg/mod/github.com/gin-gonic/gin@v1.10.0/context.go:185
github.com/flipped-aurora/gin-vue-admin/server/initialize.Routers.RequestMeta.func2
	/Users/a1/data/go/gin-vue-admin/server/middleware/request_meta.go:39
github.com/gin-gonic/gin.(*Context).Next
	/Users/a1/go/pkg/mod/github.com/gin-gonic/gin@v1.10.0/context.go:185
github.com/gin-gonic/gin.(*Engine).handleHTTPRequest
	/Users/a1/go/pkg/mod/github.com/gin-gonic/gin@v1.10.0/gin.go:633
github.com/gin-gonic/gin.(*Engine).ServeHTTP
	/Users/a1/go/pkg/mod/github.com/gin-gonic/gin@v1.10.0/gin.go:589
net/http.serverHandler.ServeHTTP
	/usr/local/go/src/net/http/server.go:3311
net/http.(*conn).serve
	/usr/local/go/src/net/http/server.go:2073
[github.com/flipped-aurora/gin-vue-admin/server]2026-09-11 21:43:55.120	[31merror[0m	/Users/a1/data/go/gin-vue-admin/server/middleware/client_jwt.go:35	C端鉴权: 按ID查询会员失败	{"node": "", "app_id": "", "env": "", "member_id": 1, "error": "record not found"}
github.com/flipped-aurora/gin-vue-admin/server/router/client.(*MemberRouter).InitMemberRouter.ClientJWTAuth.func1
	/Users/a1/data/go/gin-vue-admin/server/middleware/client_jwt.go:35
github.com/gin-gonic/gin.(*Context).Next
	/Users/a1/go/pkg/mod/github.com/gin-gonic/gin@v1.10.0/context.go:185
github.com/flipped-aurora/gin-vue-admin/server/initialize.Routers.Cors.func5
	/Users/a1/data/go/gin-vue-admin/server/middleware/cors.go:26
github.com/gin-gonic/gin.(*Context).Next
	/Users/a1/go/pkg/mod/github.com/gin-gonic/gin@v1.10.0/context.go:185
github.com/flipped-aurora/gin-vue-admin/server/middleware.UploadResponseHeaders.func1
	/Users/a1/data/go/gin-vue-admin/server/middleware/upload_security.go:25
github.com/gin-gonic/gin.(*Context).Next
	/Users/a1/go/pkg/mod/github.com/gin-gonic/gin@v1.10.0/context.go:185
github.com/gin-gonic/gin.LoggerWithConfig.func1
	/Users/a1/go/pkg/mod/github.com/gin-gonic/gin@v1.10.0/logger.go:249
github.com/gin-gonic/gin.(*Context).Next
	/Users/a1/go/pkg/mod/github.com/gin-gonic/gin@v1.10.0/context.go:185
github.com/flipped-aurora/gin-vue-admin/server/initialize.Routers.AccessLog.func4
	/Users/a1/data/go/gin-vue-admin/server/middleware/access_log.go:73
github.com/gin-gonic/gin.(*Context).Next
	/Users/a1/go/pkg/mod/github.com/gin-gonic/gin@v1.10.0/context.go:185
github.com/flipped-aurora/gin-vue-admin/server/initialize.Routers.GinRecovery.func3
	/Users/a1/data/go/gin-vue-admin/server/middleware/error.go:56
github.com/gin-gonic/gin.(*Context).Next
	/Users/a1/go/pkg/mod/github.com/gin-gonic/gin@v1.10.0/context.go:185
github.com/flipped-aurora/gin-vue-admin/server/initialize.Routers.RequestMeta.func2
	/Users/a1/data/go/gin-vue-admin/server/middleware/request_meta.go:39
github.com/gin-gonic/gin.(*Context).Next
	/Users/a1/go/pkg/mod/github.com/gin-gonic/gin@v1.10.0/context.go:185
github.com/gin-gonic/gin.(*Engine).handleHTTPRequest
	/Users/a1/go/pkg/mod/github.com/gin-gonic/gin@v1.10.0/gin.go:633
github.com/gin-gonic/gin.(*Engine).ServeHTTP
	/Users/a1/go/pkg/mod/github.com/gin-gonic/gin@v1.10.0/gin.go:589
net/http.serverHandler.ServeHTTP
	/usr/local/go/src/net/http/server.go:3311
net/http.(*conn).serve
	/usr/local/go/src/net/http/server.go:2073
[github.com/flipped-aurora/gin-vue-admin/server]2026-09-11 21:44:08.591	[31merror[0m	/Users/a1/data/go/gin-vue-admin/server/middleware/client_jwt.go:35	C端鉴权: 按ID查询会员失败	{"node": "", "app_id": "", "env": "", "member_id": 1, "error": "record not found"}
github.com/flipped-aurora/gin-vue-admin/server/router/client.(*MemberRouter).InitMemberRouter.ClientJWTAuth.func1
	/Users/a1/data/go/gin-vue-admin/server/middleware/client_jwt.go:35
github.com/gin-gonic/gin.(*Context).Next
	/Users/a1/go/pkg/mod/github.com/gin-gonic/gin@v1.10.0/context.go:185
github.com/flipped-aurora/gin-vue-admin/server/initialize.Routers.Cors.func5
	/Users/a1/data/go/gin-vue-admin/server/middleware/cors.go:26
github.com/gin-gonic/gin.(*Context).Next
	/Users/a1/go/pkg/mod/github.com/gin-gonic/gin@v1.10.0/context.go:185
github.com/flipped-aurora/gin-vue-admin/server/middleware.UploadResponseHeaders.func1
	/Users/a1/data/go/gin-vue-admin/server/middleware/upload_security.go:25
github.com/gin-gonic/gin.(*Context).Next
	/Users/a1/go/pkg/mod/github.com/gin-gonic/gin@v1.10.0/context.go:185
github.com/gin-gonic/gin.LoggerWithConfig.func1
	/Users/a1/go/pkg/mod/github.com/gin-gonic/gin@v1.10.0/logger.go:249
github.com/gin-gonic/gin.(*Context).Next
	/Users/a1/go/pkg/mod/github.com/gin-gonic/gin@v1.10.0/context.go:185
github.com/flipped-aurora/gin-vue-admin/server/initialize.Routers.AccessLog.func4
	/Users/a1/data/go/gin-vue-admin/server/middleware/access_log.go:73
github.com/gin-gonic/gin.(*Context).Next
	/Users/a1/go/pkg/mod/github.com/gin-gonic/gin@v1.10.0/context.go:185
github.com/flipped-aurora/gin-vue-admin/server/initialize.Routers.GinRecovery.func3
	/Users/a1/data/go/gin-vue-admin/server/middleware/error.go:56
github.com/gin-gonic/gin.(*Context).Next
	/Users/a1/go/pkg/mod/github.com/gin-gonic/gin@v1.10.0/context.go:185
github.com/flipped-aurora/gin-vue-admin/server/initialize.Routers.RequestMeta.func2
	/Users/a1/data/go/gin-vue-admin/server/middleware/request_meta.go:39
github.com/gin-gonic/gin.(*Context).Next
	/Users/a1/go/pkg/mod/github.com/gin-gonic/gin@v1.10.0/context.go:185
github.com/gin-gonic/gin.(*Engine).handleHTTPRequest
	/Users/a1/go/pkg/mod/github.com/gin-gonic/gin@v1.10.0/gin.go:633
github.com/gin-gonic/gin.(*Engine).ServeHTTP
	/Users/a1/go/pkg/mod/github.com/gin-gonic/gin@v1.10.0/gin.go:589
net/http.serverHandler.ServeHTTP
	/usr/local/go/src/net/http/server.go:3311
net/http.(*conn).serve
	/usr/local/go/src/net/http/server.go:2073
[github.com/flipped-aurora/gin-vue-admin/server]2026-09-11 21:45:39.489	[31merror[0m	/Users/a1/data/go/gin-vue-admin/server/middleware/client_jwt.go:35	C端鉴权: 按ID查询会员失败	{"node": "", "app_id": "", "env": "", "member_id": 1, "error": "record not found"}
github.com/flipped-aurora/gin-vue-admin/server/router/client.(*MemberRouter).InitMemberRouter.ClientJWTAuth.func1
	/Users/a1/data/go/gin-vue-admin/server/middleware/client_jwt.go:35
github.com/gin-gonic/gin.(*Context).Next
	/Users/a1/go/pkg/mod/github.com/gin-gonic/gin@v1.10.0/context.go:185
github.com/flipped-aurora/gin-vue-admin/server/initialize.Routers.Cors.func5
	/Users/a1/data/go/gin-vue-admin/server/middleware/cors.go:26
github.com/gin-gonic/gin.(*Context).Next
	/Users/a1/go/pkg/mod/github.com/gin-gonic/gin@v1.10.0/context.go:185
github.com/flipped-aurora/gin-vue-admin/server/middleware.UploadResponseHeaders.func1
	/Users/a1/data/go/gin-vue-admin/server/middleware/upload_security.go:25
github.com/gin-gonic/gin.(*Context).Next
	/Users/a1/go/pkg/mod/github.com/gin-gonic/gin@v1.10.0/context.go:185
github.com/gin-gonic/gin.LoggerWithConfig.func1
	/Users/a1/go/pkg/mod/github.com/gin-gonic/gin@v1.10.0/logger.go:249
github.com/gin-gonic/gin.(*Context).Next
	/Users/a1/go/pkg/mod/github.com/gin-gonic/gin@v1.10.0/context.go:185
github.com/flipped-aurora/gin-vue-admin/server/initialize.Routers.AccessLog.func4
	/Users/a1/data/go/gin-vue-admin/server/middleware/access_log.go:73
github.com/gin-gonic/gin.(*Context).Next
	/Users/a1/go/pkg/mod/github.com/gin-gonic/gin@v1.10.0/context.go:185
github.com/flipped-aurora/gin-vue-admin/server/initialize.Routers.GinRecovery.func3
	/Users/a1/data/go/gin-vue-admin/server/middleware/error.go:56
github.com/gin-gonic/gin.(*Context).Next
	/Users/a1/go/pkg/mod/github.com/gin-gonic/gin@v1.10.0/context.go:185
github.com/flipped-aurora/gin-vue-admin/server/initialize.Routers.RequestMeta.func2
	/Users/a1/data/go/gin-vue-admin/server/middleware/request_meta.go:39
github.com/gin-gonic/gin.(*Context).Next
	/Users/a1/go/pkg/mod/github.com/gin-gonic/gin@v1.10.0/context.go:185
github.com/gin-gonic/gin.(*Engine).handleHTTPRequest
	/Users/a1/go/pkg/mod/github.com/gin-gonic/gin@v1.10.0/gin.go:633
github.com/gin-gonic/gin.(*Engine).ServeHTTP
	/Users/a1/go/pkg/mod/github.com/gin-gonic/gin@v1.10.0/gin.go:589
net/http.serverHandler.ServeHTTP
	/usr/local/go/src/net/http/server.go:3311
net/http.(*conn).serve
	/usr/local/go/src/net/http/server.go:2073
[github.com/flipped-aurora/gin-vue-admin/server]2026-09-11 21:45:40.668	[31merror[0m	/Users/a1/data/go/gin-vue-admin/server/middleware/client_jwt.go:35	C端鉴权: 按ID查询会员失败	{"node": "", "app_id": "", "env": "", "member_id": 1, "error": "record not found"}
github.com/flipped-aurora/gin-vue-admin/server/router/client.(*MemberRouter).InitMemberRouter.ClientJWTAuth.func1
	/Users/a1/data/go/gin-vue-admin/server/middleware/client_jwt.go:35
github.com/gin-gonic/gin.(*Context).Next
	/Users/a1/go/pkg/mod/github.com/gin-gonic/gin@v1.10.0/context.go:185
github.com/flipped-aurora/gin-vue-admin/server/initialize.Routers.Cors.func5
	/Users/a1/data/go/gin-vue-admin/server/middleware/cors.go:26
github.com/gin-gonic/gin.(*Context).Next
	/Users/a1/go/pkg/mod/github.com/gin-gonic/gin@v1.10.0/context.go:185
github.com/flipped-aurora/gin-vue-admin/server/middleware.UploadResponseHeaders.func1
	/Users/a1/data/go/gin-vue-admin/server/middleware/upload_security.go:25
github.com/gin-gonic/gin.(*Context).Next
	/Users/a1/go/pkg/mod/github.com/gin-gonic/gin@v1.10.0/context.go:185
github.com/gin-gonic/gin.LoggerWithConfig.func1
	/Users/a1/go/pkg/mod/github.com/gin-gonic/gin@v1.10.0/logger.go:249
github.com/gin-gonic/gin.(*Context).Next
	/Users/a1/go/pkg/mod/github.com/gin-gonic/gin@v1.10.0/context.go:185
github.com/flipped-aurora/gin-vue-admin/server/initialize.Routers.AccessLog.func4
	/Users/a1/data/go/gin-vue-admin/server/middleware/access_log.go:73
github.com/gin-gonic/gin.(*Context).Next
	/Users/a1/go/pkg/mod/github.com/gin-gonic/gin@v1.10.0/context.go:185
github.com/flipped-aurora/gin-vue-admin/server/initialize.Routers.GinRecovery.func3
	/Users/a1/data/go/gin-vue-admin/server/middleware/error.go:56
github.com/gin-gonic/gin.(*Context).Next
	/Users/a1/go/pkg/mod/github.com/gin-gonic/gin@v1.10.0/context.go:185
github.com/flipped-aurora/gin-vue-admin/server/initialize.Routers.RequestMeta.func2
	/Users/a1/data/go/gin-vue-admin/server/middleware/request_meta.go:39
github.com/gin-gonic/gin.(*Context).Next
	/Users/a1/go/pkg/mod/github.com/gin-gonic/gin@v1.10.0/context.go:185
github.com/gin-gonic/gin.(*Engine).handleHTTPRequest
	/Users/a1/go/pkg/mod/github.com/gin-gonic/gin@v1.10.0/gin.go:633
github.com/gin-gonic/gin.(*Engine).ServeHTTP
	/Users/a1/go/pkg/mod/github.com/gin-gonic/gin@v1.10.0/gin.go:589
net/http.serverHandler.ServeHTTP
	/usr/local/go/src/net/http/server.go:3311
net/http.(*conn).serve
	/usr/local/go/src/net/http/server.go:2073
[github.com/flipped-aurora/gin-vue-admin/server]2026-09-11 21:45:42.092	[31merror[0m	/Users/a1/data/go/gin-vue-admin/server/middleware/client_jwt.go:35	C端鉴权: 按ID查询会员失败	{"node": "", "app_id": "", "env": "", "member_id": 1, "error": "record not found"}
github.com/flipped-aurora/gin-vue-admin/server/router/client.(*MemberRouter).InitMemberRouter.ClientJWTAuth.func1
	/Users/a1/data/go/gin-vue-admin/server/middleware/client_jwt.go:35
github.com/gin-gonic/gin.(*Context).Next
	/Users/a1/go/pkg/mod/github.com/gin-gonic/gin@v1.10.0/context.go:185
github.com/flipped-aurora/gin-vue-admin/server/initialize.Routers.Cors.func5
	/Users/a1/data/go/gin-vue-admin/server/middleware/cors.go:26
github.com/gin-gonic/gin.(*Context).Next
	/Users/a1/go/pkg/mod/github.com/gin-gonic/gin@v1.10.0/context.go:185
github.com/flipped-aurora/gin-vue-admin/server/middleware.UploadResponseHeaders.func1
	/Users/a1/data/go/gin-vue-admin/server/middleware/upload_security.go:25
github.com/gin-gonic/gin.(*Context).Next
	/Users/a1/go/pkg/mod/github.com/gin-gonic/gin@v1.10.0/context.go:185
github.com/gin-gonic/gin.LoggerWithConfig.func1
	/Users/a1/go/pkg/mod/github.com/gin-gonic/gin@v1.10.0/logger.go:249
github.com/gin-gonic/gin.(*Context).Next
	/Users/a1/go/pkg/mod/github.com/gin-gonic/gin@v1.10.0/context.go:185
github.com/flipped-aurora/gin-vue-admin/server/initialize.Routers.AccessLog.func4
	/Users/a1/data/go/gin-vue-admin/server/middleware/access_log.go:73
github.com/gin-gonic/gin.(*Context).Next
	/Users/a1/go/pkg/mod/github.com/gin-gonic/gin@v1.10.0/context.go:185
github.com/flipped-aurora/gin-vue-admin/server/initialize.Routers.GinRecovery.func3
	/Users/a1/data/go/gin-vue-admin/server/middleware/error.go:56
github.com/gin-gonic/gin.(*Context).Next
	/Users/a1/go/pkg/mod/github.com/gin-gonic/gin@v1.10.0/context.go:185
github.com/flipped-aurora/gin-vue-admin/server/initialize.Routers.RequestMeta.func2
	/Users/a1/data/go/gin-vue-admin/server/middleware/request_meta.go:39
github.com/gin-gonic/gin.(*Context).Next
	/Users/a1/go/pkg/mod/github.com/gin-gonic/gin@v1.10.0/context.go:185
github.com/gin-gonic/gin.(*Engine).handleHTTPRequest
	/Users/a1/go/pkg/mod/github.com/gin-gonic/gin@v1.10.0/gin.go:633
github.com/gin-gonic/gin.(*Engine).ServeHTTP
	/Users/a1/go/pkg/mod/github.com/gin-gonic/gin@v1.10.0/gin.go:589
net/http.serverHandler.ServeHTTP
	/usr/local/go/src/net/http/server.go:3311
net/http.(*conn).serve
	/usr/local/go/src/net/http/server.go:2073
[github.com/flipped-aurora/gin-vue-admin/server]2026-09-11 21:45:43.952	[31merror[0m	/Users/a1/data/go/gin-vue-admin/server/middleware/client_jwt.go:35	C端鉴权: 按ID查询会员失败	{"node": "", "app_id": "", "env": "", "member_id": 1, "error": "record not found"}
github.com/flipped-aurora/gin-vue-admin/server/router/client.(*MemberRouter).InitMemberRouter.ClientJWTAuth.func1
	/Users/a1/data/go/gin-vue-admin/server/middleware/client_jwt.go:35
github.com/gin-gonic/gin.(*Context).Next
	/Users/a1/go/pkg/mod/github.com/gin-gonic/gin@v1.10.0/context.go:185
github.com/flipped-aurora/gin-vue-admin/server/initialize.Routers.Cors.func5
	/Users/a1/data/go/gin-vue-admin/server/middleware/cors.go:26
github.com/gin-gonic/gin.(*Context).Next
	/Users/a1/go/pkg/mod/github.com/gin-gonic/gin@v1.10.0/context.go:185
github.com/flipped-aurora/gin-vue-admin/server/middleware.UploadResponseHeaders.func1
	/Users/a1/data/go/gin-vue-admin/server/middleware/upload_security.go:25
github.com/gin-gonic/gin.(*Context).Next
	/Users/a1/go/pkg/mod/github.com/gin-gonic/gin@v1.10.0/context.go:185
github.com/gin-gonic/gin.LoggerWithConfig.func1
	/Users/a1/go/pkg/mod/github.com/gin-gonic/gin@v1.10.0/logger.go:249
github.com/gin-gonic/gin.(*Context).Next
	/Users/a1/go/pkg/mod/github.com/gin-gonic/gin@v1.10.0/context.go:185
github.com/flipped-aurora/gin-vue-admin/server/initialize.Routers.AccessLog.func4
	/Users/a1/data/go/gin-vue-admin/server/middleware/access_log.go:73
github.com/gin-gonic/gin.(*Context).Next
	/Users/a1/go/pkg/mod/github.com/gin-gonic/gin@v1.10.0/context.go:185
github.com/flipped-aurora/gin-vue-admin/server/initialize.Routers.GinRecovery.func3
	/Users/a1/data/go/gin-vue-admin/server/middleware/error.go:56
github.com/gin-gonic/gin.(*Context).Next
	/Users/a1/go/pkg/mod/github.com/gin-gonic/gin@v1.10.0/context.go:185
github.com/flipped-aurora/gin-vue-admin/server/initialize.Routers.RequestMeta.func2
	/Users/a1/data/go/gin-vue-admin/server/middleware/request_meta.go:39
github.com/gin-gonic/gin.(*Context).Next
	/Users/a1/go/pkg/mod/github.com/gin-gonic/gin@v1.10.0/context.go:185
github.com/gin-gonic/gin.(*Engine).handleHTTPRequest
	/Users/a1/go/pkg/mod/github.com/gin-gonic/gin@v1.10.0/gin.go:633
github.com/gin-gonic/gin.(*Engine).ServeHTTP
	/Users/a1/go/pkg/mod/github.com/gin-gonic/gin@v1.10.0/gin.go:589
net/http.serverHandler.ServeHTTP
	/usr/local/go/src/net/http/server.go:3311
net/http.(*conn).serve
	/usr/local/go/src/net/http/server.go:2073
[github.com/flipped-aurora/gin-vue-admin/server]2026-09-11 21:45:44.934	[31merror[0m	/Users/a1/data/go/gin-vue-admin/server/middleware/client_jwt.go:35	C端鉴权: 按ID查询会员失败	{"node": "", "app_id": "", "env": "", "member_id": 1, "error": "record not found"}
github.com/flipped-aurora/gin-vue-admin/server/router/client.(*MemberRouter).InitMemberRouter.ClientJWTAuth.func1
	/Users/a1/data/go/gin-vue-admin/server/middleware/client_jwt.go:35
github.com/gin-gonic/gin.(*Context).Next
	/Users/a1/go/pkg/mod/github.com/gin-gonic/gin@v1.10.0/context.go:185
github.com/flipped-aurora/gin-vue-admin/server/initialize.Routers.Cors.func5
	/Users/a1/data/go/gin-vue-admin/server/middleware/cors.go:26
github.com/gin-gonic/gin.(*Context).Next
	/Users/a1/go/pkg/mod/github.com/gin-gonic/gin@v1.10.0/context.go:185
github.com/flipped-aurora/gin-vue-admin/server/middleware.UploadResponseHeaders.func1
	/Users/a1/data/go/gin-vue-admin/server/middleware/upload_security.go:25
github.com/gin-gonic/gin.(*Context).Next
	/Users/a1/go/pkg/mod/github.com/gin-gonic/gin@v1.10.0/context.go:185
github.com/gin-gonic/gin.LoggerWithConfig.func1
	/Users/a1/go/pkg/mod/github.com/gin-gonic/gin@v1.10.0/logger.go:249
github.com/gin-gonic/gin.(*Context).Next
	/Users/a1/go/pkg/mod/github.com/gin-gonic/gin@v1.10.0/context.go:185
github.com/flipped-aurora/gin-vue-admin/server/initialize.Routers.AccessLog.func4
	/Users/a1/data/go/gin-vue-admin/server/middleware/access_log.go:73
github.com/gin-gonic/gin.(*Context).Next
	/Users/a1/go/pkg/mod/github.com/gin-gonic/gin@v1.10.0/context.go:185
github.com/flipped-aurora/gin-vue-admin/server/initialize.Routers.GinRecovery.func3
	/Users/a1/data/go/gin-vue-admin/server/middleware/error.go:56
github.com/gin-gonic/gin.(*Context).Next
	/Users/a1/go/pkg/mod/github.com/gin-gonic/gin@v1.10.0/context.go:185
github.com/flipped-aurora/gin-vue-admin/server/initialize.Routers.RequestMeta.func2
	/Users/a1/data/go/gin-vue-admin/server/middleware/request_meta.go:39
github.com/gin-gonic/gin.(*Context).Next
	/Users/a1/go/pkg/mod/github.com/gin-gonic/gin@v1.10.0/context.go:185
github.com/gin-gonic/gin.(*Engine).handleHTTPRequest
	/Users/a1/go/pkg/mod/github.com/gin-gonic/gin@v1.10.0/gin.go:633
github.com/gin-gonic/gin.(*Engine).ServeHTTP
	/Users/a1/go/pkg/mod/github.com/gin-gonic/gin@v1.10.0/gin.go:589
net/http.serverHandler.ServeHTTP
	/usr/local/go/src/net/http/server.go:3311
net/http.(*conn).serve
	/usr/local/go/src/net/http/server.go:2073
[github.com/flipped-aurora/gin-vue-admin/server]2026-09-11 21:45:45.879	[31merror[0m	/Users/a1/data/go/gin-vue-admin/server/middleware/client_jwt.go:35	C端鉴权: 按ID查询会员失败	{"node": "", "app_id": "", "env": "", "member_id": 1, "error": "record not found"}
github.com/flipped-aurora/gin-vue-admin/server/router/client.(*MemberRouter).InitMemberRouter.ClientJWTAuth.func1
	/Users/a1/data/go/gin-vue-admin/server/middleware/client_jwt.go:35
github.com/gin-gonic/gin.(*Context).Next
	/Users/a1/go/pkg/mod/github.com/gin-gonic/gin@v1.10.0/context.go:185
github.com/flipped-aurora/gin-vue-admin/server/initialize.Routers.Cors.func5
	/Users/a1/data/go/gin-vue-admin/server/middleware/cors.go:26
github.com/gin-gonic/gin.(*Context).Next
	/Users/a1/go/pkg/mod/github.com/gin-gonic/gin@v1.10.0/context.go:185
github.com/flipped-aurora/gin-vue-admin/server/middleware.UploadResponseHeaders.func1
	/Users/a1/data/go/gin-vue-admin/server/middleware/upload_security.go:25
github.com/gin-gonic/gin.(*Context).Next
	/Users/a1/go/pkg/mod/github.com/gin-gonic/gin@v1.10.0/context.go:185
github.com/gin-gonic/gin.LoggerWithConfig.func1
	/Users/a1/go/pkg/mod/github.com/gin-gonic/gin@v1.10.0/logger.go:249
github.com/gin-gonic/gin.(*Context).Next
	/Users/a1/go/pkg/mod/github.com/gin-gonic/gin@v1.10.0/context.go:185
github.com/flipped-aurora/gin-vue-admin/server/initialize.Routers.AccessLog.func4
	/Users/a1/data/go/gin-vue-admin/server/middleware/access_log.go:73
github.com/gin-gonic/gin.(*Context).Next
	/Users/a1/go/pkg/mod/github.com/gin-gonic/gin@v1.10.0/context.go:185
github.com/flipped-aurora/gin-vue-admin/server/initialize.Routers.GinRecovery.func3
	/Users/a1/data/go/gin-vue-admin/server/middleware/error.go:56
github.com/gin-gonic/gin.(*Context).Next
	/Users/a1/go/pkg/mod/github.com/gin-gonic/gin@v1.10.0/context.go:185
github.com/flipped-aurora/gin-vue-admin/server/initialize.Routers.RequestMeta.func2
	/Users/a1/data/go/gin-vue-admin/server/middleware/request_meta.go:39
github.com/gin-gonic/gin.(*Context).Next
	/Users/a1/go/pkg/mod/github.com/gin-gonic/gin@v1.10.0/context.go:185
github.com/gin-gonic/gin.(*Engine).handleHTTPRequest
	/Users/a1/go/pkg/mod/github.com/gin-gonic/gin@v1.10.0/gin.go:633
github.com/gin-gonic/gin.(*Engine).ServeHTTP
	/Users/a1/go/pkg/mod/github.com/gin-gonic/gin@v1.10.0/gin.go:589
net/http.serverHandler.ServeHTTP
	/usr/local/go/src/net/http/server.go:3311
net/http.(*conn).serve
	/usr/local/go/src/net/http/server.go:2073
[github.com/flipped-aurora/gin-vue-admin/server]2026-09-11 21:47:07.683	[31merror[0m	/Users/a1/data/go/gin-vue-admin/server/middleware/client_jwt.go:35	C端鉴权: 按ID查询会员失败	{"node": "", "app_id": "", "env": "", "member_id": 1, "error": "record not found"}
github.com/flipped-aurora/gin-vue-admin/server/router/client.(*MemberRouter).InitMemberRouter.ClientJWTAuth.func1
	/Users/a1/data/go/gin-vue-admin/server/middleware/client_jwt.go:35
github.com/gin-gonic/gin.(*Context).Next
	/Users/a1/go/pkg/mod/github.com/gin-gonic/gin@v1.10.0/context.go:185
github.com/flipped-aurora/gin-vue-admin/server/initialize.Routers.Cors.func5
	/Users/a1/data/go/gin-vue-admin/server/middleware/cors.go:26
github.com/gin-gonic/gin.(*Context).Next
	/Users/a1/go/pkg/mod/github.com/gin-gonic/gin@v1.10.0/context.go:185
github.com/flipped-aurora/gin-vue-admin/server/middleware.UploadResponseHeaders.func1
	/Users/a1/data/go/gin-vue-admin/server/middleware/upload_security.go:25
github.com/gin-gonic/gin.(*Context).Next
	/Users/a1/go/pkg/mod/github.com/gin-gonic/gin@v1.10.0/context.go:185
github.com/gin-gonic/gin.LoggerWithConfig.func1
	/Users/a1/go/pkg/mod/github.com/gin-gonic/gin@v1.10.0/logger.go:249
github.com/gin-gonic/gin.(*Context).Next
	/Users/a1/go/pkg/mod/github.com/gin-gonic/gin@v1.10.0/context.go:185
github.com/flipped-aurora/gin-vue-admin/server/initialize.Routers.AccessLog.func4
	/Users/a1/data/go/gin-vue-admin/server/middleware/access_log.go:73
github.com/gin-gonic/gin.(*Context).Next
	/Users/a1/go/pkg/mod/github.com/gin-gonic/gin@v1.10.0/context.go:185
github.com/flipped-aurora/gin-vue-admin/server/initialize.Routers.GinRecovery.func3
	/Users/a1/data/go/gin-vue-admin/server/middleware/error.go:56
github.com/gin-gonic/gin.(*Context).Next
	/Users/a1/go/pkg/mod/github.com/gin-gonic/gin@v1.10.0/context.go:185
github.com/flipped-aurora/gin-vue-admin/server/initialize.Routers.RequestMeta.func2
	/Users/a1/data/go/gin-vue-admin/server/middleware/request_meta.go:39
github.com/gin-gonic/gin.(*Context).Next
	/Users/a1/go/pkg/mod/github.com/gin-gonic/gin@v1.10.0/context.go:185
github.com/gin-gonic/gin.(*Engine).handleHTTPRequest
	/Users/a1/go/pkg/mod/github.com/gin-gonic/gin@v1.10.0/gin.go:633
github.com/gin-gonic/gin.(*Engine).ServeHTTP
	/Users/a1/go/pkg/mod/github.com/gin-gonic/gin@v1.10.0/gin.go:589
net/http.serverHandler.ServeHTTP
	/usr/local/go/src/net/http/server.go:3311
net/http.(*conn).serve
	/usr/local/go/src/net/http/server.go:2073
[github.com/flipped-aurora/gin-vue-admin/server]2026-09-11 21:47:55.643	[31merror[0m	/Users/a1/data/go/gin-vue-admin/server/middleware/client_jwt.go:35	C端鉴权: 按ID查询会员失败	{"node": "", "app_id": "", "env": "", "member_id": 1, "error": "record not found"}
github.com/flipped-aurora/gin-vue-admin/server/router/client.(*MemberRouter).InitMemberRouter.ClientJWTAuth.func1
	/Users/a1/data/go/gin-vue-admin/server/middleware/client_jwt.go:35
github.com/gin-gonic/gin.(*Context).Next
	/Users/a1/go/pkg/mod/github.com/gin-gonic/gin@v1.10.0/context.go:185
github.com/flipped-aurora/gin-vue-admin/server/initialize.Routers.Cors.func5
	/Users/a1/data/go/gin-vue-admin/server/middleware/cors.go:26
github.com/gin-gonic/gin.(*Context).Next
	/Users/a1/go/pkg/mod/github.com/gin-gonic/gin@v1.10.0/context.go:185
github.com/flipped-aurora/gin-vue-admin/server/middleware.UploadResponseHeaders.func1
	/Users/a1/data/go/gin-vue-admin/server/middleware/upload_security.go:25
github.com/gin-gonic/gin.(*Context).Next
	/Users/a1/go/pkg/mod/github.com/gin-gonic/gin@v1.10.0/context.go:185
github.com/gin-gonic/gin.LoggerWithConfig.func1
	/Users/a1/go/pkg/mod/github.com/gin-gonic/gin@v1.10.0/logger.go:249
github.com/gin-gonic/gin.(*Context).Next
	/Users/a1/go/pkg/mod/github.com/gin-gonic/gin@v1.10.0/context.go:185
github.com/flipped-aurora/gin-vue-admin/server/initialize.Routers.AccessLog.func4
	/Users/a1/data/go/gin-vue-admin/server/middleware/access_log.go:73
github.com/gin-gonic/gin.(*Context).Next
	/Users/a1/go/pkg/mod/github.com/gin-gonic/gin@v1.10.0/context.go:185
github.com/flipped-aurora/gin-vue-admin/server/initialize.Routers.GinRecovery.func3
	/Users/a1/data/go/gin-vue-admin/server/middleware/error.go:56
github.com/gin-gonic/gin.(*Context).Next
	/Users/a1/go/pkg/mod/github.com/gin-gonic/gin@v1.10.0/context.go:185
github.com/flipped-aurora/gin-vue-admin/server/initialize.Routers.RequestMeta.func2
	/Users/a1/data/go/gin-vue-admin/server/middleware/request_meta.go:39
github.com/gin-gonic/gin.(*Context).Next
	/Users/a1/go/pkg/mod/github.com/gin-gonic/gin@v1.10.0/context.go:185
github.com/gin-gonic/gin.(*Engine).handleHTTPRequest
	/Users/a1/go/pkg/mod/github.com/gin-gonic/gin@v1.10.0/gin.go:633
github.com/gin-gonic/gin.(*Engine).ServeHTTP
	/Users/a1/go/pkg/mod/github.com/gin-gonic/gin@v1.10.0/gin.go:589
net/http.serverHandler.ServeHTTP
	/usr/local/go/src/net/http/server.go:3311
net/http.(*conn).serve
	/usr/local/go/src/net/http/server.go:2073
[github.com/flipped-aurora/gin-vue-admin/server]2026-09-11 21:47:56.916	[31merror[0m	/Users/a1/data/go/gin-vue-admin/server/middleware/client_jwt.go:35	C端鉴权: 按ID查询会员失败	{"node": "", "app_id": "", "env": "", "member_id": 1, "error": "record not found"}
github.com/flipped-aurora/gin-vue-admin/server/router/client.(*MemberRouter).InitMemberRouter.ClientJWTAuth.func1
	/Users/a1/data/go/gin-vue-admin/server/middleware/client_jwt.go:35
github.com/gin-gonic/gin.(*Context).Next
	/Users/a1/go/pkg/mod/github.com/gin-gonic/gin@v1.10.0/context.go:185
github.com/flipped-aurora/gin-vue-admin/server/initialize.Routers.Cors.func5
	/Users/a1/data/go/gin-vue-admin/server/middleware/cors.go:26
github.com/gin-gonic/gin.(*Context).Next
	/Users/a1/go/pkg/mod/github.com/gin-gonic/gin@v1.10.0/context.go:185
github.com/flipped-aurora/gin-vue-admin/server/middleware.UploadResponseHeaders.func1
	/Users/a1/data/go/gin-vue-admin/server/middleware/upload_security.go:25
github.com/gin-gonic/gin.(*Context).Next
	/Users/a1/go/pkg/mod/github.com/gin-gonic/gin@v1.10.0/context.go:185
github.com/gin-gonic/gin.LoggerWithConfig.func1
	/Users/a1/go/pkg/mod/github.com/gin-gonic/gin@v1.10.0/logger.go:249
github.com/gin-gonic/gin.(*Context).Next
	/Users/a1/go/pkg/mod/github.com/gin-gonic/gin@v1.10.0/context.go:185
github.com/flipped-aurora/gin-vue-admin/server/initialize.Routers.AccessLog.func4
	/Users/a1/data/go/gin-vue-admin/server/middleware/access_log.go:73
github.com/gin-gonic/gin.(*Context).Next
	/Users/a1/go/pkg/mod/github.com/gin-gonic/gin@v1.10.0/context.go:185
github.com/flipped-aurora/gin-vue-admin/server/initialize.Routers.GinRecovery.func3
	/Users/a1/data/go/gin-vue-admin/server/middleware/error.go:56
github.com/gin-gonic/gin.(*Context).Next
	/Users/a1/go/pkg/mod/github.com/gin-gonic/gin@v1.10.0/context.go:185
github.com/flipped-aurora/gin-vue-admin/server/initialize.Routers.RequestMeta.func2
	/Users/a1/data/go/gin-vue-admin/server/middleware/request_meta.go:39
github.com/gin-gonic/gin.(*Context).Next
	/Users/a1/go/pkg/mod/github.com/gin-gonic/gin@v1.10.0/context.go:185
github.com/gin-gonic/gin.(*Engine).handleHTTPRequest
	/Users/a1/go/pkg/mod/github.com/gin-gonic/gin@v1.10.0/gin.go:633
github.com/gin-gonic/gin.(*Engine).ServeHTTP
	/Users/a1/go/pkg/mod/github.com/gin-gonic/gin@v1.10.0/gin.go:589
net/http.serverHandler.ServeHTTP
	/usr/local/go/src/net/http/server.go:3311
net/http.(*conn).serve
	/usr/local/go/src/net/http/server.go:2073
[github.com/flipped-aurora/gin-vue-admin/server]2026-09-11 21:48:17.445	[31merror[0m	/Users/a1/data/go/gin-vue-admin/server/middleware/client_jwt.go:35	C端鉴权: 按ID查询会员失败	{"node": "", "app_id": "", "env": "", "member_id": 1, "error": "record not found"}
github.com/flipped-aurora/gin-vue-admin/server/router/client.(*MemberRouter).InitMemberRouter.ClientJWTAuth.func1
	/Users/a1/data/go/gin-vue-admin/server/middleware/client_jwt.go:35
github.com/gin-gonic/gin.(*Context).Next
	/Users/a1/go/pkg/mod/github.com/gin-gonic/gin@v1.10.0/context.go:185
github.com/flipped-aurora/gin-vue-admin/server/initialize.Routers.Cors.func5
	/Users/a1/data/go/gin-vue-admin/server/middleware/cors.go:26
github.com/gin-gonic/gin.(*Context).Next
	/Users/a1/go/pkg/mod/github.com/gin-gonic/gin@v1.10.0/context.go:185
github.com/flipped-aurora/gin-vue-admin/server/middleware.UploadResponseHeaders.func1
	/Users/a1/data/go/gin-vue-admin/server/middleware/upload_security.go:25
github.com/gin-gonic/gin.(*Context).Next
	/Users/a1/go/pkg/mod/github.com/gin-gonic/gin@v1.10.0/context.go:185
github.com/gin-gonic/gin.LoggerWithConfig.func1
	/Users/a1/go/pkg/mod/github.com/gin-gonic/gin@v1.10.0/logger.go:249
github.com/gin-gonic/gin.(*Context).Next
	/Users/a1/go/pkg/mod/github.com/gin-gonic/gin@v1.10.0/context.go:185
github.com/flipped-aurora/gin-vue-admin/server/initialize.Routers.AccessLog.func4
	/Users/a1/data/go/gin-vue-admin/server/middleware/access_log.go:73
github.com/gin-gonic/gin.(*Context).Next
	/Users/a1/go/pkg/mod/github.com/gin-gonic/gin@v1.10.0/context.go:185
github.com/flipped-aurora/gin-vue-admin/server/initialize.Routers.GinRecovery.func3
	/Users/a1/data/go/gin-vue-admin/server/middleware/error.go:56
github.com/gin-gonic/gin.(*Context).Next
	/Users/a1/go/pkg/mod/github.com/gin-gonic/gin@v1.10.0/context.go:185
github.com/flipped-aurora/gin-vue-admin/server/initialize.Routers.RequestMeta.func2
	/Users/a1/data/go/gin-vue-admin/server/middleware/request_meta.go:39
github.com/gin-gonic/gin.(*Context).Next
	/Users/a1/go/pkg/mod/github.com/gin-gonic/gin@v1.10.0/context.go:185
github.com/gin-gonic/gin.(*Engine).handleHTTPRequest
	/Users/a1/go/pkg/mod/github.com/gin-gonic/gin@v1.10.0/gin.go:633
github.com/gin-gonic/gin.(*Engine).ServeHTTP
	/Users/a1/go/pkg/mod/github.com/gin-gonic/gin@v1.10.0/gin.go:589
net/http.serverHandler.ServeHTTP
	/usr/local/go/src/net/http/server.go:3311
net/http.(*conn).serve
	/usr/local/go/src/net/http/server.go:2073
[github.com/flipped-aurora/gin-vue-admin/server]2026-09-11 21:48:27.866	[31merror[0m	/Users/a1/data/go/gin-vue-admin/server/middleware/client_jwt.go:35	C端鉴权: 按ID查询会员失败	{"node": "", "app_id": "", "env": "", "member_id": 1, "error": "record not found"}
github.com/flipped-aurora/gin-vue-admin/server/router/client.(*MemberRouter).InitMemberRouter.ClientJWTAuth.func1
	/Users/a1/data/go/gin-vue-admin/server/middleware/client_jwt.go:35
github.com/gin-gonic/gin.(*Context).Next
	/Users/a1/go/pkg/mod/github.com/gin-gonic/gin@v1.10.0/context.go:185
github.com/flipped-aurora/gin-vue-admin/server/initialize.Routers.Cors.func5
	/Users/a1/data/go/gin-vue-admin/server/middleware/cors.go:26
github.com/gin-gonic/gin.(*Context).Next
	/Users/a1/go/pkg/mod/github.com/gin-gonic/gin@v1.10.0/context.go:185
github.com/flipped-aurora/gin-vue-admin/server/middleware.UploadResponseHeaders.func1
	/Users/a1/data/go/gin-vue-admin/server/middleware/upload_security.go:25
github.com/gin-gonic/gin.(*Context).Next
	/Users/a1/go/pkg/mod/github.com/gin-gonic/gin@v1.10.0/context.go:185
github.com/gin-gonic/gin.LoggerWithConfig.func1
	/Users/a1/go/pkg/mod/github.com/gin-gonic/gin@v1.10.0/logger.go:249
github.com/gin-gonic/gin.(*Context).Next
	/Users/a1/go/pkg/mod/github.com/gin-gonic/gin@v1.10.0/context.go:185
github.com/flipped-aurora/gin-vue-admin/server/initialize.Routers.AccessLog.func4
	/Users/a1/data/go/gin-vue-admin/server/middleware/access_log.go:73
github.com/gin-gonic/gin.(*Context).Next
	/Users/a1/go/pkg/mod/github.com/gin-gonic/gin@v1.10.0/context.go:185
github.com/flipped-aurora/gin-vue-admin/server/initialize.Routers.GinRecovery.func3
	/Users/a1/data/go/gin-vue-admin/server/middleware/error.go:56
github.com/gin-gonic/gin.(*Context).Next
	/Users/a1/go/pkg/mod/github.com/gin-gonic/gin@v1.10.0/context.go:185
github.com/flipped-aurora/gin-vue-admin/server/initialize.Routers.RequestMeta.func2
	/Users/a1/data/go/gin-vue-admin/server/middleware/request_meta.go:39
github.com/gin-gonic/gin.(*Context).Next
	/Users/a1/go/pkg/mod/github.com/gin-gonic/gin@v1.10.0/context.go:185
github.com/gin-gonic/gin.(*Engine).handleHTTPRequest
	/Users/a1/go/pkg/mod/github.com/gin-gonic/gin@v1.10.0/gin.go:633
github.com/gin-gonic/gin.(*Engine).ServeHTTP
	/Users/a1/go/pkg/mod/github.com/gin-gonic/gin@v1.10.0/gin.go:589
net/http.serverHandler.ServeHTTP
	/usr/local/go/src/net/http/server.go:3311
net/http.(*conn).serve
	/usr/local/go/src/net/http/server.go:2073
[github.com/flipped-aurora/gin-vue-admin/server]2026-09-11 21:51:28.394	[31merror[0m	/Users/a1/data/go/gin-vue-admin/server/middleware/client_jwt.go:35	C端鉴权: 按ID查询会员失败	{"node": "", "app_id": "", "env": "", "member_id": 1, "error": "record not found"}
github.com/flipped-aurora/gin-vue-admin/server/router/client.(*MemberRouter).InitMemberRouter.ClientJWTAuth.func1
	/Users/a1/data/go/gin-vue-admin/server/middleware/client_jwt.go:35
github.com/gin-gonic/gin.(*Context).Next
	/Users/a1/go/pkg/mod/github.com/gin-gonic/gin@v1.10.0/context.go:185
github.com/flipped-aurora/gin-vue-admin/server/initialize.Routers.Cors.func5
	/Users/a1/data/go/gin-vue-admin/server/middleware/cors.go:26
github.com/gin-gonic/gin.(*Context).Next
	/Users/a1/go/pkg/mod/github.com/gin-gonic/gin@v1.10.0/context.go:185
github.com/flipped-aurora/gin-vue-admin/server/middleware.UploadResponseHeaders.func1
	/Users/a1/data/go/gin-vue-admin/server/middleware/upload_security.go:25
github.com/gin-gonic/gin.(*Context).Next
	/Users/a1/go/pkg/mod/github.com/gin-gonic/gin@v1.10.0/context.go:185
github.com/gin-gonic/gin.LoggerWithConfig.func1
	/Users/a1/go/pkg/mod/github.com/gin-gonic/gin@v1.10.0/logger.go:249
github.com/gin-gonic/gin.(*Context).Next
	/Users/a1/go/pkg/mod/github.com/gin-gonic/gin@v1.10.0/context.go:185
github.com/flipped-aurora/gin-vue-admin/server/initialize.Routers.AccessLog.func4
	/Users/a1/data/go/gin-vue-admin/server/middleware/access_log.go:73
github.com/gin-gonic/gin.(*Context).Next
	/Users/a1/go/pkg/mod/github.com/gin-gonic/gin@v1.10.0/context.go:185
github.com/flipped-aurora/gin-vue-admin/server/initialize.Routers.GinRecovery.func3
	/Users/a1/data/go/gin-vue-admin/server/middleware/error.go:56
github.com/gin-gonic/gin.(*Context).Next
	/Users/a1/go/pkg/mod/github.com/gin-gonic/gin@v1.10.0/context.go:185
github.com/flipped-aurora/gin-vue-admin/server/initialize.Routers.RequestMeta.func2
	/Users/a1/data/go/gin-vue-admin/server/middleware/request_meta.go:39
github.com/gin-gonic/gin.(*Context).Next
	/Users/a1/go/pkg/mod/github.com/gin-gonic/gin@v1.10.0/context.go:185
github.com/gin-gonic/gin.(*Engine).handleHTTPRequest
	/Users/a1/go/pkg/mod/github.com/gin-gonic/gin@v1.10.0/gin.go:633
github.com/gin-gonic/gin.(*Engine).ServeHTTP
	/Users/a1/go/pkg/mod/github.com/gin-gonic/gin@v1.10.0/gin.go:589
net/http.serverHandler.ServeHTTP
	/usr/local/go/src/net/http/server.go:3311
net/http.(*conn).serve
	/usr/local/go/src/net/http/server.go:2073
[github.com/flipped-aurora/gin-vue-admin/server]2026-09-11 21:51:53.683	[31merror[0m	/Users/a1/data/go/gin-vue-admin/server/middleware/client_jwt.go:35	C端鉴权: 按ID查询会员失败	{"node": "", "app_id": "", "env": "", "member_id": 1, "error": "record not found"}
github.com/flipped-aurora/gin-vue-admin/server/router/client.(*MemberRouter).InitMemberRouter.ClientJWTAuth.func1
	/Users/a1/data/go/gin-vue-admin/server/middleware/client_jwt.go:35
github.com/gin-gonic/gin.(*Context).Next
	/Users/a1/go/pkg/mod/github.com/gin-gonic/gin@v1.10.0/context.go:185
github.com/flipped-aurora/gin-vue-admin/server/initialize.Routers.Cors.func5
	/Users/a1/data/go/gin-vue-admin/server/middleware/cors.go:26
github.com/gin-gonic/gin.(*Context).Next
	/Users/a1/go/pkg/mod/github.com/gin-gonic/gin@v1.10.0/context.go:185
github.com/flipped-aurora/gin-vue-admin/server/middleware.UploadResponseHeaders.func1
	/Users/a1/data/go/gin-vue-admin/server/middleware/upload_security.go:25
github.com/gin-gonic/gin.(*Context).Next
	/Users/a1/go/pkg/mod/github.com/gin-gonic/gin@v1.10.0/context.go:185
github.com/gin-gonic/gin.LoggerWithConfig.func1
	/Users/a1/go/pkg/mod/github.com/gin-gonic/gin@v1.10.0/logger.go:249
github.com/gin-gonic/gin.(*Context).Next
	/Users/a1/go/pkg/mod/github.com/gin-gonic/gin@v1.10.0/context.go:185
github.com/flipped-aurora/gin-vue-admin/server/initialize.Routers.AccessLog.func4
	/Users/a1/data/go/gin-vue-admin/server/middleware/access_log.go:73
github.com/gin-gonic/gin.(*Context).Next
	/Users/a1/go/pkg/mod/github.com/gin-gonic/gin@v1.10.0/context.go:185
github.com/flipped-aurora/gin-vue-admin/server/initialize.Routers.GinRecovery.func3
	/Users/a1/data/go/gin-vue-admin/server/middleware/error.go:56
github.com/gin-gonic/gin.(*Context).Next
	/Users/a1/go/pkg/mod/github.com/gin-gonic/gin@v1.10.0/context.go:185
github.com/flipped-aurora/gin-vue-admin/server/initialize.Routers.RequestMeta.func2
	/Users/a1/data/go/gin-vue-admin/server/middleware/request_meta.go:39
github.com/gin-gonic/gin.(*Context).Next
	/Users/a1/go/pkg/mod/github.com/gin-gonic/gin@v1.10.0/context.go:185
github.com/gin-gonic/gin.(*Engine).handleHTTPRequest
	/Users/a1/go/pkg/mod/github.com/gin-gonic/gin@v1.10.0/gin.go:633
github.com/gin-gonic/gin.(*Engine).ServeHTTP
	/Users/a1/go/pkg/mod/github.com/gin-gonic/gin@v1.10.0/gin.go:589
net/http.serverHandler.ServeHTTP
	/usr/local/go/src/net/http/server.go:3311
net/http.(*conn).serve
	/usr/local/go/src/net/http/server.go:2073
[github.com/flipped-aurora/gin-vue-admin/server]2026-09-11 21:51:55.065	[31merror[0m	/Users/a1/data/go/gin-vue-admin/server/middleware/client_jwt.go:35	C端鉴权: 按ID查询会员失败	{"node": "", "app_id": "", "env": "", "member_id": 1, "error": "record not found"}
github.com/flipped-aurora/gin-vue-admin/server/router/client.(*MemberRouter).InitMemberRouter.ClientJWTAuth.func1
	/Users/a1/data/go/gin-vue-admin/server/middleware/client_jwt.go:35
github.com/gin-gonic/gin.(*Context).Next
	/Users/a1/go/pkg/mod/github.com/gin-gonic/gin@v1.10.0/context.go:185
github.com/flipped-aurora/gin-vue-admin/server/initialize.Routers.Cors.func5
	/Users/a1/data/go/gin-vue-admin/server/middleware/cors.go:26
github.com/gin-gonic/gin.(*Context).Next
	/Users/a1/go/pkg/mod/github.com/gin-gonic/gin@v1.10.0/context.go:185
github.com/flipped-aurora/gin-vue-admin/server/middleware.UploadResponseHeaders.func1
	/Users/a1/data/go/gin-vue-admin/server/middleware/upload_security.go:25
github.com/gin-gonic/gin.(*Context).Next
	/Users/a1/go/pkg/mod/github.com/gin-gonic/gin@v1.10.0/context.go:185
github.com/gin-gonic/gin.LoggerWithConfig.func1
	/Users/a1/go/pkg/mod/github.com/gin-gonic/gin@v1.10.0/logger.go:249
github.com/gin-gonic/gin.(*Context).Next
	/Users/a1/go/pkg/mod/github.com/gin-gonic/gin@v1.10.0/context.go:185
github.com/flipped-aurora/gin-vue-admin/server/initialize.Routers.AccessLog.func4
	/Users/a1/data/go/gin-vue-admin/server/middleware/access_log.go:73
github.com/gin-gonic/gin.(*Context).Next
	/Users/a1/go/pkg/mod/github.com/gin-gonic/gin@v1.10.0/context.go:185
github.com/flipped-aurora/gin-vue-admin/server/initialize.Routers.GinRecovery.func3
	/Users/a1/data/go/gin-vue-admin/server/middleware/error.go:56
github.com/gin-gonic/gin.(*Context).Next
	/Users/a1/go/pkg/mod/github.com/gin-gonic/gin@v1.10.0/context.go:185
github.com/flipped-aurora/gin-vue-admin/server/initialize.Routers.RequestMeta.func2
	/Users/a1/data/go/gin-vue-admin/server/middleware/request_meta.go:39
github.com/gin-gonic/gin.(*Context).Next
	/Users/a1/go/pkg/mod/github.com/gin-gonic/gin@v1.10.0/context.go:185
github.com/gin-gonic/gin.(*Engine).handleHTTPRequest
	/Users/a1/go/pkg/mod/github.com/gin-gonic/gin@v1.10.0/gin.go:633
github.com/gin-gonic/gin.(*Engine).ServeHTTP
	/Users/a1/go/pkg/mod/github.com/gin-gonic/gin@v1.10.0/gin.go:589
net/http.serverHandler.ServeHTTP
	/usr/local/go/src/net/http/server.go:3311
net/http.(*conn).serve
	/usr/local/go/src/net/http/server.go:2073
[github.com/flipped-aurora/gin-vue-admin/server]2026-09-11 21:51:58.345	[31merror[0m	/Users/a1/data/go/gin-vue-admin/server/middleware/client_jwt.go:35	C端鉴权: 按ID查询会员失败	{"node": "", "app_id": "", "env": "", "member_id": 1, "error": "record not found"}
github.com/flipped-aurora/gin-vue-admin/server/router/client.(*MemberRouter).InitMemberRouter.ClientJWTAuth.func1
	/Users/a1/data/go/gin-vue-admin/server/middleware/client_jwt.go:35
github.com/gin-gonic/gin.(*Context).Next
	/Users/a1/go/pkg/mod/github.com/gin-gonic/gin@v1.10.0/context.go:185
github.com/flipped-aurora/gin-vue-admin/server/initialize.Routers.Cors.func5
	/Users/a1/data/go/gin-vue-admin/server/middleware/cors.go:26
github.com/gin-gonic/gin.(*Context).Next
	/Users/a1/go/pkg/mod/github.com/gin-gonic/gin@v1.10.0/context.go:185
github.com/flipped-aurora/gin-vue-admin/server/middleware.UploadResponseHeaders.func1
	/Users/a1/data/go/gin-vue-admin/server/middleware/upload_security.go:25
github.com/gin-gonic/gin.(*Context).Next
	/Users/a1/go/pkg/mod/github.com/gin-gonic/gin@v1.10.0/context.go:185
github.com/gin-gonic/gin.LoggerWithConfig.func1
	/Users/a1/go/pkg/mod/github.com/gin-gonic/gin@v1.10.0/logger.go:249
github.com/gin-gonic/gin.(*Context).Next
	/Users/a1/go/pkg/mod/github.com/gin-gonic/gin@v1.10.0/context.go:185
github.com/flipped-aurora/gin-vue-admin/server/initialize.Routers.AccessLog.func4
	/Users/a1/data/go/gin-vue-admin/server/middleware/access_log.go:73
github.com/gin-gonic/gin.(*Context).Next
	/Users/a1/go/pkg/mod/github.com/gin-gonic/gin@v1.10.0/context.go:185
github.com/flipped-aurora/gin-vue-admin/server/initialize.Routers.GinRecovery.func3
	/Users/a1/data/go/gin-vue-admin/server/middleware/error.go:56
github.com/gin-gonic/gin.(*Context).Next
	/Users/a1/go/pkg/mod/github.com/gin-gonic/gin@v1.10.0/context.go:185
github.com/flipped-aurora/gin-vue-admin/server/initialize.Routers.RequestMeta.func2
	/Users/a1/data/go/gin-vue-admin/server/middleware/request_meta.go:39
github.com/gin-gonic/gin.(*Context).Next
	/Users/a1/go/pkg/mod/github.com/gin-gonic/gin@v1.10.0/context.go:185
github.com/gin-gonic/gin.(*Engine).handleHTTPRequest
	/Users/a1/go/pkg/mod/github.com/gin-gonic/gin@v1.10.0/gin.go:633
github.com/gin-gonic/gin.(*Engine).ServeHTTP
	/Users/a1/go/pkg/mod/github.com/gin-gonic/gin@v1.10.0/gin.go:589
net/http.serverHandler.ServeHTTP
	/usr/local/go/src/net/http/server.go:3311
net/http.(*conn).serve
	/usr/local/go/src/net/http/server.go:2073
[github.com/flipped-aurora/gin-vue-admin/server]2026-09-11 21:51:59.377	[31merror[0m	/Users/a1/data/go/gin-vue-admin/server/middleware/client_jwt.go:35	C端鉴权: 按ID查询会员失败	{"node": "", "app_id": "", "env": "", "member_id": 1, "error": "record not found"}
github.com/flipped-aurora/gin-vue-admin/server/router/client.(*MemberRouter).InitMemberRouter.ClientJWTAuth.func1
	/Users/a1/data/go/gin-vue-admin/server/middleware/client_jwt.go:35
github.com/gin-gonic/gin.(*Context).Next
	/Users/a1/go/pkg/mod/github.com/gin-gonic/gin@v1.10.0/context.go:185
github.com/flipped-aurora/gin-vue-admin/server/initialize.Routers.Cors.func5
	/Users/a1/data/go/gin-vue-admin/server/middleware/cors.go:26
github.com/gin-gonic/gin.(*Context).Next
	/Users/a1/go/pkg/mod/github.com/gin-gonic/gin@v1.10.0/context.go:185
github.com/flipped-aurora/gin-vue-admin/server/middleware.UploadResponseHeaders.func1
	/Users/a1/data/go/gin-vue-admin/server/middleware/upload_security.go:25
github.com/gin-gonic/gin.(*Context).Next
	/Users/a1/go/pkg/mod/github.com/gin-gonic/gin@v1.10.0/context.go:185
github.com/gin-gonic/gin.LoggerWithConfig.func1
	/Users/a1/go/pkg/mod/github.com/gin-gonic/gin@v1.10.0/logger.go:249
github.com/gin-gonic/gin.(*Context).Next
	/Users/a1/go/pkg/mod/github.com/gin-gonic/gin@v1.10.0/context.go:185
github.com/flipped-aurora/gin-vue-admin/server/initialize.Routers.AccessLog.func4
	/Users/a1/data/go/gin-vue-admin/server/middleware/access_log.go:73
github.com/gin-gonic/gin.(*Context).Next
	/Users/a1/go/pkg/mod/github.com/gin-gonic/gin@v1.10.0/context.go:185
github.com/flipped-aurora/gin-vue-admin/server/initialize.Routers.GinRecovery.func3
	/Users/a1/data/go/gin-vue-admin/server/middleware/error.go:56
github.com/gin-gonic/gin.(*Context).Next
	/Users/a1/go/pkg/mod/github.com/gin-gonic/gin@v1.10.0/context.go:185
github.com/flipped-aurora/gin-vue-admin/server/initialize.Routers.RequestMeta.func2
	/Users/a1/data/go/gin-vue-admin/server/middleware/request_meta.go:39
github.com/gin-gonic/gin.(*Context).Next
	/Users/a1/go/pkg/mod/github.com/gin-gonic/gin@v1.10.0/context.go:185
github.com/gin-gonic/gin.(*Engine).handleHTTPRequest
	/Users/a1/go/pkg/mod/github.com/gin-gonic/gin@v1.10.0/gin.go:633
github.com/gin-gonic/gin.(*Engine).ServeHTTP
	/Users/a1/go/pkg/mod/github.com/gin-gonic/gin@v1.10.0/gin.go:589
net/http.serverHandler.ServeHTTP
	/usr/local/go/src/net/http/server.go:3311
net/http.(*conn).serve
	/usr/local/go/src/net/http/server.go:2073
[github.com/flipped-aurora/gin-vue-admin/server]2026-09-11 21:52:04.191	[31merror[0m	/Users/a1/data/go/gin-vue-admin/server/middleware/client_jwt.go:35	C端鉴权: 按ID查询会员失败	{"node": "", "app_id": "", "env": "", "member_id": 1, "error": "record not found"}
github.com/flipped-aurora/gin-vue-admin/server/router/client.(*MemberRouter).InitMemberRouter.ClientJWTAuth.func1
	/Users/a1/data/go/gin-vue-admin/server/middleware/client_jwt.go:35
github.com/gin-gonic/gin.(*Context).Next
	/Users/a1/go/pkg/mod/github.com/gin-gonic/gin@v1.10.0/context.go:185
github.com/flipped-aurora/gin-vue-admin/server/initialize.Routers.Cors.func5
	/Users/a1/data/go/gin-vue-admin/server/middleware/cors.go:26
github.com/gin-gonic/gin.(*Context).Next
	/Users/a1/go/pkg/mod/github.com/gin-gonic/gin@v1.10.0/context.go:185
github.com/flipped-aurora/gin-vue-admin/server/middleware.UploadResponseHeaders.func1
	/Users/a1/data/go/gin-vue-admin/server/middleware/upload_security.go:25
github.com/gin-gonic/gin.(*Context).Next
	/Users/a1/go/pkg/mod/github.com/gin-gonic/gin@v1.10.0/context.go:185
github.com/gin-gonic/gin.LoggerWithConfig.func1
	/Users/a1/go/pkg/mod/github.com/gin-gonic/gin@v1.10.0/logger.go:249
github.com/gin-gonic/gin.(*Context).Next
	/Users/a1/go/pkg/mod/github.com/gin-gonic/gin@v1.10.0/context.go:185
github.com/flipped-aurora/gin-vue-admin/server/initialize.Routers.AccessLog.func4
	/Users/a1/data/go/gin-vue-admin/server/middleware/access_log.go:73
github.com/gin-gonic/gin.(*Context).Next
	/Users/a1/go/pkg/mod/github.com/gin-gonic/gin@v1.10.0/context.go:185
github.com/flipped-aurora/gin-vue-admin/server/initialize.Routers.GinRecovery.func3
	/Users/a1/data/go/gin-vue-admin/server/middleware/error.go:56
github.com/gin-gonic/gin.(*Context).Next
	/Users/a1/go/pkg/mod/github.com/gin-gonic/gin@v1.10.0/context.go:185
github.com/flipped-aurora/gin-vue-admin/server/initialize.Routers.RequestMeta.func2
	/Users/a1/data/go/gin-vue-admin/server/middleware/request_meta.go:39
github.com/gin-gonic/gin.(*Context).Next
	/Users/a1/go/pkg/mod/github.com/gin-gonic/gin@v1.10.0/context.go:185
github.com/gin-gonic/gin.(*Engine).handleHTTPRequest
	/Users/a1/go/pkg/mod/github.com/gin-gonic/gin@v1.10.0/gin.go:633
github.com/gin-gonic/gin.(*Engine).ServeHTTP
	/Users/a1/go/pkg/mod/github.com/gin-gonic/gin@v1.10.0/gin.go:589
net/http.serverHandler.ServeHTTP
	/usr/local/go/src/net/http/server.go:3311
net/http.(*conn).serve
	/usr/local/go/src/net/http/server.go:2073
[github.com/flipped-aurora/gin-vue-admin/server]2026-09-11 21:52:05.583	[31merror[0m	/Users/a1/data/go/gin-vue-admin/server/middleware/client_jwt.go:35	C端鉴权: 按ID查询会员失败	{"node": "", "app_id": "", "env": "", "member_id": 1, "error": "record not found"}
github.com/flipped-aurora/gin-vue-admin/server/router/client.(*MemberRouter).InitMemberRouter.ClientJWTAuth.func1
	/Users/a1/data/go/gin-vue-admin/server/middleware/client_jwt.go:35
github.com/gin-gonic/gin.(*Context).Next
	/Users/a1/go/pkg/mod/github.com/gin-gonic/gin@v1.10.0/context.go:185
github.com/flipped-aurora/gin-vue-admin/server/initialize.Routers.Cors.func5
	/Users/a1/data/go/gin-vue-admin/server/middleware/cors.go:26
github.com/gin-gonic/gin.(*Context).Next
	/Users/a1/go/pkg/mod/github.com/gin-gonic/gin@v1.10.0/context.go:185
github.com/flipped-aurora/gin-vue-admin/server/middleware.UploadResponseHeaders.func1
	/Users/a1/data/go/gin-vue-admin/server/middleware/upload_security.go:25
github.com/gin-gonic/gin.(*Context).Next
	/Users/a1/go/pkg/mod/github.com/gin-gonic/gin@v1.10.0/context.go:185
github.com/gin-gonic/gin.LoggerWithConfig.func1
	/Users/a1/go/pkg/mod/github.com/gin-gonic/gin@v1.10.0/logger.go:249
github.com/gin-gonic/gin.(*Context).Next
	/Users/a1/go/pkg/mod/github.com/gin-gonic/gin@v1.10.0/context.go:185
github.com/flipped-aurora/gin-vue-admin/server/initialize.Routers.AccessLog.func4
	/Users/a1/data/go/gin-vue-admin/server/middleware/access_log.go:73
github.com/gin-gonic/gin.(*Context).Next
	/Users/a1/go/pkg/mod/github.com/gin-gonic/gin@v1.10.0/context.go:185
github.com/flipped-aurora/gin-vue-admin/server/initialize.Routers.GinRecovery.func3
	/Users/a1/data/go/gin-vue-admin/server/middleware/error.go:56
github.com/gin-gonic/gin.(*Context).Next
	/Users/a1/go/pkg/mod/github.com/gin-gonic/gin@v1.10.0/context.go:185
github.com/flipped-aurora/gin-vue-admin/server/initialize.Routers.RequestMeta.func2
	/Users/a1/data/go/gin-vue-admin/server/middleware/request_meta.go:39
github.com/gin-gonic/gin.(*Context).Next
	/Users/a1/go/pkg/mod/github.com/gin-gonic/gin@v1.10.0/context.go:185
github.com/gin-gonic/gin.(*Engine).handleHTTPRequest
	/Users/a1/go/pkg/mod/github.com/gin-gonic/gin@v1.10.0/gin.go:633
github.com/gin-gonic/gin.(*Engine).ServeHTTP
	/Users/a1/go/pkg/mod/github.com/gin-gonic/gin@v1.10.0/gin.go:589
net/http.serverHandler.ServeHTTP
	/usr/local/go/src/net/http/server.go:3311
net/http.(*conn).serve
	/usr/local/go/src/net/http/server.go:2073
[github.com/flipped-aurora/gin-vue-admin/server]2026-09-11 21:52:39.871	[31merror[0m	/Users/a1/data/go/gin-vue-admin/server/middleware/client_jwt.go:35	C端鉴权: 按ID查询会员失败	{"node": "", "app_id": "", "env": "", "member_id": 1, "error": "record not found"}
github.com/flipped-aurora/gin-vue-admin/server/router/client.(*MemberRouter).InitMemberRouter.ClientJWTAuth.func1
	/Users/a1/data/go/gin-vue-admin/server/middleware/client_jwt.go:35
github.com/gin-gonic/gin.(*Context).Next
	/Users/a1/go/pkg/mod/github.com/gin-gonic/gin@v1.10.0/context.go:185
github.com/flipped-aurora/gin-vue-admin/server/initialize.Routers.Cors.func5
	/Users/a1/data/go/gin-vue-admin/server/middleware/cors.go:26
github.com/gin-gonic/gin.(*Context).Next
	/Users/a1/go/pkg/mod/github.com/gin-gonic/gin@v1.10.0/context.go:185
github.com/flipped-aurora/gin-vue-admin/server/middleware.UploadResponseHeaders.func1
	/Users/a1/data/go/gin-vue-admin/server/middleware/upload_security.go:25
github.com/gin-gonic/gin.(*Context).Next
	/Users/a1/go/pkg/mod/github.com/gin-gonic/gin@v1.10.0/context.go:185
github.com/gin-gonic/gin.LoggerWithConfig.func1
	/Users/a1/go/pkg/mod/github.com/gin-gonic/gin@v1.10.0/logger.go:249
github.com/gin-gonic/gin.(*Context).Next
	/Users/a1/go/pkg/mod/github.com/gin-gonic/gin@v1.10.0/context.go:185
github.com/flipped-aurora/gin-vue-admin/server/initialize.Routers.AccessLog.func4
	/Users/a1/data/go/gin-vue-admin/server/middleware/access_log.go:73
github.com/gin-gonic/gin.(*Context).Next
	/Users/a1/go/pkg/mod/github.com/gin-gonic/gin@v1.10.0/context.go:185
github.com/flipped-aurora/gin-vue-admin/server/initialize.Routers.GinRecovery.func3
	/Users/a1/data/go/gin-vue-admin/server/middleware/error.go:56
github.com/gin-gonic/gin.(*Context).Next
	/Users/a1/go/pkg/mod/github.com/gin-gonic/gin@v1.10.0/context.go:185
github.com/flipped-aurora/gin-vue-admin/server/initialize.Routers.RequestMeta.func2
	/Users/a1/data/go/gin-vue-admin/server/middleware/request_meta.go:39
github.com/gin-gonic/gin.(*Context).Next
	/Users/a1/go/pkg/mod/github.com/gin-gonic/gin@v1.10.0/context.go:185
github.com/gin-gonic/gin.(*Engine).handleHTTPRequest
	/Users/a1/go/pkg/mod/github.com/gin-gonic/gin@v1.10.0/gin.go:633
github.com/gin-gonic/gin.(*Engine).ServeHTTP
	/Users/a1/go/pkg/mod/github.com/gin-gonic/gin@v1.10.0/gin.go:589
net/http.serverHandler.ServeHTTP
	/usr/local/go/src/net/http/server.go:3311
net/http.(*conn).serve
	/usr/local/go/src/net/http/server.go:2073
[github.com/flipped-aurora/gin-vue-admin/server]2026-09-11 21:54:45.821	[31merror[0m	/Users/a1/data/go/gin-vue-admin/server/middleware/client_jwt.go:35	C端鉴权: 按ID查询会员失败	{"node": "", "app_id": "", "env": "", "member_id": 1, "error": "record not found"}
github.com/flipped-aurora/gin-vue-admin/server/router/client.(*MemberRouter).InitMemberRouter.ClientJWTAuth.func1
	/Users/a1/data/go/gin-vue-admin/server/middleware/client_jwt.go:35
github.com/gin-gonic/gin.(*Context).Next
	/Users/a1/go/pkg/mod/github.com/gin-gonic/gin@v1.10.0/context.go:185
github.com/flipped-aurora/gin-vue-admin/server/initialize.Routers.Cors.func5
	/Users/a1/data/go/gin-vue-admin/server/middleware/cors.go:26
github.com/gin-gonic/gin.(*Context).Next
	/Users/a1/go/pkg/mod/github.com/gin-gonic/gin@v1.10.0/context.go:185
github.com/flipped-aurora/gin-vue-admin/server/middleware.UploadResponseHeaders.func1
	/Users/a1/data/go/gin-vue-admin/server/middleware/upload_security.go:25
github.com/gin-gonic/gin.(*Context).Next
	/Users/a1/go/pkg/mod/github.com/gin-gonic/gin@v1.10.0/context.go:185
github.com/gin-gonic/gin.LoggerWithConfig.func1
	/Users/a1/go/pkg/mod/github.com/gin-gonic/gin@v1.10.0/logger.go:249
github.com/gin-gonic/gin.(*Context).Next
	/Users/a1/go/pkg/mod/github.com/gin-gonic/gin@v1.10.0/context.go:185
github.com/flipped-aurora/gin-vue-admin/server/initialize.Routers.AccessLog.func4
	/Users/a1/data/go/gin-vue-admin/server/middleware/access_log.go:73
github.com/gin-gonic/gin.(*Context).Next
	/Users/a1/go/pkg/mod/github.com/gin-gonic/gin@v1.10.0/context.go:185
github.com/flipped-aurora/gin-vue-admin/server/initialize.Routers.GinRecovery.func3
	/Users/a1/data/go/gin-vue-admin/server/middleware/error.go:56
github.com/gin-gonic/gin.(*Context).Next
	/Users/a1/go/pkg/mod/github.com/gin-gonic/gin@v1.10.0/context.go:185
github.com/flipped-aurora/gin-vue-admin/server/initialize.Routers.RequestMeta.func2
	/Users/a1/data/go/gin-vue-admin/server/middleware/request_meta.go:39
github.com/gin-gonic/gin.(*Context).Next
	/Users/a1/go/pkg/mod/github.com/gin-gonic/gin@v1.10.0/context.go:185
github.com/gin-gonic/gin.(*Engine).handleHTTPRequest
	/Users/a1/go/pkg/mod/github.com/gin-gonic/gin@v1.10.0/gin.go:633
github.com/gin-gonic/gin.(*Engine).ServeHTTP
	/Users/a1/go/pkg/mod/github.com/gin-gonic/gin@v1.10.0/gin.go:589
net/http.serverHandler.ServeHTTP
	/usr/local/go/src/net/http/server.go:3311
net/http.(*conn).serve
	/usr/local/go/src/net/http/server.go:2073
[github.com/flipped-aurora/gin-vue-admin/server]2026-09-11 21:58:15.402	[31merror[0m	/Users/a1/data/go/gin-vue-admin/server/middleware/client_jwt.go:35	C端鉴权: 按ID查询会员失败	{"node": "", "app_id": "", "env": "", "member_id": 1, "error": "record not found"}
github.com/flipped-aurora/gin-vue-admin/server/router/client.(*MemberRouter).InitMemberRouter.ClientJWTAuth.func1
	/Users/a1/data/go/gin-vue-admin/server/middleware/client_jwt.go:35
github.com/gin-gonic/gin.(*Context).Next
	/Users/a1/go/pkg/mod/github.com/gin-gonic/gin@v1.10.0/context.go:185
github.com/flipped-aurora/gin-vue-admin/server/initialize.Routers.Cors.func5
	/Users/a1/data/go/gin-vue-admin/server/middleware/cors.go:26
github.com/gin-gonic/gin.(*Context).Next
	/Users/a1/go/pkg/mod/github.com/gin-gonic/gin@v1.10.0/context.go:185
github.com/flipped-aurora/gin-vue-admin/server/middleware.UploadResponseHeaders.func1
	/Users/a1/data/go/gin-vue-admin/server/middleware/upload_security.go:25
github.com/gin-gonic/gin.(*Context).Next
	/Users/a1/go/pkg/mod/github.com/gin-gonic/gin@v1.10.0/context.go:185
github.com/gin-gonic/gin.LoggerWithConfig.func1
	/Users/a1/go/pkg/mod/github.com/gin-gonic/gin@v1.10.0/logger.go:249
github.com/gin-gonic/gin.(*Context).Next
	/Users/a1/go/pkg/mod/github.com/gin-gonic/gin@v1.10.0/context.go:185
github.com/flipped-aurora/gin-vue-admin/server/initialize.Routers.AccessLog.func4
	/Users/a1/data/go/gin-vue-admin/server/middleware/access_log.go:73
github.com/gin-gonic/gin.(*Context).Next
	/Users/a1/go/pkg/mod/github.com/gin-gonic/gin@v1.10.0/context.go:185
github.com/flipped-aurora/gin-vue-admin/server/initialize.Routers.GinRecovery.func3
	/Users/a1/data/go/gin-vue-admin/server/middleware/error.go:56
github.com/gin-gonic/gin.(*Context).Next
	/Users/a1/go/pkg/mod/github.com/gin-gonic/gin@v1.10.0/context.go:185
github.com/flipped-aurora/gin-vue-admin/server/initialize.Routers.RequestMeta.func2
	/Users/a1/data/go/gin-vue-admin/server/middleware/request_meta.go:39
github.com/gin-gonic/gin.(*Context).Next
	/Users/a1/go/pkg/mod/github.com/gin-gonic/gin@v1.10.0/context.go:185
github.com/gin-gonic/gin.(*Engine).handleHTTPRequest
	/Users/a1/go/pkg/mod/github.com/gin-gonic/gin@v1.10.0/gin.go:633
github.com/gin-gonic/gin.(*Engine).ServeHTTP
	/Users/a1/go/pkg/mod/github.com/gin-gonic/gin@v1.10.0/gin.go:589
net/http.serverHandler.ServeHTTP
	/usr/local/go/src/net/http/server.go:3311
net/http.(*conn).serve
	/usr/local/go/src/net/http/server.go:2073
[github.com/flipped-aurora/gin-vue-admin/server]2026-09-11 21:58:26.550	[31merror[0m	/Users/a1/data/go/gin-vue-admin/server/middleware/client_jwt.go:35	C端鉴权: 按ID查询会员失败	{"node": "", "app_id": "", "env": "", "member_id": 1, "error": "record not found"}
github.com/flipped-aurora/gin-vue-admin/server/router/client.(*MemberRouter).InitMemberRouter.ClientJWTAuth.func1
	/Users/a1/data/go/gin-vue-admin/server/middleware/client_jwt.go:35
github.com/gin-gonic/gin.(*Context).Next
	/Users/a1/go/pkg/mod/github.com/gin-gonic/gin@v1.10.0/context.go:185
github.com/flipped-aurora/gin-vue-admin/server/initialize.Routers.Cors.func5
	/Users/a1/data/go/gin-vue-admin/server/middleware/cors.go:26
github.com/gin-gonic/gin.(*Context).Next
	/Users/a1/go/pkg/mod/github.com/gin-gonic/gin@v1.10.0/context.go:185
github.com/flipped-aurora/gin-vue-admin/server/middleware.UploadResponseHeaders.func1
	/Users/a1/data/go/gin-vue-admin/server/middleware/upload_security.go:25
github.com/gin-gonic/gin.(*Context).Next
	/Users/a1/go/pkg/mod/github.com/gin-gonic/gin@v1.10.0/context.go:185
github.com/gin-gonic/gin.LoggerWithConfig.func1
	/Users/a1/go/pkg/mod/github.com/gin-gonic/gin@v1.10.0/logger.go:249
github.com/gin-gonic/gin.(*Context).Next
	/Users/a1/go/pkg/mod/github.com/gin-gonic/gin@v1.10.0/context.go:185
github.com/flipped-aurora/gin-vue-admin/server/initialize.Routers.AccessLog.func4
	/Users/a1/data/go/gin-vue-admin/server/middleware/access_log.go:73
github.com/gin-gonic/gin.(*Context).Next
	/Users/a1/go/pkg/mod/github.com/gin-gonic/gin@v1.10.0/context.go:185
github.com/flipped-aurora/gin-vue-admin/server/initialize.Routers.GinRecovery.func3
	/Users/a1/data/go/gin-vue-admin/server/middleware/error.go:56
github.com/gin-gonic/gin.(*Context).Next
	/Users/a1/go/pkg/mod/github.com/gin-gonic/gin@v1.10.0/context.go:185
github.com/flipped-aurora/gin-vue-admin/server/initialize.Routers.RequestMeta.func2
	/Users/a1/data/go/gin-vue-admin/server/middleware/request_meta.go:39
github.com/gin-gonic/gin.(*Context).Next
	/Users/a1/go/pkg/mod/github.com/gin-gonic/gin@v1.10.0/context.go:185
github.com/gin-gonic/gin.(*Engine).handleHTTPRequest
	/Users/a1/go/pkg/mod/github.com/gin-gonic/gin@v1.10.0/gin.go:633
github.com/gin-gonic/gin.(*Engine).ServeHTTP
	/Users/a1/go/pkg/mod/github.com/gin-gonic/gin@v1.10.0/gin.go:589
net/http.serverHandler.ServeHTTP
	/usr/local/go/src/net/http/server.go:3311
net/http.(*conn).serve
	/usr/local/go/src/net/http/server.go:2073
[github.com/flipped-aurora/gin-vue-admin/server]2026-09-11 22:00:07.748	[31merror[0m	/Users/a1/data/go/gin-vue-admin/server/middleware/client_jwt.go:35	C端鉴权: 按ID查询会员失败	{"node": "", "app_id": "", "env": "", "member_id": 1, "error": "record not found"}
github.com/flipped-aurora/gin-vue-admin/server/router/client.(*MemberRouter).InitMemberRouter.ClientJWTAuth.func1
	/Users/a1/data/go/gin-vue-admin/server/middleware/client_jwt.go:35
github.com/gin-gonic/gin.(*Context).Next
	/Users/a1/go/pkg/mod/github.com/gin-gonic/gin@v1.10.0/context.go:185
github.com/flipped-aurora/gin-vue-admin/server/initialize.Routers.Cors.func5
	/Users/a1/data/go/gin-vue-admin/server/middleware/cors.go:26
github.com/gin-gonic/gin.(*Context).Next
	/Users/a1/go/pkg/mod/github.com/gin-gonic/gin@v1.10.0/context.go:185
github.com/flipped-aurora/gin-vue-admin/server/middleware.UploadResponseHeaders.func1
	/Users/a1/data/go/gin-vue-admin/server/middleware/upload_security.go:25
github.com/gin-gonic/gin.(*Context).Next
	/Users/a1/go/pkg/mod/github.com/gin-gonic/gin@v1.10.0/context.go:185
github.com/gin-gonic/gin.LoggerWithConfig.func1
	/Users/a1/go/pkg/mod/github.com/gin-gonic/gin@v1.10.0/logger.go:249
github.com/gin-gonic/gin.(*Context).Next
	/Users/a1/go/pkg/mod/github.com/gin-gonic/gin@v1.10.0/context.go:185
github.com/flipped-aurora/gin-vue-admin/server/initialize.Routers.AccessLog.func4
	/Users/a1/data/go/gin-vue-admin/server/middleware/access_log.go:73
github.com/gin-gonic/gin.(*Context).Next
	/Users/a1/go/pkg/mod/github.com/gin-gonic/gin@v1.10.0/context.go:185
github.com/flipped-aurora/gin-vue-admin/server/initialize.Routers.GinRecovery.func3
	/Users/a1/data/go/gin-vue-admin/server/middleware/error.go:56
github.com/gin-gonic/gin.(*Context).Next
	/Users/a1/go/pkg/mod/github.com/gin-gonic/gin@v1.10.0/context.go:185
github.com/flipped-aurora/gin-vue-admin/server/initialize.Routers.RequestMeta.func2
	/Users/a1/data/go/gin-vue-admin/server/middleware/request_meta.go:39
github.com/gin-gonic/gin.(*Context).Next
	/Users/a1/go/pkg/mod/github.com/gin-gonic/gin@v1.10.0/context.go:185
github.com/gin-gonic/gin.(*Engine).handleHTTPRequest
	/Users/a1/go/pkg/mod/github.com/gin-gonic/gin@v1.10.0/gin.go:633
github.com/gin-gonic/gin.(*Engine).ServeHTTP
	/Users/a1/go/pkg/mod/github.com/gin-gonic/gin@v1.10.0/gin.go:589
net/http.serverHandler.ServeHTTP
	/usr/local/go/src/net/http/server.go:3311
net/http.(*conn).serve
	/usr/local/go/src/net/http/server.go:2073
[github.com/flipped-aurora/gin-vue-admin/server]2026-09-11 22:00:54.108	[31merror[0m	/Users/a1/data/go/gin-vue-admin/server/middleware/client_jwt.go:35	C端鉴权: 按ID查询会员失败	{"node": "", "app_id": "", "env": "", "member_id": 1, "error": "record not found"}
github.com/flipped-aurora/gin-vue-admin/server/router/client.(*MemberRouter).InitMemberRouter.ClientJWTAuth.func1
	/Users/a1/data/go/gin-vue-admin/server/middleware/client_jwt.go:35
github.com/gin-gonic/gin.(*Context).Next
	/Users/a1/go/pkg/mod/github.com/gin-gonic/gin@v1.10.0/context.go:185
github.com/flipped-aurora/gin-vue-admin/server/initialize.Routers.Cors.func5
	/Users/a1/data/go/gin-vue-admin/server/middleware/cors.go:26
github.com/gin-gonic/gin.(*Context).Next
	/Users/a1/go/pkg/mod/github.com/gin-gonic/gin@v1.10.0/context.go:185
github.com/flipped-aurora/gin-vue-admin/server/middleware.UploadResponseHeaders.func1
	/Users/a1/data/go/gin-vue-admin/server/middleware/upload_security.go:25
github.com/gin-gonic/gin.(*Context).Next
	/Users/a1/go/pkg/mod/github.com/gin-gonic/gin@v1.10.0/context.go:185
github.com/gin-gonic/gin.LoggerWithConfig.func1
	/Users/a1/go/pkg/mod/github.com/gin-gonic/gin@v1.10.0/logger.go:249
github.com/gin-gonic/gin.(*Context).Next
	/Users/a1/go/pkg/mod/github.com/gin-gonic/gin@v1.10.0/context.go:185
github.com/flipped-aurora/gin-vue-admin/server/initialize.Routers.AccessLog.func4
	/Users/a1/data/go/gin-vue-admin/server/middleware/access_log.go:73
github.com/gin-gonic/gin.(*Context).Next
	/Users/a1/go/pkg/mod/github.com/gin-gonic/gin@v1.10.0/context.go:185
github.com/flipped-aurora/gin-vue-admin/server/initialize.Routers.GinRecovery.func3
	/Users/a1/data/go/gin-vue-admin/server/middleware/error.go:56
github.com/gin-gonic/gin.(*Context).Next
	/Users/a1/go/pkg/mod/github.com/gin-gonic/gin@v1.10.0/context.go:185
github.com/flipped-aurora/gin-vue-admin/server/initialize.Routers.RequestMeta.func2
	/Users/a1/data/go/gin-vue-admin/server/middleware/request_meta.go:39
github.com/gin-gonic/gin.(*Context).Next
	/Users/a1/go/pkg/mod/github.com/gin-gonic/gin@v1.10.0/context.go:185
github.com/gin-gonic/gin.(*Engine).handleHTTPRequest
	/Users/a1/go/pkg/mod/github.com/gin-gonic/gin@v1.10.0/gin.go:633
github.com/gin-gonic/gin.(*Engine).ServeHTTP
	/Users/a1/go/pkg/mod/github.com/gin-gonic/gin@v1.10.0/gin.go:589
net/http.serverHandler.ServeHTTP
	/usr/local/go/src/net/http/server.go:3311
net/http.(*conn).serve
	/usr/local/go/src/net/http/server.go:2073
[github.com/flipped-aurora/gin-vue-admin/server]2026-09-11 22:04:50.726	[31merror[0m	/Users/a1/data/go/gin-vue-admin/server/middleware/client_jwt.go:35	C端鉴权: 按ID查询会员失败	{"node": "", "app_id": "", "env": "", "member_id": 1, "error": "record not found"}
github.com/flipped-aurora/gin-vue-admin/server/router/client.(*MemberRouter).InitMemberRouter.ClientJWTAuth.func1
	/Users/a1/data/go/gin-vue-admin/server/middleware/client_jwt.go:35
github.com/gin-gonic/gin.(*Context).Next
	/Users/a1/go/pkg/mod/github.com/gin-gonic/gin@v1.10.0/context.go:185
github.com/flipped-aurora/gin-vue-admin/server/initialize.Routers.Cors.func5
	/Users/a1/data/go/gin-vue-admin/server/middleware/cors.go:26
github.com/gin-gonic/gin.(*Context).Next
	/Users/a1/go/pkg/mod/github.com/gin-gonic/gin@v1.10.0/context.go:185
github.com/flipped-aurora/gin-vue-admin/server/middleware.UploadResponseHeaders.func1
	/Users/a1/data/go/gin-vue-admin/server/middleware/upload_security.go:25
github.com/gin-gonic/gin.(*Context).Next
	/Users/a1/go/pkg/mod/github.com/gin-gonic/gin@v1.10.0/context.go:185
github.com/gin-gonic/gin.LoggerWithConfig.func1
	/Users/a1/go/pkg/mod/github.com/gin-gonic/gin@v1.10.0/logger.go:249
github.com/gin-gonic/gin.(*Context).Next
	/Users/a1/go/pkg/mod/github.com/gin-gonic/gin@v1.10.0/context.go:185
github.com/flipped-aurora/gin-vue-admin/server/initialize.Routers.AccessLog.func4
	/Users/a1/data/go/gin-vue-admin/server/middleware/access_log.go:73
github.com/gin-gonic/gin.(*Context).Next
	/Users/a1/go/pkg/mod/github.com/gin-gonic/gin@v1.10.0/context.go:185
github.com/flipped-aurora/gin-vue-admin/server/initialize.Routers.GinRecovery.func3
	/Users/a1/data/go/gin-vue-admin/server/middleware/error.go:56
github.com/gin-gonic/gin.(*Context).Next
	/Users/a1/go/pkg/mod/github.com/gin-gonic/gin@v1.10.0/context.go:185
github.com/flipped-aurora/gin-vue-admin/server/initialize.Routers.RequestMeta.func2
	/Users/a1/data/go/gin-vue-admin/server/middleware/request_meta.go:39
github.com/gin-gonic/gin.(*Context).Next
	/Users/a1/go/pkg/mod/github.com/gin-gonic/gin@v1.10.0/context.go:185
github.com/gin-gonic/gin.(*Engine).handleHTTPRequest
	/Users/a1/go/pkg/mod/github.com/gin-gonic/gin@v1.10.0/gin.go:633
github.com/gin-gonic/gin.(*Engine).ServeHTTP
	/Users/a1/go/pkg/mod/github.com/gin-gonic/gin@v1.10.0/gin.go:589
net/http.serverHandler.ServeHTTP
	/usr/local/go/src/net/http/server.go:3311
net/http.(*conn).serve
	/usr/local/go/src/net/http/server.go:2073
[github.com/flipped-aurora/gin-vue-admin/server]2026-09-11 22:05:03.051	[31merror[0m	/Users/a1/data/go/gin-vue-admin/server/middleware/client_jwt.go:35	C端鉴权: 按ID查询会员失败	{"node": "", "app_id": "", "env": "", "member_id": 1, "error": "record not found"}
github.com/flipped-aurora/gin-vue-admin/server/router/client.(*MemberRouter).InitMemberRouter.ClientJWTAuth.func1
	/Users/a1/data/go/gin-vue-admin/server/middleware/client_jwt.go:35
github.com/gin-gonic/gin.(*Context).Next
	/Users/a1/go/pkg/mod/github.com/gin-gonic/gin@v1.10.0/context.go:185
github.com/flipped-aurora/gin-vue-admin/server/initialize.Routers.Cors.func5
	/Users/a1/data/go/gin-vue-admin/server/middleware/cors.go:26
github.com/gin-gonic/gin.(*Context).Next
	/Users/a1/go/pkg/mod/github.com/gin-gonic/gin@v1.10.0/context.go:185
github.com/flipped-aurora/gin-vue-admin/server/middleware.UploadResponseHeaders.func1
	/Users/a1/data/go/gin-vue-admin/server/middleware/upload_security.go:25
github.com/gin-gonic/gin.(*Context).Next
	/Users/a1/go/pkg/mod/github.com/gin-gonic/gin@v1.10.0/context.go:185
github.com/gin-gonic/gin.LoggerWithConfig.func1
	/Users/a1/go/pkg/mod/github.com/gin-gonic/gin@v1.10.0/logger.go:249
github.com/gin-gonic/gin.(*Context).Next
	/Users/a1/go/pkg/mod/github.com/gin-gonic/gin@v1.10.0/context.go:185
github.com/flipped-aurora/gin-vue-admin/server/initialize.Routers.AccessLog.func4
	/Users/a1/data/go/gin-vue-admin/server/middleware/access_log.go:73
github.com/gin-gonic/gin.(*Context).Next
	/Users/a1/go/pkg/mod/github.com/gin-gonic/gin@v1.10.0/context.go:185
github.com/flipped-aurora/gin-vue-admin/server/initialize.Routers.GinRecovery.func3
	/Users/a1/data/go/gin-vue-admin/server/middleware/error.go:56
github.com/gin-gonic/gin.(*Context).Next
	/Users/a1/go/pkg/mod/github.com/gin-gonic/gin@v1.10.0/context.go:185
github.com/flipped-aurora/gin-vue-admin/server/initialize.Routers.RequestMeta.func2
	/Users/a1/data/go/gin-vue-admin/server/middleware/request_meta.go:39
github.com/gin-gonic/gin.(*Context).Next
	/Users/a1/go/pkg/mod/github.com/gin-gonic/gin@v1.10.0/context.go:185
github.com/gin-gonic/gin.(*Engine).handleHTTPRequest
	/Users/a1/go/pkg/mod/github.com/gin-gonic/gin@v1.10.0/gin.go:633
github.com/gin-gonic/gin.(*Engine).ServeHTTP
	/Users/a1/go/pkg/mod/github.com/gin-gonic/gin@v1.10.0/gin.go:589
net/http.serverHandler.ServeHTTP
	/usr/local/go/src/net/http/server.go:3311
net/http.(*conn).serve
	/usr/local/go/src/net/http/server.go:2073
[github.com/flipped-aurora/gin-vue-admin/server]2026-09-11 22:05:04.864	[31merror[0m	/Users/a1/data/go/gin-vue-admin/server/middleware/client_jwt.go:35	C端鉴权: 按ID查询会员失败	{"node": "", "app_id": "", "env": "", "member_id": 1, "error": "record not found"}
github.com/flipped-aurora/gin-vue-admin/server/router/client.(*MemberRouter).InitMemberRouter.ClientJWTAuth.func1
	/Users/a1/data/go/gin-vue-admin/server/middleware/client_jwt.go:35
github.com/gin-gonic/gin.(*Context).Next
	/Users/a1/go/pkg/mod/github.com/gin-gonic/gin@v1.10.0/context.go:185
github.com/flipped-aurora/gin-vue-admin/server/initialize.Routers.Cors.func5
	/Users/a1/data/go/gin-vue-admin/server/middleware/cors.go:26
github.com/gin-gonic/gin.(*Context).Next
	/Users/a1/go/pkg/mod/github.com/gin-gonic/gin@v1.10.0/context.go:185
github.com/flipped-aurora/gin-vue-admin/server/middleware.UploadResponseHeaders.func1
	/Users/a1/data/go/gin-vue-admin/server/middleware/upload_security.go:25
github.com/gin-gonic/gin.(*Context).Next
	/Users/a1/go/pkg/mod/github.com/gin-gonic/gin@v1.10.0/context.go:185
github.com/gin-gonic/gin.LoggerWithConfig.func1
	/Users/a1/go/pkg/mod/github.com/gin-gonic/gin@v1.10.0/logger.go:249
github.com/gin-gonic/gin.(*Context).Next
	/Users/a1/go/pkg/mod/github.com/gin-gonic/gin@v1.10.0/context.go:185
github.com/flipped-aurora/gin-vue-admin/server/initialize.Routers.AccessLog.func4
	/Users/a1/data/go/gin-vue-admin/server/middleware/access_log.go:73
github.com/gin-gonic/gin.(*Context).Next
	/Users/a1/go/pkg/mod/github.com/gin-gonic/gin@v1.10.0/context.go:185
github.com/flipped-aurora/gin-vue-admin/server/initialize.Routers.GinRecovery.func3
	/Users/a1/data/go/gin-vue-admin/server/middleware/error.go:56
github.com/gin-gonic/gin.(*Context).Next
	/Users/a1/go/pkg/mod/github.com/gin-gonic/gin@v1.10.0/context.go:185
github.com/flipped-aurora/gin-vue-admin/server/initialize.Routers.RequestMeta.func2
	/Users/a1/data/go/gin-vue-admin/server/middleware/request_meta.go:39
github.com/gin-gonic/gin.(*Context).Next
	/Users/a1/go/pkg/mod/github.com/gin-gonic/gin@v1.10.0/context.go:185
github.com/gin-gonic/gin.(*Engine).handleHTTPRequest
	/Users/a1/go/pkg/mod/github.com/gin-gonic/gin@v1.10.0/gin.go:633
github.com/gin-gonic/gin.(*Engine).ServeHTTP
	/Users/a1/go/pkg/mod/github.com/gin-gonic/gin@v1.10.0/gin.go:589
net/http.serverHandler.ServeHTTP
	/usr/local/go/src/net/http/server.go:3311
net/http.(*conn).serve
	/usr/local/go/src/net/http/server.go:2073
[github.com/flipped-aurora/gin-vue-admin/server]2026-09-11 22:05:06.505	[31merror[0m	/Users/a1/data/go/gin-vue-admin/server/middleware/client_jwt.go:35	C端鉴权: 按ID查询会员失败	{"node": "", "app_id": "", "env": "", "member_id": 1, "error": "record not found"}
github.com/flipped-aurora/gin-vue-admin/server/router/client.(*MemberRouter).InitMemberRouter.ClientJWTAuth.func1
	/Users/a1/data/go/gin-vue-admin/server/middleware/client_jwt.go:35
github.com/gin-gonic/gin.(*Context).Next
	/Users/a1/go/pkg/mod/github.com/gin-gonic/gin@v1.10.0/context.go:185
github.com/flipped-aurora/gin-vue-admin/server/initialize.Routers.Cors.func5
	/Users/a1/data/go/gin-vue-admin/server/middleware/cors.go:26
github.com/gin-gonic/gin.(*Context).Next
	/Users/a1/go/pkg/mod/github.com/gin-gonic/gin@v1.10.0/context.go:185
github.com/flipped-aurora/gin-vue-admin/server/middleware.UploadResponseHeaders.func1
	/Users/a1/data/go/gin-vue-admin/server/middleware/upload_security.go:25
github.com/gin-gonic/gin.(*Context).Next
	/Users/a1/go/pkg/mod/github.com/gin-gonic/gin@v1.10.0/context.go:185
github.com/gin-gonic/gin.LoggerWithConfig.func1
	/Users/a1/go/pkg/mod/github.com/gin-gonic/gin@v1.10.0/logger.go:249
github.com/gin-gonic/gin.(*Context).Next
	/Users/a1/go/pkg/mod/github.com/gin-gonic/gin@v1.10.0/context.go:185
github.com/flipped-aurora/gin-vue-admin/server/initialize.Routers.AccessLog.func4
	/Users/a1/data/go/gin-vue-admin/server/middleware/access_log.go:73
github.com/gin-gonic/gin.(*Context).Next
	/Users/a1/go/pkg/mod/github.com/gin-gonic/gin@v1.10.0/context.go:185
github.com/flipped-aurora/gin-vue-admin/server/initialize.Routers.GinRecovery.func3
	/Users/a1/data/go/gin-vue-admin/server/middleware/error.go:56
github.com/gin-gonic/gin.(*Context).Next
	/Users/a1/go/pkg/mod/github.com/gin-gonic/gin@v1.10.0/context.go:185
github.com/flipped-aurora/gin-vue-admin/server/initialize.Routers.RequestMeta.func2
	/Users/a1/data/go/gin-vue-admin/server/middleware/request_meta.go:39
github.com/gin-gonic/gin.(*Context).Next
	/Users/a1/go/pkg/mod/github.com/gin-gonic/gin@v1.10.0/context.go:185
github.com/gin-gonic/gin.(*Engine).handleHTTPRequest
	/Users/a1/go/pkg/mod/github.com/gin-gonic/gin@v1.10.0/gin.go:633
github.com/gin-gonic/gin.(*Engine).ServeHTTP
	/Users/a1/go/pkg/mod/github.com/gin-gonic/gin@v1.10.0/gin.go:589
net/http.serverHandler.ServeHTTP
	/usr/local/go/src/net/http/server.go:3311
net/http.(*conn).serve
	/usr/local/go/src/net/http/server.go:2073
[github.com/flipped-aurora/gin-vue-admin/server]2026-09-11 22:05:17.216	[31merror[0m	/Users/a1/data/go/gin-vue-admin/server/middleware/client_jwt.go:35	C端鉴权: 按ID查询会员失败	{"node": "", "app_id": "", "env": "", "member_id": 1, "error": "record not found"}
github.com/flipped-aurora/gin-vue-admin/server/router/client.(*MemberRouter).InitMemberRouter.ClientJWTAuth.func1
	/Users/a1/data/go/gin-vue-admin/server/middleware/client_jwt.go:35
github.com/gin-gonic/gin.(*Context).Next
	/Users/a1/go/pkg/mod/github.com/gin-gonic/gin@v1.10.0/context.go:185
github.com/flipped-aurora/gin-vue-admin/server/initialize.Routers.Cors.func5
	/Users/a1/data/go/gin-vue-admin/server/middleware/cors.go:26
github.com/gin-gonic/gin.(*Context).Next
	/Users/a1/go/pkg/mod/github.com/gin-gonic/gin@v1.10.0/context.go:185
github.com/flipped-aurora/gin-vue-admin/server/middleware.UploadResponseHeaders.func1
	/Users/a1/data/go/gin-vue-admin/server/middleware/upload_security.go:25
github.com/gin-gonic/gin.(*Context).Next
	/Users/a1/go/pkg/mod/github.com/gin-gonic/gin@v1.10.0/context.go:185
github.com/gin-gonic/gin.LoggerWithConfig.func1
	/Users/a1/go/pkg/mod/github.com/gin-gonic/gin@v1.10.0/logger.go:249
github.com/gin-gonic/gin.(*Context).Next
	/Users/a1/go/pkg/mod/github.com/gin-gonic/gin@v1.10.0/context.go:185
github.com/flipped-aurora/gin-vue-admin/server/initialize.Routers.AccessLog.func4
	/Users/a1/data/go/gin-vue-admin/server/middleware/access_log.go:73
github.com/gin-gonic/gin.(*Context).Next
	/Users/a1/go/pkg/mod/github.com/gin-gonic/gin@v1.10.0/context.go:185
github.com/flipped-aurora/gin-vue-admin/server/initialize.Routers.GinRecovery.func3
	/Users/a1/data/go/gin-vue-admin/server/middleware/error.go:56
github.com/gin-gonic/gin.(*Context).Next
	/Users/a1/go/pkg/mod/github.com/gin-gonic/gin@v1.10.0/context.go:185
github.com/flipped-aurora/gin-vue-admin/server/initialize.Routers.RequestMeta.func2
	/Users/a1/data/go/gin-vue-admin/server/middleware/request_meta.go:39
github.com/gin-gonic/gin.(*Context).Next
	/Users/a1/go/pkg/mod/github.com/gin-gonic/gin@v1.10.0/context.go:185
github.com/gin-gonic/gin.(*Engine).handleHTTPRequest
	/Users/a1/go/pkg/mod/github.com/gin-gonic/gin@v1.10.0/gin.go:633
github.com/gin-gonic/gin.(*Engine).ServeHTTP
	/Users/a1/go/pkg/mod/github.com/gin-gonic/gin@v1.10.0/gin.go:589
net/http.serverHandler.ServeHTTP
	/usr/local/go/src/net/http/server.go:3311
net/http.(*conn).serve
	/usr/local/go/src/net/http/server.go:2073
[github.com/flipped-aurora/gin-vue-admin/server]2026-09-11 22:05:18.358	[31merror[0m	/Users/a1/data/go/gin-vue-admin/server/middleware/client_jwt.go:35	C端鉴权: 按ID查询会员失败	{"node": "", "app_id": "", "env": "", "member_id": 1, "error": "record not found"}
github.com/flipped-aurora/gin-vue-admin/server/router/client.(*MemberRouter).InitMemberRouter.ClientJWTAuth.func1
	/Users/a1/data/go/gin-vue-admin/server/middleware/client_jwt.go:35
github.com/gin-gonic/gin.(*Context).Next
	/Users/a1/go/pkg/mod/github.com/gin-gonic/gin@v1.10.0/context.go:185
github.com/flipped-aurora/gin-vue-admin/server/initialize.Routers.Cors.func5
	/Users/a1/data/go/gin-vue-admin/server/middleware/cors.go:26
github.com/gin-gonic/gin.(*Context).Next
	/Users/a1/go/pkg/mod/github.com/gin-gonic/gin@v1.10.0/context.go:185
github.com/flipped-aurora/gin-vue-admin/server/middleware.UploadResponseHeaders.func1
	/Users/a1/data/go/gin-vue-admin/server/middleware/upload_security.go:25
github.com/gin-gonic/gin.(*Context).Next
	/Users/a1/go/pkg/mod/github.com/gin-gonic/gin@v1.10.0/context.go:185
github.com/gin-gonic/gin.LoggerWithConfig.func1
	/Users/a1/go/pkg/mod/github.com/gin-gonic/gin@v1.10.0/logger.go:249
github.com/gin-gonic/gin.(*Context).Next
	/Users/a1/go/pkg/mod/github.com/gin-gonic/gin@v1.10.0/context.go:185
github.com/flipped-aurora/gin-vue-admin/server/initialize.Routers.AccessLog.func4
	/Users/a1/data/go/gin-vue-admin/server/middleware/access_log.go:73
github.com/gin-gonic/gin.(*Context).Next
	/Users/a1/go/pkg/mod/github.com/gin-gonic/gin@v1.10.0/context.go:185
github.com/flipped-aurora/gin-vue-admin/server/initialize.Routers.GinRecovery.func3
	/Users/a1/data/go/gin-vue-admin/server/middleware/error.go:56
github.com/gin-gonic/gin.(*Context).Next
	/Users/a1/go/pkg/mod/github.com/gin-gonic/gin@v1.10.0/context.go:185
github.com/flipped-aurora/gin-vue-admin/server/initialize.Routers.RequestMeta.func2
	/Users/a1/data/go/gin-vue-admin/server/middleware/request_meta.go:39
github.com/gin-gonic/gin.(*Context).Next
	/Users/a1/go/pkg/mod/github.com/gin-gonic/gin@v1.10.0/context.go:185
github.com/gin-gonic/gin.(*Engine).handleHTTPRequest
	/Users/a1/go/pkg/mod/github.com/gin-gonic/gin@v1.10.0/gin.go:633
github.com/gin-gonic/gin.(*Engine).ServeHTTP
	/Users/a1/go/pkg/mod/github.com/gin-gonic/gin@v1.10.0/gin.go:589
net/http.serverHandler.ServeHTTP
	/usr/local/go/src/net/http/server.go:3311
net/http.(*conn).serve
	/usr/local/go/src/net/http/server.go:2073
[github.com/flipped-aurora/gin-vue-admin/server]2026-09-11 22:05:19.603	[31merror[0m	/Users/a1/data/go/gin-vue-admin/server/middleware/client_jwt.go:35	C端鉴权: 按ID查询会员失败	{"node": "", "app_id": "", "env": "", "member_id": 1, "error": "record not found"}
github.com/flipped-aurora/gin-vue-admin/server/router/client.(*MemberRouter).InitMemberRouter.ClientJWTAuth.func1
	/Users/a1/data/go/gin-vue-admin/server/middleware/client_jwt.go:35
github.com/gin-gonic/gin.(*Context).Next
	/Users/a1/go/pkg/mod/github.com/gin-gonic/gin@v1.10.0/context.go:185
github.com/flipped-aurora/gin-vue-admin/server/initialize.Routers.Cors.func5
	/Users/a1/data/go/gin-vue-admin/server/middleware/cors.go:26
github.com/gin-gonic/gin.(*Context).Next
	/Users/a1/go/pkg/mod/github.com/gin-gonic/gin@v1.10.0/context.go:185
github.com/flipped-aurora/gin-vue-admin/server/middleware.UploadResponseHeaders.func1
	/Users/a1/data/go/gin-vue-admin/server/middleware/upload_security.go:25
github.com/gin-gonic/gin.(*Context).Next
	/Users/a1/go/pkg/mod/github.com/gin-gonic/gin@v1.10.0/context.go:185
github.com/gin-gonic/gin.LoggerWithConfig.func1
	/Users/a1/go/pkg/mod/github.com/gin-gonic/gin@v1.10.0/logger.go:249
github.com/gin-gonic/gin.(*Context).Next
	/Users/a1/go/pkg/mod/github.com/gin-gonic/gin@v1.10.0/context.go:185
github.com/flipped-aurora/gin-vue-admin/server/initialize.Routers.AccessLog.func4
	/Users/a1/data/go/gin-vue-admin/server/middleware/access_log.go:73
github.com/gin-gonic/gin.(*Context).Next
	/Users/a1/go/pkg/mod/github.com/gin-gonic/gin@v1.10.0/context.go:185
github.com/flipped-aurora/gin-vue-admin/server/initialize.Routers.GinRecovery.func3
	/Users/a1/data/go/gin-vue-admin/server/middleware/error.go:56
github.com/gin-gonic/gin.(*Context).Next
	/Users/a1/go/pkg/mod/github.com/gin-gonic/gin@v1.10.0/context.go:185
github.com/flipped-aurora/gin-vue-admin/server/initialize.Routers.RequestMeta.func2
	/Users/a1/data/go/gin-vue-admin/server/middleware/request_meta.go:39
github.com/gin-gonic/gin.(*Context).Next
	/Users/a1/go/pkg/mod/github.com/gin-gonic/gin@v1.10.0/context.go:185
github.com/gin-gonic/gin.(*Engine).handleHTTPRequest
	/Users/a1/go/pkg/mod/github.com/gin-gonic/gin@v1.10.0/gin.go:633
github.com/gin-gonic/gin.(*Engine).ServeHTTP
	/Users/a1/go/pkg/mod/github.com/gin-gonic/gin@v1.10.0/gin.go:589
net/http.serverHandler.ServeHTTP
	/usr/local/go/src/net/http/server.go:3311
net/http.(*conn).serve
	/usr/local/go/src/net/http/server.go:2073
[github.com/flipped-aurora/gin-vue-admin/server]2026-09-11 22:05:20.532	[31merror[0m	/Users/a1/data/go/gin-vue-admin/server/middleware/client_jwt.go:35	C端鉴权: 按ID查询会员失败	{"node": "", "app_id": "", "env": "", "member_id": 1, "error": "record not found"}
github.com/flipped-aurora/gin-vue-admin/server/router/client.(*MemberRouter).InitMemberRouter.ClientJWTAuth.func1
	/Users/a1/data/go/gin-vue-admin/server/middleware/client_jwt.go:35
github.com/gin-gonic/gin.(*Context).Next
	/Users/a1/go/pkg/mod/github.com/gin-gonic/gin@v1.10.0/context.go:185
github.com/flipped-aurora/gin-vue-admin/server/initialize.Routers.Cors.func5
	/Users/a1/data/go/gin-vue-admin/server/middleware/cors.go:26
github.com/gin-gonic/gin.(*Context).Next
	/Users/a1/go/pkg/mod/github.com/gin-gonic/gin@v1.10.0/context.go:185
github.com/flipped-aurora/gin-vue-admin/server/middleware.UploadResponseHeaders.func1
	/Users/a1/data/go/gin-vue-admin/server/middleware/upload_security.go:25
github.com/gin-gonic/gin.(*Context).Next
	/Users/a1/go/pkg/mod/github.com/gin-gonic/gin@v1.10.0/context.go:185
github.com/gin-gonic/gin.LoggerWithConfig.func1
	/Users/a1/go/pkg/mod/github.com/gin-gonic/gin@v1.10.0/logger.go:249
github.com/gin-gonic/gin.(*Context).Next
	/Users/a1/go/pkg/mod/github.com/gin-gonic/gin@v1.10.0/context.go:185
github.com/flipped-aurora/gin-vue-admin/server/initialize.Routers.AccessLog.func4
	/Users/a1/data/go/gin-vue-admin/server/middleware/access_log.go:73
github.com/gin-gonic/gin.(*Context).Next
	/Users/a1/go/pkg/mod/github.com/gin-gonic/gin@v1.10.0/context.go:185
github.com/flipped-aurora/gin-vue-admin/server/initialize.Routers.GinRecovery.func3
	/Users/a1/data/go/gin-vue-admin/server/middleware/error.go:56
github.com/gin-gonic/gin.(*Context).Next
	/Users/a1/go/pkg/mod/github.com/gin-gonic/gin@v1.10.0/context.go:185
github.com/flipped-aurora/gin-vue-admin/server/initialize.Routers.RequestMeta.func2
	/Users/a1/data/go/gin-vue-admin/server/middleware/request_meta.go:39
github.com/gin-gonic/gin.(*Context).Next
	/Users/a1/go/pkg/mod/github.com/gin-gonic/gin@v1.10.0/context.go:185
github.com/gin-gonic/gin.(*Engine).handleHTTPRequest
	/Users/a1/go/pkg/mod/github.com/gin-gonic/gin@v1.10.0/gin.go:633
github.com/gin-gonic/gin.(*Engine).ServeHTTP
	/Users/a1/go/pkg/mod/github.com/gin-gonic/gin@v1.10.0/gin.go:589
net/http.serverHandler.ServeHTTP
	/usr/local/go/src/net/http/server.go:3311
net/http.(*conn).serve
	/usr/local/go/src/net/http/server.go:2073
[github.com/flipped-aurora/gin-vue-admin/server]2026-09-11 22:05:22.980	[31merror[0m	/Users/a1/data/go/gin-vue-admin/server/middleware/client_jwt.go:35	C端鉴权: 按ID查询会员失败	{"node": "", "app_id": "", "env": "", "member_id": 1, "error": "record not found"}
github.com/flipped-aurora/gin-vue-admin/server/router/client.(*MemberRouter).InitMemberRouter.ClientJWTAuth.func1
	/Users/a1/data/go/gin-vue-admin/server/middleware/client_jwt.go:35
github.com/gin-gonic/gin.(*Context).Next
	/Users/a1/go/pkg/mod/github.com/gin-gonic/gin@v1.10.0/context.go:185
github.com/flipped-aurora/gin-vue-admin/server/initialize.Routers.Cors.func5
	/Users/a1/data/go/gin-vue-admin/server/middleware/cors.go:26
github.com/gin-gonic/gin.(*Context).Next
	/Users/a1/go/pkg/mod/github.com/gin-gonic/gin@v1.10.0/context.go:185
github.com/flipped-aurora/gin-vue-admin/server/middleware.UploadResponseHeaders.func1
	/Users/a1/data/go/gin-vue-admin/server/middleware/upload_security.go:25
github.com/gin-gonic/gin.(*Context).Next
	/Users/a1/go/pkg/mod/github.com/gin-gonic/gin@v1.10.0/context.go:185
github.com/gin-gonic/gin.LoggerWithConfig.func1
	/Users/a1/go/pkg/mod/github.com/gin-gonic/gin@v1.10.0/logger.go:249
github.com/gin-gonic/gin.(*Context).Next
	/Users/a1/go/pkg/mod/github.com/gin-gonic/gin@v1.10.0/context.go:185
github.com/flipped-aurora/gin-vue-admin/server/initialize.Routers.AccessLog.func4
	/Users/a1/data/go/gin-vue-admin/server/middleware/access_log.go:73
github.com/gin-gonic/gin.(*Context).Next
	/Users/a1/go/pkg/mod/github.com/gin-gonic/gin@v1.10.0/context.go:185
github.com/flipped-aurora/gin-vue-admin/server/initialize.Routers.GinRecovery.func3
	/Users/a1/data/go/gin-vue-admin/server/middleware/error.go:56
github.com/gin-gonic/gin.(*Context).Next
	/Users/a1/go/pkg/mod/github.com/gin-gonic/gin@v1.10.0/context.go:185
github.com/flipped-aurora/gin-vue-admin/server/initialize.Routers.RequestMeta.func2
	/Users/a1/data/go/gin-vue-admin/server/middleware/request_meta.go:39
github.com/gin-gonic/gin.(*Context).Next
	/Users/a1/go/pkg/mod/github.com/gin-gonic/gin@v1.10.0/context.go:185
github.com/gin-gonic/gin.(*Engine).handleHTTPRequest
	/Users/a1/go/pkg/mod/github.com/gin-gonic/gin@v1.10.0/gin.go:633
github.com/gin-gonic/gin.(*Engine).ServeHTTP
	/Users/a1/go/pkg/mod/github.com/gin-gonic/gin@v1.10.0/gin.go:589
net/http.serverHandler.ServeHTTP
	/usr/local/go/src/net/http/server.go:3311
net/http.(*conn).serve
	/usr/local/go/src/net/http/server.go:2073
[github.com/flipped-aurora/gin-vue-admin/server]2026-09-11 22:05:24.041	[31merror[0m	/Users/a1/data/go/gin-vue-admin/server/middleware/client_jwt.go:35	C端鉴权: 按ID查询会员失败	{"node": "", "app_id": "", "env": "", "member_id": 1, "error": "record not found"}
github.com/flipped-aurora/gin-vue-admin/server/router/client.(*MemberRouter).InitMemberRouter.ClientJWTAuth.func1
	/Users/a1/data/go/gin-vue-admin/server/middleware/client_jwt.go:35
github.com/gin-gonic/gin.(*Context).Next
	/Users/a1/go/pkg/mod/github.com/gin-gonic/gin@v1.10.0/context.go:185
github.com/flipped-aurora/gin-vue-admin/server/initialize.Routers.Cors.func5
	/Users/a1/data/go/gin-vue-admin/server/middleware/cors.go:26
github.com/gin-gonic/gin.(*Context).Next
	/Users/a1/go/pkg/mod/github.com/gin-gonic/gin@v1.10.0/context.go:185
github.com/flipped-aurora/gin-vue-admin/server/middleware.UploadResponseHeaders.func1
	/Users/a1/data/go/gin-vue-admin/server/middleware/upload_security.go:25
github.com/gin-gonic/gin.(*Context).Next
	/Users/a1/go/pkg/mod/github.com/gin-gonic/gin@v1.10.0/context.go:185
github.com/gin-gonic/gin.LoggerWithConfig.func1
	/Users/a1/go/pkg/mod/github.com/gin-gonic/gin@v1.10.0/logger.go:249
github.com/gin-gonic/gin.(*Context).Next
	/Users/a1/go/pkg/mod/github.com/gin-gonic/gin@v1.10.0/context.go:185
github.com/flipped-aurora/gin-vue-admin/server/initialize.Routers.AccessLog.func4
	/Users/a1/data/go/gin-vue-admin/server/middleware/access_log.go:73
github.com/gin-gonic/gin.(*Context).Next
	/Users/a1/go/pkg/mod/github.com/gin-gonic/gin@v1.10.0/context.go:185
github.com/flipped-aurora/gin-vue-admin/server/initialize.Routers.GinRecovery.func3
	/Users/a1/data/go/gin-vue-admin/server/middleware/error.go:56
github.com/gin-gonic/gin.(*Context).Next
	/Users/a1/go/pkg/mod/github.com/gin-gonic/gin@v1.10.0/context.go:185
github.com/flipped-aurora/gin-vue-admin/server/initialize.Routers.RequestMeta.func2
	/Users/a1/data/go/gin-vue-admin/server/middleware/request_meta.go:39
github.com/gin-gonic/gin.(*Context).Next
	/Users/a1/go/pkg/mod/github.com/gin-gonic/gin@v1.10.0/context.go:185
github.com/gin-gonic/gin.(*Engine).handleHTTPRequest
	/Users/a1/go/pkg/mod/github.com/gin-gonic/gin@v1.10.0/gin.go:633
github.com/gin-gonic/gin.(*Engine).ServeHTTP
	/Users/a1/go/pkg/mod/github.com/gin-gonic/gin@v1.10.0/gin.go:589
net/http.serverHandler.ServeHTTP
	/usr/local/go/src/net/http/server.go:3311
net/http.(*conn).serve
	/usr/local/go/src/net/http/server.go:2073
[github.com/flipped-aurora/gin-vue-admin/server]2026-09-11 22:05:25.102	[31merror[0m	/Users/a1/data/go/gin-vue-admin/server/middleware/client_jwt.go:35	C端鉴权: 按ID查询会员失败	{"node": "", "app_id": "", "env": "", "member_id": 1, "error": "record not found"}
github.com/flipped-aurora/gin-vue-admin/server/router/client.(*MemberRouter).InitMemberRouter.ClientJWTAuth.func1
	/Users/a1/data/go/gin-vue-admin/server/middleware/client_jwt.go:35
github.com/gin-gonic/gin.(*Context).Next
	/Users/a1/go/pkg/mod/github.com/gin-gonic/gin@v1.10.0/context.go:185
github.com/flipped-aurora/gin-vue-admin/server/initialize.Routers.Cors.func5
	/Users/a1/data/go/gin-vue-admin/server/middleware/cors.go:26
github.com/gin-gonic/gin.(*Context).Next
	/Users/a1/go/pkg/mod/github.com/gin-gonic/gin@v1.10.0/context.go:185
github.com/flipped-aurora/gin-vue-admin/server/middleware.UploadResponseHeaders.func1
	/Users/a1/data/go/gin-vue-admin/server/middleware/upload_security.go:25
github.com/gin-gonic/gin.(*Context).Next
	/Users/a1/go/pkg/mod/github.com/gin-gonic/gin@v1.10.0/context.go:185
github.com/gin-gonic/gin.LoggerWithConfig.func1
	/Users/a1/go/pkg/mod/github.com/gin-gonic/gin@v1.10.0/logger.go:249
github.com/gin-gonic/gin.(*Context).Next
	/Users/a1/go/pkg/mod/github.com/gin-gonic/gin@v1.10.0/context.go:185
github.com/flipped-aurora/gin-vue-admin/server/initialize.Routers.AccessLog.func4
	/Users/a1/data/go/gin-vue-admin/server/middleware/access_log.go:73
github.com/gin-gonic/gin.(*Context).Next
	/Users/a1/go/pkg/mod/github.com/gin-gonic/gin@v1.10.0/context.go:185
github.com/flipped-aurora/gin-vue-admin/server/initialize.Routers.GinRecovery.func3
	/Users/a1/data/go/gin-vue-admin/server/middleware/error.go:56
github.com/gin-gonic/gin.(*Context).Next
	/Users/a1/go/pkg/mod/github.com/gin-gonic/gin@v1.10.0/context.go:185
github.com/flipped-aurora/gin-vue-admin/server/initialize.Routers.RequestMeta.func2
	/Users/a1/data/go/gin-vue-admin/server/middleware/request_meta.go:39
github.com/gin-gonic/gin.(*Context).Next
	/Users/a1/go/pkg/mod/github.com/gin-gonic/gin@v1.10.0/context.go:185
github.com/gin-gonic/gin.(*Engine).handleHTTPRequest
	/Users/a1/go/pkg/mod/github.com/gin-gonic/gin@v1.10.0/gin.go:633
github.com/gin-gonic/gin.(*Engine).ServeHTTP
	/Users/a1/go/pkg/mod/github.com/gin-gonic/gin@v1.10.0/gin.go:589
net/http.serverHandler.ServeHTTP
	/usr/local/go/src/net/http/server.go:3311
net/http.(*conn).serve
	/usr/local/go/src/net/http/server.go:2073
[github.com/flipped-aurora/gin-vue-admin/server]2026-09-11 22:05:35.453	[31merror[0m	/Users/a1/data/go/gin-vue-admin/server/middleware/client_jwt.go:35	C端鉴权: 按ID查询会员失败	{"node": "", "app_id": "", "env": "", "member_id": 1, "error": "record not found"}
github.com/flipped-aurora/gin-vue-admin/server/router/client.(*MemberRouter).InitMemberRouter.ClientJWTAuth.func1
	/Users/a1/data/go/gin-vue-admin/server/middleware/client_jwt.go:35
github.com/gin-gonic/gin.(*Context).Next
	/Users/a1/go/pkg/mod/github.com/gin-gonic/gin@v1.10.0/context.go:185
github.com/flipped-aurora/gin-vue-admin/server/initialize.Routers.Cors.func5
	/Users/a1/data/go/gin-vue-admin/server/middleware/cors.go:26
github.com/gin-gonic/gin.(*Context).Next
	/Users/a1/go/pkg/mod/github.com/gin-gonic/gin@v1.10.0/context.go:185
github.com/flipped-aurora/gin-vue-admin/server/middleware.UploadResponseHeaders.func1
	/Users/a1/data/go/gin-vue-admin/server/middleware/upload_security.go:25
github.com/gin-gonic/gin.(*Context).Next
	/Users/a1/go/pkg/mod/github.com/gin-gonic/gin@v1.10.0/context.go:185
github.com/gin-gonic/gin.LoggerWithConfig.func1
	/Users/a1/go/pkg/mod/github.com/gin-gonic/gin@v1.10.0/logger.go:249
github.com/gin-gonic/gin.(*Context).Next
	/Users/a1/go/pkg/mod/github.com/gin-gonic/gin@v1.10.0/context.go:185
github.com/flipped-aurora/gin-vue-admin/server/initialize.Routers.AccessLog.func4
	/Users/a1/data/go/gin-vue-admin/server/middleware/access_log.go:73
github.com/gin-gonic/gin.(*Context).Next
	/Users/a1/go/pkg/mod/github.com/gin-gonic/gin@v1.10.0/context.go:185
github.com/flipped-aurora/gin-vue-admin/server/initialize.Routers.GinRecovery.func3
	/Users/a1/data/go/gin-vue-admin/server/middleware/error.go:56
github.com/gin-gonic/gin.(*Context).Next
	/Users/a1/go/pkg/mod/github.com/gin-gonic/gin@v1.10.0/context.go:185
github.com/flipped-aurora/gin-vue-admin/server/initialize.Routers.RequestMeta.func2
	/Users/a1/data/go/gin-vue-admin/server/middleware/request_meta.go:39
github.com/gin-gonic/gin.(*Context).Next
	/Users/a1/go/pkg/mod/github.com/gin-gonic/gin@v1.10.0/context.go:185
github.com/gin-gonic/gin.(*Engine).handleHTTPRequest
	/Users/a1/go/pkg/mod/github.com/gin-gonic/gin@v1.10.0/gin.go:633
github.com/gin-gonic/gin.(*Engine).ServeHTTP
	/Users/a1/go/pkg/mod/github.com/gin-gonic/gin@v1.10.0/gin.go:589
net/http.serverHandler.ServeHTTP
	/usr/local/go/src/net/http/server.go:3311
net/http.(*conn).serve
	/usr/local/go/src/net/http/server.go:2073
[github.com/flipped-aurora/gin-vue-admin/server]2026-09-11 22:05:37.917	[31merror[0m	/Users/a1/data/go/gin-vue-admin/server/middleware/client_jwt.go:35	C端鉴权: 按ID查询会员失败	{"node": "", "app_id": "", "env": "", "member_id": 1, "error": "record not found"}
github.com/flipped-aurora/gin-vue-admin/server/router/client.(*MemberRouter).InitMemberRouter.ClientJWTAuth.func1
	/Users/a1/data/go/gin-vue-admin/server/middleware/client_jwt.go:35
github.com/gin-gonic/gin.(*Context).Next
	/Users/a1/go/pkg/mod/github.com/gin-gonic/gin@v1.10.0/context.go:185
github.com/flipped-aurora/gin-vue-admin/server/initialize.Routers.Cors.func5
	/Users/a1/data/go/gin-vue-admin/server/middleware/cors.go:26
github.com/gin-gonic/gin.(*Context).Next
	/Users/a1/go/pkg/mod/github.com/gin-gonic/gin@v1.10.0/context.go:185
github.com/flipped-aurora/gin-vue-admin/server/middleware.UploadResponseHeaders.func1
	/Users/a1/data/go/gin-vue-admin/server/middleware/upload_security.go:25
github.com/gin-gonic/gin.(*Context).Next
	/Users/a1/go/pkg/mod/github.com/gin-gonic/gin@v1.10.0/context.go:185
github.com/gin-gonic/gin.LoggerWithConfig.func1
	/Users/a1/go/pkg/mod/github.com/gin-gonic/gin@v1.10.0/logger.go:249
github.com/gin-gonic/gin.(*Context).Next
	/Users/a1/go/pkg/mod/github.com/gin-gonic/gin@v1.10.0/context.go:185
github.com/flipped-aurora/gin-vue-admin/server/initialize.Routers.AccessLog.func4
	/Users/a1/data/go/gin-vue-admin/server/middleware/access_log.go:73
github.com/gin-gonic/gin.(*Context).Next
	/Users/a1/go/pkg/mod/github.com/gin-gonic/gin@v1.10.0/context.go:185
github.com/flipped-aurora/gin-vue-admin/server/initialize.Routers.GinRecovery.func3
	/Users/a1/data/go/gin-vue-admin/server/middleware/error.go:56
github.com/gin-gonic/gin.(*Context).Next
	/Users/a1/go/pkg/mod/github.com/gin-gonic/gin@v1.10.0/context.go:185
github.com/flipped-aurora/gin-vue-admin/server/initialize.Routers.RequestMeta.func2
	/Users/a1/data/go/gin-vue-admin/server/middleware/request_meta.go:39
github.com/gin-gonic/gin.(*Context).Next
	/Users/a1/go/pkg/mod/github.com/gin-gonic/gin@v1.10.0/context.go:185
github.com/gin-gonic/gin.(*Engine).handleHTTPRequest
	/Users/a1/go/pkg/mod/github.com/gin-gonic/gin@v1.10.0/gin.go:633
github.com/gin-gonic/gin.(*Engine).ServeHTTP
	/Users/a1/go/pkg/mod/github.com/gin-gonic/gin@v1.10.0/gin.go:589
net/http.serverHandler.ServeHTTP
	/usr/local/go/src/net/http/server.go:3311
net/http.(*conn).serve
	/usr/local/go/src/net/http/server.go:2073
[github.com/flipped-aurora/gin-vue-admin/server]2026-09-11 22:06:46.368	[31merror[0m	/Users/a1/data/go/gin-vue-admin/server/middleware/client_jwt.go:35	C端鉴权: 按ID查询会员失败	{"node": "", "app_id": "", "env": "", "member_id": 1, "error": "record not found"}
github.com/flipped-aurora/gin-vue-admin/server/router/client.(*MemberRouter).InitMemberRouter.ClientJWTAuth.func1
	/Users/a1/data/go/gin-vue-admin/server/middleware/client_jwt.go:35
github.com/gin-gonic/gin.(*Context).Next
	/Users/a1/go/pkg/mod/github.com/gin-gonic/gin@v1.10.0/context.go:185
github.com/flipped-aurora/gin-vue-admin/server/initialize.Routers.Cors.func5
	/Users/a1/data/go/gin-vue-admin/server/middleware/cors.go:26
github.com/gin-gonic/gin.(*Context).Next
	/Users/a1/go/pkg/mod/github.com/gin-gonic/gin@v1.10.0/context.go:185
github.com/flipped-aurora/gin-vue-admin/server/middleware.UploadResponseHeaders.func1
	/Users/a1/data/go/gin-vue-admin/server/middleware/upload_security.go:25
github.com/gin-gonic/gin.(*Context).Next
	/Users/a1/go/pkg/mod/github.com/gin-gonic/gin@v1.10.0/context.go:185
github.com/gin-gonic/gin.LoggerWithConfig.func1
	/Users/a1/go/pkg/mod/github.com/gin-gonic/gin@v1.10.0/logger.go:249
github.com/gin-gonic/gin.(*Context).Next
	/Users/a1/go/pkg/mod/github.com/gin-gonic/gin@v1.10.0/context.go:185
github.com/flipped-aurora/gin-vue-admin/server/initialize.Routers.AccessLog.func4
	/Users/a1/data/go/gin-vue-admin/server/middleware/access_log.go:73
github.com/gin-gonic/gin.(*Context).Next
	/Users/a1/go/pkg/mod/github.com/gin-gonic/gin@v1.10.0/context.go:185
github.com/flipped-aurora/gin-vue-admin/server/initialize.Routers.GinRecovery.func3
	/Users/a1/data/go/gin-vue-admin/server/middleware/error.go:56
github.com/gin-gonic/gin.(*Context).Next
	/Users/a1/go/pkg/mod/github.com/gin-gonic/gin@v1.10.0/context.go:185
github.com/flipped-aurora/gin-vue-admin/server/initialize.Routers.RequestMeta.func2
	/Users/a1/data/go/gin-vue-admin/server/middleware/request_meta.go:39
github.com/gin-gonic/gin.(*Context).Next
	/Users/a1/go/pkg/mod/github.com/gin-gonic/gin@v1.10.0/context.go:185
github.com/gin-gonic/gin.(*Engine).handleHTTPRequest
	/Users/a1/go/pkg/mod/github.com/gin-gonic/gin@v1.10.0/gin.go:633
github.com/gin-gonic/gin.(*Engine).ServeHTTP
	/Users/a1/go/pkg/mod/github.com/gin-gonic/gin@v1.10.0/gin.go:589
net/http.serverHandler.ServeHTTP
	/usr/local/go/src/net/http/server.go:3311
net/http.(*conn).serve
	/usr/local/go/src/net/http/server.go:2073
[github.com/flipped-aurora/gin-vue-admin/server]2026-09-11 22:07:19.978	[31merror[0m	/Users/a1/data/go/gin-vue-admin/server/middleware/client_jwt.go:35	C端鉴权: 按ID查询会员失败	{"node": "", "app_id": "", "env": "", "member_id": 1, "error": "record not found"}
github.com/flipped-aurora/gin-vue-admin/server/router/client.(*MemberRouter).InitMemberRouter.ClientJWTAuth.func1
	/Users/a1/data/go/gin-vue-admin/server/middleware/client_jwt.go:35
github.com/gin-gonic/gin.(*Context).Next
	/Users/a1/go/pkg/mod/github.com/gin-gonic/gin@v1.10.0/context.go:185
github.com/flipped-aurora/gin-vue-admin/server/initialize.Routers.Cors.func5
	/Users/a1/data/go/gin-vue-admin/server/middleware/cors.go:26
github.com/gin-gonic/gin.(*Context).Next
	/Users/a1/go/pkg/mod/github.com/gin-gonic/gin@v1.10.0/context.go:185
github.com/flipped-aurora/gin-vue-admin/server/middleware.UploadResponseHeaders.func1
	/Users/a1/data/go/gin-vue-admin/server/middleware/upload_security.go:25
github.com/gin-gonic/gin.(*Context).Next
	/Users/a1/go/pkg/mod/github.com/gin-gonic/gin@v1.10.0/context.go:185
github.com/gin-gonic/gin.LoggerWithConfig.func1
	/Users/a1/go/pkg/mod/github.com/gin-gonic/gin@v1.10.0/logger.go:249
github.com/gin-gonic/gin.(*Context).Next
	/Users/a1/go/pkg/mod/github.com/gin-gonic/gin@v1.10.0/context.go:185
github.com/flipped-aurora/gin-vue-admin/server/initialize.Routers.AccessLog.func4
	/Users/a1/data/go/gin-vue-admin/server/middleware/access_log.go:73
github.com/gin-gonic/gin.(*Context).Next
	/Users/a1/go/pkg/mod/github.com/gin-gonic/gin@v1.10.0/context.go:185
github.com/flipped-aurora/gin-vue-admin/server/initialize.Routers.GinRecovery.func3
	/Users/a1/data/go/gin-vue-admin/server/middleware/error.go:56
github.com/gin-gonic/gin.(*Context).Next
	/Users/a1/go/pkg/mod/github.com/gin-gonic/gin@v1.10.0/context.go:185
github.com/flipped-aurora/gin-vue-admin/server/initialize.Routers.RequestMeta.func2
	/Users/a1/data/go/gin-vue-admin/server/middleware/request_meta.go:39
github.com/gin-gonic/gin.(*Context).Next
	/Users/a1/go/pkg/mod/github.com/gin-gonic/gin@v1.10.0/context.go:185
github.com/gin-gonic/gin.(*Engine).handleHTTPRequest
	/Users/a1/go/pkg/mod/github.com/gin-gonic/gin@v1.10.0/gin.go:633
github.com/gin-gonic/gin.(*Engine).ServeHTTP
	/Users/a1/go/pkg/mod/github.com/gin-gonic/gin@v1.10.0/gin.go:589
net/http.serverHandler.ServeHTTP
	/usr/local/go/src/net/http/server.go:3311
net/http.(*conn).serve
	/usr/local/go/src/net/http/server.go:2073
[github.com/flipped-aurora/gin-vue-admin/server]2026-09-11 22:08:15.981	[31merror[0m	/Users/a1/data/go/gin-vue-admin/server/api/client/v1/member/auth.go:43	登录失败!	{"node": "", "app_id": "", "env": "", "error": "手机号未注册"}
github.com/flipped-aurora/gin-vue-admin/server/api/client/v1/member.(*AuthApi).Login
	/Users/a1/data/go/gin-vue-admin/server/api/client/v1/member/auth.go:43
github.com/gin-gonic/gin.(*Context).Next
	/Users/a1/go/pkg/mod/github.com/gin-gonic/gin@v1.10.0/context.go:185
github.com/flipped-aurora/gin-vue-admin/server/initialize.Routers.Cors.func5
	/Users/a1/data/go/gin-vue-admin/server/middleware/cors.go:26
github.com/gin-gonic/gin.(*Context).Next
	/Users/a1/go/pkg/mod/github.com/gin-gonic/gin@v1.10.0/context.go:185
github.com/flipped-aurora/gin-vue-admin/server/middleware.UploadResponseHeaders.func1
	/Users/a1/data/go/gin-vue-admin/server/middleware/upload_security.go:25
github.com/gin-gonic/gin.(*Context).Next
	/Users/a1/go/pkg/mod/github.com/gin-gonic/gin@v1.10.0/context.go:185
github.com/gin-gonic/gin.LoggerWithConfig.func1
	/Users/a1/go/pkg/mod/github.com/gin-gonic/gin@v1.10.0/logger.go:249
github.com/gin-gonic/gin.(*Context).Next
	/Users/a1/go/pkg/mod/github.com/gin-gonic/gin@v1.10.0/context.go:185
github.com/flipped-aurora/gin-vue-admin/server/initialize.Routers.AccessLog.func4
	/Users/a1/data/go/gin-vue-admin/server/middleware/access_log.go:73
github.com/gin-gonic/gin.(*Context).Next
	/Users/a1/go/pkg/mod/github.com/gin-gonic/gin@v1.10.0/context.go:185
github.com/flipped-aurora/gin-vue-admin/server/initialize.Routers.GinRecovery.func3
	/Users/a1/data/go/gin-vue-admin/server/middleware/error.go:56
github.com/gin-gonic/gin.(*Context).Next
	/Users/a1/go/pkg/mod/github.com/gin-gonic/gin@v1.10.0/context.go:185
github.com/flipped-aurora/gin-vue-admin/server/initialize.Routers.RequestMeta.func2
	/Users/a1/data/go/gin-vue-admin/server/middleware/request_meta.go:39
github.com/gin-gonic/gin.(*Context).Next
	/Users/a1/go/pkg/mod/github.com/gin-gonic/gin@v1.10.0/context.go:185
github.com/gin-gonic/gin.(*Engine).handleHTTPRequest
	/Users/a1/go/pkg/mod/github.com/gin-gonic/gin@v1.10.0/gin.go:633
github.com/gin-gonic/gin.(*Engine).ServeHTTP
	/Users/a1/go/pkg/mod/github.com/gin-gonic/gin@v1.10.0/gin.go:589
net/http.serverHandler.ServeHTTP
	/usr/local/go/src/net/http/server.go:3311
net/http.(*conn).serve
	/usr/local/go/src/net/http/server.go:2073
[github.com/flipped-aurora/gin-vue-admin/server]2026-09-11 22:08:31.119	[31merror[0m	/Users/a1/data/go/gin-vue-admin/server/middleware/client_jwt.go:35	C端鉴权: 按ID查询会员失败	{"node": "", "app_id": "", "env": "", "member_id": 1, "error": "record not found"}
github.com/flipped-aurora/gin-vue-admin/server/router/client.(*MemberRouter).InitMemberRouter.ClientJWTAuth.func1
	/Users/a1/data/go/gin-vue-admin/server/middleware/client_jwt.go:35
github.com/gin-gonic/gin.(*Context).Next
	/Users/a1/go/pkg/mod/github.com/gin-gonic/gin@v1.10.0/context.go:185
github.com/flipped-aurora/gin-vue-admin/server/initialize.Routers.Cors.func5
	/Users/a1/data/go/gin-vue-admin/server/middleware/cors.go:26
github.com/gin-gonic/gin.(*Context).Next
	/Users/a1/go/pkg/mod/github.com/gin-gonic/gin@v1.10.0/context.go:185
github.com/flipped-aurora/gin-vue-admin/server/middleware.UploadResponseHeaders.func1
	/Users/a1/data/go/gin-vue-admin/server/middleware/upload_security.go:25
github.com/gin-gonic/gin.(*Context).Next
	/Users/a1/go/pkg/mod/github.com/gin-gonic/gin@v1.10.0/context.go:185
github.com/gin-gonic/gin.LoggerWithConfig.func1
	/Users/a1/go/pkg/mod/github.com/gin-gonic/gin@v1.10.0/logger.go:249
github.com/gin-gonic/gin.(*Context).Next
	/Users/a1/go/pkg/mod/github.com/gin-gonic/gin@v1.10.0/context.go:185
github.com/flipped-aurora/gin-vue-admin/server/initialize.Routers.AccessLog.func4
	/Users/a1/data/go/gin-vue-admin/server/middleware/access_log.go:73
github.com/gin-gonic/gin.(*Context).Next
	/Users/a1/go/pkg/mod/github.com/gin-gonic/gin@v1.10.0/context.go:185
github.com/flipped-aurora/gin-vue-admin/server/initialize.Routers.GinRecovery.func3
	/Users/a1/data/go/gin-vue-admin/server/middleware/error.go:56
github.com/gin-gonic/gin.(*Context).Next
	/Users/a1/go/pkg/mod/github.com/gin-gonic/gin@v1.10.0/context.go:185
github.com/flipped-aurora/gin-vue-admin/server/initialize.Routers.RequestMeta.func2
	/Users/a1/data/go/gin-vue-admin/server/middleware/request_meta.go:39
github.com/gin-gonic/gin.(*Context).Next
	/Users/a1/go/pkg/mod/github.com/gin-gonic/gin@v1.10.0/context.go:185
github.com/gin-gonic/gin.(*Engine).handleHTTPRequest
	/Users/a1/go/pkg/mod/github.com/gin-gonic/gin@v1.10.0/gin.go:633
github.com/gin-gonic/gin.(*Engine).ServeHTTP
	/Users/a1/go/pkg/mod/github.com/gin-gonic/gin@v1.10.0/gin.go:589
net/http.serverHandler.ServeHTTP
	/usr/local/go/src/net/http/server.go:3311
net/http.(*conn).serve
	/usr/local/go/src/net/http/server.go:2073
[github.com/flipped-aurora/gin-vue-admin/server]2026-09-11 22:10:50.511	[31merror[0m	/Users/a1/data/go/gin-vue-admin/server/middleware/client_jwt.go:35	C端鉴权: 按ID查询会员失败	{"node": "", "app_id": "", "env": "", "member_id": 1, "error": "record not found"}
github.com/flipped-aurora/gin-vue-admin/server/router/client.(*MemberRouter).InitMemberRouter.ClientJWTAuth.func1
	/Users/a1/data/go/gin-vue-admin/server/middleware/client_jwt.go:35
github.com/gin-gonic/gin.(*Context).Next
	/Users/a1/go/pkg/mod/github.com/gin-gonic/gin@v1.10.0/context.go:185
github.com/flipped-aurora/gin-vue-admin/server/initialize.Routers.Cors.func5
	/Users/a1/data/go/gin-vue-admin/server/middleware/cors.go:26
github.com/gin-gonic/gin.(*Context).Next
	/Users/a1/go/pkg/mod/github.com/gin-gonic/gin@v1.10.0/context.go:185
github.com/flipped-aurora/gin-vue-admin/server/middleware.UploadResponseHeaders.func1
	/Users/a1/data/go/gin-vue-admin/server/middleware/upload_security.go:25
github.com/gin-gonic/gin.(*Context).Next
	/Users/a1/go/pkg/mod/github.com/gin-gonic/gin@v1.10.0/context.go:185
github.com/gin-gonic/gin.LoggerWithConfig.func1
	/Users/a1/go/pkg/mod/github.com/gin-gonic/gin@v1.10.0/logger.go:249
github.com/gin-gonic/gin.(*Context).Next
	/Users/a1/go/pkg/mod/github.com/gin-gonic/gin@v1.10.0/context.go:185
github.com/flipped-aurora/gin-vue-admin/server/initialize.Routers.AccessLog.func4
	/Users/a1/data/go/gin-vue-admin/server/middleware/access_log.go:73
github.com/gin-gonic/gin.(*Context).Next
	/Users/a1/go/pkg/mod/github.com/gin-gonic/gin@v1.10.0/context.go:185
github.com/flipped-aurora/gin-vue-admin/server/initialize.Routers.GinRecovery.func3
	/Users/a1/data/go/gin-vue-admin/server/middleware/error.go:56
github.com/gin-gonic/gin.(*Context).Next
	/Users/a1/go/pkg/mod/github.com/gin-gonic/gin@v1.10.0/context.go:185
github.com/flipped-aurora/gin-vue-admin/server/initialize.Routers.RequestMeta.func2
	/Users/a1/data/go/gin-vue-admin/server/middleware/request_meta.go:39
github.com/gin-gonic/gin.(*Context).Next
	/Users/a1/go/pkg/mod/github.com/gin-gonic/gin@v1.10.0/context.go:185
github.com/gin-gonic/gin.(*Engine).handleHTTPRequest
	/Users/a1/go/pkg/mod/github.com/gin-gonic/gin@v1.10.0/gin.go:633
github.com/gin-gonic/gin.(*Engine).ServeHTTP
	/Users/a1/go/pkg/mod/github.com/gin-gonic/gin@v1.10.0/gin.go:589
net/http.serverHandler.ServeHTTP
	/usr/local/go/src/net/http/server.go:3311
net/http.(*conn).serve
	/usr/local/go/src/net/http/server.go:2073
[github.com/flipped-aurora/gin-vue-admin/server]2026-09-11 22:11:03.795	[31merror[0m	/Users/a1/data/go/gin-vue-admin/server/middleware/client_jwt.go:35	C端鉴权: 按ID查询会员失败	{"node": "", "app_id": "", "env": "", "member_id": 1, "error": "record not found"}
github.com/flipped-aurora/gin-vue-admin/server/router/client.(*MemberRouter).InitMemberRouter.ClientJWTAuth.func1
	/Users/a1/data/go/gin-vue-admin/server/middleware/client_jwt.go:35
github.com/gin-gonic/gin.(*Context).Next
	/Users/a1/go/pkg/mod/github.com/gin-gonic/gin@v1.10.0/context.go:185
github.com/flipped-aurora/gin-vue-admin/server/initialize.Routers.Cors.func5
	/Users/a1/data/go/gin-vue-admin/server/middleware/cors.go:26
github.com/gin-gonic/gin.(*Context).Next
	/Users/a1/go/pkg/mod/github.com/gin-gonic/gin@v1.10.0/context.go:185
github.com/flipped-aurora/gin-vue-admin/server/middleware.UploadResponseHeaders.func1
	/Users/a1/data/go/gin-vue-admin/server/middleware/upload_security.go:25
github.com/gin-gonic/gin.(*Context).Next
	/Users/a1/go/pkg/mod/github.com/gin-gonic/gin@v1.10.0/context.go:185
github.com/gin-gonic/gin.LoggerWithConfig.func1
	/Users/a1/go/pkg/mod/github.com/gin-gonic/gin@v1.10.0/logger.go:249
github.com/gin-gonic/gin.(*Context).Next
	/Users/a1/go/pkg/mod/github.com/gin-gonic/gin@v1.10.0/context.go:185
github.com/flipped-aurora/gin-vue-admin/server/initialize.Routers.AccessLog.func4
	/Users/a1/data/go/gin-vue-admin/server/middleware/access_log.go:73
github.com/gin-gonic/gin.(*Context).Next
	/Users/a1/go/pkg/mod/github.com/gin-gonic/gin@v1.10.0/context.go:185
github.com/flipped-aurora/gin-vue-admin/server/initialize.Routers.GinRecovery.func3
	/Users/a1/data/go/gin-vue-admin/server/middleware/error.go:56
github.com/gin-gonic/gin.(*Context).Next
	/Users/a1/go/pkg/mod/github.com/gin-gonic/gin@v1.10.0/context.go:185
github.com/flipped-aurora/gin-vue-admin/server/initialize.Routers.RequestMeta.func2
	/Users/a1/data/go/gin-vue-admin/server/middleware/request_meta.go:39
github.com/gin-gonic/gin.(*Context).Next
	/Users/a1/go/pkg/mod/github.com/gin-gonic/gin@v1.10.0/context.go:185
github.com/gin-gonic/gin.(*Engine).handleHTTPRequest
	/Users/a1/go/pkg/mod/github.com/gin-gonic/gin@v1.10.0/gin.go:633
github.com/gin-gonic/gin.(*Engine).ServeHTTP
	/Users/a1/go/pkg/mod/github.com/gin-gonic/gin@v1.10.0/gin.go:589
net/http.serverHandler.ServeHTTP
	/usr/local/go/src/net/http/server.go:3311
net/http.(*conn).serve
	/usr/local/go/src/net/http/server.go:2073
[github.com/flipped-aurora/gin-vue-admin/server]2026-09-11 22:47:46.051	[31merror[0m	/Users/a1/data/go/gin-vue-admin/server/api/client/v1/member/auth.go:43	登录失败!	{"node": "", "app_id": "", "env": "", "error": "密码错误"}
github.com/flipped-aurora/gin-vue-admin/server/api/client/v1/member.(*AuthApi).Login
	/Users/a1/data/go/gin-vue-admin/server/api/client/v1/member/auth.go:43
github.com/gin-gonic/gin.(*Context).Next
	/Users/a1/go/pkg/mod/github.com/gin-gonic/gin@v1.10.0/context.go:185
github.com/flipped-aurora/gin-vue-admin/server/initialize.Routers.Cors.func5
	/Users/a1/data/go/gin-vue-admin/server/middleware/cors.go:26
github.com/gin-gonic/gin.(*Context).Next
	/Users/a1/go/pkg/mod/github.com/gin-gonic/gin@v1.10.0/context.go:185
github.com/flipped-aurora/gin-vue-admin/server/middleware.UploadResponseHeaders.func1
	/Users/a1/data/go/gin-vue-admin/server/middleware/upload_security.go:25
github.com/gin-gonic/gin.(*Context).Next
	/Users/a1/go/pkg/mod/github.com/gin-gonic/gin@v1.10.0/context.go:185
github.com/gin-gonic/gin.LoggerWithConfig.func1
	/Users/a1/go/pkg/mod/github.com/gin-gonic/gin@v1.10.0/logger.go:249
github.com/gin-gonic/gin.(*Context).Next
	/Users/a1/go/pkg/mod/github.com/gin-gonic/gin@v1.10.0/context.go:185
github.com/flipped-aurora/gin-vue-admin/server/initialize.Routers.AccessLog.func4
	/Users/a1/data/go/gin-vue-admin/server/middleware/access_log.go:73
github.com/gin-gonic/gin.(*Context).Next
	/Users/a1/go/pkg/mod/github.com/gin-gonic/gin@v1.10.0/context.go:185
github.com/flipped-aurora/gin-vue-admin/server/initialize.Routers.GinRecovery.func3
	/Users/a1/data/go/gin-vue-admin/server/middleware/error.go:56
github.com/gin-gonic/gin.(*Context).Next
	/Users/a1/go/pkg/mod/github.com/gin-gonic/gin@v1.10.0/context.go:185
github.com/flipped-aurora/gin-vue-admin/server/initialize.Routers.RequestMeta.func2
	/Users/a1/data/go/gin-vue-admin/server/middleware/request_meta.go:39
github.com/gin-gonic/gin.(*Context).Next
	/Users/a1/go/pkg/mod/github.com/gin-gonic/gin@v1.10.0/context.go:185
github.com/gin-gonic/gin.(*Engine).handleHTTPRequest
	/Users/a1/go/pkg/mod/github.com/gin-gonic/gin@v1.10.0/gin.go:633
github.com/gin-gonic/gin.(*Engine).ServeHTTP
	/Users/a1/go/pkg/mod/github.com/gin-gonic/gin@v1.10.0/gin.go:589
net/http.serverHandler.ServeHTTP
	/usr/local/go/src/net/http/server.go:3311
net/http.(*conn).serve
	/usr/local/go/src/net/http/server.go:2073
[github.com/flipped-aurora/gin-vue-admin/server]2026-09-11 22:47:49.848	[31merror[0m	/Users/a1/data/go/gin-vue-admin/server/api/client/v1/member/auth.go:43	登录失败!	{"node": "", "app_id": "", "env": "", "error": "密码错误"}
github.com/flipped-aurora/gin-vue-admin/server/api/client/v1/member.(*AuthApi).Login
	/Users/a1/data/go/gin-vue-admin/server/api/client/v1/member/auth.go:43
github.com/gin-gonic/gin.(*Context).Next
	/Users/a1/go/pkg/mod/github.com/gin-gonic/gin@v1.10.0/context.go:185
github.com/flipped-aurora/gin-vue-admin/server/initialize.Routers.Cors.func5
	/Users/a1/data/go/gin-vue-admin/server/middleware/cors.go:26
github.com/gin-gonic/gin.(*Context).Next
	/Users/a1/go/pkg/mod/github.com/gin-gonic/gin@v1.10.0/context.go:185
github.com/flipped-aurora/gin-vue-admin/server/middleware.UploadResponseHeaders.func1
	/Users/a1/data/go/gin-vue-admin/server/middleware/upload_security.go:25
github.com/gin-gonic/gin.(*Context).Next
	/Users/a1/go/pkg/mod/github.com/gin-gonic/gin@v1.10.0/context.go:185
github.com/gin-gonic/gin.LoggerWithConfig.func1
	/Users/a1/go/pkg/mod/github.com/gin-gonic/gin@v1.10.0/logger.go:249
github.com/gin-gonic/gin.(*Context).Next
	/Users/a1/go/pkg/mod/github.com/gin-gonic/gin@v1.10.0/context.go:185
github.com/flipped-aurora/gin-vue-admin/server/initialize.Routers.AccessLog.func4
	/Users/a1/data/go/gin-vue-admin/server/middleware/access_log.go:73
github.com/gin-gonic/gin.(*Context).Next
	/Users/a1/go/pkg/mod/github.com/gin-gonic/gin@v1.10.0/context.go:185
github.com/flipped-aurora/gin-vue-admin/server/initialize.Routers.GinRecovery.func3
	/Users/a1/data/go/gin-vue-admin/server/middleware/error.go:56
github.com/gin-gonic/gin.(*Context).Next
	/Users/a1/go/pkg/mod/github.com/gin-gonic/gin@v1.10.0/context.go:185
github.com/flipped-aurora/gin-vue-admin/server/initialize.Routers.RequestMeta.func2
	/Users/a1/data/go/gin-vue-admin/server/middleware/request_meta.go:39
github.com/gin-gonic/gin.(*Context).Next
	/Users/a1/go/pkg/mod/github.com/gin-gonic/gin@v1.10.0/context.go:185
github.com/gin-gonic/gin.(*Engine).handleHTTPRequest
	/Users/a1/go/pkg/mod/github.com/gin-gonic/gin@v1.10.0/gin.go:633
github.com/gin-gonic/gin.(*Engine).ServeHTTP
	/Users/a1/go/pkg/mod/github.com/gin-gonic/gin@v1.10.0/gin.go:589
net/http.serverHandler.ServeHTTP
	/usr/local/go/src/net/http/server.go:3311
net/http.(*conn).serve
	/usr/local/go/src/net/http/server.go:2073
[github.com/flipped-aurora/gin-vue-admin/server]2026-09-11 22:47:53.464	[31merror[0m	/Users/a1/data/go/gin-vue-admin/server/api/client/v1/member/auth.go:43	登录失败!	{"node": "", "app_id": "", "env": "", "error": "密码错误"}
github.com/flipped-aurora/gin-vue-admin/server/api/client/v1/member.(*AuthApi).Login
	/Users/a1/data/go/gin-vue-admin/server/api/client/v1/member/auth.go:43
github.com/gin-gonic/gin.(*Context).Next
	/Users/a1/go/pkg/mod/github.com/gin-gonic/gin@v1.10.0/context.go:185
github.com/flipped-aurora/gin-vue-admin/server/initialize.Routers.Cors.func5
	/Users/a1/data/go/gin-vue-admin/server/middleware/cors.go:26
github.com/gin-gonic/gin.(*Context).Next
	/Users/a1/go/pkg/mod/github.com/gin-gonic/gin@v1.10.0/context.go:185
github.com/flipped-aurora/gin-vue-admin/server/middleware.UploadResponseHeaders.func1
	/Users/a1/data/go/gin-vue-admin/server/middleware/upload_security.go:25
github.com/gin-gonic/gin.(*Context).Next
	/Users/a1/go/pkg/mod/github.com/gin-gonic/gin@v1.10.0/context.go:185
github.com/gin-gonic/gin.LoggerWithConfig.func1
	/Users/a1/go/pkg/mod/github.com/gin-gonic/gin@v1.10.0/logger.go:249
github.com/gin-gonic/gin.(*Context).Next
	/Users/a1/go/pkg/mod/github.com/gin-gonic/gin@v1.10.0/context.go:185
github.com/flipped-aurora/gin-vue-admin/server/initialize.Routers.AccessLog.func4
	/Users/a1/data/go/gin-vue-admin/server/middleware/access_log.go:73
github.com/gin-gonic/gin.(*Context).Next
	/Users/a1/go/pkg/mod/github.com/gin-gonic/gin@v1.10.0/context.go:185
github.com/flipped-aurora/gin-vue-admin/server/initialize.Routers.GinRecovery.func3
	/Users/a1/data/go/gin-vue-admin/server/middleware/error.go:56
github.com/gin-gonic/gin.(*Context).Next
	/Users/a1/go/pkg/mod/github.com/gin-gonic/gin@v1.10.0/context.go:185
github.com/flipped-aurora/gin-vue-admin/server/initialize.Routers.RequestMeta.func2
	/Users/a1/data/go/gin-vue-admin/server/middleware/request_meta.go:39
github.com/gin-gonic/gin.(*Context).Next
	/Users/a1/go/pkg/mod/github.com/gin-gonic/gin@v1.10.0/context.go:185
github.com/gin-gonic/gin.(*Engine).handleHTTPRequest
	/Users/a1/go/pkg/mod/github.com/gin-gonic/gin@v1.10.0/gin.go:633
github.com/gin-gonic/gin.(*Engine).ServeHTTP
	/Users/a1/go/pkg/mod/github.com/gin-gonic/gin@v1.10.0/gin.go:589
net/http.serverHandler.ServeHTTP
	/usr/local/go/src/net/http/server.go:3311
net/http.(*conn).serve
	/usr/local/go/src/net/http/server.go:2073
[github.com/flipped-aurora/gin-vue-admin/server]2026-09-11 22:49:20.519	[31merror[0m	/Users/a1/data/go/gin-vue-admin/server/api/client/v1/member/member.go:110	修改密码失败!	{"node": "", "app_id": "", "env": "", "error": "原密码错误"}
github.com/flipped-aurora/gin-vue-admin/server/api/client/v1/member.(*MemberApi).ChangePwd
	/Users/a1/data/go/gin-vue-admin/server/api/client/v1/member/member.go:110
github.com/gin-gonic/gin.(*Context).Next
	/Users/a1/go/pkg/mod/github.com/gin-gonic/gin@v1.10.0/context.go:185
github.com/flipped-aurora/gin-vue-admin/server/router/client.(*MemberRouter).InitMemberRouter.ClientJWTAuth.func1
	/Users/a1/data/go/gin-vue-admin/server/middleware/client_jwt.go:62
github.com/gin-gonic/gin.(*Context).Next
	/Users/a1/go/pkg/mod/github.com/gin-gonic/gin@v1.10.0/context.go:185
github.com/flipped-aurora/gin-vue-admin/server/initialize.Routers.Cors.func5
	/Users/a1/data/go/gin-vue-admin/server/middleware/cors.go:26
github.com/gin-gonic/gin.(*Context).Next
	/Users/a1/go/pkg/mod/github.com/gin-gonic/gin@v1.10.0/context.go:185
github.com/flipped-aurora/gin-vue-admin/server/middleware.UploadResponseHeaders.func1
	/Users/a1/data/go/gin-vue-admin/server/middleware/upload_security.go:25
github.com/gin-gonic/gin.(*Context).Next
	/Users/a1/go/pkg/mod/github.com/gin-gonic/gin@v1.10.0/context.go:185
github.com/gin-gonic/gin.LoggerWithConfig.func1
	/Users/a1/go/pkg/mod/github.com/gin-gonic/gin@v1.10.0/logger.go:249
github.com/gin-gonic/gin.(*Context).Next
	/Users/a1/go/pkg/mod/github.com/gin-gonic/gin@v1.10.0/context.go:185
github.com/flipped-aurora/gin-vue-admin/server/initialize.Routers.AccessLog.func4
	/Users/a1/data/go/gin-vue-admin/server/middleware/access_log.go:73
github.com/gin-gonic/gin.(*Context).Next
	/Users/a1/go/pkg/mod/github.com/gin-gonic/gin@v1.10.0/context.go:185
github.com/flipped-aurora/gin-vue-admin/server/initialize.Routers.GinRecovery.func3
	/Users/a1/data/go/gin-vue-admin/server/middleware/error.go:56
github.com/gin-gonic/gin.(*Context).Next
	/Users/a1/go/pkg/mod/github.com/gin-gonic/gin@v1.10.0/context.go:185
github.com/flipped-aurora/gin-vue-admin/server/initialize.Routers.RequestMeta.func2
	/Users/a1/data/go/gin-vue-admin/server/middleware/request_meta.go:39
github.com/gin-gonic/gin.(*Context).Next
	/Users/a1/go/pkg/mod/github.com/gin-gonic/gin@v1.10.0/context.go:185
github.com/gin-gonic/gin.(*Engine).handleHTTPRequest
	/Users/a1/go/pkg/mod/github.com/gin-gonic/gin@v1.10.0/gin.go:633
github.com/gin-gonic/gin.(*Engine).ServeHTTP
	/Users/a1/go/pkg/mod/github.com/gin-gonic/gin@v1.10.0/gin.go:589
net/http.serverHandler.ServeHTTP
	/usr/local/go/src/net/http/server.go:3311
net/http.(*conn).serve
	/usr/local/go/src/net/http/server.go:2073
[github.com/flipped-aurora/gin-vue-admin/server]2026-09-11 22:50:04.209	[31merror[0m	/Users/a1/data/go/gin-vue-admin/server/api/client/v1/member/auth.go:43	登录失败!	{"node": "", "app_id": "", "env": "", "error": "密码错误"}
github.com/flipped-aurora/gin-vue-admin/server/api/client/v1/member.(*AuthApi).Login
	/Users/a1/data/go/gin-vue-admin/server/api/client/v1/member/auth.go:43
github.com/gin-gonic/gin.(*Context).Next
	/Users/a1/go/pkg/mod/github.com/gin-gonic/gin@v1.10.0/context.go:185
github.com/flipped-aurora/gin-vue-admin/server/initialize.Routers.Cors.func5
	/Users/a1/data/go/gin-vue-admin/server/middleware/cors.go:26
github.com/gin-gonic/gin.(*Context).Next
	/Users/a1/go/pkg/mod/github.com/gin-gonic/gin@v1.10.0/context.go:185
github.com/flipped-aurora/gin-vue-admin/server/middleware.UploadResponseHeaders.func1
	/Users/a1/data/go/gin-vue-admin/server/middleware/upload_security.go:25
github.com/gin-gonic/gin.(*Context).Next
	/Users/a1/go/pkg/mod/github.com/gin-gonic/gin@v1.10.0/context.go:185
github.com/gin-gonic/gin.LoggerWithConfig.func1
	/Users/a1/go/pkg/mod/github.com/gin-gonic/gin@v1.10.0/logger.go:249
github.com/gin-gonic/gin.(*Context).Next
	/Users/a1/go/pkg/mod/github.com/gin-gonic/gin@v1.10.0/context.go:185
github.com/flipped-aurora/gin-vue-admin/server/initialize.Routers.AccessLog.func4
	/Users/a1/data/go/gin-vue-admin/server/middleware/access_log.go:73
github.com/gin-gonic/gin.(*Context).Next
	/Users/a1/go/pkg/mod/github.com/gin-gonic/gin@v1.10.0/context.go:185
github.com/flipped-aurora/gin-vue-admin/server/initialize.Routers.GinRecovery.func3
	/Users/a1/data/go/gin-vue-admin/server/middleware/error.go:56
github.com/gin-gonic/gin.(*Context).Next
	/Users/a1/go/pkg/mod/github.com/gin-gonic/gin@v1.10.0/context.go:185
github.com/flipped-aurora/gin-vue-admin/server/initialize.Routers.RequestMeta.func2
	/Users/a1/data/go/gin-vue-admin/server/middleware/request_meta.go:39
github.com/gin-gonic/gin.(*Context).Next
	/Users/a1/go/pkg/mod/github.com/gin-gonic/gin@v1.10.0/context.go:185
github.com/gin-gonic/gin.(*Engine).handleHTTPRequest
	/Users/a1/go/pkg/mod/github.com/gin-gonic/gin@v1.10.0/gin.go:633
github.com/gin-gonic/gin.(*Engine).ServeHTTP
	/Users/a1/go/pkg/mod/github.com/gin-gonic/gin@v1.10.0/gin.go:589
net/http.serverHandler.ServeHTTP
	/usr/local/go/src/net/http/server.go:3311
net/http.(*conn).serve
	/usr/local/go/src/net/http/server.go:2073
[github.com/flipped-aurora/gin-vue-admin/server]2026-09-11 23:45:38.969	[31merror[0m	/Users/a1/data/go/gin-vue-admin/server/api/client/v1/member/member.go:184	设置用户名失败!	{"node": "", "app_id": "", "env": "", "error": "该用户名已被使用"}
github.com/flipped-aurora/gin-vue-admin/server/api/client/v1/member.(*MemberApi).UpdateAccount
	/Users/a1/data/go/gin-vue-admin/server/api/client/v1/member/member.go:184
github.com/gin-gonic/gin.(*Context).Next
	/Users/a1/go/pkg/mod/github.com/gin-gonic/gin@v1.10.0/context.go:185
github.com/flipped-aurora/gin-vue-admin/server/router/client.(*MemberRouter).InitMemberRouter.ClientJWTAuth.func1
	/Users/a1/data/go/gin-vue-admin/server/middleware/client_jwt.go:62
github.com/gin-gonic/gin.(*Context).Next
	/Users/a1/go/pkg/mod/github.com/gin-gonic/gin@v1.10.0/context.go:185
github.com/flipped-aurora/gin-vue-admin/server/initialize.Routers.Cors.func5
	/Users/a1/data/go/gin-vue-admin/server/middleware/cors.go:26
github.com/gin-gonic/gin.(*Context).Next
	/Users/a1/go/pkg/mod/github.com/gin-gonic/gin@v1.10.0/context.go:185
github.com/flipped-aurora/gin-vue-admin/server/middleware.UploadResponseHeaders.func1
	/Users/a1/data/go/gin-vue-admin/server/middleware/upload_security.go:25
github.com/gin-gonic/gin.(*Context).Next
	/Users/a1/go/pkg/mod/github.com/gin-gonic/gin@v1.10.0/context.go:185
github.com/gin-gonic/gin.LoggerWithConfig.func1
	/Users/a1/go/pkg/mod/github.com/gin-gonic/gin@v1.10.0/logger.go:249
github.com/gin-gonic/gin.(*Context).Next
	/Users/a1/go/pkg/mod/github.com/gin-gonic/gin@v1.10.0/context.go:185
github.com/flipped-aurora/gin-vue-admin/server/initialize.Routers.AccessLog.func4
	/Users/a1/data/go/gin-vue-admin/server/middleware/access_log.go:73
github.com/gin-gonic/gin.(*Context).Next
	/Users/a1/go/pkg/mod/github.com/gin-gonic/gin@v1.10.0/context.go:185
github.com/flipped-aurora/gin-vue-admin/server/initialize.Routers.GinRecovery.func3
	/Users/a1/data/go/gin-vue-admin/server/middleware/error.go:56
github.com/gin-gonic/gin.(*Context).Next
	/Users/a1/go/pkg/mod/github.com/gin-gonic/gin@v1.10.0/context.go:185
github.com/flipped-aurora/gin-vue-admin/server/initialize.Routers.RequestMeta.func2
	/Users/a1/data/go/gin-vue-admin/server/middleware/request_meta.go:39
github.com/gin-gonic/gin.(*Context).Next
	/Users/a1/go/pkg/mod/github.com/gin-gonic/gin@v1.10.0/context.go:185
github.com/gin-gonic/gin.(*Engine).handleHTTPRequest
	/Users/a1/go/pkg/mod/github.com/gin-gonic/gin@v1.10.0/gin.go:633
github.com/gin-gonic/gin.(*Engine).ServeHTTP
	/Users/a1/go/pkg/mod/github.com/gin-gonic/gin@v1.10.0/gin.go:589
net/http.serverHandler.ServeHTTP
	/usr/local/go/src/net/http/server.go:3311
net/http.(*conn).serve
	/usr/local/go/src/net/http/server.go:2073
[github.com/flipped-aurora/gin-vue-admin/server]2026-09-11 23:45:40.970	[31merror[0m	/Users/a1/data/go/gin-vue-admin/server/api/client/v1/member/member.go:184	设置用户名失败!	{"node": "", "app_id": "", "env": "", "error": "该用户名已被使用"}
github.com/flipped-aurora/gin-vue-admin/server/api/client/v1/member.(*MemberApi).UpdateAccount
	/Users/a1/data/go/gin-vue-admin/server/api/client/v1/member/member.go:184
github.com/gin-gonic/gin.(*Context).Next
	/Users/a1/go/pkg/mod/github.com/gin-gonic/gin@v1.10.0/context.go:185
github.com/flipped-aurora/gin-vue-admin/server/router/client.(*MemberRouter).InitMemberRouter.ClientJWTAuth.func1
	/Users/a1/data/go/gin-vue-admin/server/middleware/client_jwt.go:62
github.com/gin-gonic/gin.(*Context).Next
	/Users/a1/go/pkg/mod/github.com/gin-gonic/gin@v1.10.0/context.go:185
github.com/flipped-aurora/gin-vue-admin/server/initialize.Routers.Cors.func5
	/Users/a1/data/go/gin-vue-admin/server/middleware/cors.go:26
github.com/gin-gonic/gin.(*Context).Next
	/Users/a1/go/pkg/mod/github.com/gin-gonic/gin@v1.10.0/context.go:185
github.com/flipped-aurora/gin-vue-admin/server/middleware.UploadResponseHeaders.func1
	/Users/a1/data/go/gin-vue-admin/server/middleware/upload_security.go:25
github.com/gin-gonic/gin.(*Context).Next
	/Users/a1/go/pkg/mod/github.com/gin-gonic/gin@v1.10.0/context.go:185
github.com/gin-gonic/gin.LoggerWithConfig.func1
	/Users/a1/go/pkg/mod/github.com/gin-gonic/gin@v1.10.0/logger.go:249
github.com/gin-gonic/gin.(*Context).Next
	/Users/a1/go/pkg/mod/github.com/gin-gonic/gin@v1.10.0/context.go:185
github.com/flipped-aurora/gin-vue-admin/server/initialize.Routers.AccessLog.func4
	/Users/a1/data/go/gin-vue-admin/server/middleware/access_log.go:73
github.com/gin-gonic/gin.(*Context).Next
	/Users/a1/go/pkg/mod/github.com/gin-gonic/gin@v1.10.0/context.go:185
github.com/flipped-aurora/gin-vue-admin/server/initialize.Routers.GinRecovery.func3
	/Users/a1/data/go/gin-vue-admin/server/middleware/error.go:56
github.com/gin-gonic/gin.(*Context).Next
	/Users/a1/go/pkg/mod/github.com/gin-gonic/gin@v1.10.0/context.go:185
github.com/flipped-aurora/gin-vue-admin/server/initialize.Routers.RequestMeta.func2
	/Users/a1/data/go/gin-vue-admin/server/middleware/request_meta.go:39
github.com/gin-gonic/gin.(*Context).Next
	/Users/a1/go/pkg/mod/github.com/gin-gonic/gin@v1.10.0/context.go:185
github.com/gin-gonic/gin.(*Engine).handleHTTPRequest
	/Users/a1/go/pkg/mod/github.com/gin-gonic/gin@v1.10.0/gin.go:633
github.com/gin-gonic/gin.(*Engine).ServeHTTP
	/Users/a1/go/pkg/mod/github.com/gin-gonic/gin@v1.10.0/gin.go:589
net/http.serverHandler.ServeHTTP
	/usr/local/go/src/net/http/server.go:3311
net/http.(*conn).serve
	/usr/local/go/src/net/http/server.go:2073
[github.com/flipped-aurora/gin-vue-admin/server]2026-09-11 23:45:42.697	[31merror[0m	/Users/a1/data/go/gin-vue-admin/server/api/client/v1/member/member.go:184	设置用户名失败!	{"node": "", "app_id": "", "env": "", "error": "该用户名已被使用"}
github.com/flipped-aurora/gin-vue-admin/server/api/client/v1/member.(*MemberApi).UpdateAccount
	/Users/a1/data/go/gin-vue-admin/server/api/client/v1/member/member.go:184
github.com/gin-gonic/gin.(*Context).Next
	/Users/a1/go/pkg/mod/github.com/gin-gonic/gin@v1.10.0/context.go:185
github.com/flipped-aurora/gin-vue-admin/server/router/client.(*MemberRouter).InitMemberRouter.ClientJWTAuth.func1
	/Users/a1/data/go/gin-vue-admin/server/middleware/client_jwt.go:62
github.com/gin-gonic/gin.(*Context).Next
	/Users/a1/go/pkg/mod/github.com/gin-gonic/gin@v1.10.0/context.go:185
github.com/flipped-aurora/gin-vue-admin/server/initialize.Routers.Cors.func5
	/Users/a1/data/go/gin-vue-admin/server/middleware/cors.go:26
github.com/gin-gonic/gin.(*Context).Next
	/Users/a1/go/pkg/mod/github.com/gin-gonic/gin@v1.10.0/context.go:185
github.com/flipped-aurora/gin-vue-admin/server/middleware.UploadResponseHeaders.func1
	/Users/a1/data/go/gin-vue-admin/server/middleware/upload_security.go:25
github.com/gin-gonic/gin.(*Context).Next
	/Users/a1/go/pkg/mod/github.com/gin-gonic/gin@v1.10.0/context.go:185
github.com/gin-gonic/gin.LoggerWithConfig.func1
	/Users/a1/go/pkg/mod/github.com/gin-gonic/gin@v1.10.0/logger.go:249
github.com/gin-gonic/gin.(*Context).Next
	/Users/a1/go/pkg/mod/github.com/gin-gonic/gin@v1.10.0/context.go:185
github.com/flipped-aurora/gin-vue-admin/server/initialize.Routers.AccessLog.func4
	/Users/a1/data/go/gin-vue-admin/server/middleware/access_log.go:73
github.com/gin-gonic/gin.(*Context).Next
	/Users/a1/go/pkg/mod/github.com/gin-gonic/gin@v1.10.0/context.go:185
github.com/flipped-aurora/gin-vue-admin/server/initialize.Routers.GinRecovery.func3
	/Users/a1/data/go/gin-vue-admin/server/middleware/error.go:56
github.com/gin-gonic/gin.(*Context).Next
	/Users/a1/go/pkg/mod/github.com/gin-gonic/gin@v1.10.0/context.go:185
github.com/flipped-aurora/gin-vue-admin/server/initialize.Routers.RequestMeta.func2
	/Users/a1/data/go/gin-vue-admin/server/middleware/request_meta.go:39
github.com/gin-gonic/gin.(*Context).Next
	/Users/a1/go/pkg/mod/github.com/gin-gonic/gin@v1.10.0/context.go:185
github.com/gin-gonic/gin.(*Engine).handleHTTPRequest
	/Users/a1/go/pkg/mod/github.com/gin-gonic/gin@v1.10.0/gin.go:633
github.com/gin-gonic/gin.(*Engine).ServeHTTP
	/Users/a1/go/pkg/mod/github.com/gin-gonic/gin@v1.10.0/gin.go:589
net/http.serverHandler.ServeHTTP
	/usr/local/go/src/net/http/server.go:3311
net/http.(*conn).serve
	/usr/local/go/src/net/http/server.go:2073
[github.com/flipped-aurora/gin-vue-admin/server]2026-09-11 23:45:49.192	[31merror[0m	/Users/a1/data/go/gin-vue-admin/server/api/client/v1/member/member.go:184	设置用户名失败!	{"node": "", "app_id": "", "env": "", "error": "该用户名已被使用"}
github.com/flipped-aurora/gin-vue-admin/server/api/client/v1/member.(*MemberApi).UpdateAccount
	/Users/a1/data/go/gin-vue-admin/server/api/client/v1/member/member.go:184
github.com/gin-gonic/gin.(*Context).Next
	/Users/a1/go/pkg/mod/github.com/gin-gonic/gin@v1.10.0/context.go:185
github.com/flipped-aurora/gin-vue-admin/server/router/client.(*MemberRouter).InitMemberRouter.ClientJWTAuth.func1
	/Users/a1/data/go/gin-vue-admin/server/middleware/client_jwt.go:62
github.com/gin-gonic/gin.(*Context).Next
	/Users/a1/go/pkg/mod/github.com/gin-gonic/gin@v1.10.0/context.go:185
github.com/flipped-aurora/gin-vue-admin/server/initialize.Routers.Cors.func5
	/Users/a1/data/go/gin-vue-admin/server/middleware/cors.go:26
github.com/gin-gonic/gin.(*Context).Next
	/Users/a1/go/pkg/mod/github.com/gin-gonic/gin@v1.10.0/context.go:185
github.com/flipped-aurora/gin-vue-admin/server/middleware.UploadResponseHeaders.func1
	/Users/a1/data/go/gin-vue-admin/server/middleware/upload_security.go:25
github.com/gin-gonic/gin.(*Context).Next
	/Users/a1/go/pkg/mod/github.com/gin-gonic/gin@v1.10.0/context.go:185
github.com/gin-gonic/gin.LoggerWithConfig.func1
	/Users/a1/go/pkg/mod/github.com/gin-gonic/gin@v1.10.0/logger.go:249
github.com/gin-gonic/gin.(*Context).Next
	/Users/a1/go/pkg/mod/github.com/gin-gonic/gin@v1.10.0/context.go:185
github.com/flipped-aurora/gin-vue-admin/server/initialize.Routers.AccessLog.func4
	/Users/a1/data/go/gin-vue-admin/server/middleware/access_log.go:73
github.com/gin-gonic/gin.(*Context).Next
	/Users/a1/go/pkg/mod/github.com/gin-gonic/gin@v1.10.0/context.go:185
github.com/flipped-aurora/gin-vue-admin/server/initialize.Routers.GinRecovery.func3
	/Users/a1/data/go/gin-vue-admin/server/middleware/error.go:56
github.com/gin-gonic/gin.(*Context).Next
	/Users/a1/go/pkg/mod/github.com/gin-gonic/gin@v1.10.0/context.go:185
github.com/flipped-aurora/gin-vue-admin/server/initialize.Routers.RequestMeta.func2
	/Users/a1/data/go/gin-vue-admin/server/middleware/request_meta.go:39
github.com/gin-gonic/gin.(*Context).Next
	/Users/a1/go/pkg/mod/github.com/gin-gonic/gin@v1.10.0/context.go:185
github.com/gin-gonic/gin.(*Engine).handleHTTPRequest
	/Users/a1/go/pkg/mod/github.com/gin-gonic/gin@v1.10.0/gin.go:633
github.com/gin-gonic/gin.(*Engine).ServeHTTP
	/Users/a1/go/pkg/mod/github.com/gin-gonic/gin@v1.10.0/gin.go:589
net/http.serverHandler.ServeHTTP
	/usr/local/go/src/net/http/server.go:3311
net/http.(*conn).serve
	/usr/local/go/src/net/http/server.go:2073
[github.com/flipped-aurora/gin-vue-admin/server]2026-09-11 23:45:52.272	[31merror[0m	/Users/a1/data/go/gin-vue-admin/server/api/client/v1/member/member.go:184	设置用户名失败!	{"node": "", "app_id": "", "env": "", "error": "该用户名已被使用"}
github.com/flipped-aurora/gin-vue-admin/server/api/client/v1/member.(*MemberApi).UpdateAccount
	/Users/a1/data/go/gin-vue-admin/server/api/client/v1/member/member.go:184
github.com/gin-gonic/gin.(*Context).Next
	/Users/a1/go/pkg/mod/github.com/gin-gonic/gin@v1.10.0/context.go:185
github.com/flipped-aurora/gin-vue-admin/server/router/client.(*MemberRouter).InitMemberRouter.ClientJWTAuth.func1
	/Users/a1/data/go/gin-vue-admin/server/middleware/client_jwt.go:62
github.com/gin-gonic/gin.(*Context).Next
	/Users/a1/go/pkg/mod/github.com/gin-gonic/gin@v1.10.0/context.go:185
github.com/flipped-aurora/gin-vue-admin/server/initialize.Routers.Cors.func5
	/Users/a1/data/go/gin-vue-admin/server/middleware/cors.go:26
github.com/gin-gonic/gin.(*Context).Next
	/Users/a1/go/pkg/mod/github.com/gin-gonic/gin@v1.10.0/context.go:185
github.com/flipped-aurora/gin-vue-admin/server/middleware.UploadResponseHeaders.func1
	/Users/a1/data/go/gin-vue-admin/server/middleware/upload_security.go:25
github.com/gin-gonic/gin.(*Context).Next
	/Users/a1/go/pkg/mod/github.com/gin-gonic/gin@v1.10.0/context.go:185
github.com/gin-gonic/gin.LoggerWithConfig.func1
	/Users/a1/go/pkg/mod/github.com/gin-gonic/gin@v1.10.0/logger.go:249
github.com/gin-gonic/gin.(*Context).Next
	/Users/a1/go/pkg/mod/github.com/gin-gonic/gin@v1.10.0/context.go:185
github.com/flipped-aurora/gin-vue-admin/server/initialize.Routers.AccessLog.func4
	/Users/a1/data/go/gin-vue-admin/server/middleware/access_log.go:73
github.com/gin-gonic/gin.(*Context).Next
	/Users/a1/go/pkg/mod/github.com/gin-gonic/gin@v1.10.0/context.go:185
github.com/flipped-aurora/gin-vue-admin/server/initialize.Routers.GinRecovery.func3
	/Users/a1/data/go/gin-vue-admin/server/middleware/error.go:56
github.com/gin-gonic/gin.(*Context).Next
	/Users/a1/go/pkg/mod/github.com/gin-gonic/gin@v1.10.0/context.go:185
github.com/flipped-aurora/gin-vue-admin/server/initialize.Routers.RequestMeta.func2
	/Users/a1/data/go/gin-vue-admin/server/middleware/request_meta.go:39
github.com/gin-gonic/gin.(*Context).Next
	/Users/a1/go/pkg/mod/github.com/gin-gonic/gin@v1.10.0/context.go:185
github.com/gin-gonic/gin.(*Engine).handleHTTPRequest
	/Users/a1/go/pkg/mod/github.com/gin-gonic/gin@v1.10.0/gin.go:633
github.com/gin-gonic/gin.(*Engine).ServeHTTP
	/Users/a1/go/pkg/mod/github.com/gin-gonic/gin@v1.10.0/gin.go:589
net/http.serverHandler.ServeHTTP
	/usr/local/go/src/net/http/server.go:3311
net/http.(*conn).serve
	/usr/local/go/src/net/http/server.go:2073
[github.com/flipped-aurora/gin-vue-admin/server]2026-09-11 23:45:55.327	[31merror[0m	/Users/a1/data/go/gin-vue-admin/server/api/client/v1/member/member.go:184	设置用户名失败!	{"node": "", "app_id": "", "env": "", "error": "该用户名已被使用"}
github.com/flipped-aurora/gin-vue-admin/server/api/client/v1/member.(*MemberApi).UpdateAccount
	/Users/a1/data/go/gin-vue-admin/server/api/client/v1/member/member.go:184
github.com/gin-gonic/gin.(*Context).Next
	/Users/a1/go/pkg/mod/github.com/gin-gonic/gin@v1.10.0/context.go:185
github.com/flipped-aurora/gin-vue-admin/server/router/client.(*MemberRouter).InitMemberRouter.ClientJWTAuth.func1
	/Users/a1/data/go/gin-vue-admin/server/middleware/client_jwt.go:62
github.com/gin-gonic/gin.(*Context).Next
	/Users/a1/go/pkg/mod/github.com/gin-gonic/gin@v1.10.0/context.go:185
github.com/flipped-aurora/gin-vue-admin/server/initialize.Routers.Cors.func5
	/Users/a1/data/go/gin-vue-admin/server/middleware/cors.go:26
github.com/gin-gonic/gin.(*Context).Next
	/Users/a1/go/pkg/mod/github.com/gin-gonic/gin@v1.10.0/context.go:185
github.com/flipped-aurora/gin-vue-admin/server/middleware.UploadResponseHeaders.func1
	/Users/a1/data/go/gin-vue-admin/server/middleware/upload_security.go:25
github.com/gin-gonic/gin.(*Context).Next
	/Users/a1/go/pkg/mod/github.com/gin-gonic/gin@v1.10.0/context.go:185
github.com/gin-gonic/gin.LoggerWithConfig.func1
	/Users/a1/go/pkg/mod/github.com/gin-gonic/gin@v1.10.0/logger.go:249
github.com/gin-gonic/gin.(*Context).Next
	/Users/a1/go/pkg/mod/github.com/gin-gonic/gin@v1.10.0/context.go:185
github.com/flipped-aurora/gin-vue-admin/server/initialize.Routers.AccessLog.func4
	/Users/a1/data/go/gin-vue-admin/server/middleware/access_log.go:73
github.com/gin-gonic/gin.(*Context).Next
	/Users/a1/go/pkg/mod/github.com/gin-gonic/gin@v1.10.0/context.go:185
github.com/flipped-aurora/gin-vue-admin/server/initialize.Routers.GinRecovery.func3
	/Users/a1/data/go/gin-vue-admin/server/middleware/error.go:56
github.com/gin-gonic/gin.(*Context).Next
	/Users/a1/go/pkg/mod/github.com/gin-gonic/gin@v1.10.0/context.go:185
github.com/flipped-aurora/gin-vue-admin/server/initialize.Routers.RequestMeta.func2
	/Users/a1/data/go/gin-vue-admin/server/middleware/request_meta.go:39
github.com/gin-gonic/gin.(*Context).Next
	/Users/a1/go/pkg/mod/github.com/gin-gonic/gin@v1.10.0/context.go:185
github.com/gin-gonic/gin.(*Engine).handleHTTPRequest
	/Users/a1/go/pkg/mod/github.com/gin-gonic/gin@v1.10.0/gin.go:633
github.com/gin-gonic/gin.(*Engine).ServeHTTP
	/Users/a1/go/pkg/mod/github.com/gin-gonic/gin@v1.10.0/gin.go:589
net/http.serverHandler.ServeHTTP
	/usr/local/go/src/net/http/server.go:3311
net/http.(*conn).serve
	/usr/local/go/src/net/http/server.go:2073
[github.com/flipped-aurora/gin-vue-admin/server]2026-09-11 23:45:56.372	[31merror[0m	/Users/a1/data/go/gin-vue-admin/server/api/client/v1/member/member.go:184	设置用户名失败!	{"node": "", "app_id": "", "env": "", "error": "该用户名已被使用"}
github.com/flipped-aurora/gin-vue-admin/server/api/client/v1/member.(*MemberApi).UpdateAccount
	/Users/a1/data/go/gin-vue-admin/server/api/client/v1/member/member.go:184
github.com/gin-gonic/gin.(*Context).Next
	/Users/a1/go/pkg/mod/github.com/gin-gonic/gin@v1.10.0/context.go:185
github.com/flipped-aurora/gin-vue-admin/server/router/client.(*MemberRouter).InitMemberRouter.ClientJWTAuth.func1
	/Users/a1/data/go/gin-vue-admin/server/middleware/client_jwt.go:62
github.com/gin-gonic/gin.(*Context).Next
	/Users/a1/go/pkg/mod/github.com/gin-gonic/gin@v1.10.0/context.go:185
github.com/flipped-aurora/gin-vue-admin/server/initialize.Routers.Cors.func5
	/Users/a1/data/go/gin-vue-admin/server/middleware/cors.go:26
github.com/gin-gonic/gin.(*Context).Next
	/Users/a1/go/pkg/mod/github.com/gin-gonic/gin@v1.10.0/context.go:185
github.com/flipped-aurora/gin-vue-admin/server/middleware.UploadResponseHeaders.func1
	/Users/a1/data/go/gin-vue-admin/server/middleware/upload_security.go:25
github.com/gin-gonic/gin.(*Context).Next
	/Users/a1/go/pkg/mod/github.com/gin-gonic/gin@v1.10.0/context.go:185
github.com/gin-gonic/gin.LoggerWithConfig.func1
	/Users/a1/go/pkg/mod/github.com/gin-gonic/gin@v1.10.0/logger.go:249
github.com/gin-gonic/gin.(*Context).Next
	/Users/a1/go/pkg/mod/github.com/gin-gonic/gin@v1.10.0/context.go:185
github.com/flipped-aurora/gin-vue-admin/server/initialize.Routers.AccessLog.func4
	/Users/a1/data/go/gin-vue-admin/server/middleware/access_log.go:73
github.com/gin-gonic/gin.(*Context).Next
	/Users/a1/go/pkg/mod/github.com/gin-gonic/gin@v1.10.0/context.go:185
github.com/flipped-aurora/gin-vue-admin/server/initialize.Routers.GinRecovery.func3
	/Users/a1/data/go/gin-vue-admin/server/middleware/error.go:56
github.com/gin-gonic/gin.(*Context).Next
	/Users/a1/go/pkg/mod/github.com/gin-gonic/gin@v1.10.0/context.go:185
github.com/flipped-aurora/gin-vue-admin/server/initialize.Routers.RequestMeta.func2
	/Users/a1/data/go/gin-vue-admin/server/middleware/request_meta.go:39
github.com/gin-gonic/gin.(*Context).Next
	/Users/a1/go/pkg/mod/github.com/gin-gonic/gin@v1.10.0/context.go:185
github.com/gin-gonic/gin.(*Engine).handleHTTPRequest
	/Users/a1/go/pkg/mod/github.com/gin-gonic/gin@v1.10.0/gin.go:633
github.com/gin-gonic/gin.(*Engine).ServeHTTP
	/Users/a1/go/pkg/mod/github.com/gin-gonic/gin@v1.10.0/gin.go:589
net/http.serverHandler.ServeHTTP
	/usr/local/go/src/net/http/server.go:3311
net/http.(*conn).serve
	/usr/local/go/src/net/http/server.go:2073
[github.com/flipped-aurora/gin-vue-admin/server]2026-09-11 23:45:57.247	[31merror[0m	/Users/a1/data/go/gin-vue-admin/server/api/client/v1/member/member.go:184	设置用户名失败!	{"node": "", "app_id": "", "env": "", "error": "该用户名已被使用"}
github.com/flipped-aurora/gin-vue-admin/server/api/client/v1/member.(*MemberApi).UpdateAccount
	/Users/a1/data/go/gin-vue-admin/server/api/client/v1/member/member.go:184
github.com/gin-gonic/gin.(*Context).Next
	/Users/a1/go/pkg/mod/github.com/gin-gonic/gin@v1.10.0/context.go:185
github.com/flipped-aurora/gin-vue-admin/server/router/client.(*MemberRouter).InitMemberRouter.ClientJWTAuth.func1
	/Users/a1/data/go/gin-vue-admin/server/middleware/client_jwt.go:62
github.com/gin-gonic/gin.(*Context).Next
	/Users/a1/go/pkg/mod/github.com/gin-gonic/gin@v1.10.0/context.go:185
github.com/flipped-aurora/gin-vue-admin/server/initialize.Routers.Cors.func5
	/Users/a1/data/go/gin-vue-admin/server/middleware/cors.go:26
github.com/gin-gonic/gin.(*Context).Next
	/Users/a1/go/pkg/mod/github.com/gin-gonic/gin@v1.10.0/context.go:185
github.com/flipped-aurora/gin-vue-admin/server/middleware.UploadResponseHeaders.func1
	/Users/a1/data/go/gin-vue-admin/server/middleware/upload_security.go:25
github.com/gin-gonic/gin.(*Context).Next
	/Users/a1/go/pkg/mod/github.com/gin-gonic/gin@v1.10.0/context.go:185
github.com/gin-gonic/gin.LoggerWithConfig.func1
	/Users/a1/go/pkg/mod/github.com/gin-gonic/gin@v1.10.0/logger.go:249
github.com/gin-gonic/gin.(*Context).Next
	/Users/a1/go/pkg/mod/github.com/gin-gonic/gin@v1.10.0/context.go:185
github.com/flipped-aurora/gin-vue-admin/server/initialize.Routers.AccessLog.func4
	/Users/a1/data/go/gin-vue-admin/server/middleware/access_log.go:73
github.com/gin-gonic/gin.(*Context).Next
	/Users/a1/go/pkg/mod/github.com/gin-gonic/gin@v1.10.0/context.go:185
github.com/flipped-aurora/gin-vue-admin/server/initialize.Routers.GinRecovery.func3
	/Users/a1/data/go/gin-vue-admin/server/middleware/error.go:56
github.com/gin-gonic/gin.(*Context).Next
	/Users/a1/go/pkg/mod/github.com/gin-gonic/gin@v1.10.0/context.go:185
github.com/flipped-aurora/gin-vue-admin/server/initialize.Routers.RequestMeta.func2
	/Users/a1/data/go/gin-vue-admin/server/middleware/request_meta.go:39
github.com/gin-gonic/gin.(*Context).Next
	/Users/a1/go/pkg/mod/github.com/gin-gonic/gin@v1.10.0/context.go:185
github.com/gin-gonic/gin.(*Engine).handleHTTPRequest
	/Users/a1/go/pkg/mod/github.com/gin-gonic/gin@v1.10.0/gin.go:633
github.com/gin-gonic/gin.(*Engine).ServeHTTP
	/Users/a1/go/pkg/mod/github.com/gin-gonic/gin@v1.10.0/gin.go:589
net/http.serverHandler.ServeHTTP
	/usr/local/go/src/net/http/server.go:3311
net/http.(*conn).serve
	/usr/local/go/src/net/http/server.go:2073
