[github.com/flipped-aurora/gin-vue-admin/server]2026-08-20 12:07:42.228	[31merror[0m	/Users/a1/data/go/gin-vue-admin/server/api/v1/quant/ai_task.go:32	查询AI执行任务失败!	{"error": "invalid connection"}
github.com/flipped-aurora/gin-vue-admin/server/api/v1/quant.(*AiTaskApi).GetAiTask
	/Users/a1/data/go/gin-vue-admin/server/api/v1/quant/ai_task.go:32
github.com/gin-gonic/gin.(*Context).Next
	/Users/a1/go/pkg/mod/github.com/gin-gonic/gin@v1.10.0/context.go:185
github.com/flipped-aurora/gin-vue-admin/server/initialize.Routers.CasbinHandler.func4
	/Users/a1/data/go/gin-vue-admin/server/middleware/casbin_rbac.go:30
github.com/gin-gonic/gin.(*Context).Next
	/Users/a1/go/pkg/mod/github.com/gin-gonic/gin@v1.10.0/context.go:185
github.com/flipped-aurora/gin-vue-admin/server/initialize.Routers.JWTAuth.func3
	/Users/a1/data/go/gin-vue-admin/server/middleware/jwt.go:69
github.com/gin-gonic/gin.(*Context).Next
	/Users/a1/go/pkg/mod/github.com/gin-gonic/gin@v1.10.0/context.go:185
github.com/gin-gonic/gin.LoggerWithConfig.func1
	/Users/a1/go/pkg/mod/github.com/gin-gonic/gin@v1.10.0/logger.go:249
github.com/gin-gonic/gin.(*Context).Next
	/Users/a1/go/pkg/mod/github.com/gin-gonic/gin@v1.10.0/context.go:185
github.com/flipped-aurora/gin-vue-admin/server/initialize.Routers.GinRecovery.func2
	/Users/a1/data/go/gin-vue-admin/server/middleware/error.go:78
github.com/gin-gonic/gin.(*Context).Next
	/Users/a1/go/pkg/mod/github.com/gin-gonic/gin@v1.10.0/context.go:185
github.com/gin-gonic/gin.(*Engine).handleHTTPRequest
	/Users/a1/go/pkg/mod/github.com/gin-gonic/gin@v1.10.0/gin.go:633
github.com/gin-gonic/gin.(*Engine).ServeHTTP
	/Users/a1/go/pkg/mod/github.com/gin-gonic/gin@v1.10.0/gin.go:589
net/http.serverHandler.ServeHTTP
	/usr/local/go/src/net/http/server.go:3311
net/http.(*conn).serve
	/usr/local/go/src/net/http/server.go:2073
[github.com/flipped-aurora/gin-vue-admin/server]2026-08-20 12:07:42.260	[31merror[0m	/Users/a1/data/go/gin-vue-admin/server/api/v1/system/sys_error.go:35	创建失败!	{"error": "dial tcp 119.29.82.70:3306: connect: network is unreachable"}
github.com/flipped-aurora/gin-vue-admin/server/api/v1/system.(*SysErrorApi).CreateSysError
	/Users/a1/data/go/gin-vue-admin/server/api/v1/system/sys_error.go:35
github.com/gin-gonic/gin.(*Context).Next
	/Users/a1/go/pkg/mod/github.com/gin-gonic/gin@v1.10.0/context.go:185
github.com/gin-gonic/gin.LoggerWithConfig.func1
	/Users/a1/go/pkg/mod/github.com/gin-gonic/gin@v1.10.0/logger.go:249
github.com/gin-gonic/gin.(*Context).Next
	/Users/a1/go/pkg/mod/github.com/gin-gonic/gin@v1.10.0/context.go:185
github.com/flipped-aurora/gin-vue-admin/server/initialize.Routers.GinRecovery.func2
	/Users/a1/data/go/gin-vue-admin/server/middleware/error.go:78
github.com/gin-gonic/gin.(*Context).Next
	/Users/a1/go/pkg/mod/github.com/gin-gonic/gin@v1.10.0/context.go:185
github.com/gin-gonic/gin.(*Engine).handleHTTPRequest
	/Users/a1/go/pkg/mod/github.com/gin-gonic/gin@v1.10.0/gin.go:633
github.com/gin-gonic/gin.(*Engine).ServeHTTP
	/Users/a1/go/pkg/mod/github.com/gin-gonic/gin@v1.10.0/gin.go:589
net/http.serverHandler.ServeHTTP
	/usr/local/go/src/net/http/server.go:3311
net/http.(*conn).serve
	/usr/local/go/src/net/http/server.go:2073
[github.com/flipped-aurora/gin-vue-admin/server]2026-08-20 12:07:42.266	[31merror[0m	/Users/a1/data/go/gin-vue-admin/server/api/v1/system/sys_error.go:35	创建失败!	{"error": "dial tcp 119.29.82.70:3306: connect: network is unreachable"}
github.com/flipped-aurora/gin-vue-admin/server/api/v1/system.(*SysErrorApi).CreateSysError
	/Users/a1/data/go/gin-vue-admin/server/api/v1/system/sys_error.go:35
github.com/gin-gonic/gin.(*Context).Next
	/Users/a1/go/pkg/mod/github.com/gin-gonic/gin@v1.10.0/context.go:185
github.com/gin-gonic/gin.LoggerWithConfig.func1
	/Users/a1/go/pkg/mod/github.com/gin-gonic/gin@v1.10.0/logger.go:249
github.com/gin-gonic/gin.(*Context).Next
	/Users/a1/go/pkg/mod/github.com/gin-gonic/gin@v1.10.0/context.go:185
github.com/flipped-aurora/gin-vue-admin/server/initialize.Routers.GinRecovery.func2
	/Users/a1/data/go/gin-vue-admin/server/middleware/error.go:78
github.com/gin-gonic/gin.(*Context).Next
	/Users/a1/go/pkg/mod/github.com/gin-gonic/gin@v1.10.0/context.go:185
github.com/gin-gonic/gin.(*Engine).handleHTTPRequest
	/Users/a1/go/pkg/mod/github.com/gin-gonic/gin@v1.10.0/gin.go:633
github.com/gin-gonic/gin.(*Engine).ServeHTTP
	/Users/a1/go/pkg/mod/github.com/gin-gonic/gin@v1.10.0/gin.go:589
net/http.serverHandler.ServeHTTP
	/usr/local/go/src/net/http/server.go:3311
net/http.(*conn).serve
	/usr/local/go/src/net/http/server.go:2073
[github.com/flipped-aurora/gin-vue-admin/server]2026-08-20 12:07:42.306	[31merror[0m	/Users/a1/data/go/gin-vue-admin/server/api/v1/system/sys_error.go:35	创建失败!	{"error": "dial tcp 119.29.82.70:3306: connect: network is unreachable"}
github.com/flipped-aurora/gin-vue-admin/server/api/v1/system.(*SysErrorApi).CreateSysError
	/Users/a1/data/go/gin-vue-admin/server/api/v1/system/sys_error.go:35
github.com/gin-gonic/gin.(*Context).Next
	/Users/a1/go/pkg/mod/github.com/gin-gonic/gin@v1.10.0/context.go:185
github.com/gin-gonic/gin.LoggerWithConfig.func1
	/Users/a1/go/pkg/mod/github.com/gin-gonic/gin@v1.10.0/logger.go:249
github.com/gin-gonic/gin.(*Context).Next
	/Users/a1/go/pkg/mod/github.com/gin-gonic/gin@v1.10.0/context.go:185
github.com/flipped-aurora/gin-vue-admin/server/initialize.Routers.GinRecovery.func2
	/Users/a1/data/go/gin-vue-admin/server/middleware/error.go:78
github.com/gin-gonic/gin.(*Context).Next
	/Users/a1/go/pkg/mod/github.com/gin-gonic/gin@v1.10.0/context.go:185
github.com/gin-gonic/gin.(*Engine).handleHTTPRequest
	/Users/a1/go/pkg/mod/github.com/gin-gonic/gin@v1.10.0/gin.go:633
github.com/gin-gonic/gin.(*Engine).ServeHTTP
	/Users/a1/go/pkg/mod/github.com/gin-gonic/gin@v1.10.0/gin.go:589
net/http.serverHandler.ServeHTTP
	/usr/local/go/src/net/http/server.go:3311
net/http.(*conn).serve
	/usr/local/go/src/net/http/server.go:2073
[github.com/flipped-aurora/gin-vue-admin/server]2026-08-20 12:07:42.313	[31merror[0m	/Users/a1/data/go/gin-vue-admin/server/api/v1/quant/ai_task.go:32	查询AI执行任务失败!	{"error": "dial tcp 119.29.82.70:3306: connect: network is unreachable"}
github.com/flipped-aurora/gin-vue-admin/server/api/v1/quant.(*AiTaskApi).GetAiTask
	/Users/a1/data/go/gin-vue-admin/server/api/v1/quant/ai_task.go:32
github.com/gin-gonic/gin.(*Context).Next
	/Users/a1/go/pkg/mod/github.com/gin-gonic/gin@v1.10.0/context.go:185
github.com/flipped-aurora/gin-vue-admin/server/initialize.Routers.CasbinHandler.func4
	/Users/a1/data/go/gin-vue-admin/server/middleware/casbin_rbac.go:30
github.com/gin-gonic/gin.(*Context).Next
	/Users/a1/go/pkg/mod/github.com/gin-gonic/gin@v1.10.0/context.go:185
github.com/flipped-aurora/gin-vue-admin/server/initialize.Routers.JWTAuth.func3
	/Users/a1/data/go/gin-vue-admin/server/middleware/jwt.go:69
github.com/gin-gonic/gin.(*Context).Next
	/Users/a1/go/pkg/mod/github.com/gin-gonic/gin@v1.10.0/context.go:185
github.com/gin-gonic/gin.LoggerWithConfig.func1
	/Users/a1/go/pkg/mod/github.com/gin-gonic/gin@v1.10.0/logger.go:249
github.com/gin-gonic/gin.(*Context).Next
	/Users/a1/go/pkg/mod/github.com/gin-gonic/gin@v1.10.0/context.go:185
github.com/flipped-aurora/gin-vue-admin/server/initialize.Routers.GinRecovery.func2
	/Users/a1/data/go/gin-vue-admin/server/middleware/error.go:78
github.com/gin-gonic/gin.(*Context).Next
	/Users/a1/go/pkg/mod/github.com/gin-gonic/gin@v1.10.0/context.go:185
github.com/gin-gonic/gin.(*Engine).handleHTTPRequest
	/Users/a1/go/pkg/mod/github.com/gin-gonic/gin@v1.10.0/gin.go:633
github.com/gin-gonic/gin.(*Engine).ServeHTTP
	/Users/a1/go/pkg/mod/github.com/gin-gonic/gin@v1.10.0/gin.go:589
net/http.serverHandler.ServeHTTP
	/usr/local/go/src/net/http/server.go:3311
net/http.(*conn).serve
	/usr/local/go/src/net/http/server.go:2073
[github.com/flipped-aurora/gin-vue-admin/server]2026-08-20 12:07:42.321	[31merror[0m	/Users/a1/data/go/gin-vue-admin/server/api/v1/quant/ai_task.go:32	查询AI执行任务失败!	{"error": "dial tcp 119.29.82.70:3306: connect: network is unreachable"}
github.com/flipped-aurora/gin-vue-admin/server/api/v1/quant.(*AiTaskApi).GetAiTask
	/Users/a1/data/go/gin-vue-admin/server/api/v1/quant/ai_task.go:32
github.com/gin-gonic/gin.(*Context).Next
	/Users/a1/go/pkg/mod/github.com/gin-gonic/gin@v1.10.0/context.go:185
github.com/flipped-aurora/gin-vue-admin/server/initialize.Routers.CasbinHandler.func4
	/Users/a1/data/go/gin-vue-admin/server/middleware/casbin_rbac.go:30
github.com/gin-gonic/gin.(*Context).Next
	/Users/a1/go/pkg/mod/github.com/gin-gonic/gin@v1.10.0/context.go:185
github.com/flipped-aurora/gin-vue-admin/server/initialize.Routers.JWTAuth.func3
	/Users/a1/data/go/gin-vue-admin/server/middleware/jwt.go:69
github.com/gin-gonic/gin.(*Context).Next
	/Users/a1/go/pkg/mod/github.com/gin-gonic/gin@v1.10.0/context.go:185
github.com/gin-gonic/gin.LoggerWithConfig.func1
	/Users/a1/go/pkg/mod/github.com/gin-gonic/gin@v1.10.0/logger.go:249
github.com/gin-gonic/gin.(*Context).Next
	/Users/a1/go/pkg/mod/github.com/gin-gonic/gin@v1.10.0/context.go:185
github.com/flipped-aurora/gin-vue-admin/server/initialize.Routers.GinRecovery.func2
	/Users/a1/data/go/gin-vue-admin/server/middleware/error.go:78
github.com/gin-gonic/gin.(*Context).Next
	/Users/a1/go/pkg/mod/github.com/gin-gonic/gin@v1.10.0/context.go:185
github.com/gin-gonic/gin.(*Engine).handleHTTPRequest
	/Users/a1/go/pkg/mod/github.com/gin-gonic/gin@v1.10.0/gin.go:633
github.com/gin-gonic/gin.(*Engine).ServeHTTP
	/Users/a1/go/pkg/mod/github.com/gin-gonic/gin@v1.10.0/gin.go:589
net/http.serverHandler.ServeHTTP
	/usr/local/go/src/net/http/server.go:3311
net/http.(*conn).serve
	/usr/local/go/src/net/http/server.go:2073
[github.com/flipped-aurora/gin-vue-admin/server]2026-08-20 12:07:43.296	[31merror[0m	/Users/a1/data/go/gin-vue-admin/server/api/v1/quant/ai_task.go:32	查询AI执行任务失败!	{"error": "dial tcp 119.29.82.70:3306: connect: network is unreachable"}
github.com/flipped-aurora/gin-vue-admin/server/api/v1/quant.(*AiTaskApi).GetAiTask
	/Users/a1/data/go/gin-vue-admin/server/api/v1/quant/ai_task.go:32
github.com/gin-gonic/gin.(*Context).Next
	/Users/a1/go/pkg/mod/github.com/gin-gonic/gin@v1.10.0/context.go:185
github.com/flipped-aurora/gin-vue-admin/server/initialize.Routers.CasbinHandler.func4
	/Users/a1/data/go/gin-vue-admin/server/middleware/casbin_rbac.go:30
github.com/gin-gonic/gin.(*Context).Next
	/Users/a1/go/pkg/mod/github.com/gin-gonic/gin@v1.10.0/context.go:185
github.com/flipped-aurora/gin-vue-admin/server/initialize.Routers.JWTAuth.func3
	/Users/a1/data/go/gin-vue-admin/server/middleware/jwt.go:69
github.com/gin-gonic/gin.(*Context).Next
	/Users/a1/go/pkg/mod/github.com/gin-gonic/gin@v1.10.0/context.go:185
github.com/gin-gonic/gin.LoggerWithConfig.func1
	/Users/a1/go/pkg/mod/github.com/gin-gonic/gin@v1.10.0/logger.go:249
github.com/gin-gonic/gin.(*Context).Next
	/Users/a1/go/pkg/mod/github.com/gin-gonic/gin@v1.10.0/context.go:185
github.com/flipped-aurora/gin-vue-admin/server/initialize.Routers.GinRecovery.func2
	/Users/a1/data/go/gin-vue-admin/server/middleware/error.go:78
github.com/gin-gonic/gin.(*Context).Next
	/Users/a1/go/pkg/mod/github.com/gin-gonic/gin@v1.10.0/context.go:185
github.com/gin-gonic/gin.(*Engine).handleHTTPRequest
	/Users/a1/go/pkg/mod/github.com/gin-gonic/gin@v1.10.0/gin.go:633
github.com/gin-gonic/gin.(*Engine).ServeHTTP
	/Users/a1/go/pkg/mod/github.com/gin-gonic/gin@v1.10.0/gin.go:589
net/http.serverHandler.ServeHTTP
	/usr/local/go/src/net/http/server.go:3311
net/http.(*conn).serve
	/usr/local/go/src/net/http/server.go:2073
[github.com/flipped-aurora/gin-vue-admin/server]2026-08-20 12:07:45.295	[31merror[0m	/Users/a1/data/go/gin-vue-admin/server/api/v1/quant/ai_task.go:32	查询AI执行任务失败!	{"error": "dial tcp 119.29.82.70:3306: connect: network is unreachable"}
github.com/flipped-aurora/gin-vue-admin/server/api/v1/quant.(*AiTaskApi).GetAiTask
	/Users/a1/data/go/gin-vue-admin/server/api/v1/quant/ai_task.go:32
github.com/gin-gonic/gin.(*Context).Next
	/Users/a1/go/pkg/mod/github.com/gin-gonic/gin@v1.10.0/context.go:185
github.com/flipped-aurora/gin-vue-admin/server/initialize.Routers.CasbinHandler.func4
	/Users/a1/data/go/gin-vue-admin/server/middleware/casbin_rbac.go:30
github.com/gin-gonic/gin.(*Context).Next
	/Users/a1/go/pkg/mod/github.com/gin-gonic/gin@v1.10.0/context.go:185
github.com/flipped-aurora/gin-vue-admin/server/initialize.Routers.JWTAuth.func3
	/Users/a1/data/go/gin-vue-admin/server/middleware/jwt.go:69
github.com/gin-gonic/gin.(*Context).Next
	/Users/a1/go/pkg/mod/github.com/gin-gonic/gin@v1.10.0/context.go:185
github.com/gin-gonic/gin.LoggerWithConfig.func1
	/Users/a1/go/pkg/mod/github.com/gin-gonic/gin@v1.10.0/logger.go:249
github.com/gin-gonic/gin.(*Context).Next
	/Users/a1/go/pkg/mod/github.com/gin-gonic/gin@v1.10.0/context.go:185
github.com/flipped-aurora/gin-vue-admin/server/initialize.Routers.GinRecovery.func2
	/Users/a1/data/go/gin-vue-admin/server/middleware/error.go:78
github.com/gin-gonic/gin.(*Context).Next
	/Users/a1/go/pkg/mod/github.com/gin-gonic/gin@v1.10.0/context.go:185
github.com/gin-gonic/gin.(*Engine).handleHTTPRequest
	/Users/a1/go/pkg/mod/github.com/gin-gonic/gin@v1.10.0/gin.go:633
github.com/gin-gonic/gin.(*Engine).ServeHTTP
	/Users/a1/go/pkg/mod/github.com/gin-gonic/gin@v1.10.0/gin.go:589
net/http.serverHandler.ServeHTTP
	/usr/local/go/src/net/http/server.go:3311
net/http.(*conn).serve
	/usr/local/go/src/net/http/server.go:2073
[github.com/flipped-aurora/gin-vue-admin/server]2026-08-20 12:07:47.296	[31merror[0m	/Users/a1/data/go/gin-vue-admin/server/api/v1/quant/ai_task.go:32	查询AI执行任务失败!	{"error": "dial tcp 119.29.82.70:3306: connect: network is unreachable"}
github.com/flipped-aurora/gin-vue-admin/server/api/v1/quant.(*AiTaskApi).GetAiTask
	/Users/a1/data/go/gin-vue-admin/server/api/v1/quant/ai_task.go:32
github.com/gin-gonic/gin.(*Context).Next
	/Users/a1/go/pkg/mod/github.com/gin-gonic/gin@v1.10.0/context.go:185
github.com/flipped-aurora/gin-vue-admin/server/initialize.Routers.CasbinHandler.func4
	/Users/a1/data/go/gin-vue-admin/server/middleware/casbin_rbac.go:30
github.com/gin-gonic/gin.(*Context).Next
	/Users/a1/go/pkg/mod/github.com/gin-gonic/gin@v1.10.0/context.go:185
github.com/flipped-aurora/gin-vue-admin/server/initialize.Routers.JWTAuth.func3
	/Users/a1/data/go/gin-vue-admin/server/middleware/jwt.go:69
github.com/gin-gonic/gin.(*Context).Next
	/Users/a1/go/pkg/mod/github.com/gin-gonic/gin@v1.10.0/context.go:185
github.com/gin-gonic/gin.LoggerWithConfig.func1
	/Users/a1/go/pkg/mod/github.com/gin-gonic/gin@v1.10.0/logger.go:249
github.com/gin-gonic/gin.(*Context).Next
	/Users/a1/go/pkg/mod/github.com/gin-gonic/gin@v1.10.0/context.go:185
github.com/flipped-aurora/gin-vue-admin/server/initialize.Routers.GinRecovery.func2
	/Users/a1/data/go/gin-vue-admin/server/middleware/error.go:78
github.com/gin-gonic/gin.(*Context).Next
	/Users/a1/go/pkg/mod/github.com/gin-gonic/gin@v1.10.0/context.go:185
github.com/gin-gonic/gin.(*Engine).handleHTTPRequest
	/Users/a1/go/pkg/mod/github.com/gin-gonic/gin@v1.10.0/gin.go:633
github.com/gin-gonic/gin.(*Engine).ServeHTTP
	/Users/a1/go/pkg/mod/github.com/gin-gonic/gin@v1.10.0/gin.go:589
net/http.serverHandler.ServeHTTP
	/usr/local/go/src/net/http/server.go:3311
net/http.(*conn).serve
	/usr/local/go/src/net/http/server.go:2073
[github.com/flipped-aurora/gin-vue-admin/server]2026-08-20 12:07:48.378	[31merror[0m	/Users/a1/data/go/gin-vue-admin/server/api/v1/quant/ai_task.go:32	查询AI执行任务失败!	{"error": "dial tcp 119.29.82.70:3306: connect: operation timed out"}
github.com/flipped-aurora/gin-vue-admin/server/api/v1/quant.(*AiTaskApi).GetAiTask
	/Users/a1/data/go/gin-vue-admin/server/api/v1/quant/ai_task.go:32
github.com/gin-gonic/gin.(*Context).Next
	/Users/a1/go/pkg/mod/github.com/gin-gonic/gin@v1.10.0/context.go:185
github.com/flipped-aurora/gin-vue-admin/server/initialize.Routers.CasbinHandler.func4
	/Users/a1/data/go/gin-vue-admin/server/middleware/casbin_rbac.go:30
github.com/gin-gonic/gin.(*Context).Next
	/Users/a1/go/pkg/mod/github.com/gin-gonic/gin@v1.10.0/context.go:185
github.com/flipped-aurora/gin-vue-admin/server/initialize.Routers.JWTAuth.func3
	/Users/a1/data/go/gin-vue-admin/server/middleware/jwt.go:69
github.com/gin-gonic/gin.(*Context).Next
	/Users/a1/go/pkg/mod/github.com/gin-gonic/gin@v1.10.0/context.go:185
github.com/gin-gonic/gin.LoggerWithConfig.func1
	/Users/a1/go/pkg/mod/github.com/gin-gonic/gin@v1.10.0/logger.go:249
github.com/gin-gonic/gin.(*Context).Next
	/Users/a1/go/pkg/mod/github.com/gin-gonic/gin@v1.10.0/context.go:185
github.com/flipped-aurora/gin-vue-admin/server/initialize.Routers.GinRecovery.func2
	/Users/a1/data/go/gin-vue-admin/server/middleware/error.go:78
github.com/gin-gonic/gin.(*Context).Next
	/Users/a1/go/pkg/mod/github.com/gin-gonic/gin@v1.10.0/context.go:185
github.com/gin-gonic/gin.(*Engine).handleHTTPRequest
	/Users/a1/go/pkg/mod/github.com/gin-gonic/gin@v1.10.0/gin.go:633
github.com/gin-gonic/gin.(*Engine).ServeHTTP
	/Users/a1/go/pkg/mod/github.com/gin-gonic/gin@v1.10.0/gin.go:589
net/http.serverHandler.ServeHTTP
	/usr/local/go/src/net/http/server.go:3311
net/http.(*conn).serve
	/usr/local/go/src/net/http/server.go:2073
[github.com/flipped-aurora/gin-vue-admin/server]2026-08-20 12:07:49.298	[31merror[0m	/Users/a1/data/go/gin-vue-admin/server/api/v1/quant/ai_task.go:32	查询AI执行任务失败!	{"error": "dial tcp 119.29.82.70:3306: connect: network is unreachable"}
github.com/flipped-aurora/gin-vue-admin/server/api/v1/quant.(*AiTaskApi).GetAiTask
	/Users/a1/data/go/gin-vue-admin/server/api/v1/quant/ai_task.go:32
github.com/gin-gonic/gin.(*Context).Next
	/Users/a1/go/pkg/mod/github.com/gin-gonic/gin@v1.10.0/context.go:185
github.com/flipped-aurora/gin-vue-admin/server/initialize.Routers.CasbinHandler.func4
	/Users/a1/data/go/gin-vue-admin/server/middleware/casbin_rbac.go:30
github.com/gin-gonic/gin.(*Context).Next
	/Users/a1/go/pkg/mod/github.com/gin-gonic/gin@v1.10.0/context.go:185
github.com/flipped-aurora/gin-vue-admin/server/initialize.Routers.JWTAuth.func3
	/Users/a1/data/go/gin-vue-admin/server/middleware/jwt.go:69
github.com/gin-gonic/gin.(*Context).Next
	/Users/a1/go/pkg/mod/github.com/gin-gonic/gin@v1.10.0/context.go:185
github.com/gin-gonic/gin.LoggerWithConfig.func1
	/Users/a1/go/pkg/mod/github.com/gin-gonic/gin@v1.10.0/logger.go:249
github.com/gin-gonic/gin.(*Context).Next
	/Users/a1/go/pkg/mod/github.com/gin-gonic/gin@v1.10.0/context.go:185
github.com/flipped-aurora/gin-vue-admin/server/initialize.Routers.GinRecovery.func2
	/Users/a1/data/go/gin-vue-admin/server/middleware/error.go:78
github.com/gin-gonic/gin.(*Context).Next
	/Users/a1/go/pkg/mod/github.com/gin-gonic/gin@v1.10.0/context.go:185
github.com/gin-gonic/gin.(*Engine).handleHTTPRequest
	/Users/a1/go/pkg/mod/github.com/gin-gonic/gin@v1.10.0/gin.go:633
github.com/gin-gonic/gin.(*Engine).ServeHTTP
	/Users/a1/go/pkg/mod/github.com/gin-gonic/gin@v1.10.0/gin.go:589
net/http.serverHandler.ServeHTTP
	/usr/local/go/src/net/http/server.go:3311
net/http.(*conn).serve
	/usr/local/go/src/net/http/server.go:2073
[github.com/flipped-aurora/gin-vue-admin/server]2026-08-20 12:07:50.374	[31merror[0m	/Users/a1/data/go/gin-vue-admin/server/api/v1/quant/ai_task.go:32	查询AI执行任务失败!	{"error": "dial tcp 119.29.82.70:3306: connect: operation timed out"}
github.com/flipped-aurora/gin-vue-admin/server/api/v1/quant.(*AiTaskApi).GetAiTask
	/Users/a1/data/go/gin-vue-admin/server/api/v1/quant/ai_task.go:32
github.com/gin-gonic/gin.(*Context).Next
	/Users/a1/go/pkg/mod/github.com/gin-gonic/gin@v1.10.0/context.go:185
github.com/flipped-aurora/gin-vue-admin/server/initialize.Routers.CasbinHandler.func4
	/Users/a1/data/go/gin-vue-admin/server/middleware/casbin_rbac.go:30
github.com/gin-gonic/gin.(*Context).Next
	/Users/a1/go/pkg/mod/github.com/gin-gonic/gin@v1.10.0/context.go:185
github.com/flipped-aurora/gin-vue-admin/server/initialize.Routers.JWTAuth.func3
	/Users/a1/data/go/gin-vue-admin/server/middleware/jwt.go:69
github.com/gin-gonic/gin.(*Context).Next
	/Users/a1/go/pkg/mod/github.com/gin-gonic/gin@v1.10.0/context.go:185
github.com/gin-gonic/gin.LoggerWithConfig.func1
	/Users/a1/go/pkg/mod/github.com/gin-gonic/gin@v1.10.0/logger.go:249
github.com/gin-gonic/gin.(*Context).Next
	/Users/a1/go/pkg/mod/github.com/gin-gonic/gin@v1.10.0/context.go:185
github.com/flipped-aurora/gin-vue-admin/server/initialize.Routers.GinRecovery.func2
	/Users/a1/data/go/gin-vue-admin/server/middleware/error.go:78
github.com/gin-gonic/gin.(*Context).Next
	/Users/a1/go/pkg/mod/github.com/gin-gonic/gin@v1.10.0/context.go:185
github.com/gin-gonic/gin.(*Engine).handleHTTPRequest
	/Users/a1/go/pkg/mod/github.com/gin-gonic/gin@v1.10.0/gin.go:633
github.com/gin-gonic/gin.(*Engine).ServeHTTP
	/Users/a1/go/pkg/mod/github.com/gin-gonic/gin@v1.10.0/gin.go:589
net/http.serverHandler.ServeHTTP
	/usr/local/go/src/net/http/server.go:3311
net/http.(*conn).serve
	/usr/local/go/src/net/http/server.go:2073
[github.com/flipped-aurora/gin-vue-admin/server]2026-08-20 12:07:51.298	[31merror[0m	/Users/a1/data/go/gin-vue-admin/server/api/v1/quant/ai_task.go:32	查询AI执行任务失败!	{"error": "dial tcp 119.29.82.70:3306: connect: network is unreachable"}
github.com/flipped-aurora/gin-vue-admin/server/api/v1/quant.(*AiTaskApi).GetAiTask
	/Users/a1/data/go/gin-vue-admin/server/api/v1/quant/ai_task.go:32
github.com/gin-gonic/gin.(*Context).Next
	/Users/a1/go/pkg/mod/github.com/gin-gonic/gin@v1.10.0/context.go:185
github.com/flipped-aurora/gin-vue-admin/server/initialize.Routers.CasbinHandler.func4
	/Users/a1/data/go/gin-vue-admin/server/middleware/casbin_rbac.go:30
github.com/gin-gonic/gin.(*Context).Next
	/Users/a1/go/pkg/mod/github.com/gin-gonic/gin@v1.10.0/context.go:185
github.com/flipped-aurora/gin-vue-admin/server/initialize.Routers.JWTAuth.func3
	/Users/a1/data/go/gin-vue-admin/server/middleware/jwt.go:69
github.com/gin-gonic/gin.(*Context).Next
	/Users/a1/go/pkg/mod/github.com/gin-gonic/gin@v1.10.0/context.go:185
github.com/gin-gonic/gin.LoggerWithConfig.func1
	/Users/a1/go/pkg/mod/github.com/gin-gonic/gin@v1.10.0/logger.go:249
github.com/gin-gonic/gin.(*Context).Next
	/Users/a1/go/pkg/mod/github.com/gin-gonic/gin@v1.10.0/context.go:185
github.com/flipped-aurora/gin-vue-admin/server/initialize.Routers.GinRecovery.func2
	/Users/a1/data/go/gin-vue-admin/server/middleware/error.go:78
github.com/gin-gonic/gin.(*Context).Next
	/Users/a1/go/pkg/mod/github.com/gin-gonic/gin@v1.10.0/context.go:185
github.com/gin-gonic/gin.(*Engine).handleHTTPRequest
	/Users/a1/go/pkg/mod/github.com/gin-gonic/gin@v1.10.0/gin.go:633
github.com/gin-gonic/gin.(*Engine).ServeHTTP
	/Users/a1/go/pkg/mod/github.com/gin-gonic/gin@v1.10.0/gin.go:589
net/http.serverHandler.ServeHTTP
	/usr/local/go/src/net/http/server.go:3311
net/http.(*conn).serve
	/usr/local/go/src/net/http/server.go:2073
[github.com/flipped-aurora/gin-vue-admin/server]2026-08-20 12:07:53.296	[31merror[0m	/Users/a1/data/go/gin-vue-admin/server/api/v1/quant/ai_task.go:32	查询AI执行任务失败!	{"error": "dial tcp 119.29.82.70:3306: connect: network is unreachable"}
github.com/flipped-aurora/gin-vue-admin/server/api/v1/quant.(*AiTaskApi).GetAiTask
	/Users/a1/data/go/gin-vue-admin/server/api/v1/quant/ai_task.go:32
github.com/gin-gonic/gin.(*Context).Next
	/Users/a1/go/pkg/mod/github.com/gin-gonic/gin@v1.10.0/context.go:185
github.com/flipped-aurora/gin-vue-admin/server/initialize.Routers.CasbinHandler.func4
	/Users/a1/data/go/gin-vue-admin/server/middleware/casbin_rbac.go:30
github.com/gin-gonic/gin.(*Context).Next
	/Users/a1/go/pkg/mod/github.com/gin-gonic/gin@v1.10.0/context.go:185
github.com/flipped-aurora/gin-vue-admin/server/initialize.Routers.JWTAuth.func3
	/Users/a1/data/go/gin-vue-admin/server/middleware/jwt.go:69
github.com/gin-gonic/gin.(*Context).Next
	/Users/a1/go/pkg/mod/github.com/gin-gonic/gin@v1.10.0/context.go:185
github.com/gin-gonic/gin.LoggerWithConfig.func1
	/Users/a1/go/pkg/mod/github.com/gin-gonic/gin@v1.10.0/logger.go:249
github.com/gin-gonic/gin.(*Context).Next
	/Users/a1/go/pkg/mod/github.com/gin-gonic/gin@v1.10.0/context.go:185
github.com/flipped-aurora/gin-vue-admin/server/initialize.Routers.GinRecovery.func2
	/Users/a1/data/go/gin-vue-admin/server/middleware/error.go:78
github.com/gin-gonic/gin.(*Context).Next
	/Users/a1/go/pkg/mod/github.com/gin-gonic/gin@v1.10.0/context.go:185
github.com/gin-gonic/gin.(*Engine).handleHTTPRequest
	/Users/a1/go/pkg/mod/github.com/gin-gonic/gin@v1.10.0/gin.go:633
github.com/gin-gonic/gin.(*Engine).ServeHTTP
	/Users/a1/go/pkg/mod/github.com/gin-gonic/gin@v1.10.0/gin.go:589
net/http.serverHandler.ServeHTTP
	/usr/local/go/src/net/http/server.go:3311
net/http.(*conn).serve
	/usr/local/go/src/net/http/server.go:2073
[github.com/flipped-aurora/gin-vue-admin/server]2026-08-20 12:07:55.297	[31merror[0m	/Users/a1/data/go/gin-vue-admin/server/api/v1/quant/ai_task.go:32	查询AI执行任务失败!	{"error": "dial tcp 119.29.82.70:3306: connect: network is unreachable"}
github.com/flipped-aurora/gin-vue-admin/server/api/v1/quant.(*AiTaskApi).GetAiTask
	/Users/a1/data/go/gin-vue-admin/server/api/v1/quant/ai_task.go:32
github.com/gin-gonic/gin.(*Context).Next
	/Users/a1/go/pkg/mod/github.com/gin-gonic/gin@v1.10.0/context.go:185
github.com/flipped-aurora/gin-vue-admin/server/initialize.Routers.CasbinHandler.func4
	/Users/a1/data/go/gin-vue-admin/server/middleware/casbin_rbac.go:30
github.com/gin-gonic/gin.(*Context).Next
	/Users/a1/go/pkg/mod/github.com/gin-gonic/gin@v1.10.0/context.go:185
github.com/flipped-aurora/gin-vue-admin/server/initialize.Routers.JWTAuth.func3
	/Users/a1/data/go/gin-vue-admin/server/middleware/jwt.go:69
github.com/gin-gonic/gin.(*Context).Next
	/Users/a1/go/pkg/mod/github.com/gin-gonic/gin@v1.10.0/context.go:185
github.com/gin-gonic/gin.LoggerWithConfig.func1
	/Users/a1/go/pkg/mod/github.com/gin-gonic/gin@v1.10.0/logger.go:249
github.com/gin-gonic/gin.(*Context).Next
	/Users/a1/go/pkg/mod/github.com/gin-gonic/gin@v1.10.0/context.go:185
github.com/flipped-aurora/gin-vue-admin/server/initialize.Routers.GinRecovery.func2
	/Users/a1/data/go/gin-vue-admin/server/middleware/error.go:78
github.com/gin-gonic/gin.(*Context).Next
	/Users/a1/go/pkg/mod/github.com/gin-gonic/gin@v1.10.0/context.go:185
github.com/gin-gonic/gin.(*Engine).handleHTTPRequest
	/Users/a1/go/pkg/mod/github.com/gin-gonic/gin@v1.10.0/gin.go:633
github.com/gin-gonic/gin.(*Engine).ServeHTTP
	/Users/a1/go/pkg/mod/github.com/gin-gonic/gin@v1.10.0/gin.go:589
net/http.serverHandler.ServeHTTP
	/usr/local/go/src/net/http/server.go:3311
net/http.(*conn).serve
	/usr/local/go/src/net/http/server.go:2073
[github.com/flipped-aurora/gin-vue-admin/server]2026-08-20 12:07:57.296	[31merror[0m	/Users/a1/data/go/gin-vue-admin/server/api/v1/quant/ai_task.go:32	查询AI执行任务失败!	{"error": "dial tcp 119.29.82.70:3306: connect: network is unreachable"}
github.com/flipped-aurora/gin-vue-admin/server/api/v1/quant.(*AiTaskApi).GetAiTask
	/Users/a1/data/go/gin-vue-admin/server/api/v1/quant/ai_task.go:32
github.com/gin-gonic/gin.(*Context).Next
	/Users/a1/go/pkg/mod/github.com/gin-gonic/gin@v1.10.0/context.go:185
github.com/flipped-aurora/gin-vue-admin/server/initialize.Routers.CasbinHandler.func4
	/Users/a1/data/go/gin-vue-admin/server/middleware/casbin_rbac.go:30
github.com/gin-gonic/gin.(*Context).Next
	/Users/a1/go/pkg/mod/github.com/gin-gonic/gin@v1.10.0/context.go:185
github.com/flipped-aurora/gin-vue-admin/server/initialize.Routers.JWTAuth.func3
	/Users/a1/data/go/gin-vue-admin/server/middleware/jwt.go:69
github.com/gin-gonic/gin.(*Context).Next
	/Users/a1/go/pkg/mod/github.com/gin-gonic/gin@v1.10.0/context.go:185
github.com/gin-gonic/gin.LoggerWithConfig.func1
	/Users/a1/go/pkg/mod/github.com/gin-gonic/gin@v1.10.0/logger.go:249
github.com/gin-gonic/gin.(*Context).Next
	/Users/a1/go/pkg/mod/github.com/gin-gonic/gin@v1.10.0/context.go:185
github.com/flipped-aurora/gin-vue-admin/server/initialize.Routers.GinRecovery.func2
	/Users/a1/data/go/gin-vue-admin/server/middleware/error.go:78
github.com/gin-gonic/gin.(*Context).Next
	/Users/a1/go/pkg/mod/github.com/gin-gonic/gin@v1.10.0/context.go:185
github.com/gin-gonic/gin.(*Engine).handleHTTPRequest
	/Users/a1/go/pkg/mod/github.com/gin-gonic/gin@v1.10.0/gin.go:633
github.com/gin-gonic/gin.(*Engine).ServeHTTP
	/Users/a1/go/pkg/mod/github.com/gin-gonic/gin@v1.10.0/gin.go:589
net/http.serverHandler.ServeHTTP
	/usr/local/go/src/net/http/server.go:3311
net/http.(*conn).serve
	/usr/local/go/src/net/http/server.go:2073
[github.com/flipped-aurora/gin-vue-admin/server]2026-08-20 12:07:57.605	[31merror[0m	/Users/a1/data/go/gin-vue-admin/server/api/v1/quant/ai_task.go:32	查询AI执行任务失败!	{"error": "invalid connection"}
github.com/flipped-aurora/gin-vue-admin/server/api/v1/quant.(*AiTaskApi).GetAiTask
	/Users/a1/data/go/gin-vue-admin/server/api/v1/quant/ai_task.go:32
github.com/gin-gonic/gin.(*Context).Next
	/Users/a1/go/pkg/mod/github.com/gin-gonic/gin@v1.10.0/context.go:185
github.com/flipped-aurora/gin-vue-admin/server/initialize.Routers.CasbinHandler.func4
	/Users/a1/data/go/gin-vue-admin/server/middleware/casbin_rbac.go:30
github.com/gin-gonic/gin.(*Context).Next
	/Users/a1/go/pkg/mod/github.com/gin-gonic/gin@v1.10.0/context.go:185
github.com/flipped-aurora/gin-vue-admin/server/initialize.Routers.JWTAuth.func3
	/Users/a1/data/go/gin-vue-admin/server/middleware/jwt.go:69
github.com/gin-gonic/gin.(*Context).Next
	/Users/a1/go/pkg/mod/github.com/gin-gonic/gin@v1.10.0/context.go:185
github.com/gin-gonic/gin.LoggerWithConfig.func1
	/Users/a1/go/pkg/mod/github.com/gin-gonic/gin@v1.10.0/logger.go:249
github.com/gin-gonic/gin.(*Context).Next
	/Users/a1/go/pkg/mod/github.com/gin-gonic/gin@v1.10.0/context.go:185
github.com/flipped-aurora/gin-vue-admin/server/initialize.Routers.GinRecovery.func2
	/Users/a1/data/go/gin-vue-admin/server/middleware/error.go:78
github.com/gin-gonic/gin.(*Context).Next
	/Users/a1/go/pkg/mod/github.com/gin-gonic/gin@v1.10.0/context.go:185
github.com/gin-gonic/gin.(*Engine).handleHTTPRequest
	/Users/a1/go/pkg/mod/github.com/gin-gonic/gin@v1.10.0/gin.go:633
github.com/gin-gonic/gin.(*Engine).ServeHTTP
	/Users/a1/go/pkg/mod/github.com/gin-gonic/gin@v1.10.0/gin.go:589
net/http.serverHandler.ServeHTTP
	/usr/local/go/src/net/http/server.go:3311
net/http.(*conn).serve
	/usr/local/go/src/net/http/server.go:2073
[github.com/flipped-aurora/gin-vue-admin/server]2026-08-20 12:07:57.609	[31merror[0m	/Users/a1/data/go/gin-vue-admin/server/api/v1/quant/ai_task.go:32	查询AI执行任务失败!	{"error": "dial tcp 119.29.82.70:3306: connect: network is unreachable"}
github.com/flipped-aurora/gin-vue-admin/server/api/v1/quant.(*AiTaskApi).GetAiTask
	/Users/a1/data/go/gin-vue-admin/server/api/v1/quant/ai_task.go:32
github.com/gin-gonic/gin.(*Context).Next
	/Users/a1/go/pkg/mod/github.com/gin-gonic/gin@v1.10.0/context.go:185
github.com/flipped-aurora/gin-vue-admin/server/initialize.Routers.CasbinHandler.func4
	/Users/a1/data/go/gin-vue-admin/server/middleware/casbin_rbac.go:30
github.com/gin-gonic/gin.(*Context).Next
	/Users/a1/go/pkg/mod/github.com/gin-gonic/gin@v1.10.0/context.go:185
github.com/flipped-aurora/gin-vue-admin/server/initialize.Routers.JWTAuth.func3
	/Users/a1/data/go/gin-vue-admin/server/middleware/jwt.go:69
github.com/gin-gonic/gin.(*Context).Next
	/Users/a1/go/pkg/mod/github.com/gin-gonic/gin@v1.10.0/context.go:185
github.com/gin-gonic/gin.LoggerWithConfig.func1
	/Users/a1/go/pkg/mod/github.com/gin-gonic/gin@v1.10.0/logger.go:249
github.com/gin-gonic/gin.(*Context).Next
	/Users/a1/go/pkg/mod/github.com/gin-gonic/gin@v1.10.0/context.go:185
github.com/flipped-aurora/gin-vue-admin/server/initialize.Routers.GinRecovery.func2
	/Users/a1/data/go/gin-vue-admin/server/middleware/error.go:78
github.com/gin-gonic/gin.(*Context).Next
	/Users/a1/go/pkg/mod/github.com/gin-gonic/gin@v1.10.0/context.go:185
github.com/gin-gonic/gin.(*Engine).handleHTTPRequest
	/Users/a1/go/pkg/mod/github.com/gin-gonic/gin@v1.10.0/gin.go:633
github.com/gin-gonic/gin.(*Engine).ServeHTTP
	/Users/a1/go/pkg/mod/github.com/gin-gonic/gin@v1.10.0/gin.go:589
net/http.serverHandler.ServeHTTP
	/usr/local/go/src/net/http/server.go:3311
net/http.(*conn).serve
	/usr/local/go/src/net/http/server.go:2073
[github.com/flipped-aurora/gin-vue-admin/server]2026-08-20 12:07:57.613	[31merror[0m	/Users/a1/data/go/gin-vue-admin/server/api/v1/quant/ai_task.go:32	查询AI执行任务失败!	{"error": "dial tcp 119.29.82.70:3306: connect: network is unreachable"}
github.com/flipped-aurora/gin-vue-admin/server/api/v1/quant.(*AiTaskApi).GetAiTask
	/Users/a1/data/go/gin-vue-admin/server/api/v1/quant/ai_task.go:32
github.com/gin-gonic/gin.(*Context).Next
	/Users/a1/go/pkg/mod/github.com/gin-gonic/gin@v1.10.0/context.go:185
github.com/flipped-aurora/gin-vue-admin/server/initialize.Routers.CasbinHandler.func4
	/Users/a1/data/go/gin-vue-admin/server/middleware/casbin_rbac.go:30
github.com/gin-gonic/gin.(*Context).Next
	/Users/a1/go/pkg/mod/github.com/gin-gonic/gin@v1.10.0/context.go:185
github.com/flipped-aurora/gin-vue-admin/server/initialize.Routers.JWTAuth.func3
	/Users/a1/data/go/gin-vue-admin/server/middleware/jwt.go:69
github.com/gin-gonic/gin.(*Context).Next
	/Users/a1/go/pkg/mod/github.com/gin-gonic/gin@v1.10.0/context.go:185
github.com/gin-gonic/gin.LoggerWithConfig.func1
	/Users/a1/go/pkg/mod/github.com/gin-gonic/gin@v1.10.0/logger.go:249
github.com/gin-gonic/gin.(*Context).Next
	/Users/a1/go/pkg/mod/github.com/gin-gonic/gin@v1.10.0/context.go:185
github.com/flipped-aurora/gin-vue-admin/server/initialize.Routers.GinRecovery.func2
	/Users/a1/data/go/gin-vue-admin/server/middleware/error.go:78
github.com/gin-gonic/gin.(*Context).Next
	/Users/a1/go/pkg/mod/github.com/gin-gonic/gin@v1.10.0/context.go:185
github.com/gin-gonic/gin.(*Engine).handleHTTPRequest
	/Users/a1/go/pkg/mod/github.com/gin-gonic/gin@v1.10.0/gin.go:633
github.com/gin-gonic/gin.(*Engine).ServeHTTP
	/Users/a1/go/pkg/mod/github.com/gin-gonic/gin@v1.10.0/gin.go:589
net/http.serverHandler.ServeHTTP
	/usr/local/go/src/net/http/server.go:3311
net/http.(*conn).serve
	/usr/local/go/src/net/http/server.go:2073
[github.com/flipped-aurora/gin-vue-admin/server]2026-08-20 12:07:57.619	[31merror[0m	/Users/a1/data/go/gin-vue-admin/server/api/v1/quant/ai_task.go:32	查询AI执行任务失败!	{"error": "dial tcp 119.29.82.70:3306: connect: network is unreachable"}
github.com/flipped-aurora/gin-vue-admin/server/api/v1/quant.(*AiTaskApi).GetAiTask
	/Users/a1/data/go/gin-vue-admin/server/api/v1/quant/ai_task.go:32
github.com/gin-gonic/gin.(*Context).Next
	/Users/a1/go/pkg/mod/github.com/gin-gonic/gin@v1.10.0/context.go:185
github.com/flipped-aurora/gin-vue-admin/server/initialize.Routers.CasbinHandler.func4
	/Users/a1/data/go/gin-vue-admin/server/middleware/casbin_rbac.go:30
github.com/gin-gonic/gin.(*Context).Next
	/Users/a1/go/pkg/mod/github.com/gin-gonic/gin@v1.10.0/context.go:185
github.com/flipped-aurora/gin-vue-admin/server/initialize.Routers.JWTAuth.func3
	/Users/a1/data/go/gin-vue-admin/server/middleware/jwt.go:69
github.com/gin-gonic/gin.(*Context).Next
	/Users/a1/go/pkg/mod/github.com/gin-gonic/gin@v1.10.0/context.go:185
github.com/gin-gonic/gin.LoggerWithConfig.func1
	/Users/a1/go/pkg/mod/github.com/gin-gonic/gin@v1.10.0/logger.go:249
github.com/gin-gonic/gin.(*Context).Next
	/Users/a1/go/pkg/mod/github.com/gin-gonic/gin@v1.10.0/context.go:185
github.com/flipped-aurora/gin-vue-admin/server/initialize.Routers.GinRecovery.func2
	/Users/a1/data/go/gin-vue-admin/server/middleware/error.go:78
github.com/gin-gonic/gin.(*Context).Next
	/Users/a1/go/pkg/mod/github.com/gin-gonic/gin@v1.10.0/context.go:185
github.com/gin-gonic/gin.(*Engine).handleHTTPRequest
	/Users/a1/go/pkg/mod/github.com/gin-gonic/gin@v1.10.0/gin.go:633
github.com/gin-gonic/gin.(*Engine).ServeHTTP
	/Users/a1/go/pkg/mod/github.com/gin-gonic/gin@v1.10.0/gin.go:589
net/http.serverHandler.ServeHTTP
	/usr/local/go/src/net/http/server.go:3311
net/http.(*conn).serve
	/usr/local/go/src/net/http/server.go:2073
[github.com/flipped-aurora/gin-vue-admin/server]2026-08-20 12:07:57.656	[31merror[0m	/Users/a1/data/go/gin-vue-admin/server/api/v1/quant/ai_task.go:32	查询AI执行任务失败!	{"error": "dial tcp 119.29.82.70:3306: connect: network is unreachable"}
github.com/flipped-aurora/gin-vue-admin/server/api/v1/quant.(*AiTaskApi).GetAiTask
	/Users/a1/data/go/gin-vue-admin/server/api/v1/quant/ai_task.go:32
github.com/gin-gonic/gin.(*Context).Next
	/Users/a1/go/pkg/mod/github.com/gin-gonic/gin@v1.10.0/context.go:185
github.com/flipped-aurora/gin-vue-admin/server/initialize.Routers.CasbinHandler.func4
	/Users/a1/data/go/gin-vue-admin/server/middleware/casbin_rbac.go:30
github.com/gin-gonic/gin.(*Context).Next
	/Users/a1/go/pkg/mod/github.com/gin-gonic/gin@v1.10.0/context.go:185
github.com/flipped-aurora/gin-vue-admin/server/initialize.Routers.JWTAuth.func3
	/Users/a1/data/go/gin-vue-admin/server/middleware/jwt.go:69
github.com/gin-gonic/gin.(*Context).Next
	/Users/a1/go/pkg/mod/github.com/gin-gonic/gin@v1.10.0/context.go:185
github.com/gin-gonic/gin.LoggerWithConfig.func1
	/Users/a1/go/pkg/mod/github.com/gin-gonic/gin@v1.10.0/logger.go:249
github.com/gin-gonic/gin.(*Context).Next
	/Users/a1/go/pkg/mod/github.com/gin-gonic/gin@v1.10.0/context.go:185
github.com/flipped-aurora/gin-vue-admin/server/initialize.Routers.GinRecovery.func2
	/Users/a1/data/go/gin-vue-admin/server/middleware/error.go:78
github.com/gin-gonic/gin.(*Context).Next
	/Users/a1/go/pkg/mod/github.com/gin-gonic/gin@v1.10.0/context.go:185
github.com/gin-gonic/gin.(*Engine).handleHTTPRequest
	/Users/a1/go/pkg/mod/github.com/gin-gonic/gin@v1.10.0/gin.go:633
github.com/gin-gonic/gin.(*Engine).ServeHTTP
	/Users/a1/go/pkg/mod/github.com/gin-gonic/gin@v1.10.0/gin.go:589
net/http.serverHandler.ServeHTTP
	/usr/local/go/src/net/http/server.go:3311
net/http.(*conn).serve
	/usr/local/go/src/net/http/server.go:2073
[github.com/flipped-aurora/gin-vue-admin/server]2026-08-20 12:07:57.662	[31merror[0m	/Users/a1/data/go/gin-vue-admin/server/api/v1/quant/ai_task.go:32	查询AI执行任务失败!	{"error": "dial tcp 119.29.82.70:3306: connect: network is unreachable"}
github.com/flipped-aurora/gin-vue-admin/server/api/v1/quant.(*AiTaskApi).GetAiTask
	/Users/a1/data/go/gin-vue-admin/server/api/v1/quant/ai_task.go:32
github.com/gin-gonic/gin.(*Context).Next
	/Users/a1/go/pkg/mod/github.com/gin-gonic/gin@v1.10.0/context.go:185
github.com/flipped-aurora/gin-vue-admin/server/initialize.Routers.CasbinHandler.func4
	/Users/a1/data/go/gin-vue-admin/server/middleware/casbin_rbac.go:30
github.com/gin-gonic/gin.(*Context).Next
	/Users/a1/go/pkg/mod/github.com/gin-gonic/gin@v1.10.0/context.go:185
github.com/flipped-aurora/gin-vue-admin/server/initialize.Routers.JWTAuth.func3
	/Users/a1/data/go/gin-vue-admin/server/middleware/jwt.go:69
github.com/gin-gonic/gin.(*Context).Next
	/Users/a1/go/pkg/mod/github.com/gin-gonic/gin@v1.10.0/context.go:185
github.com/gin-gonic/gin.LoggerWithConfig.func1
	/Users/a1/go/pkg/mod/github.com/gin-gonic/gin@v1.10.0/logger.go:249
github.com/gin-gonic/gin.(*Context).Next
	/Users/a1/go/pkg/mod/github.com/gin-gonic/gin@v1.10.0/context.go:185
github.com/flipped-aurora/gin-vue-admin/server/initialize.Routers.GinRecovery.func2
	/Users/a1/data/go/gin-vue-admin/server/middleware/error.go:78
github.com/gin-gonic/gin.(*Context).Next
	/Users/a1/go/pkg/mod/github.com/gin-gonic/gin@v1.10.0/context.go:185
github.com/gin-gonic/gin.(*Engine).handleHTTPRequest
	/Users/a1/go/pkg/mod/github.com/gin-gonic/gin@v1.10.0/gin.go:633
github.com/gin-gonic/gin.(*Engine).ServeHTTP
	/Users/a1/go/pkg/mod/github.com/gin-gonic/gin@v1.10.0/gin.go:589
net/http.serverHandler.ServeHTTP
	/usr/local/go/src/net/http/server.go:3311
net/http.(*conn).serve
	/usr/local/go/src/net/http/server.go:2073
[github.com/flipped-aurora/gin-vue-admin/server]2026-08-20 12:07:57.684	[31merror[0m	/Users/a1/data/go/gin-vue-admin/server/api/v1/quant/ai_task.go:32	查询AI执行任务失败!	{"error": "dial tcp 119.29.82.70:3306: connect: network is unreachable"}
github.com/flipped-aurora/gin-vue-admin/server/api/v1/quant.(*AiTaskApi).GetAiTask
	/Users/a1/data/go/gin-vue-admin/server/api/v1/quant/ai_task.go:32
github.com/gin-gonic/gin.(*Context).Next
	/Users/a1/go/pkg/mod/github.com/gin-gonic/gin@v1.10.0/context.go:185
github.com/flipped-aurora/gin-vue-admin/server/initialize.Routers.CasbinHandler.func4
	/Users/a1/data/go/gin-vue-admin/server/middleware/casbin_rbac.go:30
github.com/gin-gonic/gin.(*Context).Next
	/Users/a1/go/pkg/mod/github.com/gin-gonic/gin@v1.10.0/context.go:185
github.com/flipped-aurora/gin-vue-admin/server/initialize.Routers.JWTAuth.func3
	/Users/a1/data/go/gin-vue-admin/server/middleware/jwt.go:69
github.com/gin-gonic/gin.(*Context).Next
	/Users/a1/go/pkg/mod/github.com/gin-gonic/gin@v1.10.0/context.go:185
github.com/gin-gonic/gin.LoggerWithConfig.func1
	/Users/a1/go/pkg/mod/github.com/gin-gonic/gin@v1.10.0/logger.go:249
github.com/gin-gonic/gin.(*Context).Next
	/Users/a1/go/pkg/mod/github.com/gin-gonic/gin@v1.10.0/context.go:185
github.com/flipped-aurora/gin-vue-admin/server/initialize.Routers.GinRecovery.func2
	/Users/a1/data/go/gin-vue-admin/server/middleware/error.go:78
github.com/gin-gonic/gin.(*Context).Next
	/Users/a1/go/pkg/mod/github.com/gin-gonic/gin@v1.10.0/context.go:185
github.com/gin-gonic/gin.(*Engine).handleHTTPRequest
	/Users/a1/go/pkg/mod/github.com/gin-gonic/gin@v1.10.0/gin.go:633
github.com/gin-gonic/gin.(*Engine).ServeHTTP
	/Users/a1/go/pkg/mod/github.com/gin-gonic/gin@v1.10.0/gin.go:589
net/http.serverHandler.ServeHTTP
	/usr/local/go/src/net/http/server.go:3311
net/http.(*conn).serve
	/usr/local/go/src/net/http/server.go:2073
[github.com/flipped-aurora/gin-vue-admin/server]2026-08-20 12:07:57.756	[31merror[0m	/Users/a1/data/go/gin-vue-admin/server/api/v1/quant/ai_task.go:32	查询AI执行任务失败!	{"error": "dial tcp 119.29.82.70:3306: connect: network is unreachable"}
github.com/flipped-aurora/gin-vue-admin/server/api/v1/quant.(*AiTaskApi).GetAiTask
	/Users/a1/data/go/gin-vue-admin/server/api/v1/quant/ai_task.go:32
github.com/gin-gonic/gin.(*Context).Next
	/Users/a1/go/pkg/mod/github.com/gin-gonic/gin@v1.10.0/context.go:185
github.com/flipped-aurora/gin-vue-admin/server/initialize.Routers.CasbinHandler.func4
	/Users/a1/data/go/gin-vue-admin/server/middleware/casbin_rbac.go:30
github.com/gin-gonic/gin.(*Context).Next
	/Users/a1/go/pkg/mod/github.com/gin-gonic/gin@v1.10.0/context.go:185
github.com/flipped-aurora/gin-vue-admin/server/initialize.Routers.JWTAuth.func3
	/Users/a1/data/go/gin-vue-admin/server/middleware/jwt.go:69
github.com/gin-gonic/gin.(*Context).Next
	/Users/a1/go/pkg/mod/github.com/gin-gonic/gin@v1.10.0/context.go:185
github.com/gin-gonic/gin.LoggerWithConfig.func1
	/Users/a1/go/pkg/mod/github.com/gin-gonic/gin@v1.10.0/logger.go:249
github.com/gin-gonic/gin.(*Context).Next
	/Users/a1/go/pkg/mod/github.com/gin-gonic/gin@v1.10.0/context.go:185
github.com/flipped-aurora/gin-vue-admin/server/initialize.Routers.GinRecovery.func2
	/Users/a1/data/go/gin-vue-admin/server/middleware/error.go:78
github.com/gin-gonic/gin.(*Context).Next
	/Users/a1/go/pkg/mod/github.com/gin-gonic/gin@v1.10.0/context.go:185
github.com/gin-gonic/gin.(*Engine).handleHTTPRequest
	/Users/a1/go/pkg/mod/github.com/gin-gonic/gin@v1.10.0/gin.go:633
github.com/gin-gonic/gin.(*Engine).ServeHTTP
	/Users/a1/go/pkg/mod/github.com/gin-gonic/gin@v1.10.0/gin.go:589
net/http.serverHandler.ServeHTTP
	/usr/local/go/src/net/http/server.go:3311
net/http.(*conn).serve
	/usr/local/go/src/net/http/server.go:2073
[github.com/flipped-aurora/gin-vue-admin/server]2026-08-20 12:07:57.761	[31merror[0m	/Users/a1/data/go/gin-vue-admin/server/api/v1/quant/ai_task.go:32	查询AI执行任务失败!	{"error": "dial tcp 119.29.82.70:3306: connect: network is unreachable"}
github.com/flipped-aurora/gin-vue-admin/server/api/v1/quant.(*AiTaskApi).GetAiTask
	/Users/a1/data/go/gin-vue-admin/server/api/v1/quant/ai_task.go:32
github.com/gin-gonic/gin.(*Context).Next
	/Users/a1/go/pkg/mod/github.com/gin-gonic/gin@v1.10.0/context.go:185
github.com/flipped-aurora/gin-vue-admin/server/initialize.Routers.CasbinHandler.func4
	/Users/a1/data/go/gin-vue-admin/server/middleware/casbin_rbac.go:30
github.com/gin-gonic/gin.(*Context).Next
	/Users/a1/go/pkg/mod/github.com/gin-gonic/gin@v1.10.0/context.go:185
github.com/flipped-aurora/gin-vue-admin/server/initialize.Routers.JWTAuth.func3
	/Users/a1/data/go/gin-vue-admin/server/middleware/jwt.go:69
github.com/gin-gonic/gin.(*Context).Next
	/Users/a1/go/pkg/mod/github.com/gin-gonic/gin@v1.10.0/context.go:185
github.com/gin-gonic/gin.LoggerWithConfig.func1
	/Users/a1/go/pkg/mod/github.com/gin-gonic/gin@v1.10.0/logger.go:249
github.com/gin-gonic/gin.(*Context).Next
	/Users/a1/go/pkg/mod/github.com/gin-gonic/gin@v1.10.0/context.go:185
github.com/flipped-aurora/gin-vue-admin/server/initialize.Routers.GinRecovery.func2
	/Users/a1/data/go/gin-vue-admin/server/middleware/error.go:78
github.com/gin-gonic/gin.(*Context).Next
	/Users/a1/go/pkg/mod/github.com/gin-gonic/gin@v1.10.0/context.go:185
github.com/gin-gonic/gin.(*Engine).handleHTTPRequest
	/Users/a1/go/pkg/mod/github.com/gin-gonic/gin@v1.10.0/gin.go:633
github.com/gin-gonic/gin.(*Engine).ServeHTTP
	/Users/a1/go/pkg/mod/github.com/gin-gonic/gin@v1.10.0/gin.go:589
net/http.serverHandler.ServeHTTP
	/usr/local/go/src/net/http/server.go:3311
net/http.(*conn).serve
	/usr/local/go/src/net/http/server.go:2073
[github.com/flipped-aurora/gin-vue-admin/server]2026-08-20 12:07:57.766	[31merror[0m	/Users/a1/data/go/gin-vue-admin/server/api/v1/quant/ai_task.go:32	查询AI执行任务失败!	{"error": "dial tcp 119.29.82.70:3306: connect: network is unreachable"}
github.com/flipped-aurora/gin-vue-admin/server/api/v1/quant.(*AiTaskApi).GetAiTask
	/Users/a1/data/go/gin-vue-admin/server/api/v1/quant/ai_task.go:32
github.com/gin-gonic/gin.(*Context).Next
	/Users/a1/go/pkg/mod/github.com/gin-gonic/gin@v1.10.0/context.go:185
github.com/flipped-aurora/gin-vue-admin/server/initialize.Routers.CasbinHandler.func4
	/Users/a1/data/go/gin-vue-admin/server/middleware/casbin_rbac.go:30
github.com/gin-gonic/gin.(*Context).Next
	/Users/a1/go/pkg/mod/github.com/gin-gonic/gin@v1.10.0/context.go:185
github.com/flipped-aurora/gin-vue-admin/server/initialize.Routers.JWTAuth.func3
	/Users/a1/data/go/gin-vue-admin/server/middleware/jwt.go:69
github.com/gin-gonic/gin.(*Context).Next
	/Users/a1/go/pkg/mod/github.com/gin-gonic/gin@v1.10.0/context.go:185
github.com/gin-gonic/gin.LoggerWithConfig.func1
	/Users/a1/go/pkg/mod/github.com/gin-gonic/gin@v1.10.0/logger.go:249
github.com/gin-gonic/gin.(*Context).Next
	/Users/a1/go/pkg/mod/github.com/gin-gonic/gin@v1.10.0/context.go:185
github.com/flipped-aurora/gin-vue-admin/server/initialize.Routers.GinRecovery.func2
	/Users/a1/data/go/gin-vue-admin/server/middleware/error.go:78
github.com/gin-gonic/gin.(*Context).Next
	/Users/a1/go/pkg/mod/github.com/gin-gonic/gin@v1.10.0/context.go:185
github.com/gin-gonic/gin.(*Engine).handleHTTPRequest
	/Users/a1/go/pkg/mod/github.com/gin-gonic/gin@v1.10.0/gin.go:633
github.com/gin-gonic/gin.(*Engine).ServeHTTP
	/Users/a1/go/pkg/mod/github.com/gin-gonic/gin@v1.10.0/gin.go:589
net/http.serverHandler.ServeHTTP
	/usr/local/go/src/net/http/server.go:3311
net/http.(*conn).serve
	/usr/local/go/src/net/http/server.go:2073
[github.com/flipped-aurora/gin-vue-admin/server]2026-08-20 12:07:57.800	[31merror[0m	/Users/a1/data/go/gin-vue-admin/server/api/v1/quant/ai_task.go:32	查询AI执行任务失败!	{"error": "invalid connection"}
github.com/flipped-aurora/gin-vue-admin/server/api/v1/quant.(*AiTaskApi).GetAiTask
	/Users/a1/data/go/gin-vue-admin/server/api/v1/quant/ai_task.go:32
github.com/gin-gonic/gin.(*Context).Next
	/Users/a1/go/pkg/mod/github.com/gin-gonic/gin@v1.10.0/context.go:185
github.com/flipped-aurora/gin-vue-admin/server/initialize.Routers.CasbinHandler.func4
	/Users/a1/data/go/gin-vue-admin/server/middleware/casbin_rbac.go:30
github.com/gin-gonic/gin.(*Context).Next
	/Users/a1/go/pkg/mod/github.com/gin-gonic/gin@v1.10.0/context.go:185
github.com/flipped-aurora/gin-vue-admin/server/initialize.Routers.JWTAuth.func3
	/Users/a1/data/go/gin-vue-admin/server/middleware/jwt.go:69
github.com/gin-gonic/gin.(*Context).Next
	/Users/a1/go/pkg/mod/github.com/gin-gonic/gin@v1.10.0/context.go:185
github.com/gin-gonic/gin.LoggerWithConfig.func1
	/Users/a1/go/pkg/mod/github.com/gin-gonic/gin@v1.10.0/logger.go:249
github.com/gin-gonic/gin.(*Context).Next
	/Users/a1/go/pkg/mod/github.com/gin-gonic/gin@v1.10.0/context.go:185
github.com/flipped-aurora/gin-vue-admin/server/initialize.Routers.GinRecovery.func2
	/Users/a1/data/go/gin-vue-admin/server/middleware/error.go:78
github.com/gin-gonic/gin.(*Context).Next
	/Users/a1/go/pkg/mod/github.com/gin-gonic/gin@v1.10.0/context.go:185
github.com/gin-gonic/gin.(*Engine).handleHTTPRequest
	/Users/a1/go/pkg/mod/github.com/gin-gonic/gin@v1.10.0/gin.go:633
github.com/gin-gonic/gin.(*Engine).ServeHTTP
	/Users/a1/go/pkg/mod/github.com/gin-gonic/gin@v1.10.0/gin.go:589
net/http.serverHandler.ServeHTTP
	/usr/local/go/src/net/http/server.go:3311
net/http.(*conn).serve
	/usr/local/go/src/net/http/server.go:2073
[github.com/flipped-aurora/gin-vue-admin/server]2026-08-20 12:07:57.805	[31merror[0m	/Users/a1/data/go/gin-vue-admin/server/api/v1/quant/ai_task.go:32	查询AI执行任务失败!	{"error": "dial tcp 119.29.82.70:3306: connect: network is unreachable"}
github.com/flipped-aurora/gin-vue-admin/server/api/v1/quant.(*AiTaskApi).GetAiTask
	/Users/a1/data/go/gin-vue-admin/server/api/v1/quant/ai_task.go:32
github.com/gin-gonic/gin.(*Context).Next
	/Users/a1/go/pkg/mod/github.com/gin-gonic/gin@v1.10.0/context.go:185
github.com/flipped-aurora/gin-vue-admin/server/initialize.Routers.CasbinHandler.func4
	/Users/a1/data/go/gin-vue-admin/server/middleware/casbin_rbac.go:30
github.com/gin-gonic/gin.(*Context).Next
	/Users/a1/go/pkg/mod/github.com/gin-gonic/gin@v1.10.0/context.go:185
github.com/flipped-aurora/gin-vue-admin/server/initialize.Routers.JWTAuth.func3
	/Users/a1/data/go/gin-vue-admin/server/middleware/jwt.go:69
github.com/gin-gonic/gin.(*Context).Next
	/Users/a1/go/pkg/mod/github.com/gin-gonic/gin@v1.10.0/context.go:185
github.com/gin-gonic/gin.LoggerWithConfig.func1
	/Users/a1/go/pkg/mod/github.com/gin-gonic/gin@v1.10.0/logger.go:249
github.com/gin-gonic/gin.(*Context).Next
	/Users/a1/go/pkg/mod/github.com/gin-gonic/gin@v1.10.0/context.go:185
github.com/flipped-aurora/gin-vue-admin/server/initialize.Routers.GinRecovery.func2
	/Users/a1/data/go/gin-vue-admin/server/middleware/error.go:78
github.com/gin-gonic/gin.(*Context).Next
	/Users/a1/go/pkg/mod/github.com/gin-gonic/gin@v1.10.0/context.go:185
github.com/gin-gonic/gin.(*Engine).handleHTTPRequest
	/Users/a1/go/pkg/mod/github.com/gin-gonic/gin@v1.10.0/gin.go:633
github.com/gin-gonic/gin.(*Engine).ServeHTTP
	/Users/a1/go/pkg/mod/github.com/gin-gonic/gin@v1.10.0/gin.go:589
net/http.serverHandler.ServeHTTP
	/usr/local/go/src/net/http/server.go:3311
net/http.(*conn).serve
	/usr/local/go/src/net/http/server.go:2073
[github.com/flipped-aurora/gin-vue-admin/server]2026-08-20 12:07:59.297	[31merror[0m	/Users/a1/data/go/gin-vue-admin/server/api/v1/quant/ai_task.go:32	查询AI执行任务失败!	{"error": "dial tcp 119.29.82.70:3306: connect: network is unreachable"}
github.com/flipped-aurora/gin-vue-admin/server/api/v1/quant.(*AiTaskApi).GetAiTask
	/Users/a1/data/go/gin-vue-admin/server/api/v1/quant/ai_task.go:32
github.com/gin-gonic/gin.(*Context).Next
	/Users/a1/go/pkg/mod/github.com/gin-gonic/gin@v1.10.0/context.go:185
github.com/flipped-aurora/gin-vue-admin/server/initialize.Routers.CasbinHandler.func4
	/Users/a1/data/go/gin-vue-admin/server/middleware/casbin_rbac.go:30
github.com/gin-gonic/gin.(*Context).Next
	/Users/a1/go/pkg/mod/github.com/gin-gonic/gin@v1.10.0/context.go:185
github.com/flipped-aurora/gin-vue-admin/server/initialize.Routers.JWTAuth.func3
	/Users/a1/data/go/gin-vue-admin/server/middleware/jwt.go:69
github.com/gin-gonic/gin.(*Context).Next
	/Users/a1/go/pkg/mod/github.com/gin-gonic/gin@v1.10.0/context.go:185
github.com/gin-gonic/gin.LoggerWithConfig.func1
	/Users/a1/go/pkg/mod/github.com/gin-gonic/gin@v1.10.0/logger.go:249
github.com/gin-gonic/gin.(*Context).Next
	/Users/a1/go/pkg/mod/github.com/gin-gonic/gin@v1.10.0/context.go:185
github.com/flipped-aurora/gin-vue-admin/server/initialize.Routers.GinRecovery.func2
	/Users/a1/data/go/gin-vue-admin/server/middleware/error.go:78
github.com/gin-gonic/gin.(*Context).Next
	/Users/a1/go/pkg/mod/github.com/gin-gonic/gin@v1.10.0/context.go:185
github.com/gin-gonic/gin.(*Engine).handleHTTPRequest
	/Users/a1/go/pkg/mod/github.com/gin-gonic/gin@v1.10.0/gin.go:633
github.com/gin-gonic/gin.(*Engine).ServeHTTP
	/Users/a1/go/pkg/mod/github.com/gin-gonic/gin@v1.10.0/gin.go:589
net/http.serverHandler.ServeHTTP
	/usr/local/go/src/net/http/server.go:3311
net/http.(*conn).serve
	/usr/local/go/src/net/http/server.go:2073
[github.com/flipped-aurora/gin-vue-admin/server]2026-08-20 12:08:01.296	[31merror[0m	/Users/a1/data/go/gin-vue-admin/server/api/v1/quant/ai_task.go:32	查询AI执行任务失败!	{"error": "dial tcp 119.29.82.70:3306: connect: network is unreachable"}
github.com/flipped-aurora/gin-vue-admin/server/api/v1/quant.(*AiTaskApi).GetAiTask
	/Users/a1/data/go/gin-vue-admin/server/api/v1/quant/ai_task.go:32
github.com/gin-gonic/gin.(*Context).Next
	/Users/a1/go/pkg/mod/github.com/gin-gonic/gin@v1.10.0/context.go:185
github.com/flipped-aurora/gin-vue-admin/server/initialize.Routers.CasbinHandler.func4
	/Users/a1/data/go/gin-vue-admin/server/middleware/casbin_rbac.go:30
github.com/gin-gonic/gin.(*Context).Next
	/Users/a1/go/pkg/mod/github.com/gin-gonic/gin@v1.10.0/context.go:185
github.com/flipped-aurora/gin-vue-admin/server/initialize.Routers.JWTAuth.func3
	/Users/a1/data/go/gin-vue-admin/server/middleware/jwt.go:69
github.com/gin-gonic/gin.(*Context).Next
	/Users/a1/go/pkg/mod/github.com/gin-gonic/gin@v1.10.0/context.go:185
github.com/gin-gonic/gin.LoggerWithConfig.func1
	/Users/a1/go/pkg/mod/github.com/gin-gonic/gin@v1.10.0/logger.go:249
github.com/gin-gonic/gin.(*Context).Next
	/Users/a1/go/pkg/mod/github.com/gin-gonic/gin@v1.10.0/context.go:185
github.com/flipped-aurora/gin-vue-admin/server/initialize.Routers.GinRecovery.func2
	/Users/a1/data/go/gin-vue-admin/server/middleware/error.go:78
github.com/gin-gonic/gin.(*Context).Next
	/Users/a1/go/pkg/mod/github.com/gin-gonic/gin@v1.10.0/context.go:185
github.com/gin-gonic/gin.(*Engine).handleHTTPRequest
	/Users/a1/go/pkg/mod/github.com/gin-gonic/gin@v1.10.0/gin.go:633
github.com/gin-gonic/gin.(*Engine).ServeHTTP
	/Users/a1/go/pkg/mod/github.com/gin-gonic/gin@v1.10.0/gin.go:589
net/http.serverHandler.ServeHTTP
	/usr/local/go/src/net/http/server.go:3311
net/http.(*conn).serve
	/usr/local/go/src/net/http/server.go:2073
[github.com/flipped-aurora/gin-vue-admin/server]2026-08-20 12:08:01.919	[31merror[0m	/Users/a1/data/go/gin-vue-admin/server/api/v1/quant/ai_task.go:32	查询AI执行任务失败!	{"error": "invalid connection"}
github.com/flipped-aurora/gin-vue-admin/server/api/v1/quant.(*AiTaskApi).GetAiTask
	/Users/a1/data/go/gin-vue-admin/server/api/v1/quant/ai_task.go:32
github.com/gin-gonic/gin.(*Context).Next
	/Users/a1/go/pkg/mod/github.com/gin-gonic/gin@v1.10.0/context.go:185
github.com/flipped-aurora/gin-vue-admin/server/initialize.Routers.CasbinHandler.func4
	/Users/a1/data/go/gin-vue-admin/server/middleware/casbin_rbac.go:30
github.com/gin-gonic/gin.(*Context).Next
	/Users/a1/go/pkg/mod/github.com/gin-gonic/gin@v1.10.0/context.go:185
github.com/flipped-aurora/gin-vue-admin/server/initialize.Routers.JWTAuth.func3
	/Users/a1/data/go/gin-vue-admin/server/middleware/jwt.go:69
github.com/gin-gonic/gin.(*Context).Next
	/Users/a1/go/pkg/mod/github.com/gin-gonic/gin@v1.10.0/context.go:185
github.com/gin-gonic/gin.LoggerWithConfig.func1
	/Users/a1/go/pkg/mod/github.com/gin-gonic/gin@v1.10.0/logger.go:249
github.com/gin-gonic/gin.(*Context).Next
	/Users/a1/go/pkg/mod/github.com/gin-gonic/gin@v1.10.0/context.go:185
github.com/flipped-aurora/gin-vue-admin/server/initialize.Routers.GinRecovery.func2
	/Users/a1/data/go/gin-vue-admin/server/middleware/error.go:78
github.com/gin-gonic/gin.(*Context).Next
	/Users/a1/go/pkg/mod/github.com/gin-gonic/gin@v1.10.0/context.go:185
github.com/gin-gonic/gin.(*Engine).handleHTTPRequest
	/Users/a1/go/pkg/mod/github.com/gin-gonic/gin@v1.10.0/gin.go:633
github.com/gin-gonic/gin.(*Engine).ServeHTTP
	/Users/a1/go/pkg/mod/github.com/gin-gonic/gin@v1.10.0/gin.go:589
net/http.serverHandler.ServeHTTP
	/usr/local/go/src/net/http/server.go:3311
net/http.(*conn).serve
	/usr/local/go/src/net/http/server.go:2073
[github.com/flipped-aurora/gin-vue-admin/server]2026-08-20 12:08:03.297	[31merror[0m	/Users/a1/data/go/gin-vue-admin/server/api/v1/quant/ai_task.go:32	查询AI执行任务失败!	{"error": "dial tcp 119.29.82.70:3306: connect: network is unreachable"}
github.com/flipped-aurora/gin-vue-admin/server/api/v1/quant.(*AiTaskApi).GetAiTask
	/Users/a1/data/go/gin-vue-admin/server/api/v1/quant/ai_task.go:32
github.com/gin-gonic/gin.(*Context).Next
	/Users/a1/go/pkg/mod/github.com/gin-gonic/gin@v1.10.0/context.go:185
github.com/flipped-aurora/gin-vue-admin/server/initialize.Routers.CasbinHandler.func4
	/Users/a1/data/go/gin-vue-admin/server/middleware/casbin_rbac.go:30
github.com/gin-gonic/gin.(*Context).Next
	/Users/a1/go/pkg/mod/github.com/gin-gonic/gin@v1.10.0/context.go:185
github.com/flipped-aurora/gin-vue-admin/server/initialize.Routers.JWTAuth.func3
	/Users/a1/data/go/gin-vue-admin/server/middleware/jwt.go:69
github.com/gin-gonic/gin.(*Context).Next
	/Users/a1/go/pkg/mod/github.com/gin-gonic/gin@v1.10.0/context.go:185
github.com/gin-gonic/gin.LoggerWithConfig.func1
	/Users/a1/go/pkg/mod/github.com/gin-gonic/gin@v1.10.0/logger.go:249
github.com/gin-gonic/gin.(*Context).Next
	/Users/a1/go/pkg/mod/github.com/gin-gonic/gin@v1.10.0/context.go:185
github.com/flipped-aurora/gin-vue-admin/server/initialize.Routers.GinRecovery.func2
	/Users/a1/data/go/gin-vue-admin/server/middleware/error.go:78
github.com/gin-gonic/gin.(*Context).Next
	/Users/a1/go/pkg/mod/github.com/gin-gonic/gin@v1.10.0/context.go:185
github.com/gin-gonic/gin.(*Engine).handleHTTPRequest
	/Users/a1/go/pkg/mod/github.com/gin-gonic/gin@v1.10.0/gin.go:633
github.com/gin-gonic/gin.(*Engine).ServeHTTP
	/Users/a1/go/pkg/mod/github.com/gin-gonic/gin@v1.10.0/gin.go:589
net/http.serverHandler.ServeHTTP
	/usr/local/go/src/net/http/server.go:3311
net/http.(*conn).serve
	/usr/local/go/src/net/http/server.go:2073
[github.com/flipped-aurora/gin-vue-admin/server]2026-08-20 12:08:05.298	[31merror[0m	/Users/a1/data/go/gin-vue-admin/server/api/v1/quant/ai_task.go:32	查询AI执行任务失败!	{"error": "dial tcp 119.29.82.70:3306: connect: network is unreachable"}
github.com/flipped-aurora/gin-vue-admin/server/api/v1/quant.(*AiTaskApi).GetAiTask
	/Users/a1/data/go/gin-vue-admin/server/api/v1/quant/ai_task.go:32
github.com/gin-gonic/gin.(*Context).Next
	/Users/a1/go/pkg/mod/github.com/gin-gonic/gin@v1.10.0/context.go:185
github.com/flipped-aurora/gin-vue-admin/server/initialize.Routers.CasbinHandler.func4
	/Users/a1/data/go/gin-vue-admin/server/middleware/casbin_rbac.go:30
github.com/gin-gonic/gin.(*Context).Next
	/Users/a1/go/pkg/mod/github.com/gin-gonic/gin@v1.10.0/context.go:185
github.com/flipped-aurora/gin-vue-admin/server/initialize.Routers.JWTAuth.func3
	/Users/a1/data/go/gin-vue-admin/server/middleware/jwt.go:69
github.com/gin-gonic/gin.(*Context).Next
	/Users/a1/go/pkg/mod/github.com/gin-gonic/gin@v1.10.0/context.go:185
github.com/gin-gonic/gin.LoggerWithConfig.func1
	/Users/a1/go/pkg/mod/github.com/gin-gonic/gin@v1.10.0/logger.go:249
github.com/gin-gonic/gin.(*Context).Next
	/Users/a1/go/pkg/mod/github.com/gin-gonic/gin@v1.10.0/context.go:185
github.com/flipped-aurora/gin-vue-admin/server/initialize.Routers.GinRecovery.func2
	/Users/a1/data/go/gin-vue-admin/server/middleware/error.go:78
github.com/gin-gonic/gin.(*Context).Next
	/Users/a1/go/pkg/mod/github.com/gin-gonic/gin@v1.10.0/context.go:185
github.com/gin-gonic/gin.(*Engine).handleHTTPRequest
	/Users/a1/go/pkg/mod/github.com/gin-gonic/gin@v1.10.0/gin.go:633
github.com/gin-gonic/gin.(*Engine).ServeHTTP
	/Users/a1/go/pkg/mod/github.com/gin-gonic/gin@v1.10.0/gin.go:589
net/http.serverHandler.ServeHTTP
	/usr/local/go/src/net/http/server.go:3311
net/http.(*conn).serve
	/usr/local/go/src/net/http/server.go:2073
[github.com/flipped-aurora/gin-vue-admin/server]2026-08-20 12:08:07.298	[31merror[0m	/Users/a1/data/go/gin-vue-admin/server/api/v1/quant/ai_task.go:32	查询AI执行任务失败!	{"error": "dial tcp 119.29.82.70:3306: connect: network is unreachable"}
github.com/flipped-aurora/gin-vue-admin/server/api/v1/quant.(*AiTaskApi).GetAiTask
	/Users/a1/data/go/gin-vue-admin/server/api/v1/quant/ai_task.go:32
github.com/gin-gonic/gin.(*Context).Next
	/Users/a1/go/pkg/mod/github.com/gin-gonic/gin@v1.10.0/context.go:185
github.com/flipped-aurora/gin-vue-admin/server/initialize.Routers.CasbinHandler.func4
	/Users/a1/data/go/gin-vue-admin/server/middleware/casbin_rbac.go:30
github.com/gin-gonic/gin.(*Context).Next
	/Users/a1/go/pkg/mod/github.com/gin-gonic/gin@v1.10.0/context.go:185
github.com/flipped-aurora/gin-vue-admin/server/initialize.Routers.JWTAuth.func3
	/Users/a1/data/go/gin-vue-admin/server/middleware/jwt.go:69
github.com/gin-gonic/gin.(*Context).Next
	/Users/a1/go/pkg/mod/github.com/gin-gonic/gin@v1.10.0/context.go:185
github.com/gin-gonic/gin.LoggerWithConfig.func1
	/Users/a1/go/pkg/mod/github.com/gin-gonic/gin@v1.10.0/logger.go:249
github.com/gin-gonic/gin.(*Context).Next
	/Users/a1/go/pkg/mod/github.com/gin-gonic/gin@v1.10.0/context.go:185
github.com/flipped-aurora/gin-vue-admin/server/initialize.Routers.GinRecovery.func2
	/Users/a1/data/go/gin-vue-admin/server/middleware/error.go:78
github.com/gin-gonic/gin.(*Context).Next
	/Users/a1/go/pkg/mod/github.com/gin-gonic/gin@v1.10.0/context.go:185
github.com/gin-gonic/gin.(*Engine).handleHTTPRequest
	/Users/a1/go/pkg/mod/github.com/gin-gonic/gin@v1.10.0/gin.go:633
github.com/gin-gonic/gin.(*Engine).ServeHTTP
	/Users/a1/go/pkg/mod/github.com/gin-gonic/gin@v1.10.0/gin.go:589
net/http.serverHandler.ServeHTTP
	/usr/local/go/src/net/http/server.go:3311
net/http.(*conn).serve
	/usr/local/go/src/net/http/server.go:2073
[github.com/flipped-aurora/gin-vue-admin/server]2026-08-20 12:08:09.298	[31merror[0m	/Users/a1/data/go/gin-vue-admin/server/api/v1/quant/ai_task.go:32	查询AI执行任务失败!	{"error": "dial tcp 119.29.82.70:3306: connect: network is unreachable"}
github.com/flipped-aurora/gin-vue-admin/server/api/v1/quant.(*AiTaskApi).GetAiTask
	/Users/a1/data/go/gin-vue-admin/server/api/v1/quant/ai_task.go:32
github.com/gin-gonic/gin.(*Context).Next
	/Users/a1/go/pkg/mod/github.com/gin-gonic/gin@v1.10.0/context.go:185
github.com/flipped-aurora/gin-vue-admin/server/initialize.Routers.CasbinHandler.func4
	/Users/a1/data/go/gin-vue-admin/server/middleware/casbin_rbac.go:30
github.com/gin-gonic/gin.(*Context).Next
	/Users/a1/go/pkg/mod/github.com/gin-gonic/gin@v1.10.0/context.go:185
github.com/flipped-aurora/gin-vue-admin/server/initialize.Routers.JWTAuth.func3
	/Users/a1/data/go/gin-vue-admin/server/middleware/jwt.go:69
github.com/gin-gonic/gin.(*Context).Next
	/Users/a1/go/pkg/mod/github.com/gin-gonic/gin@v1.10.0/context.go:185
github.com/gin-gonic/gin.LoggerWithConfig.func1
	/Users/a1/go/pkg/mod/github.com/gin-gonic/gin@v1.10.0/logger.go:249
github.com/gin-gonic/gin.(*Context).Next
	/Users/a1/go/pkg/mod/github.com/gin-gonic/gin@v1.10.0/context.go:185
github.com/flipped-aurora/gin-vue-admin/server/initialize.Routers.GinRecovery.func2
	/Users/a1/data/go/gin-vue-admin/server/middleware/error.go:78
github.com/gin-gonic/gin.(*Context).Next
	/Users/a1/go/pkg/mod/github.com/gin-gonic/gin@v1.10.0/context.go:185
github.com/gin-gonic/gin.(*Engine).handleHTTPRequest
	/Users/a1/go/pkg/mod/github.com/gin-gonic/gin@v1.10.0/gin.go:633
github.com/gin-gonic/gin.(*Engine).ServeHTTP
	/Users/a1/go/pkg/mod/github.com/gin-gonic/gin@v1.10.0/gin.go:589
net/http.serverHandler.ServeHTTP
	/usr/local/go/src/net/http/server.go:3311
net/http.(*conn).serve
	/usr/local/go/src/net/http/server.go:2073
[github.com/flipped-aurora/gin-vue-admin/server]2026-08-20 12:08:11.298	[31merror[0m	/Users/a1/data/go/gin-vue-admin/server/api/v1/quant/ai_task.go:32	查询AI执行任务失败!	{"error": "dial tcp 119.29.82.70:3306: connect: network is unreachable"}
github.com/flipped-aurora/gin-vue-admin/server/api/v1/quant.(*AiTaskApi).GetAiTask
	/Users/a1/data/go/gin-vue-admin/server/api/v1/quant/ai_task.go:32
github.com/gin-gonic/gin.(*Context).Next
	/Users/a1/go/pkg/mod/github.com/gin-gonic/gin@v1.10.0/context.go:185
github.com/flipped-aurora/gin-vue-admin/server/initialize.Routers.CasbinHandler.func4
	/Users/a1/data/go/gin-vue-admin/server/middleware/casbin_rbac.go:30
github.com/gin-gonic/gin.(*Context).Next
	/Users/a1/go/pkg/mod/github.com/gin-gonic/gin@v1.10.0/context.go:185
github.com/flipped-aurora/gin-vue-admin/server/initialize.Routers.JWTAuth.func3
	/Users/a1/data/go/gin-vue-admin/server/middleware/jwt.go:69
github.com/gin-gonic/gin.(*Context).Next
	/Users/a1/go/pkg/mod/github.com/gin-gonic/gin@v1.10.0/context.go:185
github.com/gin-gonic/gin.LoggerWithConfig.func1
	/Users/a1/go/pkg/mod/github.com/gin-gonic/gin@v1.10.0/logger.go:249
github.com/gin-gonic/gin.(*Context).Next
	/Users/a1/go/pkg/mod/github.com/gin-gonic/gin@v1.10.0/context.go:185
github.com/flipped-aurora/gin-vue-admin/server/initialize.Routers.GinRecovery.func2
	/Users/a1/data/go/gin-vue-admin/server/middleware/error.go:78
github.com/gin-gonic/gin.(*Context).Next
	/Users/a1/go/pkg/mod/github.com/gin-gonic/gin@v1.10.0/context.go:185
github.com/gin-gonic/gin.(*Engine).handleHTTPRequest
	/Users/a1/go/pkg/mod/github.com/gin-gonic/gin@v1.10.0/gin.go:633
github.com/gin-gonic/gin.(*Engine).ServeHTTP
	/Users/a1/go/pkg/mod/github.com/gin-gonic/gin@v1.10.0/gin.go:589
net/http.serverHandler.ServeHTTP
	/usr/local/go/src/net/http/server.go:3311
net/http.(*conn).serve
	/usr/local/go/src/net/http/server.go:2073
[github.com/flipped-aurora/gin-vue-admin/server]2026-08-20 12:08:13.297	[31merror[0m	/Users/a1/data/go/gin-vue-admin/server/api/v1/quant/ai_task.go:32	查询AI执行任务失败!	{"error": "dial tcp 119.29.82.70:3306: connect: network is unreachable"}
github.com/flipped-aurora/gin-vue-admin/server/api/v1/quant.(*AiTaskApi).GetAiTask
	/Users/a1/data/go/gin-vue-admin/server/api/v1/quant/ai_task.go:32
github.com/gin-gonic/gin.(*Context).Next
	/Users/a1/go/pkg/mod/github.com/gin-gonic/gin@v1.10.0/context.go:185
github.com/flipped-aurora/gin-vue-admin/server/initialize.Routers.CasbinHandler.func4
	/Users/a1/data/go/gin-vue-admin/server/middleware/casbin_rbac.go:30
github.com/gin-gonic/gin.(*Context).Next
	/Users/a1/go/pkg/mod/github.com/gin-gonic/gin@v1.10.0/context.go:185
github.com/flipped-aurora/gin-vue-admin/server/initialize.Routers.JWTAuth.func3
	/Users/a1/data/go/gin-vue-admin/server/middleware/jwt.go:69
github.com/gin-gonic/gin.(*Context).Next
	/Users/a1/go/pkg/mod/github.com/gin-gonic/gin@v1.10.0/context.go:185
github.com/gin-gonic/gin.LoggerWithConfig.func1
	/Users/a1/go/pkg/mod/github.com/gin-gonic/gin@v1.10.0/logger.go:249
github.com/gin-gonic/gin.(*Context).Next
	/Users/a1/go/pkg/mod/github.com/gin-gonic/gin@v1.10.0/context.go:185
github.com/flipped-aurora/gin-vue-admin/server/initialize.Routers.GinRecovery.func2
	/Users/a1/data/go/gin-vue-admin/server/middleware/error.go:78
github.com/gin-gonic/gin.(*Context).Next
	/Users/a1/go/pkg/mod/github.com/gin-gonic/gin@v1.10.0/context.go:185
github.com/gin-gonic/gin.(*Engine).handleHTTPRequest
	/Users/a1/go/pkg/mod/github.com/gin-gonic/gin@v1.10.0/gin.go:633
github.com/gin-gonic/gin.(*Engine).ServeHTTP
	/Users/a1/go/pkg/mod/github.com/gin-gonic/gin@v1.10.0/gin.go:589
net/http.serverHandler.ServeHTTP
	/usr/local/go/src/net/http/server.go:3311
net/http.(*conn).serve
	/usr/local/go/src/net/http/server.go:2073
[github.com/flipped-aurora/gin-vue-admin/server]2026-08-20 12:08:15.297	[31merror[0m	/Users/a1/data/go/gin-vue-admin/server/api/v1/quant/ai_task.go:32	查询AI执行任务失败!	{"error": "dial tcp 119.29.82.70:3306: connect: network is unreachable"}
github.com/flipped-aurora/gin-vue-admin/server/api/v1/quant.(*AiTaskApi).GetAiTask
	/Users/a1/data/go/gin-vue-admin/server/api/v1/quant/ai_task.go:32
github.com/gin-gonic/gin.(*Context).Next
	/Users/a1/go/pkg/mod/github.com/gin-gonic/gin@v1.10.0/context.go:185
github.com/flipped-aurora/gin-vue-admin/server/initialize.Routers.CasbinHandler.func4
	/Users/a1/data/go/gin-vue-admin/server/middleware/casbin_rbac.go:30
github.com/gin-gonic/gin.(*Context).Next
	/Users/a1/go/pkg/mod/github.com/gin-gonic/gin@v1.10.0/context.go:185
github.com/flipped-aurora/gin-vue-admin/server/initialize.Routers.JWTAuth.func3
	/Users/a1/data/go/gin-vue-admin/server/middleware/jwt.go:69
github.com/gin-gonic/gin.(*Context).Next
	/Users/a1/go/pkg/mod/github.com/gin-gonic/gin@v1.10.0/context.go:185
github.com/gin-gonic/gin.LoggerWithConfig.func1
	/Users/a1/go/pkg/mod/github.com/gin-gonic/gin@v1.10.0/logger.go:249
github.com/gin-gonic/gin.(*Context).Next
	/Users/a1/go/pkg/mod/github.com/gin-gonic/gin@v1.10.0/context.go:185
github.com/flipped-aurora/gin-vue-admin/server/initialize.Routers.GinRecovery.func2
	/Users/a1/data/go/gin-vue-admin/server/middleware/error.go:78
github.com/gin-gonic/gin.(*Context).Next
	/Users/a1/go/pkg/mod/github.com/gin-gonic/gin@v1.10.0/context.go:185
github.com/gin-gonic/gin.(*Engine).handleHTTPRequest
	/Users/a1/go/pkg/mod/github.com/gin-gonic/gin@v1.10.0/gin.go:633
github.com/gin-gonic/gin.(*Engine).ServeHTTP
	/Users/a1/go/pkg/mod/github.com/gin-gonic/gin@v1.10.0/gin.go:589
net/http.serverHandler.ServeHTTP
	/usr/local/go/src/net/http/server.go:3311
net/http.(*conn).serve
	/usr/local/go/src/net/http/server.go:2073
[github.com/flipped-aurora/gin-vue-admin/server]2026-08-20 12:08:17.298	[31merror[0m	/Users/a1/data/go/gin-vue-admin/server/api/v1/quant/ai_task.go:32	查询AI执行任务失败!	{"error": "dial tcp 119.29.82.70:3306: connect: network is unreachable"}
github.com/flipped-aurora/gin-vue-admin/server/api/v1/quant.(*AiTaskApi).GetAiTask
	/Users/a1/data/go/gin-vue-admin/server/api/v1/quant/ai_task.go:32
github.com/gin-gonic/gin.(*Context).Next
	/Users/a1/go/pkg/mod/github.com/gin-gonic/gin@v1.10.0/context.go:185
github.com/flipped-aurora/gin-vue-admin/server/initialize.Routers.CasbinHandler.func4
	/Users/a1/data/go/gin-vue-admin/server/middleware/casbin_rbac.go:30
github.com/gin-gonic/gin.(*Context).Next
	/Users/a1/go/pkg/mod/github.com/gin-gonic/gin@v1.10.0/context.go:185
github.com/flipped-aurora/gin-vue-admin/server/initialize.Routers.JWTAuth.func3
	/Users/a1/data/go/gin-vue-admin/server/middleware/jwt.go:69
github.com/gin-gonic/gin.(*Context).Next
	/Users/a1/go/pkg/mod/github.com/gin-gonic/gin@v1.10.0/context.go:185
github.com/gin-gonic/gin.LoggerWithConfig.func1
	/Users/a1/go/pkg/mod/github.com/gin-gonic/gin@v1.10.0/logger.go:249
github.com/gin-gonic/gin.(*Context).Next
	/Users/a1/go/pkg/mod/github.com/gin-gonic/gin@v1.10.0/context.go:185
github.com/flipped-aurora/gin-vue-admin/server/initialize.Routers.GinRecovery.func2
	/Users/a1/data/go/gin-vue-admin/server/middleware/error.go:78
github.com/gin-gonic/gin.(*Context).Next
	/Users/a1/go/pkg/mod/github.com/gin-gonic/gin@v1.10.0/context.go:185
github.com/gin-gonic/gin.(*Engine).handleHTTPRequest
	/Users/a1/go/pkg/mod/github.com/gin-gonic/gin@v1.10.0/gin.go:633
github.com/gin-gonic/gin.(*Engine).ServeHTTP
	/Users/a1/go/pkg/mod/github.com/gin-gonic/gin@v1.10.0/gin.go:589
net/http.serverHandler.ServeHTTP
	/usr/local/go/src/net/http/server.go:3311
net/http.(*conn).serve
	/usr/local/go/src/net/http/server.go:2073
[github.com/flipped-aurora/gin-vue-admin/server]2026-08-20 12:08:19.298	[31merror[0m	/Users/a1/data/go/gin-vue-admin/server/api/v1/quant/ai_task.go:32	查询AI执行任务失败!	{"error": "dial tcp 119.29.82.70:3306: connect: network is unreachable"}
github.com/flipped-aurora/gin-vue-admin/server/api/v1/quant.(*AiTaskApi).GetAiTask
	/Users/a1/data/go/gin-vue-admin/server/api/v1/quant/ai_task.go:32
github.com/gin-gonic/gin.(*Context).Next
	/Users/a1/go/pkg/mod/github.com/gin-gonic/gin@v1.10.0/context.go:185
github.com/flipped-aurora/gin-vue-admin/server/initialize.Routers.CasbinHandler.func4
	/Users/a1/data/go/gin-vue-admin/server/middleware/casbin_rbac.go:30
github.com/gin-gonic/gin.(*Context).Next
	/Users/a1/go/pkg/mod/github.com/gin-gonic/gin@v1.10.0/context.go:185
github.com/flipped-aurora/gin-vue-admin/server/initialize.Routers.JWTAuth.func3
	/Users/a1/data/go/gin-vue-admin/server/middleware/jwt.go:69
github.com/gin-gonic/gin.(*Context).Next
	/Users/a1/go/pkg/mod/github.com/gin-gonic/gin@v1.10.0/context.go:185
github.com/gin-gonic/gin.LoggerWithConfig.func1
	/Users/a1/go/pkg/mod/github.com/gin-gonic/gin@v1.10.0/logger.go:249
github.com/gin-gonic/gin.(*Context).Next
	/Users/a1/go/pkg/mod/github.com/gin-gonic/gin@v1.10.0/context.go:185
github.com/flipped-aurora/gin-vue-admin/server/initialize.Routers.GinRecovery.func2
	/Users/a1/data/go/gin-vue-admin/server/middleware/error.go:78
github.com/gin-gonic/gin.(*Context).Next
	/Users/a1/go/pkg/mod/github.com/gin-gonic/gin@v1.10.0/context.go:185
github.com/gin-gonic/gin.(*Engine).handleHTTPRequest
	/Users/a1/go/pkg/mod/github.com/gin-gonic/gin@v1.10.0/gin.go:633
github.com/gin-gonic/gin.(*Engine).ServeHTTP
	/Users/a1/go/pkg/mod/github.com/gin-gonic/gin@v1.10.0/gin.go:589
net/http.serverHandler.ServeHTTP
	/usr/local/go/src/net/http/server.go:3311
net/http.(*conn).serve
	/usr/local/go/src/net/http/server.go:2073
[github.com/flipped-aurora/gin-vue-admin/server]2026-08-20 12:11:27.553	[31merror[0m	/Users/a1/data/go/gin-vue-admin/server/api/v1/quant/ai_task.go:32	查询AI执行任务失败!	{"error": "invalid connection"}
github.com/flipped-aurora/gin-vue-admin/server/api/v1/quant.(*AiTaskApi).GetAiTask
	/Users/a1/data/go/gin-vue-admin/server/api/v1/quant/ai_task.go:32
github.com/gin-gonic/gin.(*Context).Next
	/Users/a1/go/pkg/mod/github.com/gin-gonic/gin@v1.10.0/context.go:185
github.com/flipped-aurora/gin-vue-admin/server/initialize.Routers.CasbinHandler.func4
	/Users/a1/data/go/gin-vue-admin/server/middleware/casbin_rbac.go:30
github.com/gin-gonic/gin.(*Context).Next
	/Users/a1/go/pkg/mod/github.com/gin-gonic/gin@v1.10.0/context.go:185
github.com/flipped-aurora/gin-vue-admin/server/initialize.Routers.JWTAuth.func3
	/Users/a1/data/go/gin-vue-admin/server/middleware/jwt.go:69
github.com/gin-gonic/gin.(*Context).Next
	/Users/a1/go/pkg/mod/github.com/gin-gonic/gin@v1.10.0/context.go:185
github.com/gin-gonic/gin.LoggerWithConfig.func1
	/Users/a1/go/pkg/mod/github.com/gin-gonic/gin@v1.10.0/logger.go:249
github.com/gin-gonic/gin.(*Context).Next
	/Users/a1/go/pkg/mod/github.com/gin-gonic/gin@v1.10.0/context.go:185
github.com/flipped-aurora/gin-vue-admin/server/initialize.Routers.GinRecovery.func2
	/Users/a1/data/go/gin-vue-admin/server/middleware/error.go:78
github.com/gin-gonic/gin.(*Context).Next
	/Users/a1/go/pkg/mod/github.com/gin-gonic/gin@v1.10.0/context.go:185
github.com/gin-gonic/gin.(*Engine).handleHTTPRequest
	/Users/a1/go/pkg/mod/github.com/gin-gonic/gin@v1.10.0/gin.go:633
github.com/gin-gonic/gin.(*Engine).ServeHTTP
	/Users/a1/go/pkg/mod/github.com/gin-gonic/gin@v1.10.0/gin.go:589
net/http.serverHandler.ServeHTTP
	/usr/local/go/src/net/http/server.go:3311
net/http.(*conn).serve
	/usr/local/go/src/net/http/server.go:2073
[github.com/flipped-aurora/gin-vue-admin/server]2026-08-20 18:43:28.962	[31merror[0m	/Users/a1/data/go/gin-vue-admin/server/service/quant/meilisearch.go:39	Failed to connect to Meilisearch	{"url": "http://119.29.82.70:7700", "error": "MeilisearchCommunicationError unable to execute request (path \"GET /indexes\" with method \"GetIndexes\"): Get \"http://119.29.82.70:7700/indexes\": dial tcp 119.29.82.70:7700: connect: connection refused"}
github.com/flipped-aurora/gin-vue-admin/server/service/quant.(*MeilisearchService).InitializeMeilisearch
	/Users/a1/data/go/gin-vue-admin/server/service/quant/meilisearch.go:39
github.com/flipped-aurora/gin-vue-admin/server/initialize.InitMeilisearch
	/Users/a1/data/go/gin-vue-admin/server/initialize/meilisearch.go:14
main.initializeSystem
	/Users/a1/data/go/gin-vue-admin/server/main.go:47
main.main
	/Users/a1/data/go/gin-vue-admin/server/main.go:32
runtime.main
	/usr/local/go/src/runtime/proc.go:290
[github.com/flipped-aurora/gin-vue-admin/server]2026-08-20 18:43:29.138	[31merror[0m	/Users/a1/data/go/gin-vue-admin/server/initialize/meilisearch.go:15	Failed to initialize Meilisearch	{"error": "failed to connect to meilisearch: MeilisearchCommunicationError unable to execute request (path \"GET /indexes\" with method \"GetIndexes\"): Get \"http://119.29.82.70:7700/indexes\": dial tcp 119.29.82.70:7700: connect: connection refused"}
github.com/flipped-aurora/gin-vue-admin/server/initialize.InitMeilisearch
	/Users/a1/data/go/gin-vue-admin/server/initialize/meilisearch.go:15
main.initializeSystem
	/Users/a1/data/go/gin-vue-admin/server/main.go:47
main.main
	/Users/a1/data/go/gin-vue-admin/server/main.go:32
runtime.main
	/usr/local/go/src/runtime/proc.go:290
[github.com/flipped-aurora/gin-vue-admin/server]2026-08-20 18:45:28.552	[31merror[0m	/Users/a1/data/go/gin-vue-admin/server/service/quant/meilisearch.go:39	Failed to connect to Meilisearch	{"url": "http://119.29.82.70:7700", "error": "MeilisearchCommunicationError unable to execute request (path \"GET /indexes\" with method \"GetIndexes\"): Get \"http://119.29.82.70:7700/indexes\": dial tcp 119.29.82.70:7700: connect: connection refused"}
github.com/flipped-aurora/gin-vue-admin/server/service/quant.(*MeilisearchService).InitializeMeilisearch
	/Users/a1/data/go/gin-vue-admin/server/service/quant/meilisearch.go:39
github.com/flipped-aurora/gin-vue-admin/server/initialize.InitMeilisearch
	/Users/a1/data/go/gin-vue-admin/server/initialize/meilisearch.go:14
main.initializeSystem
	/Users/a1/data/go/gin-vue-admin/server/main.go:47
main.main
	/Users/a1/data/go/gin-vue-admin/server/main.go:32
runtime.main
	/usr/local/go/src/runtime/proc.go:290
[github.com/flipped-aurora/gin-vue-admin/server]2026-08-20 18:45:28.731	[31merror[0m	/Users/a1/data/go/gin-vue-admin/server/initialize/meilisearch.go:15	Failed to initialize Meilisearch	{"error": "failed to connect to meilisearch: MeilisearchCommunicationError unable to execute request (path \"GET /indexes\" with method \"GetIndexes\"): Get \"http://119.29.82.70:7700/indexes\": dial tcp 119.29.82.70:7700: connect: connection refused"}
github.com/flipped-aurora/gin-vue-admin/server/initialize.InitMeilisearch
	/Users/a1/data/go/gin-vue-admin/server/initialize/meilisearch.go:15
main.initializeSystem
	/Users/a1/data/go/gin-vue-admin/server/main.go:47
main.main
	/Users/a1/data/go/gin-vue-admin/server/main.go:32
runtime.main
	/usr/local/go/src/runtime/proc.go:290
[github.com/flipped-aurora/gin-vue-admin/server]2026-08-20 18:46:08.022	[31merror[0m	/Users/a1/data/go/gin-vue-admin/server/service/quant/meilisearch.go:39	Failed to connect to Meilisearch	{"url": "http://119.29.82.70:7700", "error": "MeilisearchCommunicationError unable to execute request (path \"GET /indexes\" with method \"GetIndexes\"): Get \"http://119.29.82.70:7700/indexes\": dial tcp 119.29.82.70:7700: connect: connection refused"}
github.com/flipped-aurora/gin-vue-admin/server/service/quant.(*MeilisearchService).InitializeMeilisearch
	/Users/a1/data/go/gin-vue-admin/server/service/quant/meilisearch.go:39
github.com/flipped-aurora/gin-vue-admin/server/initialize.InitMeilisearch
	/Users/a1/data/go/gin-vue-admin/server/initialize/meilisearch.go:14
main.initializeSystem
	/Users/a1/data/go/gin-vue-admin/server/main.go:47
main.main
	/Users/a1/data/go/gin-vue-admin/server/main.go:32
runtime.main
	/usr/local/go/src/runtime/proc.go:290
[github.com/flipped-aurora/gin-vue-admin/server]2026-08-20 18:46:08.196	[31merror[0m	/Users/a1/data/go/gin-vue-admin/server/initialize/meilisearch.go:15	Failed to initialize Meilisearch	{"error": "failed to connect to meilisearch: MeilisearchCommunicationError unable to execute request (path \"GET /indexes\" with method \"GetIndexes\"): Get \"http://119.29.82.70:7700/indexes\": dial tcp 119.29.82.70:7700: connect: connection refused"}
github.com/flipped-aurora/gin-vue-admin/server/initialize.InitMeilisearch
	/Users/a1/data/go/gin-vue-admin/server/initialize/meilisearch.go:15
main.initializeSystem
	/Users/a1/data/go/gin-vue-admin/server/main.go:47
main.main
	/Users/a1/data/go/gin-vue-admin/server/main.go:32
runtime.main
	/usr/local/go/src/runtime/proc.go:290
[github.com/flipped-aurora/gin-vue-admin/server]2026-08-20 18:48:33.678	[31merror[0m	/Users/a1/data/go/gin-vue-admin/server/service/quant/meilisearch.go:39	Failed to connect to Meilisearch	{"url": "http://119.29.82.70:7700", "error": "MeilisearchCommunicationError unable to execute request (path \"GET /indexes\" with method \"GetIndexes\"): Get \"http://119.29.82.70:7700/indexes\": dial tcp 119.29.82.70:7700: connect: connection refused"}
github.com/flipped-aurora/gin-vue-admin/server/service/quant.(*MeilisearchService).InitializeMeilisearch
	/Users/a1/data/go/gin-vue-admin/server/service/quant/meilisearch.go:39
github.com/flipped-aurora/gin-vue-admin/server/initialize.InitMeilisearch
	/Users/a1/data/go/gin-vue-admin/server/initialize/meilisearch.go:14
main.initializeSystem
	/Users/a1/data/go/gin-vue-admin/server/main.go:47
main.main
	/Users/a1/data/go/gin-vue-admin/server/main.go:32
runtime.main
	/usr/local/go/src/runtime/proc.go:290
[github.com/flipped-aurora/gin-vue-admin/server]2026-08-20 18:48:33.854	[31merror[0m	/Users/a1/data/go/gin-vue-admin/server/initialize/meilisearch.go:15	Failed to initialize Meilisearch	{"error": "failed to connect to meilisearch: MeilisearchCommunicationError unable to execute request (path \"GET /indexes\" with method \"GetIndexes\"): Get \"http://119.29.82.70:7700/indexes\": dial tcp 119.29.82.70:7700: connect: connection refused"}
github.com/flipped-aurora/gin-vue-admin/server/initialize.InitMeilisearch
	/Users/a1/data/go/gin-vue-admin/server/initialize/meilisearch.go:15
main.initializeSystem
	/Users/a1/data/go/gin-vue-admin/server/main.go:47
main.main
	/Users/a1/data/go/gin-vue-admin/server/main.go:32
runtime.main
	/usr/local/go/src/runtime/proc.go:290
[github.com/flipped-aurora/gin-vue-admin/server]2026-08-20 18:49:07.025	[31merror[0m	/Users/a1/data/go/gin-vue-admin/server/service/quant/meilisearch.go:39	Failed to connect to Meilisearch	{"url": "http://119.29.82.70:7700", "error": "MeilisearchCommunicationError unable to execute request (path \"GET /indexes\" with method \"GetIndexes\"): Get \"http://119.29.82.70:7700/indexes\": dial tcp 119.29.82.70:7700: connect: connection refused"}
github.com/flipped-aurora/gin-vue-admin/server/service/quant.(*MeilisearchService).InitializeMeilisearch
	/Users/a1/data/go/gin-vue-admin/server/service/quant/meilisearch.go:39
github.com/flipped-aurora/gin-vue-admin/server/initialize.InitMeilisearch
	/Users/a1/data/go/gin-vue-admin/server/initialize/meilisearch.go:14
main.initializeSystem
	/Users/a1/data/go/gin-vue-admin/server/main.go:47
main.main
	/Users/a1/data/go/gin-vue-admin/server/main.go:32
runtime.main
	/usr/local/go/src/runtime/proc.go:290
[github.com/flipped-aurora/gin-vue-admin/server]2026-08-20 18:49:07.200	[31merror[0m	/Users/a1/data/go/gin-vue-admin/server/initialize/meilisearch.go:15	Failed to initialize Meilisearch	{"error": "failed to connect to meilisearch: MeilisearchCommunicationError unable to execute request (path \"GET /indexes\" with method \"GetIndexes\"): Get \"http://119.29.82.70:7700/indexes\": dial tcp 119.29.82.70:7700: connect: connection refused"}
github.com/flipped-aurora/gin-vue-admin/server/initialize.InitMeilisearch
	/Users/a1/data/go/gin-vue-admin/server/initialize/meilisearch.go:15
main.initializeSystem
	/Users/a1/data/go/gin-vue-admin/server/main.go:47
main.main
	/Users/a1/data/go/gin-vue-admin/server/main.go:32
runtime.main
	/usr/local/go/src/runtime/proc.go:290
[github.com/flipped-aurora/gin-vue-admin/server]2026-08-20 22:41:28.056	[31merror[0m	/Users/a1/data/go/gin-vue-admin/server/service/quant/meilisearch.go:39	Failed to connect to Meilisearch	{"url": "http://119.29.82.70:7700", "error": "MeilisearchCommunicationError unable to execute request (path \"GET /indexes\" with method \"GetIndexes\"): Get \"http://119.29.82.70:7700/indexes\": dial tcp 119.29.82.70:7700: connect: connection refused"}
github.com/flipped-aurora/gin-vue-admin/server/service/quant.(*MeilisearchService).InitializeMeilisearch
	/Users/a1/data/go/gin-vue-admin/server/service/quant/meilisearch.go:39
github.com/flipped-aurora/gin-vue-admin/server/initialize.InitMeilisearch
	/Users/a1/data/go/gin-vue-admin/server/initialize/meilisearch.go:14
main.initializeSystem
	/Users/a1/data/go/gin-vue-admin/server/main.go:47
main.main
	/Users/a1/data/go/gin-vue-admin/server/main.go:32
runtime.main
	/usr/local/go/src/runtime/proc.go:290
[github.com/flipped-aurora/gin-vue-admin/server]2026-08-20 22:41:28.230	[31merror[0m	/Users/a1/data/go/gin-vue-admin/server/initialize/meilisearch.go:15	Failed to initialize Meilisearch	{"error": "failed to connect to meilisearch: MeilisearchCommunicationError unable to execute request (path \"GET /indexes\" with method \"GetIndexes\"): Get \"http://119.29.82.70:7700/indexes\": dial tcp 119.29.82.70:7700: connect: connection refused"}
github.com/flipped-aurora/gin-vue-admin/server/initialize.InitMeilisearch
	/Users/a1/data/go/gin-vue-admin/server/initialize/meilisearch.go:15
main.initializeSystem
	/Users/a1/data/go/gin-vue-admin/server/main.go:47
main.main
	/Users/a1/data/go/gin-vue-admin/server/main.go:32
runtime.main
	/usr/local/go/src/runtime/proc.go:290
[github.com/flipped-aurora/gin-vue-admin/server]2026-08-20 22:41:45.849	[31merror[0m	/Users/a1/data/go/gin-vue-admin/server/service/quant/meilisearch.go:39	Failed to connect to Meilisearch	{"url": "http://119.29.82.70:7700", "error": "MeilisearchCommunicationError unable to execute request (path \"GET /indexes\" with method \"GetIndexes\"): Get \"http://119.29.82.70:7700/indexes\": dial tcp 119.29.82.70:7700: connect: connection refused"}
github.com/flipped-aurora/gin-vue-admin/server/service/quant.(*MeilisearchService).InitializeMeilisearch
	/Users/a1/data/go/gin-vue-admin/server/service/quant/meilisearch.go:39
github.com/flipped-aurora/gin-vue-admin/server/initialize.InitMeilisearch
	/Users/a1/data/go/gin-vue-admin/server/initialize/meilisearch.go:14
main.initializeSystem
	/Users/a1/data/go/gin-vue-admin/server/main.go:47
main.main
	/Users/a1/data/go/gin-vue-admin/server/main.go:32
runtime.main
	/usr/local/go/src/runtime/proc.go:290
[github.com/flipped-aurora/gin-vue-admin/server]2026-08-20 22:41:46.037	[31merror[0m	/Users/a1/data/go/gin-vue-admin/server/initialize/meilisearch.go:15	Failed to initialize Meilisearch	{"error": "failed to connect to meilisearch: MeilisearchCommunicationError unable to execute request (path \"GET /indexes\" with method \"GetIndexes\"): Get \"http://119.29.82.70:7700/indexes\": dial tcp 119.29.82.70:7700: connect: connection refused"}
github.com/flipped-aurora/gin-vue-admin/server/initialize.InitMeilisearch
	/Users/a1/data/go/gin-vue-admin/server/initialize/meilisearch.go:15
main.initializeSystem
	/Users/a1/data/go/gin-vue-admin/server/main.go:47
main.main
	/Users/a1/data/go/gin-vue-admin/server/main.go:32
runtime.main
	/usr/local/go/src/runtime/proc.go:290
[github.com/flipped-aurora/gin-vue-admin/server]2026-08-20 22:42:15.040	[31merror[0m	/Users/a1/data/go/gin-vue-admin/server/service/quant/meilisearch.go:39	Failed to connect to Meilisearch	{"url": "http://119.29.82.70:7700", "error": "MeilisearchCommunicationError unable to execute request (path \"GET /indexes\" with method \"GetIndexes\"): Get \"http://119.29.82.70:7700/indexes\": dial tcp 119.29.82.70:7700: connect: connection refused"}
github.com/flipped-aurora/gin-vue-admin/server/service/quant.(*MeilisearchService).InitializeMeilisearch
	/Users/a1/data/go/gin-vue-admin/server/service/quant/meilisearch.go:39
github.com/flipped-aurora/gin-vue-admin/server/initialize.InitMeilisearch
	/Users/a1/data/go/gin-vue-admin/server/initialize/meilisearch.go:14
main.initializeSystem
	/Users/a1/data/go/gin-vue-admin/server/main.go:47
main.main
	/Users/a1/data/go/gin-vue-admin/server/main.go:32
runtime.main
	/usr/local/go/src/runtime/proc.go:290
[github.com/flipped-aurora/gin-vue-admin/server]2026-08-20 22:42:15.229	[31merror[0m	/Users/a1/data/go/gin-vue-admin/server/initialize/meilisearch.go:15	Failed to initialize Meilisearch	{"error": "failed to connect to meilisearch: MeilisearchCommunicationError unable to execute request (path \"GET /indexes\" with method \"GetIndexes\"): Get \"http://119.29.82.70:7700/indexes\": dial tcp 119.29.82.70:7700: connect: connection refused"}
github.com/flipped-aurora/gin-vue-admin/server/initialize.InitMeilisearch
	/Users/a1/data/go/gin-vue-admin/server/initialize/meilisearch.go:15
main.initializeSystem
	/Users/a1/data/go/gin-vue-admin/server/main.go:47
main.main
	/Users/a1/data/go/gin-vue-admin/server/main.go:32
runtime.main
	/usr/local/go/src/runtime/proc.go:290
[github.com/flipped-aurora/gin-vue-admin/server]2026-08-20 22:42:29.740	[31merror[0m	/Users/a1/data/go/gin-vue-admin/server/service/quant/meilisearch.go:39	Failed to connect to Meilisearch	{"url": "http://119.29.82.70:7700", "error": "MeilisearchCommunicationError unable to execute request (path \"GET /indexes\" with method \"GetIndexes\"): Get \"http://119.29.82.70:7700/indexes\": dial tcp 119.29.82.70:7700: connect: connection refused"}
github.com/flipped-aurora/gin-vue-admin/server/service/quant.(*MeilisearchService).InitializeMeilisearch
	/Users/a1/data/go/gin-vue-admin/server/service/quant/meilisearch.go:39
github.com/flipped-aurora/gin-vue-admin/server/initialize.InitMeilisearch
	/Users/a1/data/go/gin-vue-admin/server/initialize/meilisearch.go:14
main.initializeSystem
	/Users/a1/data/go/gin-vue-admin/server/main.go:47
main.main
	/Users/a1/data/go/gin-vue-admin/server/main.go:32
runtime.main
	/usr/local/go/src/runtime/proc.go:290
[github.com/flipped-aurora/gin-vue-admin/server]2026-08-20 22:42:29.907	[31merror[0m	/Users/a1/data/go/gin-vue-admin/server/initialize/meilisearch.go:15	Failed to initialize Meilisearch	{"error": "failed to connect to meilisearch: MeilisearchCommunicationError unable to execute request (path \"GET /indexes\" with method \"GetIndexes\"): Get \"http://119.29.82.70:7700/indexes\": dial tcp 119.29.82.70:7700: connect: connection refused"}
github.com/flipped-aurora/gin-vue-admin/server/initialize.InitMeilisearch
	/Users/a1/data/go/gin-vue-admin/server/initialize/meilisearch.go:15
main.initializeSystem
	/Users/a1/data/go/gin-vue-admin/server/main.go:47
main.main
	/Users/a1/data/go/gin-vue-admin/server/main.go:32
runtime.main
	/usr/local/go/src/runtime/proc.go:290
[github.com/flipped-aurora/gin-vue-admin/server]2026-08-20 22:42:43.807	[31merror[0m	/Users/a1/data/go/gin-vue-admin/server/service/quant/meilisearch.go:39	Failed to connect to Meilisearch	{"url": "http://119.29.82.70:7700", "error": "MeilisearchCommunicationError unable to execute request (path \"GET /indexes\" with method \"GetIndexes\"): Get \"http://119.29.82.70:7700/indexes\": dial tcp 119.29.82.70:7700: connect: connection refused"}
github.com/flipped-aurora/gin-vue-admin/server/service/quant.(*MeilisearchService).InitializeMeilisearch
	/Users/a1/data/go/gin-vue-admin/server/service/quant/meilisearch.go:39
github.com/flipped-aurora/gin-vue-admin/server/initialize.InitMeilisearch
	/Users/a1/data/go/gin-vue-admin/server/initialize/meilisearch.go:14
main.initializeSystem
	/Users/a1/data/go/gin-vue-admin/server/main.go:47
main.main
	/Users/a1/data/go/gin-vue-admin/server/main.go:32
runtime.main
	/usr/local/go/src/runtime/proc.go:290
[github.com/flipped-aurora/gin-vue-admin/server]2026-08-20 22:42:43.973	[31merror[0m	/Users/a1/data/go/gin-vue-admin/server/initialize/meilisearch.go:15	Failed to initialize Meilisearch	{"error": "failed to connect to meilisearch: MeilisearchCommunicationError unable to execute request (path \"GET /indexes\" with method \"GetIndexes\"): Get \"http://119.29.82.70:7700/indexes\": dial tcp 119.29.82.70:7700: connect: connection refused"}
github.com/flipped-aurora/gin-vue-admin/server/initialize.InitMeilisearch
	/Users/a1/data/go/gin-vue-admin/server/initialize/meilisearch.go:15
main.initializeSystem
	/Users/a1/data/go/gin-vue-admin/server/main.go:47
main.main
	/Users/a1/data/go/gin-vue-admin/server/main.go:32
runtime.main
	/usr/local/go/src/runtime/proc.go:290
[github.com/flipped-aurora/gin-vue-admin/server]2026-08-20 22:42:57.082	[31merror[0m	/Users/a1/data/go/gin-vue-admin/server/service/quant/meilisearch.go:39	Failed to connect to Meilisearch	{"url": "http://119.29.82.70:7700", "error": "MeilisearchCommunicationError unable to execute request (path \"GET /indexes\" with method \"GetIndexes\"): Get \"http://119.29.82.70:7700/indexes\": dial tcp 119.29.82.70:7700: connect: connection refused"}
github.com/flipped-aurora/gin-vue-admin/server/service/quant.(*MeilisearchService).InitializeMeilisearch
	/Users/a1/data/go/gin-vue-admin/server/service/quant/meilisearch.go:39
github.com/flipped-aurora/gin-vue-admin/server/initialize.InitMeilisearch
	/Users/a1/data/go/gin-vue-admin/server/initialize/meilisearch.go:14
main.initializeSystem
	/Users/a1/data/go/gin-vue-admin/server/main.go:47
main.main
	/Users/a1/data/go/gin-vue-admin/server/main.go:32
runtime.main
	/usr/local/go/src/runtime/proc.go:290
[github.com/flipped-aurora/gin-vue-admin/server]2026-08-20 22:42:57.262	[31merror[0m	/Users/a1/data/go/gin-vue-admin/server/initialize/meilisearch.go:15	Failed to initialize Meilisearch	{"error": "failed to connect to meilisearch: MeilisearchCommunicationError unable to execute request (path \"GET /indexes\" with method \"GetIndexes\"): Get \"http://119.29.82.70:7700/indexes\": dial tcp 119.29.82.70:7700: connect: connection refused"}
github.com/flipped-aurora/gin-vue-admin/server/initialize.InitMeilisearch
	/Users/a1/data/go/gin-vue-admin/server/initialize/meilisearch.go:15
main.initializeSystem
	/Users/a1/data/go/gin-vue-admin/server/main.go:47
main.main
	/Users/a1/data/go/gin-vue-admin/server/main.go:32
runtime.main
	/usr/local/go/src/runtime/proc.go:290
[github.com/flipped-aurora/gin-vue-admin/server]2026-08-20 22:43:04.930	[31merror[0m	/Users/a1/data/go/gin-vue-admin/server/service/quant/meilisearch.go:39	Failed to connect to Meilisearch	{"url": "http://119.29.82.70:7700", "error": "MeilisearchCommunicationError unable to execute request (path \"GET /indexes\" with method \"GetIndexes\"): Get \"http://119.29.82.70:7700/indexes\": dial tcp 119.29.82.70:7700: connect: connection refused"}
github.com/flipped-aurora/gin-vue-admin/server/service/quant.(*MeilisearchService).InitializeMeilisearch
	/Users/a1/data/go/gin-vue-admin/server/service/quant/meilisearch.go:39
github.com/flipped-aurora/gin-vue-admin/server/initialize.InitMeilisearch
	/Users/a1/data/go/gin-vue-admin/server/initialize/meilisearch.go:14
main.initializeSystem
	/Users/a1/data/go/gin-vue-admin/server/main.go:47
main.main
	/Users/a1/data/go/gin-vue-admin/server/main.go:32
runtime.main
	/usr/local/go/src/runtime/proc.go:290
[github.com/flipped-aurora/gin-vue-admin/server]2026-08-20 22:43:05.094	[31merror[0m	/Users/a1/data/go/gin-vue-admin/server/initialize/meilisearch.go:15	Failed to initialize Meilisearch	{"error": "failed to connect to meilisearch: MeilisearchCommunicationError unable to execute request (path \"GET /indexes\" with method \"GetIndexes\"): Get \"http://119.29.82.70:7700/indexes\": dial tcp 119.29.82.70:7700: connect: connection refused"}
github.com/flipped-aurora/gin-vue-admin/server/initialize.InitMeilisearch
	/Users/a1/data/go/gin-vue-admin/server/initialize/meilisearch.go:15
main.initializeSystem
	/Users/a1/data/go/gin-vue-admin/server/main.go:47
main.main
	/Users/a1/data/go/gin-vue-admin/server/main.go:32
runtime.main
	/usr/local/go/src/runtime/proc.go:290
[github.com/flipped-aurora/gin-vue-admin/server]2026-08-20 22:43:35.874	[31merror[0m	/Users/a1/data/go/gin-vue-admin/server/service/quant/meilisearch.go:39	Failed to connect to Meilisearch	{"url": "http://119.29.82.70:7700", "error": "MeilisearchCommunicationError unable to execute request (path \"GET /indexes\" with method \"GetIndexes\"): Get \"http://119.29.82.70:7700/indexes\": dial tcp 119.29.82.70:7700: connect: connection refused"}
github.com/flipped-aurora/gin-vue-admin/server/service/quant.(*MeilisearchService).InitializeMeilisearch
	/Users/a1/data/go/gin-vue-admin/server/service/quant/meilisearch.go:39
github.com/flipped-aurora/gin-vue-admin/server/initialize.InitMeilisearch
	/Users/a1/data/go/gin-vue-admin/server/initialize/meilisearch.go:14
main.initializeSystem
	/Users/a1/data/go/gin-vue-admin/server/main.go:47
main.main
	/Users/a1/data/go/gin-vue-admin/server/main.go:32
runtime.main
	/usr/local/go/src/runtime/proc.go:290
[github.com/flipped-aurora/gin-vue-admin/server]2026-08-20 22:43:36.062	[31merror[0m	/Users/a1/data/go/gin-vue-admin/server/initialize/meilisearch.go:15	Failed to initialize Meilisearch	{"error": "failed to connect to meilisearch: MeilisearchCommunicationError unable to execute request (path \"GET /indexes\" with method \"GetIndexes\"): Get \"http://119.29.82.70:7700/indexes\": dial tcp 119.29.82.70:7700: connect: connection refused"}
github.com/flipped-aurora/gin-vue-admin/server/initialize.InitMeilisearch
	/Users/a1/data/go/gin-vue-admin/server/initialize/meilisearch.go:15
main.initializeSystem
	/Users/a1/data/go/gin-vue-admin/server/main.go:47
main.main
	/Users/a1/data/go/gin-vue-admin/server/main.go:32
runtime.main
	/usr/local/go/src/runtime/proc.go:290
[github.com/flipped-aurora/gin-vue-admin/server]2026-08-20 22:46:25.291	[31merror[0m	/Users/a1/data/go/gin-vue-admin/server/service/quant/meilisearch.go:39	Failed to connect to Meilisearch	{"url": "http://119.29.82.70:7700", "error": "MeilisearchCommunicationError unable to execute request (path \"GET /indexes\" with method \"GetIndexes\"): Get \"http://119.29.82.70:7700/indexes\": dial tcp 119.29.82.70:7700: connect: connection refused"}
github.com/flipped-aurora/gin-vue-admin/server/service/quant.(*MeilisearchService).InitializeMeilisearch
	/Users/a1/data/go/gin-vue-admin/server/service/quant/meilisearch.go:39
github.com/flipped-aurora/gin-vue-admin/server/initialize.InitMeilisearch
	/Users/a1/data/go/gin-vue-admin/server/initialize/meilisearch.go:14
main.initializeSystem
	/Users/a1/data/go/gin-vue-admin/server/main.go:47
main.main
	/Users/a1/data/go/gin-vue-admin/server/main.go:32
runtime.main
	/usr/local/go/src/runtime/proc.go:290
[github.com/flipped-aurora/gin-vue-admin/server]2026-08-20 22:46:25.482	[31merror[0m	/Users/a1/data/go/gin-vue-admin/server/initialize/meilisearch.go:15	Failed to initialize Meilisearch	{"error": "failed to connect to meilisearch: MeilisearchCommunicationError unable to execute request (path \"GET /indexes\" with method \"GetIndexes\"): Get \"http://119.29.82.70:7700/indexes\": dial tcp 119.29.82.70:7700: connect: connection refused"}
github.com/flipped-aurora/gin-vue-admin/server/initialize.InitMeilisearch
	/Users/a1/data/go/gin-vue-admin/server/initialize/meilisearch.go:15
main.initializeSystem
	/Users/a1/data/go/gin-vue-admin/server/main.go:47
main.main
	/Users/a1/data/go/gin-vue-admin/server/main.go:32
runtime.main
	/usr/local/go/src/runtime/proc.go:290
[github.com/flipped-aurora/gin-vue-admin/server]2026-08-20 22:46:54.559	[31merror[0m	/Users/a1/data/go/gin-vue-admin/server/service/quant/meilisearch.go:39	Failed to connect to Meilisearch	{"url": "http://119.29.82.70:7700", "error": "MeilisearchCommunicationError unable to execute request (path \"GET /indexes\" with method \"GetIndexes\"): Get \"http://119.29.82.70:7700/indexes\": dial tcp 119.29.82.70:7700: connect: connection refused"}
github.com/flipped-aurora/gin-vue-admin/server/service/quant.(*MeilisearchService).InitializeMeilisearch
	/Users/a1/data/go/gin-vue-admin/server/service/quant/meilisearch.go:39
github.com/flipped-aurora/gin-vue-admin/server/initialize.InitMeilisearch
	/Users/a1/data/go/gin-vue-admin/server/initialize/meilisearch.go:14
main.initializeSystem
	/Users/a1/data/go/gin-vue-admin/server/main.go:47
main.main
	/Users/a1/data/go/gin-vue-admin/server/main.go:32
runtime.main
	/usr/local/go/src/runtime/proc.go:290
[github.com/flipped-aurora/gin-vue-admin/server]2026-08-20 22:46:54.750	[31merror[0m	/Users/a1/data/go/gin-vue-admin/server/initialize/meilisearch.go:15	Failed to initialize Meilisearch	{"error": "failed to connect to meilisearch: MeilisearchCommunicationError unable to execute request (path \"GET /indexes\" with method \"GetIndexes\"): Get \"http://119.29.82.70:7700/indexes\": dial tcp 119.29.82.70:7700: connect: connection refused"}
github.com/flipped-aurora/gin-vue-admin/server/initialize.InitMeilisearch
	/Users/a1/data/go/gin-vue-admin/server/initialize/meilisearch.go:15
main.initializeSystem
	/Users/a1/data/go/gin-vue-admin/server/main.go:47
main.main
	/Users/a1/data/go/gin-vue-admin/server/main.go:32
runtime.main
	/usr/local/go/src/runtime/proc.go:290
[github.com/flipped-aurora/gin-vue-admin/server]2026-08-20 22:48:21.236	[31merror[0m	/Users/a1/data/go/gin-vue-admin/server/service/quant/meilisearch.go:39	Failed to connect to Meilisearch	{"url": "http://119.29.82.70:7700", "error": "MeilisearchCommunicationError unable to execute request (path \"GET /indexes\" with method \"GetIndexes\"): Get \"http://119.29.82.70:7700/indexes\": dial tcp 119.29.82.70:7700: connect: connection refused"}
github.com/flipped-aurora/gin-vue-admin/server/service/quant.(*MeilisearchService).InitializeMeilisearch
	/Users/a1/data/go/gin-vue-admin/server/service/quant/meilisearch.go:39
github.com/flipped-aurora/gin-vue-admin/server/initialize.InitMeilisearch
	/Users/a1/data/go/gin-vue-admin/server/initialize/meilisearch.go:14
main.initializeSystem
	/Users/a1/data/go/gin-vue-admin/server/main.go:47
main.main
	/Users/a1/data/go/gin-vue-admin/server/main.go:32
runtime.main
	/usr/local/go/src/runtime/proc.go:290
[github.com/flipped-aurora/gin-vue-admin/server]2026-08-20 22:48:21.443	[31merror[0m	/Users/a1/data/go/gin-vue-admin/server/initialize/meilisearch.go:15	Failed to initialize Meilisearch	{"error": "failed to connect to meilisearch: MeilisearchCommunicationError unable to execute request (path \"GET /indexes\" with method \"GetIndexes\"): Get \"http://119.29.82.70:7700/indexes\": dial tcp 119.29.82.70:7700: connect: connection refused"}
github.com/flipped-aurora/gin-vue-admin/server/initialize.InitMeilisearch
	/Users/a1/data/go/gin-vue-admin/server/initialize/meilisearch.go:15
main.initializeSystem
	/Users/a1/data/go/gin-vue-admin/server/main.go:47
main.main
	/Users/a1/data/go/gin-vue-admin/server/main.go:32
runtime.main
	/usr/local/go/src/runtime/proc.go:290
[github.com/flipped-aurora/gin-vue-admin/server]2026-08-20 23:27:56.899	[31merror[0m	/Users/a1/data/go/gin-vue-admin/server/service/quant/ai_task_service.go:414	查询待调度AI任务失败	{"error": "invalid connection"}
github.com/flipped-aurora/gin-vue-admin/server/service/quant.(*AiTaskService).dispatchScheduledTasks
	/Users/a1/data/go/gin-vue-admin/server/service/quant/ai_task_service.go:414
github.com/flipped-aurora/gin-vue-admin/server/service/quant.StartAiTaskScheduler.func1.1
	/Users/a1/data/go/gin-vue-admin/server/service/quant/ai_task_service.go:402
[github.com/flipped-aurora/gin-vue-admin/server]2026-08-20 23:29:16.516	[31merror[0m	/Users/a1/data/go/gin-vue-admin/server/service/quant/ai_task_service.go:414	查询待调度AI任务失败	{"error": "invalid connection"}
github.com/flipped-aurora/gin-vue-admin/server/service/quant.(*AiTaskService).dispatchScheduledTasks
	/Users/a1/data/go/gin-vue-admin/server/service/quant/ai_task_service.go:414
github.com/flipped-aurora/gin-vue-admin/server/service/quant.StartAiTaskScheduler.func1.1
	/Users/a1/data/go/gin-vue-admin/server/service/quant/ai_task_service.go:402
