[github.com/flipped-aurora/gin-vue-admin/server]2026-08-09 09:20:51.214	[31merror[0m	/Users/a1/data/go/gin-vue-admin/server/api/v1/quant/theme_topic.go:164	获取失败!	{"error": "invalid connection"}
github.com/flipped-aurora/gin-vue-admin/server/api/v1/quant.(*ThemeTopicApi).GetThemeTopicList
	/Users/a1/data/go/gin-vue-admin/server/api/v1/quant/theme_topic.go:164
github.com/gin-gonic/gin.(*Context).Next
	/Users/a1/go/pkg/mod/github.com/gin-gonic/gin@v1.10.0/context.go:185
github.com/flipped-aurora/gin-vue-admin/server/initialize.Routers.CasbinHandler.func4
	/Users/a1/data/go/gin-vue-admin/server/middleware/casbin_rbac.go:30
github.com/gin-gonic/gin.(*Context).Next
	/Users/a1/go/pkg/mod/github.com/gin-gonic/gin@v1.10.0/context.go:185
github.com/flipped-aurora/gin-vue-admin/server/initialize.Routers.JWTAuth.func3
	/Users/a1/data/go/gin-vue-admin/server/middleware/jwt.go:69
github.com/gin-gonic/gin.(*Context).Next
	/Users/a1/go/pkg/mod/github.com/gin-gonic/gin@v1.10.0/context.go:185
github.com/gin-gonic/gin.LoggerWithConfig.func1
	/Users/a1/go/pkg/mod/github.com/gin-gonic/gin@v1.10.0/logger.go:249
github.com/gin-gonic/gin.(*Context).Next
	/Users/a1/go/pkg/mod/github.com/gin-gonic/gin@v1.10.0/context.go:185
github.com/flipped-aurora/gin-vue-admin/server/initialize.Routers.GinRecovery.func2
	/Users/a1/data/go/gin-vue-admin/server/middleware/error.go:78
github.com/gin-gonic/gin.(*Context).Next
	/Users/a1/go/pkg/mod/github.com/gin-gonic/gin@v1.10.0/context.go:185
github.com/gin-gonic/gin.(*Engine).handleHTTPRequest
	/Users/a1/go/pkg/mod/github.com/gin-gonic/gin@v1.10.0/gin.go:633
github.com/gin-gonic/gin.(*Engine).ServeHTTP
	/Users/a1/go/pkg/mod/github.com/gin-gonic/gin@v1.10.0/gin.go:589
net/http.serverHandler.ServeHTTP
	/usr/local/go/src/net/http/server.go:3311
net/http.(*conn).serve
	/usr/local/go/src/net/http/server.go:2073
[github.com/flipped-aurora/gin-vue-admin/server]2026-08-09 09:20:54.207	[31merror[0m	/Users/a1/data/go/gin-vue-admin/server/api/v1/quant/theme_stock.go:166	获取失败!	{"error": "invalid connection"}
github.com/flipped-aurora/gin-vue-admin/server/api/v1/quant.(*ThemeStockApi).GetThemeStockList
	/Users/a1/data/go/gin-vue-admin/server/api/v1/quant/theme_stock.go:166
github.com/gin-gonic/gin.(*Context).Next
	/Users/a1/go/pkg/mod/github.com/gin-gonic/gin@v1.10.0/context.go:185
github.com/flipped-aurora/gin-vue-admin/server/initialize.Routers.CasbinHandler.func4
	/Users/a1/data/go/gin-vue-admin/server/middleware/casbin_rbac.go:30
github.com/gin-gonic/gin.(*Context).Next
	/Users/a1/go/pkg/mod/github.com/gin-gonic/gin@v1.10.0/context.go:185
github.com/flipped-aurora/gin-vue-admin/server/initialize.Routers.JWTAuth.func3
	/Users/a1/data/go/gin-vue-admin/server/middleware/jwt.go:69
github.com/gin-gonic/gin.(*Context).Next
	/Users/a1/go/pkg/mod/github.com/gin-gonic/gin@v1.10.0/context.go:185
github.com/gin-gonic/gin.LoggerWithConfig.func1
	/Users/a1/go/pkg/mod/github.com/gin-gonic/gin@v1.10.0/logger.go:249
github.com/gin-gonic/gin.(*Context).Next
	/Users/a1/go/pkg/mod/github.com/gin-gonic/gin@v1.10.0/context.go:185
github.com/flipped-aurora/gin-vue-admin/server/initialize.Routers.GinRecovery.func2
	/Users/a1/data/go/gin-vue-admin/server/middleware/error.go:78
github.com/gin-gonic/gin.(*Context).Next
	/Users/a1/go/pkg/mod/github.com/gin-gonic/gin@v1.10.0/context.go:185
github.com/gin-gonic/gin.(*Engine).handleHTTPRequest
	/Users/a1/go/pkg/mod/github.com/gin-gonic/gin@v1.10.0/gin.go:633
github.com/gin-gonic/gin.(*Engine).ServeHTTP
	/Users/a1/go/pkg/mod/github.com/gin-gonic/gin@v1.10.0/gin.go:589
net/http.serverHandler.ServeHTTP
	/usr/local/go/src/net/http/server.go:3311
net/http.(*conn).serve
	/usr/local/go/src/net/http/server.go:2073
[github.com/flipped-aurora/gin-vue-admin/server]2026-08-09 09:21:00.485	[31merror[0m	/Users/a1/data/go/gin-vue-admin/server/api/v1/system/sys_dictionary_detail.go:203	获取失败!	{"error": "invalid connection"}
github.com/flipped-aurora/gin-vue-admin/server/api/v1/system.(*DictionaryDetailApi).GetDictionaryTreeListByType
	/Users/a1/data/go/gin-vue-admin/server/api/v1/system/sys_dictionary_detail.go:203
github.com/gin-gonic/gin.(*Context).Next
	/Users/a1/go/pkg/mod/github.com/gin-gonic/gin@v1.10.0/context.go:185
github.com/flipped-aurora/gin-vue-admin/server/initialize.Routers.CasbinHandler.func4
	/Users/a1/data/go/gin-vue-admin/server/middleware/casbin_rbac.go:30
github.com/gin-gonic/gin.(*Context).Next
	/Users/a1/go/pkg/mod/github.com/gin-gonic/gin@v1.10.0/context.go:185
github.com/flipped-aurora/gin-vue-admin/server/initialize.Routers.JWTAuth.func3
	/Users/a1/data/go/gin-vue-admin/server/middleware/jwt.go:69
github.com/gin-gonic/gin.(*Context).Next
	/Users/a1/go/pkg/mod/github.com/gin-gonic/gin@v1.10.0/context.go:185
github.com/gin-gonic/gin.LoggerWithConfig.func1
	/Users/a1/go/pkg/mod/github.com/gin-gonic/gin@v1.10.0/logger.go:249
github.com/gin-gonic/gin.(*Context).Next
	/Users/a1/go/pkg/mod/github.com/gin-gonic/gin@v1.10.0/context.go:185
github.com/flipped-aurora/gin-vue-admin/server/initialize.Routers.GinRecovery.func2
	/Users/a1/data/go/gin-vue-admin/server/middleware/error.go:78
github.com/gin-gonic/gin.(*Context).Next
	/Users/a1/go/pkg/mod/github.com/gin-gonic/gin@v1.10.0/context.go:185
github.com/gin-gonic/gin.(*Engine).handleHTTPRequest
	/Users/a1/go/pkg/mod/github.com/gin-gonic/gin@v1.10.0/gin.go:633
github.com/gin-gonic/gin.(*Engine).ServeHTTP
	/Users/a1/go/pkg/mod/github.com/gin-gonic/gin@v1.10.0/gin.go:589
net/http.serverHandler.ServeHTTP
	/usr/local/go/src/net/http/server.go:3311
net/http.(*conn).serve
	/usr/local/go/src/net/http/server.go:2073
[github.com/flipped-aurora/gin-vue-admin/server]2026-08-09 09:21:24.845	[31merror[0m	/Users/a1/data/go/gin-vue-admin/server/api/v1/quant/theme.go:158	获取失败!	{"error": "invalid connection"}
github.com/flipped-aurora/gin-vue-admin/server/api/v1/quant.(*ThemeApi).GetThemeList
	/Users/a1/data/go/gin-vue-admin/server/api/v1/quant/theme.go:158
github.com/gin-gonic/gin.(*Context).Next
	/Users/a1/go/pkg/mod/github.com/gin-gonic/gin@v1.10.0/context.go:185
github.com/flipped-aurora/gin-vue-admin/server/initialize.Routers.CasbinHandler.func4
	/Users/a1/data/go/gin-vue-admin/server/middleware/casbin_rbac.go:30
github.com/gin-gonic/gin.(*Context).Next
	/Users/a1/go/pkg/mod/github.com/gin-gonic/gin@v1.10.0/context.go:185
github.com/flipped-aurora/gin-vue-admin/server/initialize.Routers.JWTAuth.func3
	/Users/a1/data/go/gin-vue-admin/server/middleware/jwt.go:69
github.com/gin-gonic/gin.(*Context).Next
	/Users/a1/go/pkg/mod/github.com/gin-gonic/gin@v1.10.0/context.go:185
github.com/gin-gonic/gin.LoggerWithConfig.func1
	/Users/a1/go/pkg/mod/github.com/gin-gonic/gin@v1.10.0/logger.go:249
github.com/gin-gonic/gin.(*Context).Next
	/Users/a1/go/pkg/mod/github.com/gin-gonic/gin@v1.10.0/context.go:185
github.com/flipped-aurora/gin-vue-admin/server/initialize.Routers.GinRecovery.func2
	/Users/a1/data/go/gin-vue-admin/server/middleware/error.go:78
github.com/gin-gonic/gin.(*Context).Next
	/Users/a1/go/pkg/mod/github.com/gin-gonic/gin@v1.10.0/context.go:185
github.com/gin-gonic/gin.(*Engine).handleHTTPRequest
	/Users/a1/go/pkg/mod/github.com/gin-gonic/gin@v1.10.0/gin.go:633
github.com/gin-gonic/gin.(*Engine).ServeHTTP
	/Users/a1/go/pkg/mod/github.com/gin-gonic/gin@v1.10.0/gin.go:589
net/http.serverHandler.ServeHTTP
	/usr/local/go/src/net/http/server.go:3311
net/http.(*conn).serve
	/usr/local/go/src/net/http/server.go:2073
[github.com/flipped-aurora/gin-vue-admin/server]2026-08-09 09:55:21.858	[31merror[0m	/Users/a1/data/go/gin-vue-admin/server/service/quant/meilisearch.go:39	Failed to connect to Meilisearch	{"url": "http://119.29.82.70:7700", "error": "MeilisearchCommunicationError unable to execute request (path \"GET /indexes\" with method \"GetIndexes\"): Get \"http://119.29.82.70:7700/indexes\": dial tcp 119.29.82.70:7700: connect: connection refused"}
github.com/flipped-aurora/gin-vue-admin/server/service/quant.(*MeilisearchService).InitializeMeilisearch
	/Users/a1/data/go/gin-vue-admin/server/service/quant/meilisearch.go:39
github.com/flipped-aurora/gin-vue-admin/server/initialize.InitMeilisearch
	/Users/a1/data/go/gin-vue-admin/server/initialize/meilisearch.go:14
main.initializeSystem
	/Users/a1/data/go/gin-vue-admin/server/main.go:47
main.main
	/Users/a1/data/go/gin-vue-admin/server/main.go:32
runtime.main
	/usr/local/go/src/runtime/proc.go:290
[github.com/flipped-aurora/gin-vue-admin/server]2026-08-09 09:55:22.038	[31merror[0m	/Users/a1/data/go/gin-vue-admin/server/initialize/meilisearch.go:15	Failed to initialize Meilisearch	{"error": "failed to connect to meilisearch: MeilisearchCommunicationError unable to execute request (path \"GET /indexes\" with method \"GetIndexes\"): Get \"http://119.29.82.70:7700/indexes\": dial tcp 119.29.82.70:7700: connect: connection refused"}
github.com/flipped-aurora/gin-vue-admin/server/initialize.InitMeilisearch
	/Users/a1/data/go/gin-vue-admin/server/initialize/meilisearch.go:15
main.initializeSystem
	/Users/a1/data/go/gin-vue-admin/server/main.go:47
main.main
	/Users/a1/data/go/gin-vue-admin/server/main.go:32
runtime.main
	/usr/local/go/src/runtime/proc.go:290
[github.com/flipped-aurora/gin-vue-admin/server]2026-08-09 09:55:26.922	[31merror[0m	/Users/a1/data/go/gin-vue-admin/server/service/quant/meilisearch.go:39	Failed to connect to Meilisearch	{"url": "http://119.29.82.70:7700", "error": "MeilisearchCommunicationError unable to execute request (path \"GET /indexes\" with method \"GetIndexes\"): Get \"http://119.29.82.70:7700/indexes\": dial tcp 119.29.82.70:7700: connect: connection refused"}
github.com/flipped-aurora/gin-vue-admin/server/service/quant.(*MeilisearchService).InitializeMeilisearch
	/Users/a1/data/go/gin-vue-admin/server/service/quant/meilisearch.go:39
github.com/flipped-aurora/gin-vue-admin/server/initialize.InitMeilisearch
	/Users/a1/data/go/gin-vue-admin/server/initialize/meilisearch.go:14
main.initializeSystem
	/Users/a1/data/go/gin-vue-admin/server/main.go:47
main.main
	/Users/a1/data/go/gin-vue-admin/server/main.go:32
runtime.main
	/usr/local/go/src/runtime/proc.go:290
[github.com/flipped-aurora/gin-vue-admin/server]2026-08-09 09:55:27.096	[31merror[0m	/Users/a1/data/go/gin-vue-admin/server/initialize/meilisearch.go:15	Failed to initialize Meilisearch	{"error": "failed to connect to meilisearch: MeilisearchCommunicationError unable to execute request (path \"GET /indexes\" with method \"GetIndexes\"): Get \"http://119.29.82.70:7700/indexes\": dial tcp 119.29.82.70:7700: connect: connection refused"}
github.com/flipped-aurora/gin-vue-admin/server/initialize.InitMeilisearch
	/Users/a1/data/go/gin-vue-admin/server/initialize/meilisearch.go:15
main.initializeSystem
	/Users/a1/data/go/gin-vue-admin/server/main.go:47
main.main
	/Users/a1/data/go/gin-vue-admin/server/main.go:32
runtime.main
	/usr/local/go/src/runtime/proc.go:290
[github.com/flipped-aurora/gin-vue-admin/server]2026-08-09 09:55:49.306	[31merror[0m	/Users/a1/data/go/gin-vue-admin/server/service/quant/meilisearch.go:39	Failed to connect to Meilisearch	{"url": "http://119.29.82.70:7700", "error": "MeilisearchCommunicationError unable to execute request (path \"GET /indexes\" with method \"GetIndexes\"): Get \"http://119.29.82.70:7700/indexes\": dial tcp 119.29.82.70:7700: connect: connection refused"}
github.com/flipped-aurora/gin-vue-admin/server/service/quant.(*MeilisearchService).InitializeMeilisearch
	/Users/a1/data/go/gin-vue-admin/server/service/quant/meilisearch.go:39
github.com/flipped-aurora/gin-vue-admin/server/initialize.InitMeilisearch
	/Users/a1/data/go/gin-vue-admin/server/initialize/meilisearch.go:14
main.initializeSystem
	/Users/a1/data/go/gin-vue-admin/server/main.go:47
main.main
	/Users/a1/data/go/gin-vue-admin/server/main.go:32
runtime.main
	/usr/local/go/src/runtime/proc.go:290
[github.com/flipped-aurora/gin-vue-admin/server]2026-08-09 09:55:49.478	[31merror[0m	/Users/a1/data/go/gin-vue-admin/server/initialize/meilisearch.go:15	Failed to initialize Meilisearch	{"error": "failed to connect to meilisearch: MeilisearchCommunicationError unable to execute request (path \"GET /indexes\" with method \"GetIndexes\"): Get \"http://119.29.82.70:7700/indexes\": dial tcp 119.29.82.70:7700: connect: connection refused"}
github.com/flipped-aurora/gin-vue-admin/server/initialize.InitMeilisearch
	/Users/a1/data/go/gin-vue-admin/server/initialize/meilisearch.go:15
main.initializeSystem
	/Users/a1/data/go/gin-vue-admin/server/main.go:47
main.main
	/Users/a1/data/go/gin-vue-admin/server/main.go:32
runtime.main
	/usr/local/go/src/runtime/proc.go:290
[github.com/flipped-aurora/gin-vue-admin/server]2026-08-09 09:55:56.681	[31merror[0m	/Users/a1/data/go/gin-vue-admin/server/service/quant/meilisearch.go:39	Failed to connect to Meilisearch	{"url": "http://119.29.82.70:7700", "error": "MeilisearchCommunicationError unable to execute request (path \"GET /indexes\" with method \"GetIndexes\"): Get \"http://119.29.82.70:7700/indexes\": dial tcp 119.29.82.70:7700: connect: connection refused"}
github.com/flipped-aurora/gin-vue-admin/server/service/quant.(*MeilisearchService).InitializeMeilisearch
	/Users/a1/data/go/gin-vue-admin/server/service/quant/meilisearch.go:39
github.com/flipped-aurora/gin-vue-admin/server/initialize.InitMeilisearch
	/Users/a1/data/go/gin-vue-admin/server/initialize/meilisearch.go:14
main.initializeSystem
	/Users/a1/data/go/gin-vue-admin/server/main.go:47
main.main
	/Users/a1/data/go/gin-vue-admin/server/main.go:32
runtime.main
	/usr/local/go/src/runtime/proc.go:290
[github.com/flipped-aurora/gin-vue-admin/server]2026-08-09 09:55:56.870	[31merror[0m	/Users/a1/data/go/gin-vue-admin/server/initialize/meilisearch.go:15	Failed to initialize Meilisearch	{"error": "failed to connect to meilisearch: MeilisearchCommunicationError unable to execute request (path \"GET /indexes\" with method \"GetIndexes\"): Get \"http://119.29.82.70:7700/indexes\": dial tcp 119.29.82.70:7700: connect: connection refused"}
github.com/flipped-aurora/gin-vue-admin/server/initialize.InitMeilisearch
	/Users/a1/data/go/gin-vue-admin/server/initialize/meilisearch.go:15
main.initializeSystem
	/Users/a1/data/go/gin-vue-admin/server/main.go:47
main.main
	/Users/a1/data/go/gin-vue-admin/server/main.go:32
runtime.main
	/usr/local/go/src/runtime/proc.go:290
[github.com/flipped-aurora/gin-vue-admin/server]2026-08-09 09:56:34.195	[31merror[0m	/Users/a1/data/go/gin-vue-admin/server/service/quant/meilisearch.go:39	Failed to connect to Meilisearch	{"url": "http://119.29.82.70:7700", "error": "MeilisearchCommunicationError unable to execute request (path \"GET /indexes\" with method \"GetIndexes\"): Get \"http://119.29.82.70:7700/indexes\": dial tcp 119.29.82.70:7700: connect: connection refused"}
github.com/flipped-aurora/gin-vue-admin/server/service/quant.(*MeilisearchService).InitializeMeilisearch
	/Users/a1/data/go/gin-vue-admin/server/service/quant/meilisearch.go:39
github.com/flipped-aurora/gin-vue-admin/server/initialize.InitMeilisearch
	/Users/a1/data/go/gin-vue-admin/server/initialize/meilisearch.go:14
main.initializeSystem
	/Users/a1/data/go/gin-vue-admin/server/main.go:47
main.main
	/Users/a1/data/go/gin-vue-admin/server/main.go:32
runtime.main
	/usr/local/go/src/runtime/proc.go:290
[github.com/flipped-aurora/gin-vue-admin/server]2026-08-09 09:56:34.367	[31merror[0m	/Users/a1/data/go/gin-vue-admin/server/initialize/meilisearch.go:15	Failed to initialize Meilisearch	{"error": "failed to connect to meilisearch: MeilisearchCommunicationError unable to execute request (path \"GET /indexes\" with method \"GetIndexes\"): Get \"http://119.29.82.70:7700/indexes\": dial tcp 119.29.82.70:7700: connect: connection refused"}
github.com/flipped-aurora/gin-vue-admin/server/initialize.InitMeilisearch
	/Users/a1/data/go/gin-vue-admin/server/initialize/meilisearch.go:15
main.initializeSystem
	/Users/a1/data/go/gin-vue-admin/server/main.go:47
main.main
	/Users/a1/data/go/gin-vue-admin/server/main.go:32
runtime.main
	/usr/local/go/src/runtime/proc.go:290
[github.com/flipped-aurora/gin-vue-admin/server]2026-08-09 09:57:36.293	[31merror[0m	/Users/a1/data/go/gin-vue-admin/server/service/quant/meilisearch.go:39	Failed to connect to Meilisearch	{"url": "http://119.29.82.70:7700", "error": "MeilisearchCommunicationError unable to execute request (path \"GET /indexes\" with method \"GetIndexes\"): Get \"http://119.29.82.70:7700/indexes\": dial tcp 119.29.82.70:7700: connect: connection refused"}
github.com/flipped-aurora/gin-vue-admin/server/service/quant.(*MeilisearchService).InitializeMeilisearch
	/Users/a1/data/go/gin-vue-admin/server/service/quant/meilisearch.go:39
github.com/flipped-aurora/gin-vue-admin/server/initialize.InitMeilisearch
	/Users/a1/data/go/gin-vue-admin/server/initialize/meilisearch.go:14
main.initializeSystem
	/Users/a1/data/go/gin-vue-admin/server/main.go:47
main.main
	/Users/a1/data/go/gin-vue-admin/server/main.go:32
runtime.main
	/usr/local/go/src/runtime/proc.go:290
[github.com/flipped-aurora/gin-vue-admin/server]2026-08-09 09:58:00.589	[31merror[0m	/Users/a1/data/go/gin-vue-admin/server/service/quant/meilisearch.go:39	Failed to connect to Meilisearch	{"url": "http://119.29.82.70:7700", "error": "MeilisearchCommunicationError unable to execute request (path \"GET /indexes\" with method \"GetIndexes\"): Get \"http://119.29.82.70:7700/indexes\": dial tcp 119.29.82.70:7700: connect: connection refused"}
github.com/flipped-aurora/gin-vue-admin/server/service/quant.(*MeilisearchService).InitializeMeilisearch
	/Users/a1/data/go/gin-vue-admin/server/service/quant/meilisearch.go:39
github.com/flipped-aurora/gin-vue-admin/server/initialize.InitMeilisearch
	/Users/a1/data/go/gin-vue-admin/server/initialize/meilisearch.go:14
main.initializeSystem
	/Users/a1/data/go/gin-vue-admin/server/main.go:47
main.main
	/Users/a1/data/go/gin-vue-admin/server/main.go:32
runtime.main
	/usr/local/go/src/runtime/proc.go:290
[github.com/flipped-aurora/gin-vue-admin/server]2026-08-09 09:58:00.781	[31merror[0m	/Users/a1/data/go/gin-vue-admin/server/initialize/meilisearch.go:15	Failed to initialize Meilisearch	{"error": "failed to connect to meilisearch: MeilisearchCommunicationError unable to execute request (path \"GET /indexes\" with method \"GetIndexes\"): Get \"http://119.29.82.70:7700/indexes\": dial tcp 119.29.82.70:7700: connect: connection refused"}
github.com/flipped-aurora/gin-vue-admin/server/initialize.InitMeilisearch
	/Users/a1/data/go/gin-vue-admin/server/initialize/meilisearch.go:15
main.initializeSystem
	/Users/a1/data/go/gin-vue-admin/server/main.go:47
main.main
	/Users/a1/data/go/gin-vue-admin/server/main.go:32
runtime.main
	/usr/local/go/src/runtime/proc.go:290
[github.com/flipped-aurora/gin-vue-admin/server]2026-08-09 10:24:34.093	[31merror[0m	/Users/a1/data/go/gin-vue-admin/server/api/v1/quant/theme_stock.go:216	AI添加题材股票失败!	{"error": "大模型(豆包)接口返回异常(401): {\"error\":{\"code\":\"AuthenticationError\",\"message\":\"The API key format is incorrect. Request id: 021786242274231b6ab61b028b46eec1be4b86a7f38a82bdabca8\",\"param\":\"\",\"type\":\"Unauthorized\"}}"}
github.com/flipped-aurora/gin-vue-admin/server/api/v1/quant.(*ThemeStockApi).AiAddThemeStocks
	/Users/a1/data/go/gin-vue-admin/server/api/v1/quant/theme_stock.go:216
github.com/gin-gonic/gin.(*Context).Next
	/Users/a1/go/pkg/mod/github.com/gin-gonic/gin@v1.10.0/context.go:185
github.com/flipped-aurora/gin-vue-admin/server/router/quant.(*ThemeStockRouter).InitThemeStockRouter.OperationRecord.func1
	/Users/a1/data/go/gin-vue-admin/server/middleware/operation.go:93
github.com/gin-gonic/gin.(*Context).Next
	/Users/a1/go/pkg/mod/github.com/gin-gonic/gin@v1.10.0/context.go:185
github.com/flipped-aurora/gin-vue-admin/server/initialize.Routers.CasbinHandler.func4
	/Users/a1/data/go/gin-vue-admin/server/middleware/casbin_rbac.go:30
github.com/gin-gonic/gin.(*Context).Next
	/Users/a1/go/pkg/mod/github.com/gin-gonic/gin@v1.10.0/context.go:185
github.com/flipped-aurora/gin-vue-admin/server/initialize.Routers.JWTAuth.func3
	/Users/a1/data/go/gin-vue-admin/server/middleware/jwt.go:69
github.com/gin-gonic/gin.(*Context).Next
	/Users/a1/go/pkg/mod/github.com/gin-gonic/gin@v1.10.0/context.go:185
github.com/gin-gonic/gin.LoggerWithConfig.func1
	/Users/a1/go/pkg/mod/github.com/gin-gonic/gin@v1.10.0/logger.go:249
github.com/gin-gonic/gin.(*Context).Next
	/Users/a1/go/pkg/mod/github.com/gin-gonic/gin@v1.10.0/context.go:185
github.com/flipped-aurora/gin-vue-admin/server/initialize.Routers.GinRecovery.func2
	/Users/a1/data/go/gin-vue-admin/server/middleware/error.go:78
github.com/gin-gonic/gin.(*Context).Next
	/Users/a1/go/pkg/mod/github.com/gin-gonic/gin@v1.10.0/context.go:185
github.com/gin-gonic/gin.(*Engine).handleHTTPRequest
	/Users/a1/go/pkg/mod/github.com/gin-gonic/gin@v1.10.0/gin.go:633
github.com/gin-gonic/gin.(*Engine).ServeHTTP
	/Users/a1/go/pkg/mod/github.com/gin-gonic/gin@v1.10.0/gin.go:589
net/http.serverHandler.ServeHTTP
	/usr/local/go/src/net/http/server.go:3311
net/http.(*conn).serve
	/usr/local/go/src/net/http/server.go:2073
[github.com/flipped-aurora/gin-vue-admin/server]2026-08-09 11:10:27.996	[31merror[0m	/Users/a1/data/go/gin-vue-admin/server/service/quant/meilisearch.go:39	Failed to connect to Meilisearch	{"url": "http://119.29.82.70:7700", "error": "MeilisearchCommunicationError unable to execute request (path \"GET /indexes\" with method \"GetIndexes\"): Get \"http://119.29.82.70:7700/indexes\": dial tcp 119.29.82.70:7700: connect: connection refused"}
github.com/flipped-aurora/gin-vue-admin/server/service/quant.(*MeilisearchService).InitializeMeilisearch
	/Users/a1/data/go/gin-vue-admin/server/service/quant/meilisearch.go:39
github.com/flipped-aurora/gin-vue-admin/server/initialize.InitMeilisearch
	/Users/a1/data/go/gin-vue-admin/server/initialize/meilisearch.go:14
main.initializeSystem
	/Users/a1/data/go/gin-vue-admin/server/main.go:47
main.main
	/Users/a1/data/go/gin-vue-admin/server/main.go:32
runtime.main
	/usr/local/go/src/runtime/proc.go:290
[github.com/flipped-aurora/gin-vue-admin/server]2026-08-09 11:10:28.184	[31merror[0m	/Users/a1/data/go/gin-vue-admin/server/initialize/meilisearch.go:15	Failed to initialize Meilisearch	{"error": "failed to connect to meilisearch: MeilisearchCommunicationError unable to execute request (path \"GET /indexes\" with method \"GetIndexes\"): Get \"http://119.29.82.70:7700/indexes\": dial tcp 119.29.82.70:7700: connect: connection refused"}
github.com/flipped-aurora/gin-vue-admin/server/initialize.InitMeilisearch
	/Users/a1/data/go/gin-vue-admin/server/initialize/meilisearch.go:15
main.initializeSystem
	/Users/a1/data/go/gin-vue-admin/server/main.go:47
main.main
	/Users/a1/data/go/gin-vue-admin/server/main.go:32
runtime.main
	/usr/local/go/src/runtime/proc.go:290
[github.com/flipped-aurora/gin-vue-admin/server]2026-08-09 11:10:35.554	[31merror[0m	/Users/a1/data/go/gin-vue-admin/server/service/quant/meilisearch.go:39	Failed to connect to Meilisearch	{"url": "http://119.29.82.70:7700", "error": "MeilisearchCommunicationError unable to execute request (path \"GET /indexes\" with method \"GetIndexes\"): Get \"http://119.29.82.70:7700/indexes\": dial tcp 119.29.82.70:7700: connect: connection refused"}
github.com/flipped-aurora/gin-vue-admin/server/service/quant.(*MeilisearchService).InitializeMeilisearch
	/Users/a1/data/go/gin-vue-admin/server/service/quant/meilisearch.go:39
github.com/flipped-aurora/gin-vue-admin/server/initialize.InitMeilisearch
	/Users/a1/data/go/gin-vue-admin/server/initialize/meilisearch.go:14
main.initializeSystem
	/Users/a1/data/go/gin-vue-admin/server/main.go:47
main.main
	/Users/a1/data/go/gin-vue-admin/server/main.go:32
runtime.main
	/usr/local/go/src/runtime/proc.go:290
[github.com/flipped-aurora/gin-vue-admin/server]2026-08-09 11:10:35.747	[31merror[0m	/Users/a1/data/go/gin-vue-admin/server/initialize/meilisearch.go:15	Failed to initialize Meilisearch	{"error": "failed to connect to meilisearch: MeilisearchCommunicationError unable to execute request (path \"GET /indexes\" with method \"GetIndexes\"): Get \"http://119.29.82.70:7700/indexes\": dial tcp 119.29.82.70:7700: connect: connection refused"}
github.com/flipped-aurora/gin-vue-admin/server/initialize.InitMeilisearch
	/Users/a1/data/go/gin-vue-admin/server/initialize/meilisearch.go:15
main.initializeSystem
	/Users/a1/data/go/gin-vue-admin/server/main.go:47
main.main
	/Users/a1/data/go/gin-vue-admin/server/main.go:32
runtime.main
	/usr/local/go/src/runtime/proc.go:290
[github.com/flipped-aurora/gin-vue-admin/server]2026-08-09 11:11:06.784	[31merror[0m	/Users/a1/data/go/gin-vue-admin/server/service/quant/meilisearch.go:39	Failed to connect to Meilisearch	{"url": "http://119.29.82.70:7700", "error": "MeilisearchCommunicationError unable to execute request (path \"GET /indexes\" with method \"GetIndexes\"): Get \"http://119.29.82.70:7700/indexes\": dial tcp 119.29.82.70:7700: connect: connection refused"}
github.com/flipped-aurora/gin-vue-admin/server/service/quant.(*MeilisearchService).InitializeMeilisearch
	/Users/a1/data/go/gin-vue-admin/server/service/quant/meilisearch.go:39
github.com/flipped-aurora/gin-vue-admin/server/initialize.InitMeilisearch
	/Users/a1/data/go/gin-vue-admin/server/initialize/meilisearch.go:14
main.initializeSystem
	/Users/a1/data/go/gin-vue-admin/server/main.go:47
main.main
	/Users/a1/data/go/gin-vue-admin/server/main.go:32
runtime.main
	/usr/local/go/src/runtime/proc.go:290
[github.com/flipped-aurora/gin-vue-admin/server]2026-08-09 11:11:06.972	[31merror[0m	/Users/a1/data/go/gin-vue-admin/server/initialize/meilisearch.go:15	Failed to initialize Meilisearch	{"error": "failed to connect to meilisearch: MeilisearchCommunicationError unable to execute request (path \"GET /indexes\" with method \"GetIndexes\"): Get \"http://119.29.82.70:7700/indexes\": dial tcp 119.29.82.70:7700: connect: connection refused"}
github.com/flipped-aurora/gin-vue-admin/server/initialize.InitMeilisearch
	/Users/a1/data/go/gin-vue-admin/server/initialize/meilisearch.go:15
main.initializeSystem
	/Users/a1/data/go/gin-vue-admin/server/main.go:47
main.main
	/Users/a1/data/go/gin-vue-admin/server/main.go:32
runtime.main
	/usr/local/go/src/runtime/proc.go:290
[github.com/flipped-aurora/gin-vue-admin/server]2026-08-09 11:11:17.785	[31merror[0m	/Users/a1/data/go/gin-vue-admin/server/service/quant/meilisearch.go:39	Failed to connect to Meilisearch	{"url": "http://119.29.82.70:7700", "error": "MeilisearchCommunicationError unable to execute request (path \"GET /indexes\" with method \"GetIndexes\"): Get \"http://119.29.82.70:7700/indexes\": dial tcp 119.29.82.70:7700: connect: connection refused"}
github.com/flipped-aurora/gin-vue-admin/server/service/quant.(*MeilisearchService).InitializeMeilisearch
	/Users/a1/data/go/gin-vue-admin/server/service/quant/meilisearch.go:39
github.com/flipped-aurora/gin-vue-admin/server/initialize.InitMeilisearch
	/Users/a1/data/go/gin-vue-admin/server/initialize/meilisearch.go:14
main.initializeSystem
	/Users/a1/data/go/gin-vue-admin/server/main.go:47
main.main
	/Users/a1/data/go/gin-vue-admin/server/main.go:32
runtime.main
	/usr/local/go/src/runtime/proc.go:290
[github.com/flipped-aurora/gin-vue-admin/server]2026-08-09 11:11:17.963	[31merror[0m	/Users/a1/data/go/gin-vue-admin/server/initialize/meilisearch.go:15	Failed to initialize Meilisearch	{"error": "failed to connect to meilisearch: MeilisearchCommunicationError unable to execute request (path \"GET /indexes\" with method \"GetIndexes\"): Get \"http://119.29.82.70:7700/indexes\": dial tcp 119.29.82.70:7700: connect: connection refused"}
github.com/flipped-aurora/gin-vue-admin/server/initialize.InitMeilisearch
	/Users/a1/data/go/gin-vue-admin/server/initialize/meilisearch.go:15
main.initializeSystem
	/Users/a1/data/go/gin-vue-admin/server/main.go:47
main.main
	/Users/a1/data/go/gin-vue-admin/server/main.go:32
runtime.main
	/usr/local/go/src/runtime/proc.go:290
[github.com/flipped-aurora/gin-vue-admin/server]2026-08-09 12:13:26.246	[31merror[0m	/Users/a1/data/go/gin-vue-admin/server/service/quant/meilisearch.go:39	Failed to connect to Meilisearch	{"url": "http://119.29.82.70:7700", "error": "MeilisearchCommunicationError unable to execute request (path \"GET /indexes\" with method \"GetIndexes\"): Get \"http://119.29.82.70:7700/indexes\": dial tcp 119.29.82.70:7700: connect: connection refused"}
github.com/flipped-aurora/gin-vue-admin/server/service/quant.(*MeilisearchService).InitializeMeilisearch
	/Users/a1/data/go/gin-vue-admin/server/service/quant/meilisearch.go:39
github.com/flipped-aurora/gin-vue-admin/server/initialize.InitMeilisearch
	/Users/a1/data/go/gin-vue-admin/server/initialize/meilisearch.go:14
main.initializeSystem
	/Users/a1/data/go/gin-vue-admin/server/main.go:47
main.main
	/Users/a1/data/go/gin-vue-admin/server/main.go:32
runtime.main
	/usr/local/go/src/runtime/proc.go:290
[github.com/flipped-aurora/gin-vue-admin/server]2026-08-09 12:13:26.419	[31merror[0m	/Users/a1/data/go/gin-vue-admin/server/initialize/meilisearch.go:15	Failed to initialize Meilisearch	{"error": "failed to connect to meilisearch: MeilisearchCommunicationError unable to execute request (path \"GET /indexes\" with method \"GetIndexes\"): Get \"http://119.29.82.70:7700/indexes\": dial tcp 119.29.82.70:7700: connect: connection refused"}
github.com/flipped-aurora/gin-vue-admin/server/initialize.InitMeilisearch
	/Users/a1/data/go/gin-vue-admin/server/initialize/meilisearch.go:15
main.initializeSystem
	/Users/a1/data/go/gin-vue-admin/server/main.go:47
main.main
	/Users/a1/data/go/gin-vue-admin/server/main.go:32
runtime.main
	/usr/local/go/src/runtime/proc.go:290
[github.com/flipped-aurora/gin-vue-admin/server]2026-08-09 12:13:52.241	[31merror[0m	/Users/a1/data/go/gin-vue-admin/server/service/quant/meilisearch.go:39	Failed to connect to Meilisearch	{"url": "http://119.29.82.70:7700", "error": "MeilisearchCommunicationError unable to execute request (path \"GET /indexes\" with method \"GetIndexes\"): Get \"http://119.29.82.70:7700/indexes\": dial tcp 119.29.82.70:7700: connect: connection refused"}
github.com/flipped-aurora/gin-vue-admin/server/service/quant.(*MeilisearchService).InitializeMeilisearch
	/Users/a1/data/go/gin-vue-admin/server/service/quant/meilisearch.go:39
github.com/flipped-aurora/gin-vue-admin/server/initialize.InitMeilisearch
	/Users/a1/data/go/gin-vue-admin/server/initialize/meilisearch.go:14
main.initializeSystem
	/Users/a1/data/go/gin-vue-admin/server/main.go:47
main.main
	/Users/a1/data/go/gin-vue-admin/server/main.go:32
runtime.main
	/usr/local/go/src/runtime/proc.go:290
[github.com/flipped-aurora/gin-vue-admin/server]2026-08-09 12:13:52.412	[31merror[0m	/Users/a1/data/go/gin-vue-admin/server/initialize/meilisearch.go:15	Failed to initialize Meilisearch	{"error": "failed to connect to meilisearch: MeilisearchCommunicationError unable to execute request (path \"GET /indexes\" with method \"GetIndexes\"): Get \"http://119.29.82.70:7700/indexes\": dial tcp 119.29.82.70:7700: connect: connection refused"}
github.com/flipped-aurora/gin-vue-admin/server/initialize.InitMeilisearch
	/Users/a1/data/go/gin-vue-admin/server/initialize/meilisearch.go:15
main.initializeSystem
	/Users/a1/data/go/gin-vue-admin/server/main.go:47
main.main
	/Users/a1/data/go/gin-vue-admin/server/main.go:32
runtime.main
	/usr/local/go/src/runtime/proc.go:290
[github.com/flipped-aurora/gin-vue-admin/server]2026-08-09 12:13:55.101	[31merror[0m	/Users/a1/data/go/gin-vue-admin/server/service/quant/meilisearch.go:39	Failed to connect to Meilisearch	{"url": "http://119.29.82.70:7700", "error": "MeilisearchCommunicationError unable to execute request (path \"GET /indexes\" with method \"GetIndexes\"): Get \"http://119.29.82.70:7700/indexes\": dial tcp 119.29.82.70:7700: connect: connection refused"}
github.com/flipped-aurora/gin-vue-admin/server/service/quant.(*MeilisearchService).InitializeMeilisearch
	/Users/a1/data/go/gin-vue-admin/server/service/quant/meilisearch.go:39
github.com/flipped-aurora/gin-vue-admin/server/initialize.InitMeilisearch
	/Users/a1/data/go/gin-vue-admin/server/initialize/meilisearch.go:14
main.initializeSystem
	/Users/a1/data/go/gin-vue-admin/server/main.go:47
main.main
	/Users/a1/data/go/gin-vue-admin/server/main.go:32
runtime.main
	/usr/local/go/src/runtime/proc.go:290
[github.com/flipped-aurora/gin-vue-admin/server]2026-08-09 12:13:55.296	[31merror[0m	/Users/a1/data/go/gin-vue-admin/server/initialize/meilisearch.go:15	Failed to initialize Meilisearch	{"error": "failed to connect to meilisearch: MeilisearchCommunicationError unable to execute request (path \"GET /indexes\" with method \"GetIndexes\"): Get \"http://119.29.82.70:7700/indexes\": dial tcp 119.29.82.70:7700: connect: connection refused"}
github.com/flipped-aurora/gin-vue-admin/server/initialize.InitMeilisearch
	/Users/a1/data/go/gin-vue-admin/server/initialize/meilisearch.go:15
main.initializeSystem
	/Users/a1/data/go/gin-vue-admin/server/main.go:47
main.main
	/Users/a1/data/go/gin-vue-admin/server/main.go:32
runtime.main
	/usr/local/go/src/runtime/proc.go:290
[github.com/flipped-aurora/gin-vue-admin/server]2026-08-09 12:18:51.039	[31merror[0m	/Users/a1/data/go/gin-vue-admin/server/service/quant/meilisearch.go:39	Failed to connect to Meilisearch	{"url": "http://119.29.82.70:7700", "error": "MeilisearchCommunicationError unable to execute request (path \"GET /indexes\" with method \"GetIndexes\"): Get \"http://119.29.82.70:7700/indexes\": dial tcp 119.29.82.70:7700: connect: connection refused"}
github.com/flipped-aurora/gin-vue-admin/server/service/quant.(*MeilisearchService).InitializeMeilisearch
	/Users/a1/data/go/gin-vue-admin/server/service/quant/meilisearch.go:39
github.com/flipped-aurora/gin-vue-admin/server/initialize.InitMeilisearch
	/Users/a1/data/go/gin-vue-admin/server/initialize/meilisearch.go:14
main.initializeSystem
	/Users/a1/data/go/gin-vue-admin/server/main.go:47
main.main
	/Users/a1/data/go/gin-vue-admin/server/main.go:32
runtime.main
	/usr/local/go/src/runtime/proc.go:290
[github.com/flipped-aurora/gin-vue-admin/server]2026-08-09 12:18:51.230	[31merror[0m	/Users/a1/data/go/gin-vue-admin/server/initialize/meilisearch.go:15	Failed to initialize Meilisearch	{"error": "failed to connect to meilisearch: MeilisearchCommunicationError unable to execute request (path \"GET /indexes\" with method \"GetIndexes\"): Get \"http://119.29.82.70:7700/indexes\": dial tcp 119.29.82.70:7700: connect: connection refused"}
github.com/flipped-aurora/gin-vue-admin/server/initialize.InitMeilisearch
	/Users/a1/data/go/gin-vue-admin/server/initialize/meilisearch.go:15
main.initializeSystem
	/Users/a1/data/go/gin-vue-admin/server/main.go:47
main.main
	/Users/a1/data/go/gin-vue-admin/server/main.go:32
runtime.main
	/usr/local/go/src/runtime/proc.go:290
[github.com/flipped-aurora/gin-vue-admin/server]2026-08-09 12:19:04.703	[31merror[0m	/Users/a1/data/go/gin-vue-admin/server/service/quant/meilisearch.go:39	Failed to connect to Meilisearch	{"url": "http://119.29.82.70:7700", "error": "MeilisearchCommunicationError unable to execute request (path \"GET /indexes\" with method \"GetIndexes\"): Get \"http://119.29.82.70:7700/indexes\": dial tcp 119.29.82.70:7700: connect: connection refused"}
github.com/flipped-aurora/gin-vue-admin/server/service/quant.(*MeilisearchService).InitializeMeilisearch
	/Users/a1/data/go/gin-vue-admin/server/service/quant/meilisearch.go:39
github.com/flipped-aurora/gin-vue-admin/server/initialize.InitMeilisearch
	/Users/a1/data/go/gin-vue-admin/server/initialize/meilisearch.go:14
main.initializeSystem
	/Users/a1/data/go/gin-vue-admin/server/main.go:47
main.main
	/Users/a1/data/go/gin-vue-admin/server/main.go:32
runtime.main
	/usr/local/go/src/runtime/proc.go:290
[github.com/flipped-aurora/gin-vue-admin/server]2026-08-09 12:19:04.899	[31merror[0m	/Users/a1/data/go/gin-vue-admin/server/initialize/meilisearch.go:15	Failed to initialize Meilisearch	{"error": "failed to connect to meilisearch: MeilisearchCommunicationError unable to execute request (path \"GET /indexes\" with method \"GetIndexes\"): Get \"http://119.29.82.70:7700/indexes\": dial tcp 119.29.82.70:7700: connect: connection refused"}
github.com/flipped-aurora/gin-vue-admin/server/initialize.InitMeilisearch
	/Users/a1/data/go/gin-vue-admin/server/initialize/meilisearch.go:15
main.initializeSystem
	/Users/a1/data/go/gin-vue-admin/server/main.go:47
main.main
	/Users/a1/data/go/gin-vue-admin/server/main.go:32
runtime.main
	/usr/local/go/src/runtime/proc.go:290
[github.com/flipped-aurora/gin-vue-admin/server]2026-08-09 12:19:25.934	[31merror[0m	/Users/a1/data/go/gin-vue-admin/server/service/quant/meilisearch.go:39	Failed to connect to Meilisearch	{"url": "http://119.29.82.70:7700", "error": "MeilisearchCommunicationError unable to execute request (path \"GET /indexes\" with method \"GetIndexes\"): Get \"http://119.29.82.70:7700/indexes\": dial tcp 119.29.82.70:7700: connect: connection refused"}
github.com/flipped-aurora/gin-vue-admin/server/service/quant.(*MeilisearchService).InitializeMeilisearch
	/Users/a1/data/go/gin-vue-admin/server/service/quant/meilisearch.go:39
github.com/flipped-aurora/gin-vue-admin/server/initialize.InitMeilisearch
	/Users/a1/data/go/gin-vue-admin/server/initialize/meilisearch.go:14
main.initializeSystem
	/Users/a1/data/go/gin-vue-admin/server/main.go:47
main.main
	/Users/a1/data/go/gin-vue-admin/server/main.go:32
runtime.main
	/usr/local/go/src/runtime/proc.go:290
[github.com/flipped-aurora/gin-vue-admin/server]2026-08-09 12:19:26.133	[31merror[0m	/Users/a1/data/go/gin-vue-admin/server/initialize/meilisearch.go:15	Failed to initialize Meilisearch	{"error": "failed to connect to meilisearch: MeilisearchCommunicationError unable to execute request (path \"GET /indexes\" with method \"GetIndexes\"): Get \"http://119.29.82.70:7700/indexes\": dial tcp 119.29.82.70:7700: connect: connection refused"}
github.com/flipped-aurora/gin-vue-admin/server/initialize.InitMeilisearch
	/Users/a1/data/go/gin-vue-admin/server/initialize/meilisearch.go:15
main.initializeSystem
	/Users/a1/data/go/gin-vue-admin/server/main.go:47
main.main
	/Users/a1/data/go/gin-vue-admin/server/main.go:32
runtime.main
	/usr/local/go/src/runtime/proc.go:290
[github.com/flipped-aurora/gin-vue-admin/server]2026-08-09 12:20:09.179	[31merror[0m	/Users/a1/data/go/gin-vue-admin/server/service/quant/meilisearch.go:39	Failed to connect to Meilisearch	{"url": "http://119.29.82.70:7700", "error": "MeilisearchCommunicationError unable to execute request (path \"GET /indexes\" with method \"GetIndexes\"): Get \"http://119.29.82.70:7700/indexes\": dial tcp 119.29.82.70:7700: connect: connection refused"}
github.com/flipped-aurora/gin-vue-admin/server/service/quant.(*MeilisearchService).InitializeMeilisearch
	/Users/a1/data/go/gin-vue-admin/server/service/quant/meilisearch.go:39
github.com/flipped-aurora/gin-vue-admin/server/initialize.InitMeilisearch
	/Users/a1/data/go/gin-vue-admin/server/initialize/meilisearch.go:14
main.initializeSystem
	/Users/a1/data/go/gin-vue-admin/server/main.go:47
main.main
	/Users/a1/data/go/gin-vue-admin/server/main.go:32
runtime.main
	/usr/local/go/src/runtime/proc.go:290
[github.com/flipped-aurora/gin-vue-admin/server]2026-08-09 12:20:09.341	[31merror[0m	/Users/a1/data/go/gin-vue-admin/server/initialize/meilisearch.go:15	Failed to initialize Meilisearch	{"error": "failed to connect to meilisearch: MeilisearchCommunicationError unable to execute request (path \"GET /indexes\" with method \"GetIndexes\"): Get \"http://119.29.82.70:7700/indexes\": dial tcp 119.29.82.70:7700: connect: connection refused"}
github.com/flipped-aurora/gin-vue-admin/server/initialize.InitMeilisearch
	/Users/a1/data/go/gin-vue-admin/server/initialize/meilisearch.go:15
main.initializeSystem
	/Users/a1/data/go/gin-vue-admin/server/main.go:47
main.main
	/Users/a1/data/go/gin-vue-admin/server/main.go:32
runtime.main
	/usr/local/go/src/runtime/proc.go:290
[github.com/flipped-aurora/gin-vue-admin/server]2026-08-09 12:20:19.964	[31merror[0m	/Users/a1/data/go/gin-vue-admin/server/service/quant/meilisearch.go:39	Failed to connect to Meilisearch	{"url": "http://119.29.82.70:7700", "error": "MeilisearchCommunicationError unable to execute request (path \"GET /indexes\" with method \"GetIndexes\"): Get \"http://119.29.82.70:7700/indexes\": dial tcp 119.29.82.70:7700: connect: connection refused"}
github.com/flipped-aurora/gin-vue-admin/server/service/quant.(*MeilisearchService).InitializeMeilisearch
	/Users/a1/data/go/gin-vue-admin/server/service/quant/meilisearch.go:39
github.com/flipped-aurora/gin-vue-admin/server/initialize.InitMeilisearch
	/Users/a1/data/go/gin-vue-admin/server/initialize/meilisearch.go:14
main.initializeSystem
	/Users/a1/data/go/gin-vue-admin/server/main.go:47
main.main
	/Users/a1/data/go/gin-vue-admin/server/main.go:32
runtime.main
	/usr/local/go/src/runtime/proc.go:290
[github.com/flipped-aurora/gin-vue-admin/server]2026-08-09 12:20:20.147	[31merror[0m	/Users/a1/data/go/gin-vue-admin/server/initialize/meilisearch.go:15	Failed to initialize Meilisearch	{"error": "failed to connect to meilisearch: MeilisearchCommunicationError unable to execute request (path \"GET /indexes\" with method \"GetIndexes\"): Get \"http://119.29.82.70:7700/indexes\": dial tcp 119.29.82.70:7700: connect: connection refused"}
github.com/flipped-aurora/gin-vue-admin/server/initialize.InitMeilisearch
	/Users/a1/data/go/gin-vue-admin/server/initialize/meilisearch.go:15
main.initializeSystem
	/Users/a1/data/go/gin-vue-admin/server/main.go:47
main.main
	/Users/a1/data/go/gin-vue-admin/server/main.go:32
runtime.main
	/usr/local/go/src/runtime/proc.go:290
[github.com/flipped-aurora/gin-vue-admin/server]2026-08-09 12:21:03.383	[31merror[0m	/Users/a1/data/go/gin-vue-admin/server/service/quant/meilisearch.go:39	Failed to connect to Meilisearch	{"url": "http://119.29.82.70:7700", "error": "MeilisearchCommunicationError unable to execute request (path \"GET /indexes\" with method \"GetIndexes\"): Get \"http://119.29.82.70:7700/indexes\": dial tcp 119.29.82.70:7700: connect: connection refused"}
github.com/flipped-aurora/gin-vue-admin/server/service/quant.(*MeilisearchService).InitializeMeilisearch
	/Users/a1/data/go/gin-vue-admin/server/service/quant/meilisearch.go:39
github.com/flipped-aurora/gin-vue-admin/server/initialize.InitMeilisearch
	/Users/a1/data/go/gin-vue-admin/server/initialize/meilisearch.go:14
main.initializeSystem
	/Users/a1/data/go/gin-vue-admin/server/main.go:47
main.main
	/Users/a1/data/go/gin-vue-admin/server/main.go:32
runtime.main
	/usr/local/go/src/runtime/proc.go:290
[github.com/flipped-aurora/gin-vue-admin/server]2026-08-09 12:21:03.556	[31merror[0m	/Users/a1/data/go/gin-vue-admin/server/initialize/meilisearch.go:15	Failed to initialize Meilisearch	{"error": "failed to connect to meilisearch: MeilisearchCommunicationError unable to execute request (path \"GET /indexes\" with method \"GetIndexes\"): Get \"http://119.29.82.70:7700/indexes\": dial tcp 119.29.82.70:7700: connect: connection refused"}
github.com/flipped-aurora/gin-vue-admin/server/initialize.InitMeilisearch
	/Users/a1/data/go/gin-vue-admin/server/initialize/meilisearch.go:15
main.initializeSystem
	/Users/a1/data/go/gin-vue-admin/server/main.go:47
main.main
	/Users/a1/data/go/gin-vue-admin/server/main.go:32
runtime.main
	/usr/local/go/src/runtime/proc.go:290
[github.com/flipped-aurora/gin-vue-admin/server]2026-08-09 12:21:14.142	[31merror[0m	/Users/a1/data/go/gin-vue-admin/server/service/quant/meilisearch.go:39	Failed to connect to Meilisearch	{"url": "http://119.29.82.70:7700", "error": "MeilisearchCommunicationError unable to execute request (path \"GET /indexes\" with method \"GetIndexes\"): Get \"http://119.29.82.70:7700/indexes\": dial tcp 119.29.82.70:7700: connect: connection refused"}
github.com/flipped-aurora/gin-vue-admin/server/service/quant.(*MeilisearchService).InitializeMeilisearch
	/Users/a1/data/go/gin-vue-admin/server/service/quant/meilisearch.go:39
github.com/flipped-aurora/gin-vue-admin/server/initialize.InitMeilisearch
	/Users/a1/data/go/gin-vue-admin/server/initialize/meilisearch.go:14
main.initializeSystem
	/Users/a1/data/go/gin-vue-admin/server/main.go:47
main.main
	/Users/a1/data/go/gin-vue-admin/server/main.go:32
runtime.main
	/usr/local/go/src/runtime/proc.go:290
[github.com/flipped-aurora/gin-vue-admin/server]2026-08-09 12:21:14.353	[31merror[0m	/Users/a1/data/go/gin-vue-admin/server/initialize/meilisearch.go:15	Failed to initialize Meilisearch	{"error": "failed to connect to meilisearch: MeilisearchCommunicationError unable to execute request (path \"GET /indexes\" with method \"GetIndexes\"): Get \"http://119.29.82.70:7700/indexes\": dial tcp 119.29.82.70:7700: connect: connection refused"}
github.com/flipped-aurora/gin-vue-admin/server/initialize.InitMeilisearch
	/Users/a1/data/go/gin-vue-admin/server/initialize/meilisearch.go:15
main.initializeSystem
	/Users/a1/data/go/gin-vue-admin/server/main.go:47
main.main
	/Users/a1/data/go/gin-vue-admin/server/main.go:32
runtime.main
	/usr/local/go/src/runtime/proc.go:290
[github.com/flipped-aurora/gin-vue-admin/server]2026-08-09 12:22:19.711	[31merror[0m	/Users/a1/data/go/gin-vue-admin/server/service/quant/meilisearch.go:39	Failed to connect to Meilisearch	{"url": "http://119.29.82.70:7700", "error": "MeilisearchCommunicationError unable to execute request (path \"GET /indexes\" with method \"GetIndexes\"): Get \"http://119.29.82.70:7700/indexes\": dial tcp 119.29.82.70:7700: connect: connection refused"}
github.com/flipped-aurora/gin-vue-admin/server/service/quant.(*MeilisearchService).InitializeMeilisearch
	/Users/a1/data/go/gin-vue-admin/server/service/quant/meilisearch.go:39
github.com/flipped-aurora/gin-vue-admin/server/initialize.InitMeilisearch
	/Users/a1/data/go/gin-vue-admin/server/initialize/meilisearch.go:14
main.initializeSystem
	/Users/a1/data/go/gin-vue-admin/server/main.go:47
main.main
	/Users/a1/data/go/gin-vue-admin/server/main.go:32
runtime.main
	/usr/local/go/src/runtime/proc.go:290
[github.com/flipped-aurora/gin-vue-admin/server]2026-08-09 12:22:19.877	[31merror[0m	/Users/a1/data/go/gin-vue-admin/server/initialize/meilisearch.go:15	Failed to initialize Meilisearch	{"error": "failed to connect to meilisearch: MeilisearchCommunicationError unable to execute request (path \"GET /indexes\" with method \"GetIndexes\"): Get \"http://119.29.82.70:7700/indexes\": dial tcp 119.29.82.70:7700: connect: connection refused"}
github.com/flipped-aurora/gin-vue-admin/server/initialize.InitMeilisearch
	/Users/a1/data/go/gin-vue-admin/server/initialize/meilisearch.go:15
main.initializeSystem
	/Users/a1/data/go/gin-vue-admin/server/main.go:47
main.main
	/Users/a1/data/go/gin-vue-admin/server/main.go:32
runtime.main
	/usr/local/go/src/runtime/proc.go:290
[github.com/flipped-aurora/gin-vue-admin/server]2026-08-09 12:27:21.510	[31merror[0m	/Users/a1/data/go/gin-vue-admin/server/service/quant/meilisearch.go:39	Failed to connect to Meilisearch	{"url": "http://119.29.82.70:7700", "error": "MeilisearchCommunicationError unable to execute request (path \"GET /indexes\" with method \"GetIndexes\"): Get \"http://119.29.82.70:7700/indexes\": dial tcp 119.29.82.70:7700: connect: connection refused"}
github.com/flipped-aurora/gin-vue-admin/server/service/quant.(*MeilisearchService).InitializeMeilisearch
	/Users/a1/data/go/gin-vue-admin/server/service/quant/meilisearch.go:39
github.com/flipped-aurora/gin-vue-admin/server/initialize.InitMeilisearch
	/Users/a1/data/go/gin-vue-admin/server/initialize/meilisearch.go:14
main.initializeSystem
	/Users/a1/data/go/gin-vue-admin/server/main.go:47
main.main
	/Users/a1/data/go/gin-vue-admin/server/main.go:32
runtime.main
	/usr/local/go/src/runtime/proc.go:290
[github.com/flipped-aurora/gin-vue-admin/server]2026-08-09 12:27:21.694	[31merror[0m	/Users/a1/data/go/gin-vue-admin/server/initialize/meilisearch.go:15	Failed to initialize Meilisearch	{"error": "failed to connect to meilisearch: MeilisearchCommunicationError unable to execute request (path \"GET /indexes\" with method \"GetIndexes\"): Get \"http://119.29.82.70:7700/indexes\": dial tcp 119.29.82.70:7700: connect: connection refused"}
github.com/flipped-aurora/gin-vue-admin/server/initialize.InitMeilisearch
	/Users/a1/data/go/gin-vue-admin/server/initialize/meilisearch.go:15
main.initializeSystem
	/Users/a1/data/go/gin-vue-admin/server/main.go:47
main.main
	/Users/a1/data/go/gin-vue-admin/server/main.go:32
runtime.main
	/usr/local/go/src/runtime/proc.go:290
[github.com/flipped-aurora/gin-vue-admin/server]2026-08-09 12:27:49.070	[31merror[0m	/Users/a1/data/go/gin-vue-admin/server/service/quant/meilisearch.go:39	Failed to connect to Meilisearch	{"url": "http://119.29.82.70:7700", "error": "MeilisearchCommunicationError unable to execute request (path \"GET /indexes\" with method \"GetIndexes\"): Get \"http://119.29.82.70:7700/indexes\": dial tcp 119.29.82.70:7700: connect: connection refused"}
github.com/flipped-aurora/gin-vue-admin/server/service/quant.(*MeilisearchService).InitializeMeilisearch
	/Users/a1/data/go/gin-vue-admin/server/service/quant/meilisearch.go:39
github.com/flipped-aurora/gin-vue-admin/server/initialize.InitMeilisearch
	/Users/a1/data/go/gin-vue-admin/server/initialize/meilisearch.go:14
main.initializeSystem
	/Users/a1/data/go/gin-vue-admin/server/main.go:47
main.main
	/Users/a1/data/go/gin-vue-admin/server/main.go:32
runtime.main
	/usr/local/go/src/runtime/proc.go:290
[github.com/flipped-aurora/gin-vue-admin/server]2026-08-09 12:27:49.257	[31merror[0m	/Users/a1/data/go/gin-vue-admin/server/initialize/meilisearch.go:15	Failed to initialize Meilisearch	{"error": "failed to connect to meilisearch: MeilisearchCommunicationError unable to execute request (path \"GET /indexes\" with method \"GetIndexes\"): Get \"http://119.29.82.70:7700/indexes\": dial tcp 119.29.82.70:7700: connect: connection refused"}
github.com/flipped-aurora/gin-vue-admin/server/initialize.InitMeilisearch
	/Users/a1/data/go/gin-vue-admin/server/initialize/meilisearch.go:15
main.initializeSystem
	/Users/a1/data/go/gin-vue-admin/server/main.go:47
main.main
	/Users/a1/data/go/gin-vue-admin/server/main.go:32
runtime.main
	/usr/local/go/src/runtime/proc.go:290
[github.com/flipped-aurora/gin-vue-admin/server]2026-08-09 12:28:22.512	[31merror[0m	/Users/a1/data/go/gin-vue-admin/server/service/quant/meilisearch.go:39	Failed to connect to Meilisearch	{"url": "http://119.29.82.70:7700", "error": "MeilisearchCommunicationError unable to execute request (path \"GET /indexes\" with method \"GetIndexes\"): Get \"http://119.29.82.70:7700/indexes\": dial tcp 119.29.82.70:7700: connect: connection refused"}
github.com/flipped-aurora/gin-vue-admin/server/service/quant.(*MeilisearchService).InitializeMeilisearch
	/Users/a1/data/go/gin-vue-admin/server/service/quant/meilisearch.go:39
github.com/flipped-aurora/gin-vue-admin/server/initialize.InitMeilisearch
	/Users/a1/data/go/gin-vue-admin/server/initialize/meilisearch.go:14
main.initializeSystem
	/Users/a1/data/go/gin-vue-admin/server/main.go:47
main.main
	/Users/a1/data/go/gin-vue-admin/server/main.go:32
runtime.main
	/usr/local/go/src/runtime/proc.go:290
[github.com/flipped-aurora/gin-vue-admin/server]2026-08-09 12:28:22.707	[31merror[0m	/Users/a1/data/go/gin-vue-admin/server/initialize/meilisearch.go:15	Failed to initialize Meilisearch	{"error": "failed to connect to meilisearch: MeilisearchCommunicationError unable to execute request (path \"GET /indexes\" with method \"GetIndexes\"): Get \"http://119.29.82.70:7700/indexes\": dial tcp 119.29.82.70:7700: connect: connection refused"}
github.com/flipped-aurora/gin-vue-admin/server/initialize.InitMeilisearch
	/Users/a1/data/go/gin-vue-admin/server/initialize/meilisearch.go:15
main.initializeSystem
	/Users/a1/data/go/gin-vue-admin/server/main.go:47
main.main
	/Users/a1/data/go/gin-vue-admin/server/main.go:32
runtime.main
	/usr/local/go/src/runtime/proc.go:290
[github.com/flipped-aurora/gin-vue-admin/server]2026-08-09 12:45:53.272	[31merror[0m	/Users/a1/data/go/gin-vue-admin/server/api/v1/quant/base_stock.go:244	AI自动分析股票失败!	{"error": "未找到待分析的股票"}
github.com/flipped-aurora/gin-vue-admin/server/api/v1/quant.(*BaseStockApi).AiAnalyzeStocks
	/Users/a1/data/go/gin-vue-admin/server/api/v1/quant/base_stock.go:244
github.com/gin-gonic/gin.(*Context).Next
	/Users/a1/go/pkg/mod/github.com/gin-gonic/gin@v1.10.0/context.go:185
github.com/flipped-aurora/gin-vue-admin/server/router/quant.(*BaseStockRouter).InitBaseStockRouter.OperationRecord.func1
	/Users/a1/data/go/gin-vue-admin/server/middleware/operation.go:93
github.com/gin-gonic/gin.(*Context).Next
	/Users/a1/go/pkg/mod/github.com/gin-gonic/gin@v1.10.0/context.go:185
github.com/flipped-aurora/gin-vue-admin/server/initialize.Routers.CasbinHandler.func4
	/Users/a1/data/go/gin-vue-admin/server/middleware/casbin_rbac.go:30
github.com/gin-gonic/gin.(*Context).Next
	/Users/a1/go/pkg/mod/github.com/gin-gonic/gin@v1.10.0/context.go:185
github.com/flipped-aurora/gin-vue-admin/server/initialize.Routers.JWTAuth.func3
	/Users/a1/data/go/gin-vue-admin/server/middleware/jwt.go:69
github.com/gin-gonic/gin.(*Context).Next
	/Users/a1/go/pkg/mod/github.com/gin-gonic/gin@v1.10.0/context.go:185
github.com/gin-gonic/gin.LoggerWithConfig.func1
	/Users/a1/go/pkg/mod/github.com/gin-gonic/gin@v1.10.0/logger.go:249
github.com/gin-gonic/gin.(*Context).Next
	/Users/a1/go/pkg/mod/github.com/gin-gonic/gin@v1.10.0/context.go:185
github.com/flipped-aurora/gin-vue-admin/server/initialize.Routers.GinRecovery.func2
	/Users/a1/data/go/gin-vue-admin/server/middleware/error.go:78
github.com/gin-gonic/gin.(*Context).Next
	/Users/a1/go/pkg/mod/github.com/gin-gonic/gin@v1.10.0/context.go:185
github.com/gin-gonic/gin.(*Engine).handleHTTPRequest
	/Users/a1/go/pkg/mod/github.com/gin-gonic/gin@v1.10.0/gin.go:633
github.com/gin-gonic/gin.(*Engine).ServeHTTP
	/Users/a1/go/pkg/mod/github.com/gin-gonic/gin@v1.10.0/gin.go:589
net/http.serverHandler.ServeHTTP
	/usr/local/go/src/net/http/server.go:3311
net/http.(*conn).serve
	/usr/local/go/src/net/http/server.go:2073
[github.com/flipped-aurora/gin-vue-admin/server]2026-08-09 13:38:19.707	[31merror[0m	/Users/a1/data/go/gin-vue-admin/server/service/quant/base_stock_ai.go:47	查询待分析股票失败!	{"error": "invalid connection"}
github.com/flipped-aurora/gin-vue-admin/server/service/quant.(*BaseStockService).AiAnalyzeStocks
	/Users/a1/data/go/gin-vue-admin/server/service/quant/base_stock_ai.go:47
github.com/flipped-aurora/gin-vue-admin/server/api/v1/quant.(*BaseStockApi).AiAnalyzeStocks
	/Users/a1/data/go/gin-vue-admin/server/api/v1/quant/base_stock.go:242
github.com/gin-gonic/gin.(*Context).Next
	/Users/a1/go/pkg/mod/github.com/gin-gonic/gin@v1.10.0/context.go:185
github.com/flipped-aurora/gin-vue-admin/server/router/quant.(*BaseStockRouter).InitBaseStockRouter.OperationRecord.func1
	/Users/a1/data/go/gin-vue-admin/server/middleware/operation.go:93
github.com/gin-gonic/gin.(*Context).Next
	/Users/a1/go/pkg/mod/github.com/gin-gonic/gin@v1.10.0/context.go:185
github.com/flipped-aurora/gin-vue-admin/server/initialize.Routers.CasbinHandler.func4
	/Users/a1/data/go/gin-vue-admin/server/middleware/casbin_rbac.go:30
github.com/gin-gonic/gin.(*Context).Next
	/Users/a1/go/pkg/mod/github.com/gin-gonic/gin@v1.10.0/context.go:185
github.com/flipped-aurora/gin-vue-admin/server/initialize.Routers.JWTAuth.func3
	/Users/a1/data/go/gin-vue-admin/server/middleware/jwt.go:69
github.com/gin-gonic/gin.(*Context).Next
	/Users/a1/go/pkg/mod/github.com/gin-gonic/gin@v1.10.0/context.go:185
github.com/gin-gonic/gin.LoggerWithConfig.func1
	/Users/a1/go/pkg/mod/github.com/gin-gonic/gin@v1.10.0/logger.go:249
github.com/gin-gonic/gin.(*Context).Next
	/Users/a1/go/pkg/mod/github.com/gin-gonic/gin@v1.10.0/context.go:185
github.com/flipped-aurora/gin-vue-admin/server/initialize.Routers.GinRecovery.func2
	/Users/a1/data/go/gin-vue-admin/server/middleware/error.go:78
github.com/gin-gonic/gin.(*Context).Next
	/Users/a1/go/pkg/mod/github.com/gin-gonic/gin@v1.10.0/context.go:185
github.com/gin-gonic/gin.(*Engine).handleHTTPRequest
	/Users/a1/go/pkg/mod/github.com/gin-gonic/gin@v1.10.0/gin.go:633
github.com/gin-gonic/gin.(*Engine).ServeHTTP
	/Users/a1/go/pkg/mod/github.com/gin-gonic/gin@v1.10.0/gin.go:589
net/http.serverHandler.ServeHTTP
	/usr/local/go/src/net/http/server.go:3311
net/http.(*conn).serve
	/usr/local/go/src/net/http/server.go:2073
[github.com/flipped-aurora/gin-vue-admin/server]2026-08-09 13:38:49.608	[31merror[0m	/Users/a1/data/go/gin-vue-admin/server/api/v1/quant/base_stock.go:244	AI自动分析股票失败!	{"error": "invalid connection"}
github.com/flipped-aurora/gin-vue-admin/server/api/v1/quant.(*BaseStockApi).AiAnalyzeStocks
	/Users/a1/data/go/gin-vue-admin/server/api/v1/quant/base_stock.go:244
github.com/gin-gonic/gin.(*Context).Next
	/Users/a1/go/pkg/mod/github.com/gin-gonic/gin@v1.10.0/context.go:185
github.com/flipped-aurora/gin-vue-admin/server/router/quant.(*BaseStockRouter).InitBaseStockRouter.OperationRecord.func1
	/Users/a1/data/go/gin-vue-admin/server/middleware/operation.go:93
github.com/gin-gonic/gin.(*Context).Next
	/Users/a1/go/pkg/mod/github.com/gin-gonic/gin@v1.10.0/context.go:185
github.com/flipped-aurora/gin-vue-admin/server/initialize.Routers.CasbinHandler.func4
	/Users/a1/data/go/gin-vue-admin/server/middleware/casbin_rbac.go:30
github.com/gin-gonic/gin.(*Context).Next
	/Users/a1/go/pkg/mod/github.com/gin-gonic/gin@v1.10.0/context.go:185
github.com/flipped-aurora/gin-vue-admin/server/initialize.Routers.JWTAuth.func3
	/Users/a1/data/go/gin-vue-admin/server/middleware/jwt.go:69
github.com/gin-gonic/gin.(*Context).Next
	/Users/a1/go/pkg/mod/github.com/gin-gonic/gin@v1.10.0/context.go:185
github.com/gin-gonic/gin.LoggerWithConfig.func1
	/Users/a1/go/pkg/mod/github.com/gin-gonic/gin@v1.10.0/logger.go:249
github.com/gin-gonic/gin.(*Context).Next
	/Users/a1/go/pkg/mod/github.com/gin-gonic/gin@v1.10.0/context.go:185
github.com/flipped-aurora/gin-vue-admin/server/initialize.Routers.GinRecovery.func2
	/Users/a1/data/go/gin-vue-admin/server/middleware/error.go:78
github.com/gin-gonic/gin.(*Context).Next
	/Users/a1/go/pkg/mod/github.com/gin-gonic/gin@v1.10.0/context.go:185
github.com/gin-gonic/gin.(*Engine).handleHTTPRequest
	/Users/a1/go/pkg/mod/github.com/gin-gonic/gin@v1.10.0/gin.go:633
github.com/gin-gonic/gin.(*Engine).ServeHTTP
	/Users/a1/go/pkg/mod/github.com/gin-gonic/gin@v1.10.0/gin.go:589
net/http.serverHandler.ServeHTTP
	/usr/local/go/src/net/http/server.go:3311
net/http.(*conn).serve
	/usr/local/go/src/net/http/server.go:2073
[github.com/flipped-aurora/gin-vue-admin/server]2026-08-09 13:38:51.086	[31merror[0m	/Users/a1/data/go/gin-vue-admin/server/middleware/operation.go:116	create operation record error:	{"error": "invalid connection"}
github.com/flipped-aurora/gin-vue-admin/server/router/quant.(*BaseStockRouter).InitBaseStockRouter.OperationRecord.func1
	/Users/a1/data/go/gin-vue-admin/server/middleware/operation.go:116
github.com/gin-gonic/gin.(*Context).Next
	/Users/a1/go/pkg/mod/github.com/gin-gonic/gin@v1.10.0/context.go:185
github.com/flipped-aurora/gin-vue-admin/server/initialize.Routers.CasbinHandler.func4
	/Users/a1/data/go/gin-vue-admin/server/middleware/casbin_rbac.go:30
github.com/gin-gonic/gin.(*Context).Next
	/Users/a1/go/pkg/mod/github.com/gin-gonic/gin@v1.10.0/context.go:185
github.com/flipped-aurora/gin-vue-admin/server/initialize.Routers.JWTAuth.func3
	/Users/a1/data/go/gin-vue-admin/server/middleware/jwt.go:69
github.com/gin-gonic/gin.(*Context).Next
	/Users/a1/go/pkg/mod/github.com/gin-gonic/gin@v1.10.0/context.go:185
github.com/gin-gonic/gin.LoggerWithConfig.func1
	/Users/a1/go/pkg/mod/github.com/gin-gonic/gin@v1.10.0/logger.go:249
github.com/gin-gonic/gin.(*Context).Next
	/Users/a1/go/pkg/mod/github.com/gin-gonic/gin@v1.10.0/context.go:185
github.com/flipped-aurora/gin-vue-admin/server/initialize.Routers.GinRecovery.func2
	/Users/a1/data/go/gin-vue-admin/server/middleware/error.go:78
github.com/gin-gonic/gin.(*Context).Next
	/Users/a1/go/pkg/mod/github.com/gin-gonic/gin@v1.10.0/context.go:185
github.com/gin-gonic/gin.(*Engine).handleHTTPRequest
	/Users/a1/go/pkg/mod/github.com/gin-gonic/gin@v1.10.0/gin.go:633
github.com/gin-gonic/gin.(*Engine).ServeHTTP
	/Users/a1/go/pkg/mod/github.com/gin-gonic/gin@v1.10.0/gin.go:589
net/http.serverHandler.ServeHTTP
	/usr/local/go/src/net/http/server.go:3311
net/http.(*conn).serve
	/usr/local/go/src/net/http/server.go:2073
[github.com/flipped-aurora/gin-vue-admin/server]2026-08-09 13:52:08.909	[31merror[0m	/Users/a1/data/go/gin-vue-admin/server/api/v1/quant/base_stock.go:244	AI自动分析股票失败!	{"error": "未找到待分析的股票"}
github.com/flipped-aurora/gin-vue-admin/server/api/v1/quant.(*BaseStockApi).AiAnalyzeStocks
	/Users/a1/data/go/gin-vue-admin/server/api/v1/quant/base_stock.go:244
github.com/gin-gonic/gin.(*Context).Next
	/Users/a1/go/pkg/mod/github.com/gin-gonic/gin@v1.10.0/context.go:185
github.com/flipped-aurora/gin-vue-admin/server/router/quant.(*BaseStockRouter).InitBaseStockRouter.OperationRecord.func1
	/Users/a1/data/go/gin-vue-admin/server/middleware/operation.go:93
github.com/gin-gonic/gin.(*Context).Next
	/Users/a1/go/pkg/mod/github.com/gin-gonic/gin@v1.10.0/context.go:185
github.com/flipped-aurora/gin-vue-admin/server/initialize.Routers.CasbinHandler.func4
	/Users/a1/data/go/gin-vue-admin/server/middleware/casbin_rbac.go:30
github.com/gin-gonic/gin.(*Context).Next
	/Users/a1/go/pkg/mod/github.com/gin-gonic/gin@v1.10.0/context.go:185
github.com/flipped-aurora/gin-vue-admin/server/initialize.Routers.JWTAuth.func3
	/Users/a1/data/go/gin-vue-admin/server/middleware/jwt.go:69
github.com/gin-gonic/gin.(*Context).Next
	/Users/a1/go/pkg/mod/github.com/gin-gonic/gin@v1.10.0/context.go:185
github.com/gin-gonic/gin.LoggerWithConfig.func1
	/Users/a1/go/pkg/mod/github.com/gin-gonic/gin@v1.10.0/logger.go:249
github.com/gin-gonic/gin.(*Context).Next
	/Users/a1/go/pkg/mod/github.com/gin-gonic/gin@v1.10.0/context.go:185
github.com/flipped-aurora/gin-vue-admin/server/initialize.Routers.GinRecovery.func2
	/Users/a1/data/go/gin-vue-admin/server/middleware/error.go:78
github.com/gin-gonic/gin.(*Context).Next
	/Users/a1/go/pkg/mod/github.com/gin-gonic/gin@v1.10.0/context.go:185
github.com/gin-gonic/gin.(*Engine).handleHTTPRequest
	/Users/a1/go/pkg/mod/github.com/gin-gonic/gin@v1.10.0/gin.go:633
github.com/gin-gonic/gin.(*Engine).ServeHTTP
	/Users/a1/go/pkg/mod/github.com/gin-gonic/gin@v1.10.0/gin.go:589
net/http.serverHandler.ServeHTTP
	/usr/local/go/src/net/http/server.go:3311
net/http.(*conn).serve
	/usr/local/go/src/net/http/server.go:2073
[github.com/flipped-aurora/gin-vue-admin/server]2026-08-09 13:52:25.477	[31merror[0m	/Users/a1/data/go/gin-vue-admin/server/api/v1/quant/base_stock.go:244	AI自动分析股票失败!	{"error": "未找到待分析的股票"}
github.com/flipped-aurora/gin-vue-admin/server/api/v1/quant.(*BaseStockApi).AiAnalyzeStocks
	/Users/a1/data/go/gin-vue-admin/server/api/v1/quant/base_stock.go:244
github.com/gin-gonic/gin.(*Context).Next
	/Users/a1/go/pkg/mod/github.com/gin-gonic/gin@v1.10.0/context.go:185
github.com/flipped-aurora/gin-vue-admin/server/router/quant.(*BaseStockRouter).InitBaseStockRouter.OperationRecord.func1
	/Users/a1/data/go/gin-vue-admin/server/middleware/operation.go:93
github.com/gin-gonic/gin.(*Context).Next
	/Users/a1/go/pkg/mod/github.com/gin-gonic/gin@v1.10.0/context.go:185
github.com/flipped-aurora/gin-vue-admin/server/initialize.Routers.CasbinHandler.func4
	/Users/a1/data/go/gin-vue-admin/server/middleware/casbin_rbac.go:30
github.com/gin-gonic/gin.(*Context).Next
	/Users/a1/go/pkg/mod/github.com/gin-gonic/gin@v1.10.0/context.go:185
github.com/flipped-aurora/gin-vue-admin/server/initialize.Routers.JWTAuth.func3
	/Users/a1/data/go/gin-vue-admin/server/middleware/jwt.go:69
github.com/gin-gonic/gin.(*Context).Next
	/Users/a1/go/pkg/mod/github.com/gin-gonic/gin@v1.10.0/context.go:185
github.com/gin-gonic/gin.LoggerWithConfig.func1
	/Users/a1/go/pkg/mod/github.com/gin-gonic/gin@v1.10.0/logger.go:249
github.com/gin-gonic/gin.(*Context).Next
	/Users/a1/go/pkg/mod/github.com/gin-gonic/gin@v1.10.0/context.go:185
github.com/flipped-aurora/gin-vue-admin/server/initialize.Routers.GinRecovery.func2
	/Users/a1/data/go/gin-vue-admin/server/middleware/error.go:78
github.com/gin-gonic/gin.(*Context).Next
	/Users/a1/go/pkg/mod/github.com/gin-gonic/gin@v1.10.0/context.go:185
github.com/gin-gonic/gin.(*Engine).handleHTTPRequest
	/Users/a1/go/pkg/mod/github.com/gin-gonic/gin@v1.10.0/gin.go:633
github.com/gin-gonic/gin.(*Engine).ServeHTTP
	/Users/a1/go/pkg/mod/github.com/gin-gonic/gin@v1.10.0/gin.go:589
net/http.serverHandler.ServeHTTP
	/usr/local/go/src/net/http/server.go:3311
net/http.(*conn).serve
	/usr/local/go/src/net/http/server.go:2073
[github.com/flipped-aurora/gin-vue-admin/server]2026-08-09 14:03:40.699	[31merror[0m	/Users/a1/data/go/gin-vue-admin/server/api/v1/quant/base_stock.go:244	AI自动分析股票失败!	{"error": "未找到待分析的股票"}
github.com/flipped-aurora/gin-vue-admin/server/api/v1/quant.(*BaseStockApi).AiAnalyzeStocks
	/Users/a1/data/go/gin-vue-admin/server/api/v1/quant/base_stock.go:244
github.com/gin-gonic/gin.(*Context).Next
	/Users/a1/go/pkg/mod/github.com/gin-gonic/gin@v1.10.0/context.go:185
github.com/flipped-aurora/gin-vue-admin/server/router/quant.(*BaseStockRouter).InitBaseStockRouter.OperationRecord.func1
	/Users/a1/data/go/gin-vue-admin/server/middleware/operation.go:93
github.com/gin-gonic/gin.(*Context).Next
	/Users/a1/go/pkg/mod/github.com/gin-gonic/gin@v1.10.0/context.go:185
github.com/flipped-aurora/gin-vue-admin/server/initialize.Routers.CasbinHandler.func4
	/Users/a1/data/go/gin-vue-admin/server/middleware/casbin_rbac.go:30
github.com/gin-gonic/gin.(*Context).Next
	/Users/a1/go/pkg/mod/github.com/gin-gonic/gin@v1.10.0/context.go:185
github.com/flipped-aurora/gin-vue-admin/server/initialize.Routers.JWTAuth.func3
	/Users/a1/data/go/gin-vue-admin/server/middleware/jwt.go:69
github.com/gin-gonic/gin.(*Context).Next
	/Users/a1/go/pkg/mod/github.com/gin-gonic/gin@v1.10.0/context.go:185
github.com/gin-gonic/gin.LoggerWithConfig.func1
	/Users/a1/go/pkg/mod/github.com/gin-gonic/gin@v1.10.0/logger.go:249
github.com/gin-gonic/gin.(*Context).Next
	/Users/a1/go/pkg/mod/github.com/gin-gonic/gin@v1.10.0/context.go:185
github.com/flipped-aurora/gin-vue-admin/server/initialize.Routers.GinRecovery.func2
	/Users/a1/data/go/gin-vue-admin/server/middleware/error.go:78
github.com/gin-gonic/gin.(*Context).Next
	/Users/a1/go/pkg/mod/github.com/gin-gonic/gin@v1.10.0/context.go:185
github.com/gin-gonic/gin.(*Engine).handleHTTPRequest
	/Users/a1/go/pkg/mod/github.com/gin-gonic/gin@v1.10.0/gin.go:633
github.com/gin-gonic/gin.(*Engine).ServeHTTP
	/Users/a1/go/pkg/mod/github.com/gin-gonic/gin@v1.10.0/gin.go:589
net/http.serverHandler.ServeHTTP
	/usr/local/go/src/net/http/server.go:3311
net/http.(*conn).serve
	/usr/local/go/src/net/http/server.go:2073
[github.com/flipped-aurora/gin-vue-admin/server]2026-08-09 14:33:22.703	[31merror[0m	/Users/a1/data/go/gin-vue-admin/server/service/quant/base_stock_ai.go:47	查询待分析股票失败!	{"error": "invalid connection"}
github.com/flipped-aurora/gin-vue-admin/server/service/quant.(*BaseStockService).AiAnalyzeStocks
	/Users/a1/data/go/gin-vue-admin/server/service/quant/base_stock_ai.go:47
github.com/flipped-aurora/gin-vue-admin/server/api/v1/quant.(*BaseStockApi).AiAnalyzeStocks
	/Users/a1/data/go/gin-vue-admin/server/api/v1/quant/base_stock.go:242
github.com/gin-gonic/gin.(*Context).Next
	/Users/a1/go/pkg/mod/github.com/gin-gonic/gin@v1.10.0/context.go:185
github.com/flipped-aurora/gin-vue-admin/server/router/quant.(*BaseStockRouter).InitBaseStockRouter.OperationRecord.func1
	/Users/a1/data/go/gin-vue-admin/server/middleware/operation.go:93
github.com/gin-gonic/gin.(*Context).Next
	/Users/a1/go/pkg/mod/github.com/gin-gonic/gin@v1.10.0/context.go:185
github.com/flipped-aurora/gin-vue-admin/server/initialize.Routers.CasbinHandler.func4
	/Users/a1/data/go/gin-vue-admin/server/middleware/casbin_rbac.go:30
github.com/gin-gonic/gin.(*Context).Next
	/Users/a1/go/pkg/mod/github.com/gin-gonic/gin@v1.10.0/context.go:185
github.com/flipped-aurora/gin-vue-admin/server/initialize.Routers.JWTAuth.func3
	/Users/a1/data/go/gin-vue-admin/server/middleware/jwt.go:69
github.com/gin-gonic/gin.(*Context).Next
	/Users/a1/go/pkg/mod/github.com/gin-gonic/gin@v1.10.0/context.go:185
github.com/gin-gonic/gin.LoggerWithConfig.func1
	/Users/a1/go/pkg/mod/github.com/gin-gonic/gin@v1.10.0/logger.go:249
github.com/gin-gonic/gin.(*Context).Next
	/Users/a1/go/pkg/mod/github.com/gin-gonic/gin@v1.10.0/context.go:185
github.com/flipped-aurora/gin-vue-admin/server/initialize.Routers.GinRecovery.func2
	/Users/a1/data/go/gin-vue-admin/server/middleware/error.go:78
github.com/gin-gonic/gin.(*Context).Next
	/Users/a1/go/pkg/mod/github.com/gin-gonic/gin@v1.10.0/context.go:185
github.com/gin-gonic/gin.(*Engine).handleHTTPRequest
	/Users/a1/go/pkg/mod/github.com/gin-gonic/gin@v1.10.0/gin.go:633
github.com/gin-gonic/gin.(*Engine).ServeHTTP
	/Users/a1/go/pkg/mod/github.com/gin-gonic/gin@v1.10.0/gin.go:589
net/http.serverHandler.ServeHTTP
	/usr/local/go/src/net/http/server.go:3311
net/http.(*conn).serve
	/usr/local/go/src/net/http/server.go:2073
[github.com/flipped-aurora/gin-vue-admin/server]2026-08-09 14:34:18.530	[31merror[0m	/Users/a1/data/go/gin-vue-admin/server/api/v1/quant/base_stock.go:244	AI自动分析股票失败!	{"error": "invalid connection"}
github.com/flipped-aurora/gin-vue-admin/server/api/v1/quant.(*BaseStockApi).AiAnalyzeStocks
	/Users/a1/data/go/gin-vue-admin/server/api/v1/quant/base_stock.go:244
github.com/gin-gonic/gin.(*Context).Next
	/Users/a1/go/pkg/mod/github.com/gin-gonic/gin@v1.10.0/context.go:185
github.com/flipped-aurora/gin-vue-admin/server/router/quant.(*BaseStockRouter).InitBaseStockRouter.OperationRecord.func1
	/Users/a1/data/go/gin-vue-admin/server/middleware/operation.go:93
github.com/gin-gonic/gin.(*Context).Next
	/Users/a1/go/pkg/mod/github.com/gin-gonic/gin@v1.10.0/context.go:185
github.com/flipped-aurora/gin-vue-admin/server/initialize.Routers.CasbinHandler.func4
	/Users/a1/data/go/gin-vue-admin/server/middleware/casbin_rbac.go:30
github.com/gin-gonic/gin.(*Context).Next
	/Users/a1/go/pkg/mod/github.com/gin-gonic/gin@v1.10.0/context.go:185
github.com/flipped-aurora/gin-vue-admin/server/initialize.Routers.JWTAuth.func3
	/Users/a1/data/go/gin-vue-admin/server/middleware/jwt.go:69
github.com/gin-gonic/gin.(*Context).Next
	/Users/a1/go/pkg/mod/github.com/gin-gonic/gin@v1.10.0/context.go:185
github.com/gin-gonic/gin.LoggerWithConfig.func1
	/Users/a1/go/pkg/mod/github.com/gin-gonic/gin@v1.10.0/logger.go:249
github.com/gin-gonic/gin.(*Context).Next
	/Users/a1/go/pkg/mod/github.com/gin-gonic/gin@v1.10.0/context.go:185
github.com/flipped-aurora/gin-vue-admin/server/initialize.Routers.GinRecovery.func2
	/Users/a1/data/go/gin-vue-admin/server/middleware/error.go:78
github.com/gin-gonic/gin.(*Context).Next
	/Users/a1/go/pkg/mod/github.com/gin-gonic/gin@v1.10.0/context.go:185
github.com/gin-gonic/gin.(*Engine).handleHTTPRequest
	/Users/a1/go/pkg/mod/github.com/gin-gonic/gin@v1.10.0/gin.go:633
github.com/gin-gonic/gin.(*Engine).ServeHTTP
	/Users/a1/go/pkg/mod/github.com/gin-gonic/gin@v1.10.0/gin.go:589
net/http.serverHandler.ServeHTTP
	/usr/local/go/src/net/http/server.go:3311
net/http.(*conn).serve
	/usr/local/go/src/net/http/server.go:2073
[github.com/flipped-aurora/gin-vue-admin/server]2026-08-09 14:36:39.025	[31merror[0m	/Users/a1/data/go/gin-vue-admin/server/service/quant/meilisearch.go:39	Failed to connect to Meilisearch	{"url": "http://119.29.82.70:7700", "error": "MeilisearchCommunicationError unable to execute request (path \"GET /indexes\" with method \"GetIndexes\"): Get \"http://119.29.82.70:7700/indexes\": dial tcp 119.29.82.70:7700: connect: connection refused"}
github.com/flipped-aurora/gin-vue-admin/server/service/quant.(*MeilisearchService).InitializeMeilisearch
	/Users/a1/data/go/gin-vue-admin/server/service/quant/meilisearch.go:39
github.com/flipped-aurora/gin-vue-admin/server/initialize.InitMeilisearch
	/Users/a1/data/go/gin-vue-admin/server/initialize/meilisearch.go:14
main.initializeSystem
	/Users/a1/data/go/gin-vue-admin/server/main.go:47
main.main
	/Users/a1/data/go/gin-vue-admin/server/main.go:32
runtime.main
	/usr/local/go/src/runtime/proc.go:290
[github.com/flipped-aurora/gin-vue-admin/server]2026-08-09 14:36:39.187	[31merror[0m	/Users/a1/data/go/gin-vue-admin/server/initialize/meilisearch.go:15	Failed to initialize Meilisearch	{"error": "failed to connect to meilisearch: MeilisearchCommunicationError unable to execute request (path \"GET /indexes\" with method \"GetIndexes\"): Get \"http://119.29.82.70:7700/indexes\": dial tcp 119.29.82.70:7700: connect: connection refused"}
github.com/flipped-aurora/gin-vue-admin/server/initialize.InitMeilisearch
	/Users/a1/data/go/gin-vue-admin/server/initialize/meilisearch.go:15
main.initializeSystem
	/Users/a1/data/go/gin-vue-admin/server/main.go:47
main.main
	/Users/a1/data/go/gin-vue-admin/server/main.go:32
runtime.main
	/usr/local/go/src/runtime/proc.go:290
[github.com/flipped-aurora/gin-vue-admin/server]2026-08-09 14:37:06.794	[31merror[0m	/Users/a1/data/go/gin-vue-admin/server/service/quant/meilisearch.go:39	Failed to connect to Meilisearch	{"url": "http://119.29.82.70:7700", "error": "MeilisearchCommunicationError unable to execute request (path \"GET /indexes\" with method \"GetIndexes\"): Get \"http://119.29.82.70:7700/indexes\": dial tcp 119.29.82.70:7700: connect: connection refused"}
github.com/flipped-aurora/gin-vue-admin/server/service/quant.(*MeilisearchService).InitializeMeilisearch
	/Users/a1/data/go/gin-vue-admin/server/service/quant/meilisearch.go:39
github.com/flipped-aurora/gin-vue-admin/server/initialize.InitMeilisearch
	/Users/a1/data/go/gin-vue-admin/server/initialize/meilisearch.go:14
main.initializeSystem
	/Users/a1/data/go/gin-vue-admin/server/main.go:47
main.main
	/Users/a1/data/go/gin-vue-admin/server/main.go:32
runtime.main
	/usr/local/go/src/runtime/proc.go:290
[github.com/flipped-aurora/gin-vue-admin/server]2026-08-09 14:37:06.996	[31merror[0m	/Users/a1/data/go/gin-vue-admin/server/initialize/meilisearch.go:15	Failed to initialize Meilisearch	{"error": "failed to connect to meilisearch: MeilisearchCommunicationError unable to execute request (path \"GET /indexes\" with method \"GetIndexes\"): Get \"http://119.29.82.70:7700/indexes\": dial tcp 119.29.82.70:7700: connect: connection refused"}
github.com/flipped-aurora/gin-vue-admin/server/initialize.InitMeilisearch
	/Users/a1/data/go/gin-vue-admin/server/initialize/meilisearch.go:15
main.initializeSystem
	/Users/a1/data/go/gin-vue-admin/server/main.go:47
main.main
	/Users/a1/data/go/gin-vue-admin/server/main.go:32
runtime.main
	/usr/local/go/src/runtime/proc.go:290
[github.com/flipped-aurora/gin-vue-admin/server]2026-08-09 14:39:54.521	[31merror[0m	/Users/a1/data/go/gin-vue-admin/server/service/quant/meilisearch.go:39	Failed to connect to Meilisearch	{"url": "http://119.29.82.70:7700", "error": "MeilisearchCommunicationError unable to execute request (path \"GET /indexes\" with method \"GetIndexes\"): Get \"http://119.29.82.70:7700/indexes\": dial tcp 119.29.82.70:7700: connect: connection refused"}
github.com/flipped-aurora/gin-vue-admin/server/service/quant.(*MeilisearchService).InitializeMeilisearch
	/Users/a1/data/go/gin-vue-admin/server/service/quant/meilisearch.go:39
github.com/flipped-aurora/gin-vue-admin/server/initialize.InitMeilisearch
	/Users/a1/data/go/gin-vue-admin/server/initialize/meilisearch.go:14
main.initializeSystem
	/Users/a1/data/go/gin-vue-admin/server/main.go:47
main.main
	/Users/a1/data/go/gin-vue-admin/server/main.go:32
runtime.main
	/usr/local/go/src/runtime/proc.go:290
[github.com/flipped-aurora/gin-vue-admin/server]2026-08-09 14:39:54.705	[31merror[0m	/Users/a1/data/go/gin-vue-admin/server/initialize/meilisearch.go:15	Failed to initialize Meilisearch	{"error": "failed to connect to meilisearch: MeilisearchCommunicationError unable to execute request (path \"GET /indexes\" with method \"GetIndexes\"): Get \"http://119.29.82.70:7700/indexes\": dial tcp 119.29.82.70:7700: connect: connection refused"}
github.com/flipped-aurora/gin-vue-admin/server/initialize.InitMeilisearch
	/Users/a1/data/go/gin-vue-admin/server/initialize/meilisearch.go:15
main.initializeSystem
	/Users/a1/data/go/gin-vue-admin/server/main.go:47
main.main
	/Users/a1/data/go/gin-vue-admin/server/main.go:32
runtime.main
	/usr/local/go/src/runtime/proc.go:290
[github.com/flipped-aurora/gin-vue-admin/server]2026-08-09 14:47:23.434	[31merror[0m	/Users/a1/data/go/gin-vue-admin/server/service/quant/meilisearch.go:39	Failed to connect to Meilisearch	{"url": "http://119.29.82.70:7700", "error": "MeilisearchCommunicationError unable to execute request (path \"GET /indexes\" with method \"GetIndexes\"): Get \"http://119.29.82.70:7700/indexes\": dial tcp 119.29.82.70:7700: connect: connection refused"}
github.com/flipped-aurora/gin-vue-admin/server/service/quant.(*MeilisearchService).InitializeMeilisearch
	/Users/a1/data/go/gin-vue-admin/server/service/quant/meilisearch.go:39
github.com/flipped-aurora/gin-vue-admin/server/initialize.InitMeilisearch
	/Users/a1/data/go/gin-vue-admin/server/initialize/meilisearch.go:14
main.initializeSystem
	/Users/a1/data/go/gin-vue-admin/server/main.go:47
main.main
	/Users/a1/data/go/gin-vue-admin/server/main.go:32
runtime.main
	/usr/local/go/src/runtime/proc.go:290
[github.com/flipped-aurora/gin-vue-admin/server]2026-08-09 14:47:23.606	[31merror[0m	/Users/a1/data/go/gin-vue-admin/server/initialize/meilisearch.go:15	Failed to initialize Meilisearch	{"error": "failed to connect to meilisearch: MeilisearchCommunicationError unable to execute request (path \"GET /indexes\" with method \"GetIndexes\"): Get \"http://119.29.82.70:7700/indexes\": dial tcp 119.29.82.70:7700: connect: connection refused"}
github.com/flipped-aurora/gin-vue-admin/server/initialize.InitMeilisearch
	/Users/a1/data/go/gin-vue-admin/server/initialize/meilisearch.go:15
main.initializeSystem
	/Users/a1/data/go/gin-vue-admin/server/main.go:47
main.main
	/Users/a1/data/go/gin-vue-admin/server/main.go:32
runtime.main
	/usr/local/go/src/runtime/proc.go:290
[github.com/flipped-aurora/gin-vue-admin/server]2026-08-09 14:47:28.588	[31merror[0m	/Users/a1/data/go/gin-vue-admin/server/service/quant/meilisearch.go:39	Failed to connect to Meilisearch	{"url": "http://119.29.82.70:7700", "error": "MeilisearchCommunicationError unable to execute request (path \"GET /indexes\" with method \"GetIndexes\"): Get \"http://119.29.82.70:7700/indexes\": dial tcp 119.29.82.70:7700: connect: connection refused"}
github.com/flipped-aurora/gin-vue-admin/server/service/quant.(*MeilisearchService).InitializeMeilisearch
	/Users/a1/data/go/gin-vue-admin/server/service/quant/meilisearch.go:39
github.com/flipped-aurora/gin-vue-admin/server/initialize.InitMeilisearch
	/Users/a1/data/go/gin-vue-admin/server/initialize/meilisearch.go:14
main.initializeSystem
	/Users/a1/data/go/gin-vue-admin/server/main.go:47
main.main
	/Users/a1/data/go/gin-vue-admin/server/main.go:32
runtime.main
	/usr/local/go/src/runtime/proc.go:290
[github.com/flipped-aurora/gin-vue-admin/server]2026-08-09 14:47:28.780	[31merror[0m	/Users/a1/data/go/gin-vue-admin/server/initialize/meilisearch.go:15	Failed to initialize Meilisearch	{"error": "failed to connect to meilisearch: MeilisearchCommunicationError unable to execute request (path \"GET /indexes\" with method \"GetIndexes\"): Get \"http://119.29.82.70:7700/indexes\": dial tcp 119.29.82.70:7700: connect: connection refused"}
github.com/flipped-aurora/gin-vue-admin/server/initialize.InitMeilisearch
	/Users/a1/data/go/gin-vue-admin/server/initialize/meilisearch.go:15
main.initializeSystem
	/Users/a1/data/go/gin-vue-admin/server/main.go:47
main.main
	/Users/a1/data/go/gin-vue-admin/server/main.go:32
runtime.main
	/usr/local/go/src/runtime/proc.go:290
[github.com/flipped-aurora/gin-vue-admin/server]2026-08-09 14:48:08.267	[31merror[0m	/Users/a1/data/go/gin-vue-admin/server/service/quant/meilisearch.go:39	Failed to connect to Meilisearch	{"url": "http://119.29.82.70:7700", "error": "MeilisearchCommunicationError unable to execute request (path \"GET /indexes\" with method \"GetIndexes\"): Get \"http://119.29.82.70:7700/indexes\": dial tcp 119.29.82.70:7700: connect: connection refused"}
github.com/flipped-aurora/gin-vue-admin/server/service/quant.(*MeilisearchService).InitializeMeilisearch
	/Users/a1/data/go/gin-vue-admin/server/service/quant/meilisearch.go:39
github.com/flipped-aurora/gin-vue-admin/server/initialize.InitMeilisearch
	/Users/a1/data/go/gin-vue-admin/server/initialize/meilisearch.go:14
main.initializeSystem
	/Users/a1/data/go/gin-vue-admin/server/main.go:47
main.main
	/Users/a1/data/go/gin-vue-admin/server/main.go:32
runtime.main
	/usr/local/go/src/runtime/proc.go:290
[github.com/flipped-aurora/gin-vue-admin/server]2026-08-09 14:48:08.477	[31merror[0m	/Users/a1/data/go/gin-vue-admin/server/initialize/meilisearch.go:15	Failed to initialize Meilisearch	{"error": "failed to connect to meilisearch: MeilisearchCommunicationError unable to execute request (path \"GET /indexes\" with method \"GetIndexes\"): Get \"http://119.29.82.70:7700/indexes\": dial tcp 119.29.82.70:7700: connect: connection refused"}
github.com/flipped-aurora/gin-vue-admin/server/initialize.InitMeilisearch
	/Users/a1/data/go/gin-vue-admin/server/initialize/meilisearch.go:15
main.initializeSystem
	/Users/a1/data/go/gin-vue-admin/server/main.go:47
main.main
	/Users/a1/data/go/gin-vue-admin/server/main.go:32
runtime.main
	/usr/local/go/src/runtime/proc.go:290
[github.com/flipped-aurora/gin-vue-admin/server]2026-08-09 16:25:06.945	[31merror[0m	/Users/a1/data/go/gin-vue-admin/server/service/quant/meilisearch.go:39	Failed to connect to Meilisearch	{"url": "http://119.29.82.70:7700", "error": "MeilisearchCommunicationError unable to execute request (path \"GET /indexes\" with method \"GetIndexes\"): Get \"http://119.29.82.70:7700/indexes\": dial tcp 119.29.82.70:7700: connect: connection refused"}
github.com/flipped-aurora/gin-vue-admin/server/service/quant.(*MeilisearchService).InitializeMeilisearch
	/Users/a1/data/go/gin-vue-admin/server/service/quant/meilisearch.go:39
github.com/flipped-aurora/gin-vue-admin/server/initialize.InitMeilisearch
	/Users/a1/data/go/gin-vue-admin/server/initialize/meilisearch.go:14
main.initializeSystem
	/Users/a1/data/go/gin-vue-admin/server/main.go:47
main.main
	/Users/a1/data/go/gin-vue-admin/server/main.go:32
runtime.main
	/usr/local/go/src/runtime/proc.go:290
[github.com/flipped-aurora/gin-vue-admin/server]2026-08-09 16:25:07.128	[31merror[0m	/Users/a1/data/go/gin-vue-admin/server/initialize/meilisearch.go:15	Failed to initialize Meilisearch	{"error": "failed to connect to meilisearch: MeilisearchCommunicationError unable to execute request (path \"GET /indexes\" with method \"GetIndexes\"): Get \"http://119.29.82.70:7700/indexes\": dial tcp 119.29.82.70:7700: connect: connection refused"}
github.com/flipped-aurora/gin-vue-admin/server/initialize.InitMeilisearch
	/Users/a1/data/go/gin-vue-admin/server/initialize/meilisearch.go:15
main.initializeSystem
	/Users/a1/data/go/gin-vue-admin/server/main.go:47
main.main
	/Users/a1/data/go/gin-vue-admin/server/main.go:32
runtime.main
	/usr/local/go/src/runtime/proc.go:290
[github.com/flipped-aurora/gin-vue-admin/server]2026-08-09 16:25:23.702	[31merror[0m	/Users/a1/data/go/gin-vue-admin/server/service/quant/meilisearch.go:39	Failed to connect to Meilisearch	{"url": "http://119.29.82.70:7700", "error": "MeilisearchCommunicationError unable to execute request (path \"GET /indexes\" with method \"GetIndexes\"): Get \"http://119.29.82.70:7700/indexes\": dial tcp 119.29.82.70:7700: connect: connection refused"}
github.com/flipped-aurora/gin-vue-admin/server/service/quant.(*MeilisearchService).InitializeMeilisearch
	/Users/a1/data/go/gin-vue-admin/server/service/quant/meilisearch.go:39
github.com/flipped-aurora/gin-vue-admin/server/initialize.InitMeilisearch
	/Users/a1/data/go/gin-vue-admin/server/initialize/meilisearch.go:14
main.initializeSystem
	/Users/a1/data/go/gin-vue-admin/server/main.go:47
main.main
	/Users/a1/data/go/gin-vue-admin/server/main.go:32
runtime.main
	/usr/local/go/src/runtime/proc.go:290
[github.com/flipped-aurora/gin-vue-admin/server]2026-08-09 16:25:23.877	[31merror[0m	/Users/a1/data/go/gin-vue-admin/server/initialize/meilisearch.go:15	Failed to initialize Meilisearch	{"error": "failed to connect to meilisearch: MeilisearchCommunicationError unable to execute request (path \"GET /indexes\" with method \"GetIndexes\"): Get \"http://119.29.82.70:7700/indexes\": dial tcp 119.29.82.70:7700: connect: connection refused"}
github.com/flipped-aurora/gin-vue-admin/server/initialize.InitMeilisearch
	/Users/a1/data/go/gin-vue-admin/server/initialize/meilisearch.go:15
main.initializeSystem
	/Users/a1/data/go/gin-vue-admin/server/main.go:47
main.main
	/Users/a1/data/go/gin-vue-admin/server/main.go:32
runtime.main
	/usr/local/go/src/runtime/proc.go:290
[github.com/flipped-aurora/gin-vue-admin/server]2026-08-09 16:30:46.437	[31merror[0m	/Users/a1/data/go/gin-vue-admin/server/service/quant/meilisearch.go:39	Failed to connect to Meilisearch	{"url": "http://119.29.82.70:7700", "error": "MeilisearchCommunicationError unable to execute request (path \"GET /indexes\" with method \"GetIndexes\"): Get \"http://119.29.82.70:7700/indexes\": dial tcp 119.29.82.70:7700: connect: connection refused"}
github.com/flipped-aurora/gin-vue-admin/server/service/quant.(*MeilisearchService).InitializeMeilisearch
	/Users/a1/data/go/gin-vue-admin/server/service/quant/meilisearch.go:39
github.com/flipped-aurora/gin-vue-admin/server/initialize.InitMeilisearch
	/Users/a1/data/go/gin-vue-admin/server/initialize/meilisearch.go:14
main.initializeSystem
	/Users/a1/data/go/gin-vue-admin/server/main.go:47
main.main
	/Users/a1/data/go/gin-vue-admin/server/main.go:32
runtime.main
	/usr/local/go/src/runtime/proc.go:290
[github.com/flipped-aurora/gin-vue-admin/server]2026-08-09 16:30:46.630	[31merror[0m	/Users/a1/data/go/gin-vue-admin/server/initialize/meilisearch.go:15	Failed to initialize Meilisearch	{"error": "failed to connect to meilisearch: MeilisearchCommunicationError unable to execute request (path \"GET /indexes\" with method \"GetIndexes\"): Get \"http://119.29.82.70:7700/indexes\": dial tcp 119.29.82.70:7700: connect: connection refused"}
github.com/flipped-aurora/gin-vue-admin/server/initialize.InitMeilisearch
	/Users/a1/data/go/gin-vue-admin/server/initialize/meilisearch.go:15
main.initializeSystem
	/Users/a1/data/go/gin-vue-admin/server/main.go:47
main.main
	/Users/a1/data/go/gin-vue-admin/server/main.go:32
runtime.main
	/usr/local/go/src/runtime/proc.go:290
[github.com/flipped-aurora/gin-vue-admin/server]2026-08-09 16:30:53.746	[31merror[0m	/Users/a1/data/go/gin-vue-admin/server/service/quant/meilisearch.go:39	Failed to connect to Meilisearch	{"url": "http://119.29.82.70:7700", "error": "MeilisearchCommunicationError unable to execute request (path \"GET /indexes\" with method \"GetIndexes\"): Get \"http://119.29.82.70:7700/indexes\": dial tcp 119.29.82.70:7700: connect: connection refused"}
github.com/flipped-aurora/gin-vue-admin/server/service/quant.(*MeilisearchService).InitializeMeilisearch
	/Users/a1/data/go/gin-vue-admin/server/service/quant/meilisearch.go:39
github.com/flipped-aurora/gin-vue-admin/server/initialize.InitMeilisearch
	/Users/a1/data/go/gin-vue-admin/server/initialize/meilisearch.go:14
main.initializeSystem
	/Users/a1/data/go/gin-vue-admin/server/main.go:47
main.main
	/Users/a1/data/go/gin-vue-admin/server/main.go:32
runtime.main
	/usr/local/go/src/runtime/proc.go:290
[github.com/flipped-aurora/gin-vue-admin/server]2026-08-09 16:30:53.909	[31merror[0m	/Users/a1/data/go/gin-vue-admin/server/initialize/meilisearch.go:15	Failed to initialize Meilisearch	{"error": "failed to connect to meilisearch: MeilisearchCommunicationError unable to execute request (path \"GET /indexes\" with method \"GetIndexes\"): Get \"http://119.29.82.70:7700/indexes\": dial tcp 119.29.82.70:7700: connect: connection refused"}
github.com/flipped-aurora/gin-vue-admin/server/initialize.InitMeilisearch
	/Users/a1/data/go/gin-vue-admin/server/initialize/meilisearch.go:15
main.initializeSystem
	/Users/a1/data/go/gin-vue-admin/server/main.go:47
main.main
	/Users/a1/data/go/gin-vue-admin/server/main.go:32
runtime.main
	/usr/local/go/src/runtime/proc.go:290
[github.com/flipped-aurora/gin-vue-admin/server]2026-08-09 16:30:57.390	[31merror[0m	/Users/a1/data/go/gin-vue-admin/server/service/quant/meilisearch.go:39	Failed to connect to Meilisearch	{"url": "http://119.29.82.70:7700", "error": "MeilisearchCommunicationError unable to execute request (path \"GET /indexes\" with method \"GetIndexes\"): Get \"http://119.29.82.70:7700/indexes\": dial tcp 119.29.82.70:7700: connect: connection refused"}
github.com/flipped-aurora/gin-vue-admin/server/service/quant.(*MeilisearchService).InitializeMeilisearch
	/Users/a1/data/go/gin-vue-admin/server/service/quant/meilisearch.go:39
github.com/flipped-aurora/gin-vue-admin/server/initialize.InitMeilisearch
	/Users/a1/data/go/gin-vue-admin/server/initialize/meilisearch.go:14
main.initializeSystem
	/Users/a1/data/go/gin-vue-admin/server/main.go:47
main.main
	/Users/a1/data/go/gin-vue-admin/server/main.go:32
runtime.main
	/usr/local/go/src/runtime/proc.go:290
[github.com/flipped-aurora/gin-vue-admin/server]2026-08-09 16:30:57.585	[31merror[0m	/Users/a1/data/go/gin-vue-admin/server/initialize/meilisearch.go:15	Failed to initialize Meilisearch	{"error": "failed to connect to meilisearch: MeilisearchCommunicationError unable to execute request (path \"GET /indexes\" with method \"GetIndexes\"): Get \"http://119.29.82.70:7700/indexes\": dial tcp 119.29.82.70:7700: connect: connection refused"}
github.com/flipped-aurora/gin-vue-admin/server/initialize.InitMeilisearch
	/Users/a1/data/go/gin-vue-admin/server/initialize/meilisearch.go:15
main.initializeSystem
	/Users/a1/data/go/gin-vue-admin/server/main.go:47
main.main
	/Users/a1/data/go/gin-vue-admin/server/main.go:32
runtime.main
	/usr/local/go/src/runtime/proc.go:290
[github.com/flipped-aurora/gin-vue-admin/server]2026-08-09 16:44:16.247	[31merror[0m	/Users/a1/data/go/gin-vue-admin/server/service/quant/meilisearch.go:39	Failed to connect to Meilisearch	{"url": "http://119.29.82.70:7700", "error": "MeilisearchCommunicationError unable to execute request (path \"GET /indexes\" with method \"GetIndexes\"): Get \"http://119.29.82.70:7700/indexes\": dial tcp 119.29.82.70:7700: connect: connection refused"}
github.com/flipped-aurora/gin-vue-admin/server/service/quant.(*MeilisearchService).InitializeMeilisearch
	/Users/a1/data/go/gin-vue-admin/server/service/quant/meilisearch.go:39
github.com/flipped-aurora/gin-vue-admin/server/initialize.InitMeilisearch
	/Users/a1/data/go/gin-vue-admin/server/initialize/meilisearch.go:14
main.initializeSystem
	/Users/a1/data/go/gin-vue-admin/server/main.go:47
main.main
	/Users/a1/data/go/gin-vue-admin/server/main.go:32
runtime.main
	/usr/local/go/src/runtime/proc.go:290
[github.com/flipped-aurora/gin-vue-admin/server]2026-08-09 16:44:16.446	[31merror[0m	/Users/a1/data/go/gin-vue-admin/server/initialize/meilisearch.go:15	Failed to initialize Meilisearch	{"error": "failed to connect to meilisearch: MeilisearchCommunicationError unable to execute request (path \"GET /indexes\" with method \"GetIndexes\"): Get \"http://119.29.82.70:7700/indexes\": dial tcp 119.29.82.70:7700: connect: connection refused"}
github.com/flipped-aurora/gin-vue-admin/server/initialize.InitMeilisearch
	/Users/a1/data/go/gin-vue-admin/server/initialize/meilisearch.go:15
main.initializeSystem
	/Users/a1/data/go/gin-vue-admin/server/main.go:47
main.main
	/Users/a1/data/go/gin-vue-admin/server/main.go:32
runtime.main
	/usr/local/go/src/runtime/proc.go:290
[github.com/flipped-aurora/gin-vue-admin/server]2026-08-09 16:44:28.317	[31merror[0m	/Users/a1/data/go/gin-vue-admin/server/service/quant/meilisearch.go:39	Failed to connect to Meilisearch	{"url": "http://119.29.82.70:7700", "error": "MeilisearchCommunicationError unable to execute request (path \"GET /indexes\" with method \"GetIndexes\"): Get \"http://119.29.82.70:7700/indexes\": dial tcp 119.29.82.70:7700: connect: connection refused"}
github.com/flipped-aurora/gin-vue-admin/server/service/quant.(*MeilisearchService).InitializeMeilisearch
	/Users/a1/data/go/gin-vue-admin/server/service/quant/meilisearch.go:39
github.com/flipped-aurora/gin-vue-admin/server/initialize.InitMeilisearch
	/Users/a1/data/go/gin-vue-admin/server/initialize/meilisearch.go:14
main.initializeSystem
	/Users/a1/data/go/gin-vue-admin/server/main.go:47
main.main
	/Users/a1/data/go/gin-vue-admin/server/main.go:32
runtime.main
	/usr/local/go/src/runtime/proc.go:290
[github.com/flipped-aurora/gin-vue-admin/server]2026-08-09 16:44:28.497	[31merror[0m	/Users/a1/data/go/gin-vue-admin/server/initialize/meilisearch.go:15	Failed to initialize Meilisearch	{"error": "failed to connect to meilisearch: MeilisearchCommunicationError unable to execute request (path \"GET /indexes\" with method \"GetIndexes\"): Get \"http://119.29.82.70:7700/indexes\": dial tcp 119.29.82.70:7700: connect: connection refused"}
github.com/flipped-aurora/gin-vue-admin/server/initialize.InitMeilisearch
	/Users/a1/data/go/gin-vue-admin/server/initialize/meilisearch.go:15
main.initializeSystem
	/Users/a1/data/go/gin-vue-admin/server/main.go:47
main.main
	/Users/a1/data/go/gin-vue-admin/server/main.go:32
runtime.main
	/usr/local/go/src/runtime/proc.go:290
[github.com/flipped-aurora/gin-vue-admin/server]2026-08-09 16:44:54.063	[31merror[0m	/Users/a1/data/go/gin-vue-admin/server/service/quant/meilisearch.go:39	Failed to connect to Meilisearch	{"url": "http://119.29.82.70:7700", "error": "MeilisearchCommunicationError unable to execute request (path \"GET /indexes\" with method \"GetIndexes\"): Get \"http://119.29.82.70:7700/indexes\": dial tcp 119.29.82.70:7700: connect: connection refused"}
github.com/flipped-aurora/gin-vue-admin/server/service/quant.(*MeilisearchService).InitializeMeilisearch
	/Users/a1/data/go/gin-vue-admin/server/service/quant/meilisearch.go:39
github.com/flipped-aurora/gin-vue-admin/server/initialize.InitMeilisearch
	/Users/a1/data/go/gin-vue-admin/server/initialize/meilisearch.go:14
main.initializeSystem
	/Users/a1/data/go/gin-vue-admin/server/main.go:47
main.main
	/Users/a1/data/go/gin-vue-admin/server/main.go:32
runtime.main
	/usr/local/go/src/runtime/proc.go:290
[github.com/flipped-aurora/gin-vue-admin/server]2026-08-09 16:44:54.275	[31merror[0m	/Users/a1/data/go/gin-vue-admin/server/initialize/meilisearch.go:15	Failed to initialize Meilisearch	{"error": "failed to connect to meilisearch: MeilisearchCommunicationError unable to execute request (path \"GET /indexes\" with method \"GetIndexes\"): Get \"http://119.29.82.70:7700/indexes\": dial tcp 119.29.82.70:7700: connect: connection refused"}
github.com/flipped-aurora/gin-vue-admin/server/initialize.InitMeilisearch
	/Users/a1/data/go/gin-vue-admin/server/initialize/meilisearch.go:15
main.initializeSystem
	/Users/a1/data/go/gin-vue-admin/server/main.go:47
main.main
	/Users/a1/data/go/gin-vue-admin/server/main.go:32
runtime.main
	/usr/local/go/src/runtime/proc.go:290
[github.com/flipped-aurora/gin-vue-admin/server]2026-08-09 16:45:10.805	[31merror[0m	/Users/a1/data/go/gin-vue-admin/server/service/quant/meilisearch.go:39	Failed to connect to Meilisearch	{"url": "http://119.29.82.70:7700", "error": "MeilisearchCommunicationError unable to execute request (path \"GET /indexes\" with method \"GetIndexes\"): Get \"http://119.29.82.70:7700/indexes\": dial tcp 119.29.82.70:7700: connect: connection refused"}
github.com/flipped-aurora/gin-vue-admin/server/service/quant.(*MeilisearchService).InitializeMeilisearch
	/Users/a1/data/go/gin-vue-admin/server/service/quant/meilisearch.go:39
github.com/flipped-aurora/gin-vue-admin/server/initialize.InitMeilisearch
	/Users/a1/data/go/gin-vue-admin/server/initialize/meilisearch.go:14
main.initializeSystem
	/Users/a1/data/go/gin-vue-admin/server/main.go:47
main.main
	/Users/a1/data/go/gin-vue-admin/server/main.go:32
runtime.main
	/usr/local/go/src/runtime/proc.go:290
[github.com/flipped-aurora/gin-vue-admin/server]2026-08-09 16:45:10.984	[31merror[0m	/Users/a1/data/go/gin-vue-admin/server/initialize/meilisearch.go:15	Failed to initialize Meilisearch	{"error": "failed to connect to meilisearch: MeilisearchCommunicationError unable to execute request (path \"GET /indexes\" with method \"GetIndexes\"): Get \"http://119.29.82.70:7700/indexes\": dial tcp 119.29.82.70:7700: connect: connection refused"}
github.com/flipped-aurora/gin-vue-admin/server/initialize.InitMeilisearch
	/Users/a1/data/go/gin-vue-admin/server/initialize/meilisearch.go:15
main.initializeSystem
	/Users/a1/data/go/gin-vue-admin/server/main.go:47
main.main
	/Users/a1/data/go/gin-vue-admin/server/main.go:32
runtime.main
	/usr/local/go/src/runtime/proc.go:290
[github.com/flipped-aurora/gin-vue-admin/server]2026-08-09 16:45:31.969	[31merror[0m	/Users/a1/data/go/gin-vue-admin/server/service/quant/meilisearch.go:39	Failed to connect to Meilisearch	{"url": "http://119.29.82.70:7700", "error": "MeilisearchCommunicationError unable to execute request (path \"GET /indexes\" with method \"GetIndexes\"): Get \"http://119.29.82.70:7700/indexes\": dial tcp 119.29.82.70:7700: connect: connection refused"}
github.com/flipped-aurora/gin-vue-admin/server/service/quant.(*MeilisearchService).InitializeMeilisearch
	/Users/a1/data/go/gin-vue-admin/server/service/quant/meilisearch.go:39
github.com/flipped-aurora/gin-vue-admin/server/initialize.InitMeilisearch
	/Users/a1/data/go/gin-vue-admin/server/initialize/meilisearch.go:14
main.initializeSystem
	/Users/a1/data/go/gin-vue-admin/server/main.go:47
main.main
	/Users/a1/data/go/gin-vue-admin/server/main.go:32
runtime.main
	/usr/local/go/src/runtime/proc.go:290
[github.com/flipped-aurora/gin-vue-admin/server]2026-08-09 16:45:32.150	[31merror[0m	/Users/a1/data/go/gin-vue-admin/server/initialize/meilisearch.go:15	Failed to initialize Meilisearch	{"error": "failed to connect to meilisearch: MeilisearchCommunicationError unable to execute request (path \"GET /indexes\" with method \"GetIndexes\"): Get \"http://119.29.82.70:7700/indexes\": dial tcp 119.29.82.70:7700: connect: connection refused"}
github.com/flipped-aurora/gin-vue-admin/server/initialize.InitMeilisearch
	/Users/a1/data/go/gin-vue-admin/server/initialize/meilisearch.go:15
main.initializeSystem
	/Users/a1/data/go/gin-vue-admin/server/main.go:47
main.main
	/Users/a1/data/go/gin-vue-admin/server/main.go:32
runtime.main
	/usr/local/go/src/runtime/proc.go:290
[github.com/flipped-aurora/gin-vue-admin/server]2026-08-09 16:51:05.844	[31merror[0m	/Users/a1/data/go/gin-vue-admin/server/service/quant/meilisearch.go:39	Failed to connect to Meilisearch	{"url": "http://119.29.82.70:7700", "error": "MeilisearchCommunicationError unable to execute request (path \"GET /indexes\" with method \"GetIndexes\"): Get \"http://119.29.82.70:7700/indexes\": dial tcp 119.29.82.70:7700: connect: connection refused"}
github.com/flipped-aurora/gin-vue-admin/server/service/quant.(*MeilisearchService).InitializeMeilisearch
	/Users/a1/data/go/gin-vue-admin/server/service/quant/meilisearch.go:39
github.com/flipped-aurora/gin-vue-admin/server/initialize.InitMeilisearch
	/Users/a1/data/go/gin-vue-admin/server/initialize/meilisearch.go:14
main.initializeSystem
	/Users/a1/data/go/gin-vue-admin/server/main.go:47
main.main
	/Users/a1/data/go/gin-vue-admin/server/main.go:32
runtime.main
	/usr/local/go/src/runtime/proc.go:290
[github.com/flipped-aurora/gin-vue-admin/server]2026-08-09 16:51:06.012	[31merror[0m	/Users/a1/data/go/gin-vue-admin/server/initialize/meilisearch.go:15	Failed to initialize Meilisearch	{"error": "failed to connect to meilisearch: MeilisearchCommunicationError unable to execute request (path \"GET /indexes\" with method \"GetIndexes\"): Get \"http://119.29.82.70:7700/indexes\": dial tcp 119.29.82.70:7700: connect: connection refused"}
github.com/flipped-aurora/gin-vue-admin/server/initialize.InitMeilisearch
	/Users/a1/data/go/gin-vue-admin/server/initialize/meilisearch.go:15
main.initializeSystem
	/Users/a1/data/go/gin-vue-admin/server/main.go:47
main.main
	/Users/a1/data/go/gin-vue-admin/server/main.go:32
runtime.main
	/usr/local/go/src/runtime/proc.go:290
[github.com/flipped-aurora/gin-vue-admin/server]2026-08-09 16:51:10.827	[31merror[0m	/Users/a1/data/go/gin-vue-admin/server/service/quant/meilisearch.go:39	Failed to connect to Meilisearch	{"url": "http://119.29.82.70:7700", "error": "MeilisearchCommunicationError unable to execute request (path \"GET /indexes\" with method \"GetIndexes\"): Get \"http://119.29.82.70:7700/indexes\": dial tcp 119.29.82.70:7700: connect: connection refused"}
github.com/flipped-aurora/gin-vue-admin/server/service/quant.(*MeilisearchService).InitializeMeilisearch
	/Users/a1/data/go/gin-vue-admin/server/service/quant/meilisearch.go:39
github.com/flipped-aurora/gin-vue-admin/server/initialize.InitMeilisearch
	/Users/a1/data/go/gin-vue-admin/server/initialize/meilisearch.go:14
main.initializeSystem
	/Users/a1/data/go/gin-vue-admin/server/main.go:47
main.main
	/Users/a1/data/go/gin-vue-admin/server/main.go:32
runtime.main
	/usr/local/go/src/runtime/proc.go:290
[github.com/flipped-aurora/gin-vue-admin/server]2026-08-09 16:51:10.993	[31merror[0m	/Users/a1/data/go/gin-vue-admin/server/initialize/meilisearch.go:15	Failed to initialize Meilisearch	{"error": "failed to connect to meilisearch: MeilisearchCommunicationError unable to execute request (path \"GET /indexes\" with method \"GetIndexes\"): Get \"http://119.29.82.70:7700/indexes\": dial tcp 119.29.82.70:7700: connect: connection refused"}
github.com/flipped-aurora/gin-vue-admin/server/initialize.InitMeilisearch
	/Users/a1/data/go/gin-vue-admin/server/initialize/meilisearch.go:15
main.initializeSystem
	/Users/a1/data/go/gin-vue-admin/server/main.go:47
main.main
	/Users/a1/data/go/gin-vue-admin/server/main.go:32
runtime.main
	/usr/local/go/src/runtime/proc.go:290
[github.com/flipped-aurora/gin-vue-admin/server]2026-08-09 16:51:16.790	[31merror[0m	/Users/a1/data/go/gin-vue-admin/server/service/quant/meilisearch.go:39	Failed to connect to Meilisearch	{"url": "http://119.29.82.70:7700", "error": "MeilisearchCommunicationError unable to execute request (path \"GET /indexes\" with method \"GetIndexes\"): Get \"http://119.29.82.70:7700/indexes\": dial tcp 119.29.82.70:7700: connect: connection refused"}
github.com/flipped-aurora/gin-vue-admin/server/service/quant.(*MeilisearchService).InitializeMeilisearch
	/Users/a1/data/go/gin-vue-admin/server/service/quant/meilisearch.go:39
github.com/flipped-aurora/gin-vue-admin/server/initialize.InitMeilisearch
	/Users/a1/data/go/gin-vue-admin/server/initialize/meilisearch.go:14
main.initializeSystem
	/Users/a1/data/go/gin-vue-admin/server/main.go:47
main.main
	/Users/a1/data/go/gin-vue-admin/server/main.go:32
runtime.main
	/usr/local/go/src/runtime/proc.go:290
[github.com/flipped-aurora/gin-vue-admin/server]2026-08-09 16:51:16.973	[31merror[0m	/Users/a1/data/go/gin-vue-admin/server/initialize/meilisearch.go:15	Failed to initialize Meilisearch	{"error": "failed to connect to meilisearch: MeilisearchCommunicationError unable to execute request (path \"GET /indexes\" with method \"GetIndexes\"): Get \"http://119.29.82.70:7700/indexes\": dial tcp 119.29.82.70:7700: connect: connection refused"}
github.com/flipped-aurora/gin-vue-admin/server/initialize.InitMeilisearch
	/Users/a1/data/go/gin-vue-admin/server/initialize/meilisearch.go:15
main.initializeSystem
	/Users/a1/data/go/gin-vue-admin/server/main.go:47
main.main
	/Users/a1/data/go/gin-vue-admin/server/main.go:32
runtime.main
	/usr/local/go/src/runtime/proc.go:290
[github.com/flipped-aurora/gin-vue-admin/server]2026-08-09 16:51:59.583	[31merror[0m	/Users/a1/data/go/gin-vue-admin/server/service/quant/meilisearch.go:39	Failed to connect to Meilisearch	{"url": "http://119.29.82.70:7700", "error": "MeilisearchCommunicationError unable to execute request (path \"GET /indexes\" with method \"GetIndexes\"): Get \"http://119.29.82.70:7700/indexes\": dial tcp 119.29.82.70:7700: connect: connection refused"}
github.com/flipped-aurora/gin-vue-admin/server/service/quant.(*MeilisearchService).InitializeMeilisearch
	/Users/a1/data/go/gin-vue-admin/server/service/quant/meilisearch.go:39
github.com/flipped-aurora/gin-vue-admin/server/initialize.InitMeilisearch
	/Users/a1/data/go/gin-vue-admin/server/initialize/meilisearch.go:14
main.initializeSystem
	/Users/a1/data/go/gin-vue-admin/server/main.go:47
main.main
	/Users/a1/data/go/gin-vue-admin/server/main.go:32
runtime.main
	/usr/local/go/src/runtime/proc.go:290
[github.com/flipped-aurora/gin-vue-admin/server]2026-08-09 16:51:59.776	[31merror[0m	/Users/a1/data/go/gin-vue-admin/server/initialize/meilisearch.go:15	Failed to initialize Meilisearch	{"error": "failed to connect to meilisearch: MeilisearchCommunicationError unable to execute request (path \"GET /indexes\" with method \"GetIndexes\"): Get \"http://119.29.82.70:7700/indexes\": dial tcp 119.29.82.70:7700: connect: connection refused"}
github.com/flipped-aurora/gin-vue-admin/server/initialize.InitMeilisearch
	/Users/a1/data/go/gin-vue-admin/server/initialize/meilisearch.go:15
main.initializeSystem
	/Users/a1/data/go/gin-vue-admin/server/main.go:47
main.main
	/Users/a1/data/go/gin-vue-admin/server/main.go:32
runtime.main
	/usr/local/go/src/runtime/proc.go:290
[github.com/flipped-aurora/gin-vue-admin/server]2026-08-09 16:54:10.434	[31merror[0m	/Users/a1/data/go/gin-vue-admin/server/service/quant/meilisearch.go:39	Failed to connect to Meilisearch	{"url": "http://119.29.82.70:7700", "error": "MeilisearchCommunicationError unable to execute request (path \"GET /indexes\" with method \"GetIndexes\"): Get \"http://119.29.82.70:7700/indexes\": dial tcp 119.29.82.70:7700: connect: connection refused"}
github.com/flipped-aurora/gin-vue-admin/server/service/quant.(*MeilisearchService).InitializeMeilisearch
	/Users/a1/data/go/gin-vue-admin/server/service/quant/meilisearch.go:39
github.com/flipped-aurora/gin-vue-admin/server/initialize.InitMeilisearch
	/Users/a1/data/go/gin-vue-admin/server/initialize/meilisearch.go:14
main.initializeSystem
	/Users/a1/data/go/gin-vue-admin/server/main.go:47
main.main
	/Users/a1/data/go/gin-vue-admin/server/main.go:32
runtime.main
	/usr/local/go/src/runtime/proc.go:290
[github.com/flipped-aurora/gin-vue-admin/server]2026-08-09 16:54:10.606	[31merror[0m	/Users/a1/data/go/gin-vue-admin/server/initialize/meilisearch.go:15	Failed to initialize Meilisearch	{"error": "failed to connect to meilisearch: MeilisearchCommunicationError unable to execute request (path \"GET /indexes\" with method \"GetIndexes\"): Get \"http://119.29.82.70:7700/indexes\": dial tcp 119.29.82.70:7700: connect: connection refused"}
github.com/flipped-aurora/gin-vue-admin/server/initialize.InitMeilisearch
	/Users/a1/data/go/gin-vue-admin/server/initialize/meilisearch.go:15
main.initializeSystem
	/Users/a1/data/go/gin-vue-admin/server/main.go:47
main.main
	/Users/a1/data/go/gin-vue-admin/server/main.go:32
runtime.main
	/usr/local/go/src/runtime/proc.go:290
[github.com/flipped-aurora/gin-vue-admin/server]2026-08-09 16:54:25.272	[31merror[0m	/Users/a1/data/go/gin-vue-admin/server/service/quant/meilisearch.go:39	Failed to connect to Meilisearch	{"url": "http://119.29.82.70:7700", "error": "MeilisearchCommunicationError unable to execute request (path \"GET /indexes\" with method \"GetIndexes\"): Get \"http://119.29.82.70:7700/indexes\": dial tcp 119.29.82.70:7700: connect: connection refused"}
github.com/flipped-aurora/gin-vue-admin/server/service/quant.(*MeilisearchService).InitializeMeilisearch
	/Users/a1/data/go/gin-vue-admin/server/service/quant/meilisearch.go:39
github.com/flipped-aurora/gin-vue-admin/server/initialize.InitMeilisearch
	/Users/a1/data/go/gin-vue-admin/server/initialize/meilisearch.go:14
main.initializeSystem
	/Users/a1/data/go/gin-vue-admin/server/main.go:47
main.main
	/Users/a1/data/go/gin-vue-admin/server/main.go:32
runtime.main
	/usr/local/go/src/runtime/proc.go:290
[github.com/flipped-aurora/gin-vue-admin/server]2026-08-09 16:54:25.453	[31merror[0m	/Users/a1/data/go/gin-vue-admin/server/initialize/meilisearch.go:15	Failed to initialize Meilisearch	{"error": "failed to connect to meilisearch: MeilisearchCommunicationError unable to execute request (path \"GET /indexes\" with method \"GetIndexes\"): Get \"http://119.29.82.70:7700/indexes\": dial tcp 119.29.82.70:7700: connect: connection refused"}
github.com/flipped-aurora/gin-vue-admin/server/initialize.InitMeilisearch
	/Users/a1/data/go/gin-vue-admin/server/initialize/meilisearch.go:15
main.initializeSystem
	/Users/a1/data/go/gin-vue-admin/server/main.go:47
main.main
	/Users/a1/data/go/gin-vue-admin/server/main.go:32
runtime.main
	/usr/local/go/src/runtime/proc.go:290
[github.com/flipped-aurora/gin-vue-admin/server]2026-08-09 17:00:49.049	[31merror[0m	/Users/a1/data/go/gin-vue-admin/server/service/quant/meilisearch.go:39	Failed to connect to Meilisearch	{"url": "http://119.29.82.70:7700", "error": "MeilisearchCommunicationError unable to execute request (path \"GET /indexes\" with method \"GetIndexes\"): Get \"http://119.29.82.70:7700/indexes\": dial tcp 119.29.82.70:7700: connect: connection refused"}
github.com/flipped-aurora/gin-vue-admin/server/service/quant.(*MeilisearchService).InitializeMeilisearch
	/Users/a1/data/go/gin-vue-admin/server/service/quant/meilisearch.go:39
github.com/flipped-aurora/gin-vue-admin/server/initialize.InitMeilisearch
	/Users/a1/data/go/gin-vue-admin/server/initialize/meilisearch.go:14
main.initializeSystem
	/Users/a1/data/go/gin-vue-admin/server/main.go:47
main.main
	/Users/a1/data/go/gin-vue-admin/server/main.go:32
runtime.main
	/usr/local/go/src/runtime/proc.go:290
[github.com/flipped-aurora/gin-vue-admin/server]2026-08-09 17:00:49.243	[31merror[0m	/Users/a1/data/go/gin-vue-admin/server/initialize/meilisearch.go:15	Failed to initialize Meilisearch	{"error": "failed to connect to meilisearch: MeilisearchCommunicationError unable to execute request (path \"GET /indexes\" with method \"GetIndexes\"): Get \"http://119.29.82.70:7700/indexes\": dial tcp 119.29.82.70:7700: connect: connection refused"}
github.com/flipped-aurora/gin-vue-admin/server/initialize.InitMeilisearch
	/Users/a1/data/go/gin-vue-admin/server/initialize/meilisearch.go:15
main.initializeSystem
	/Users/a1/data/go/gin-vue-admin/server/main.go:47
main.main
	/Users/a1/data/go/gin-vue-admin/server/main.go:32
runtime.main
	/usr/local/go/src/runtime/proc.go:290
[github.com/flipped-aurora/gin-vue-admin/server]2026-08-09 17:01:05.025	[31merror[0m	/Users/a1/data/go/gin-vue-admin/server/service/quant/meilisearch.go:39	Failed to connect to Meilisearch	{"url": "http://119.29.82.70:7700", "error": "MeilisearchCommunicationError unable to execute request (path \"GET /indexes\" with method \"GetIndexes\"): Get \"http://119.29.82.70:7700/indexes\": dial tcp 119.29.82.70:7700: connect: connection refused"}
github.com/flipped-aurora/gin-vue-admin/server/service/quant.(*MeilisearchService).InitializeMeilisearch
	/Users/a1/data/go/gin-vue-admin/server/service/quant/meilisearch.go:39
github.com/flipped-aurora/gin-vue-admin/server/initialize.InitMeilisearch
	/Users/a1/data/go/gin-vue-admin/server/initialize/meilisearch.go:14
main.initializeSystem
	/Users/a1/data/go/gin-vue-admin/server/main.go:47
main.main
	/Users/a1/data/go/gin-vue-admin/server/main.go:32
runtime.main
	/usr/local/go/src/runtime/proc.go:290
[github.com/flipped-aurora/gin-vue-admin/server]2026-08-09 17:01:05.207	[31merror[0m	/Users/a1/data/go/gin-vue-admin/server/initialize/meilisearch.go:15	Failed to initialize Meilisearch	{"error": "failed to connect to meilisearch: MeilisearchCommunicationError unable to execute request (path \"GET /indexes\" with method \"GetIndexes\"): Get \"http://119.29.82.70:7700/indexes\": dial tcp 119.29.82.70:7700: connect: connection refused"}
github.com/flipped-aurora/gin-vue-admin/server/initialize.InitMeilisearch
	/Users/a1/data/go/gin-vue-admin/server/initialize/meilisearch.go:15
main.initializeSystem
	/Users/a1/data/go/gin-vue-admin/server/main.go:47
main.main
	/Users/a1/data/go/gin-vue-admin/server/main.go:32
runtime.main
	/usr/local/go/src/runtime/proc.go:290
[github.com/flipped-aurora/gin-vue-admin/server]2026-08-09 17:01:55.138	[31merror[0m	/Users/a1/data/go/gin-vue-admin/server/service/quant/meilisearch.go:39	Failed to connect to Meilisearch	{"url": "http://119.29.82.70:7700", "error": "MeilisearchCommunicationError unable to execute request (path \"GET /indexes\" with method \"GetIndexes\"): Get \"http://119.29.82.70:7700/indexes\": dial tcp 119.29.82.70:7700: connect: connection refused"}
github.com/flipped-aurora/gin-vue-admin/server/service/quant.(*MeilisearchService).InitializeMeilisearch
	/Users/a1/data/go/gin-vue-admin/server/service/quant/meilisearch.go:39
github.com/flipped-aurora/gin-vue-admin/server/initialize.InitMeilisearch
	/Users/a1/data/go/gin-vue-admin/server/initialize/meilisearch.go:14
main.initializeSystem
	/Users/a1/data/go/gin-vue-admin/server/main.go:47
main.main
	/Users/a1/data/go/gin-vue-admin/server/main.go:32
runtime.main
	/usr/local/go/src/runtime/proc.go:290
[github.com/flipped-aurora/gin-vue-admin/server]2026-08-09 17:01:55.361	[31merror[0m	/Users/a1/data/go/gin-vue-admin/server/initialize/meilisearch.go:15	Failed to initialize Meilisearch	{"error": "failed to connect to meilisearch: MeilisearchCommunicationError unable to execute request (path \"GET /indexes\" with method \"GetIndexes\"): Get \"http://119.29.82.70:7700/indexes\": dial tcp 119.29.82.70:7700: connect: connection refused"}
github.com/flipped-aurora/gin-vue-admin/server/initialize.InitMeilisearch
	/Users/a1/data/go/gin-vue-admin/server/initialize/meilisearch.go:15
main.initializeSystem
	/Users/a1/data/go/gin-vue-admin/server/main.go:47
main.main
	/Users/a1/data/go/gin-vue-admin/server/main.go:32
runtime.main
	/usr/local/go/src/runtime/proc.go:290
[github.com/flipped-aurora/gin-vue-admin/server]2026-08-09 17:10:11.911	[31merror[0m	/Users/a1/data/go/gin-vue-admin/server/service/quant/meilisearch.go:39	Failed to connect to Meilisearch	{"url": "http://119.29.82.70:7700", "error": "MeilisearchCommunicationError unable to execute request (path \"GET /indexes\" with method \"GetIndexes\"): Get \"http://119.29.82.70:7700/indexes\": dial tcp 119.29.82.70:7700: connect: connection refused"}
github.com/flipped-aurora/gin-vue-admin/server/service/quant.(*MeilisearchService).InitializeMeilisearch
	/Users/a1/data/go/gin-vue-admin/server/service/quant/meilisearch.go:39
github.com/flipped-aurora/gin-vue-admin/server/initialize.InitMeilisearch
	/Users/a1/data/go/gin-vue-admin/server/initialize/meilisearch.go:14
main.initializeSystem
	/Users/a1/data/go/gin-vue-admin/server/main.go:47
main.main
	/Users/a1/data/go/gin-vue-admin/server/main.go:32
runtime.main
	/usr/local/go/src/runtime/proc.go:290
[github.com/flipped-aurora/gin-vue-admin/server]2026-08-09 17:10:12.095	[31merror[0m	/Users/a1/data/go/gin-vue-admin/server/initialize/meilisearch.go:15	Failed to initialize Meilisearch	{"error": "failed to connect to meilisearch: MeilisearchCommunicationError unable to execute request (path \"GET /indexes\" with method \"GetIndexes\"): Get \"http://119.29.82.70:7700/indexes\": dial tcp 119.29.82.70:7700: connect: connection refused"}
github.com/flipped-aurora/gin-vue-admin/server/initialize.InitMeilisearch
	/Users/a1/data/go/gin-vue-admin/server/initialize/meilisearch.go:15
main.initializeSystem
	/Users/a1/data/go/gin-vue-admin/server/main.go:47
main.main
	/Users/a1/data/go/gin-vue-admin/server/main.go:32
runtime.main
	/usr/local/go/src/runtime/proc.go:290
[github.com/flipped-aurora/gin-vue-admin/server]2026-08-09 17:11:05.567	[31merror[0m	/Users/a1/data/go/gin-vue-admin/server/service/quant/meilisearch.go:39	Failed to connect to Meilisearch	{"url": "http://119.29.82.70:7700", "error": "MeilisearchCommunicationError unable to execute request (path \"GET /indexes\" with method \"GetIndexes\"): Get \"http://119.29.82.70:7700/indexes\": dial tcp 119.29.82.70:7700: connect: connection refused"}
github.com/flipped-aurora/gin-vue-admin/server/service/quant.(*MeilisearchService).InitializeMeilisearch
	/Users/a1/data/go/gin-vue-admin/server/service/quant/meilisearch.go:39
github.com/flipped-aurora/gin-vue-admin/server/initialize.InitMeilisearch
	/Users/a1/data/go/gin-vue-admin/server/initialize/meilisearch.go:14
main.initializeSystem
	/Users/a1/data/go/gin-vue-admin/server/main.go:47
main.main
	/Users/a1/data/go/gin-vue-admin/server/main.go:32
runtime.main
	/usr/local/go/src/runtime/proc.go:290
[github.com/flipped-aurora/gin-vue-admin/server]2026-08-09 17:11:05.763	[31merror[0m	/Users/a1/data/go/gin-vue-admin/server/initialize/meilisearch.go:15	Failed to initialize Meilisearch	{"error": "failed to connect to meilisearch: MeilisearchCommunicationError unable to execute request (path \"GET /indexes\" with method \"GetIndexes\"): Get \"http://119.29.82.70:7700/indexes\": dial tcp 119.29.82.70:7700: connect: connection refused"}
github.com/flipped-aurora/gin-vue-admin/server/initialize.InitMeilisearch
	/Users/a1/data/go/gin-vue-admin/server/initialize/meilisearch.go:15
main.initializeSystem
	/Users/a1/data/go/gin-vue-admin/server/main.go:47
main.main
	/Users/a1/data/go/gin-vue-admin/server/main.go:32
runtime.main
	/usr/local/go/src/runtime/proc.go:290
[github.com/flipped-aurora/gin-vue-admin/server]2026-08-09 17:11:24.668	[31merror[0m	/Users/a1/data/go/gin-vue-admin/server/service/quant/meilisearch.go:39	Failed to connect to Meilisearch	{"url": "http://119.29.82.70:7700", "error": "MeilisearchCommunicationError unable to execute request (path \"GET /indexes\" with method \"GetIndexes\"): Get \"http://119.29.82.70:7700/indexes\": dial tcp 119.29.82.70:7700: connect: connection refused"}
github.com/flipped-aurora/gin-vue-admin/server/service/quant.(*MeilisearchService).InitializeMeilisearch
	/Users/a1/data/go/gin-vue-admin/server/service/quant/meilisearch.go:39
github.com/flipped-aurora/gin-vue-admin/server/initialize.InitMeilisearch
	/Users/a1/data/go/gin-vue-admin/server/initialize/meilisearch.go:14
main.initializeSystem
	/Users/a1/data/go/gin-vue-admin/server/main.go:47
main.main
	/Users/a1/data/go/gin-vue-admin/server/main.go:32
runtime.main
	/usr/local/go/src/runtime/proc.go:290
[github.com/flipped-aurora/gin-vue-admin/server]2026-08-09 17:11:24.842	[31merror[0m	/Users/a1/data/go/gin-vue-admin/server/initialize/meilisearch.go:15	Failed to initialize Meilisearch	{"error": "failed to connect to meilisearch: MeilisearchCommunicationError unable to execute request (path \"GET /indexes\" with method \"GetIndexes\"): Get \"http://119.29.82.70:7700/indexes\": dial tcp 119.29.82.70:7700: connect: connection refused"}
github.com/flipped-aurora/gin-vue-admin/server/initialize.InitMeilisearch
	/Users/a1/data/go/gin-vue-admin/server/initialize/meilisearch.go:15
main.initializeSystem
	/Users/a1/data/go/gin-vue-admin/server/main.go:47
main.main
	/Users/a1/data/go/gin-vue-admin/server/main.go:32
runtime.main
	/usr/local/go/src/runtime/proc.go:290
[github.com/flipped-aurora/gin-vue-admin/server]2026-08-09 17:16:40.767	[31merror[0m	/Users/a1/data/go/gin-vue-admin/server/service/quant/meilisearch.go:39	Failed to connect to Meilisearch	{"url": "http://119.29.82.70:7700", "error": "MeilisearchCommunicationError unable to execute request (path \"GET /indexes\" with method \"GetIndexes\"): Get \"http://119.29.82.70:7700/indexes\": dial tcp 119.29.82.70:7700: connect: connection refused"}
github.com/flipped-aurora/gin-vue-admin/server/service/quant.(*MeilisearchService).InitializeMeilisearch
	/Users/a1/data/go/gin-vue-admin/server/service/quant/meilisearch.go:39
github.com/flipped-aurora/gin-vue-admin/server/initialize.InitMeilisearch
	/Users/a1/data/go/gin-vue-admin/server/initialize/meilisearch.go:14
main.initializeSystem
	/Users/a1/data/go/gin-vue-admin/server/main.go:47
main.main
	/Users/a1/data/go/gin-vue-admin/server/main.go:32
runtime.main
	/usr/local/go/src/runtime/proc.go:290
[github.com/flipped-aurora/gin-vue-admin/server]2026-08-09 17:16:40.951	[31merror[0m	/Users/a1/data/go/gin-vue-admin/server/initialize/meilisearch.go:15	Failed to initialize Meilisearch	{"error": "failed to connect to meilisearch: MeilisearchCommunicationError unable to execute request (path \"GET /indexes\" with method \"GetIndexes\"): Get \"http://119.29.82.70:7700/indexes\": dial tcp 119.29.82.70:7700: connect: connection refused"}
github.com/flipped-aurora/gin-vue-admin/server/initialize.InitMeilisearch
	/Users/a1/data/go/gin-vue-admin/server/initialize/meilisearch.go:15
main.initializeSystem
	/Users/a1/data/go/gin-vue-admin/server/main.go:47
main.main
	/Users/a1/data/go/gin-vue-admin/server/main.go:32
runtime.main
	/usr/local/go/src/runtime/proc.go:290
[github.com/flipped-aurora/gin-vue-admin/server]2026-08-09 17:16:53.878	[31merror[0m	/Users/a1/data/go/gin-vue-admin/server/service/quant/meilisearch.go:39	Failed to connect to Meilisearch	{"url": "http://119.29.82.70:7700", "error": "MeilisearchCommunicationError unable to execute request (path \"GET /indexes\" with method \"GetIndexes\"): Get \"http://119.29.82.70:7700/indexes\": dial tcp 119.29.82.70:7700: connect: connection refused"}
github.com/flipped-aurora/gin-vue-admin/server/service/quant.(*MeilisearchService).InitializeMeilisearch
	/Users/a1/data/go/gin-vue-admin/server/service/quant/meilisearch.go:39
github.com/flipped-aurora/gin-vue-admin/server/initialize.InitMeilisearch
	/Users/a1/data/go/gin-vue-admin/server/initialize/meilisearch.go:14
main.initializeSystem
	/Users/a1/data/go/gin-vue-admin/server/main.go:47
main.main
	/Users/a1/data/go/gin-vue-admin/server/main.go:32
runtime.main
	/usr/local/go/src/runtime/proc.go:290
[github.com/flipped-aurora/gin-vue-admin/server]2026-08-09 17:16:54.055	[31merror[0m	/Users/a1/data/go/gin-vue-admin/server/initialize/meilisearch.go:15	Failed to initialize Meilisearch	{"error": "failed to connect to meilisearch: MeilisearchCommunicationError unable to execute request (path \"GET /indexes\" with method \"GetIndexes\"): Get \"http://119.29.82.70:7700/indexes\": dial tcp 119.29.82.70:7700: connect: connection refused"}
github.com/flipped-aurora/gin-vue-admin/server/initialize.InitMeilisearch
	/Users/a1/data/go/gin-vue-admin/server/initialize/meilisearch.go:15
main.initializeSystem
	/Users/a1/data/go/gin-vue-admin/server/main.go:47
main.main
	/Users/a1/data/go/gin-vue-admin/server/main.go:32
runtime.main
	/usr/local/go/src/runtime/proc.go:290
[github.com/flipped-aurora/gin-vue-admin/server]2026-08-09 17:24:45.132	[31merror[0m	/Users/a1/data/go/gin-vue-admin/server/service/quant/meilisearch.go:39	Failed to connect to Meilisearch	{"url": "http://119.29.82.70:7700", "error": "MeilisearchCommunicationError unable to execute request (path \"GET /indexes\" with method \"GetIndexes\"): Get \"http://119.29.82.70:7700/indexes\": dial tcp 119.29.82.70:7700: connect: connection refused"}
github.com/flipped-aurora/gin-vue-admin/server/service/quant.(*MeilisearchService).InitializeMeilisearch
	/Users/a1/data/go/gin-vue-admin/server/service/quant/meilisearch.go:39
github.com/flipped-aurora/gin-vue-admin/server/initialize.InitMeilisearch
	/Users/a1/data/go/gin-vue-admin/server/initialize/meilisearch.go:14
main.initializeSystem
	/Users/a1/data/go/gin-vue-admin/server/main.go:47
main.main
	/Users/a1/data/go/gin-vue-admin/server/main.go:32
runtime.main
	/usr/local/go/src/runtime/proc.go:290
[github.com/flipped-aurora/gin-vue-admin/server]2026-08-09 17:24:45.314	[31merror[0m	/Users/a1/data/go/gin-vue-admin/server/initialize/meilisearch.go:15	Failed to initialize Meilisearch	{"error": "failed to connect to meilisearch: MeilisearchCommunicationError unable to execute request (path \"GET /indexes\" with method \"GetIndexes\"): Get \"http://119.29.82.70:7700/indexes\": dial tcp 119.29.82.70:7700: connect: connection refused"}
github.com/flipped-aurora/gin-vue-admin/server/initialize.InitMeilisearch
	/Users/a1/data/go/gin-vue-admin/server/initialize/meilisearch.go:15
main.initializeSystem
	/Users/a1/data/go/gin-vue-admin/server/main.go:47
main.main
	/Users/a1/data/go/gin-vue-admin/server/main.go:32
runtime.main
	/usr/local/go/src/runtime/proc.go:290
[github.com/flipped-aurora/gin-vue-admin/server]2026-08-09 17:25:12.202	[31merror[0m	/Users/a1/data/go/gin-vue-admin/server/service/quant/meilisearch.go:39	Failed to connect to Meilisearch	{"url": "http://119.29.82.70:7700", "error": "MeilisearchCommunicationError unable to execute request (path \"GET /indexes\" with method \"GetIndexes\"): Get \"http://119.29.82.70:7700/indexes\": dial tcp 119.29.82.70:7700: connect: connection refused"}
github.com/flipped-aurora/gin-vue-admin/server/service/quant.(*MeilisearchService).InitializeMeilisearch
	/Users/a1/data/go/gin-vue-admin/server/service/quant/meilisearch.go:39
github.com/flipped-aurora/gin-vue-admin/server/initialize.InitMeilisearch
	/Users/a1/data/go/gin-vue-admin/server/initialize/meilisearch.go:14
main.initializeSystem
	/Users/a1/data/go/gin-vue-admin/server/main.go:47
main.main
	/Users/a1/data/go/gin-vue-admin/server/main.go:32
runtime.main
	/usr/local/go/src/runtime/proc.go:290
[github.com/flipped-aurora/gin-vue-admin/server]2026-08-09 17:25:12.375	[31merror[0m	/Users/a1/data/go/gin-vue-admin/server/initialize/meilisearch.go:15	Failed to initialize Meilisearch	{"error": "failed to connect to meilisearch: MeilisearchCommunicationError unable to execute request (path \"GET /indexes\" with method \"GetIndexes\"): Get \"http://119.29.82.70:7700/indexes\": dial tcp 119.29.82.70:7700: connect: connection refused"}
github.com/flipped-aurora/gin-vue-admin/server/initialize.InitMeilisearch
	/Users/a1/data/go/gin-vue-admin/server/initialize/meilisearch.go:15
main.initializeSystem
	/Users/a1/data/go/gin-vue-admin/server/main.go:47
main.main
	/Users/a1/data/go/gin-vue-admin/server/main.go:32
runtime.main
	/usr/local/go/src/runtime/proc.go:290
[github.com/flipped-aurora/gin-vue-admin/server]2026-08-09 17:25:20.494	[31merror[0m	/Users/a1/data/go/gin-vue-admin/server/service/quant/meilisearch.go:39	Failed to connect to Meilisearch	{"url": "http://119.29.82.70:7700", "error": "MeilisearchCommunicationError unable to execute request (path \"GET /indexes\" with method \"GetIndexes\"): Get \"http://119.29.82.70:7700/indexes\": dial tcp 119.29.82.70:7700: connect: connection refused"}
github.com/flipped-aurora/gin-vue-admin/server/service/quant.(*MeilisearchService).InitializeMeilisearch
	/Users/a1/data/go/gin-vue-admin/server/service/quant/meilisearch.go:39
github.com/flipped-aurora/gin-vue-admin/server/initialize.InitMeilisearch
	/Users/a1/data/go/gin-vue-admin/server/initialize/meilisearch.go:14
main.initializeSystem
	/Users/a1/data/go/gin-vue-admin/server/main.go:47
main.main
	/Users/a1/data/go/gin-vue-admin/server/main.go:32
runtime.main
	/usr/local/go/src/runtime/proc.go:290
[github.com/flipped-aurora/gin-vue-admin/server]2026-08-09 17:25:20.653	[31merror[0m	/Users/a1/data/go/gin-vue-admin/server/initialize/meilisearch.go:15	Failed to initialize Meilisearch	{"error": "failed to connect to meilisearch: MeilisearchCommunicationError unable to execute request (path \"GET /indexes\" with method \"GetIndexes\"): Get \"http://119.29.82.70:7700/indexes\": dial tcp 119.29.82.70:7700: connect: connection refused"}
github.com/flipped-aurora/gin-vue-admin/server/initialize.InitMeilisearch
	/Users/a1/data/go/gin-vue-admin/server/initialize/meilisearch.go:15
main.initializeSystem
	/Users/a1/data/go/gin-vue-admin/server/main.go:47
main.main
	/Users/a1/data/go/gin-vue-admin/server/main.go:32
runtime.main
	/usr/local/go/src/runtime/proc.go:290
[github.com/flipped-aurora/gin-vue-admin/server]2026-08-09 17:25:28.311	[31merror[0m	/Users/a1/data/go/gin-vue-admin/server/service/quant/meilisearch.go:39	Failed to connect to Meilisearch	{"url": "http://119.29.82.70:7700", "error": "MeilisearchCommunicationError unable to execute request (path \"GET /indexes\" with method \"GetIndexes\"): Get \"http://119.29.82.70:7700/indexes\": dial tcp 119.29.82.70:7700: connect: connection refused"}
github.com/flipped-aurora/gin-vue-admin/server/service/quant.(*MeilisearchService).InitializeMeilisearch
	/Users/a1/data/go/gin-vue-admin/server/service/quant/meilisearch.go:39
github.com/flipped-aurora/gin-vue-admin/server/initialize.InitMeilisearch
	/Users/a1/data/go/gin-vue-admin/server/initialize/meilisearch.go:14
main.initializeSystem
	/Users/a1/data/go/gin-vue-admin/server/main.go:47
main.main
	/Users/a1/data/go/gin-vue-admin/server/main.go:32
runtime.main
	/usr/local/go/src/runtime/proc.go:290
[github.com/flipped-aurora/gin-vue-admin/server]2026-08-09 17:25:28.516	[31merror[0m	/Users/a1/data/go/gin-vue-admin/server/initialize/meilisearch.go:15	Failed to initialize Meilisearch	{"error": "failed to connect to meilisearch: MeilisearchCommunicationError unable to execute request (path \"GET /indexes\" with method \"GetIndexes\"): Get \"http://119.29.82.70:7700/indexes\": dial tcp 119.29.82.70:7700: connect: connection refused"}
github.com/flipped-aurora/gin-vue-admin/server/initialize.InitMeilisearch
	/Users/a1/data/go/gin-vue-admin/server/initialize/meilisearch.go:15
main.initializeSystem
	/Users/a1/data/go/gin-vue-admin/server/main.go:47
main.main
	/Users/a1/data/go/gin-vue-admin/server/main.go:32
runtime.main
	/usr/local/go/src/runtime/proc.go:290
[github.com/flipped-aurora/gin-vue-admin/server]2026-08-09 17:32:28.730	[31merror[0m	/Users/a1/data/go/gin-vue-admin/server/service/quant/meilisearch.go:39	Failed to connect to Meilisearch	{"url": "http://119.29.82.70:7700", "error": "MeilisearchCommunicationError unable to execute request (path \"GET /indexes\" with method \"GetIndexes\"): Get \"http://119.29.82.70:7700/indexes\": dial tcp 119.29.82.70:7700: connect: connection refused"}
github.com/flipped-aurora/gin-vue-admin/server/service/quant.(*MeilisearchService).InitializeMeilisearch
	/Users/a1/data/go/gin-vue-admin/server/service/quant/meilisearch.go:39
github.com/flipped-aurora/gin-vue-admin/server/initialize.InitMeilisearch
	/Users/a1/data/go/gin-vue-admin/server/initialize/meilisearch.go:14
main.initializeSystem
	/Users/a1/data/go/gin-vue-admin/server/main.go:47
main.main
	/Users/a1/data/go/gin-vue-admin/server/main.go:32
runtime.main
	/usr/local/go/src/runtime/proc.go:290
[github.com/flipped-aurora/gin-vue-admin/server]2026-08-09 17:32:28.906	[31merror[0m	/Users/a1/data/go/gin-vue-admin/server/initialize/meilisearch.go:15	Failed to initialize Meilisearch	{"error": "failed to connect to meilisearch: MeilisearchCommunicationError unable to execute request (path \"GET /indexes\" with method \"GetIndexes\"): Get \"http://119.29.82.70:7700/indexes\": dial tcp 119.29.82.70:7700: connect: connection refused"}
github.com/flipped-aurora/gin-vue-admin/server/initialize.InitMeilisearch
	/Users/a1/data/go/gin-vue-admin/server/initialize/meilisearch.go:15
main.initializeSystem
	/Users/a1/data/go/gin-vue-admin/server/main.go:47
main.main
	/Users/a1/data/go/gin-vue-admin/server/main.go:32
runtime.main
	/usr/local/go/src/runtime/proc.go:290
[github.com/flipped-aurora/gin-vue-admin/server]2026-08-09 17:32:33.108	[31merror[0m	/Users/a1/data/go/gin-vue-admin/server/service/quant/meilisearch.go:39	Failed to connect to Meilisearch	{"url": "http://119.29.82.70:7700", "error": "MeilisearchCommunicationError unable to execute request (path \"GET /indexes\" with method \"GetIndexes\"): Get \"http://119.29.82.70:7700/indexes\": dial tcp 119.29.82.70:7700: connect: connection refused"}
github.com/flipped-aurora/gin-vue-admin/server/service/quant.(*MeilisearchService).InitializeMeilisearch
	/Users/a1/data/go/gin-vue-admin/server/service/quant/meilisearch.go:39
github.com/flipped-aurora/gin-vue-admin/server/initialize.InitMeilisearch
	/Users/a1/data/go/gin-vue-admin/server/initialize/meilisearch.go:14
main.initializeSystem
	/Users/a1/data/go/gin-vue-admin/server/main.go:47
main.main
	/Users/a1/data/go/gin-vue-admin/server/main.go:32
runtime.main
	/usr/local/go/src/runtime/proc.go:290
[github.com/flipped-aurora/gin-vue-admin/server]2026-08-09 17:32:33.309	[31merror[0m	/Users/a1/data/go/gin-vue-admin/server/initialize/meilisearch.go:15	Failed to initialize Meilisearch	{"error": "failed to connect to meilisearch: MeilisearchCommunicationError unable to execute request (path \"GET /indexes\" with method \"GetIndexes\"): Get \"http://119.29.82.70:7700/indexes\": dial tcp 119.29.82.70:7700: connect: connection refused"}
github.com/flipped-aurora/gin-vue-admin/server/initialize.InitMeilisearch
	/Users/a1/data/go/gin-vue-admin/server/initialize/meilisearch.go:15
main.initializeSystem
	/Users/a1/data/go/gin-vue-admin/server/main.go:47
main.main
	/Users/a1/data/go/gin-vue-admin/server/main.go:32
runtime.main
	/usr/local/go/src/runtime/proc.go:290
[github.com/flipped-aurora/gin-vue-admin/server]2026-08-09 17:32:52.433	[31merror[0m	/Users/a1/data/go/gin-vue-admin/server/service/quant/meilisearch.go:39	Failed to connect to Meilisearch	{"url": "http://119.29.82.70:7700", "error": "MeilisearchCommunicationError unable to execute request (path \"GET /indexes\" with method \"GetIndexes\"): Get \"http://119.29.82.70:7700/indexes\": dial tcp 119.29.82.70:7700: connect: connection refused"}
github.com/flipped-aurora/gin-vue-admin/server/service/quant.(*MeilisearchService).InitializeMeilisearch
	/Users/a1/data/go/gin-vue-admin/server/service/quant/meilisearch.go:39
github.com/flipped-aurora/gin-vue-admin/server/initialize.InitMeilisearch
	/Users/a1/data/go/gin-vue-admin/server/initialize/meilisearch.go:14
main.initializeSystem
	/Users/a1/data/go/gin-vue-admin/server/main.go:47
main.main
	/Users/a1/data/go/gin-vue-admin/server/main.go:32
runtime.main
	/usr/local/go/src/runtime/proc.go:290
[github.com/flipped-aurora/gin-vue-admin/server]2026-08-09 17:32:52.613	[31merror[0m	/Users/a1/data/go/gin-vue-admin/server/initialize/meilisearch.go:15	Failed to initialize Meilisearch	{"error": "failed to connect to meilisearch: MeilisearchCommunicationError unable to execute request (path \"GET /indexes\" with method \"GetIndexes\"): Get \"http://119.29.82.70:7700/indexes\": dial tcp 119.29.82.70:7700: connect: connection refused"}
github.com/flipped-aurora/gin-vue-admin/server/initialize.InitMeilisearch
	/Users/a1/data/go/gin-vue-admin/server/initialize/meilisearch.go:15
main.initializeSystem
	/Users/a1/data/go/gin-vue-admin/server/main.go:47
main.main
	/Users/a1/data/go/gin-vue-admin/server/main.go:32
runtime.main
	/usr/local/go/src/runtime/proc.go:290
[github.com/flipped-aurora/gin-vue-admin/server]2026-08-09 17:33:01.840	[31merror[0m	/Users/a1/data/go/gin-vue-admin/server/service/quant/meilisearch.go:39	Failed to connect to Meilisearch	{"url": "http://119.29.82.70:7700", "error": "MeilisearchCommunicationError unable to execute request (path \"GET /indexes\" with method \"GetIndexes\"): Get \"http://119.29.82.70:7700/indexes\": dial tcp 119.29.82.70:7700: connect: connection refused"}
github.com/flipped-aurora/gin-vue-admin/server/service/quant.(*MeilisearchService).InitializeMeilisearch
	/Users/a1/data/go/gin-vue-admin/server/service/quant/meilisearch.go:39
github.com/flipped-aurora/gin-vue-admin/server/initialize.InitMeilisearch
	/Users/a1/data/go/gin-vue-admin/server/initialize/meilisearch.go:14
main.initializeSystem
	/Users/a1/data/go/gin-vue-admin/server/main.go:47
main.main
	/Users/a1/data/go/gin-vue-admin/server/main.go:32
runtime.main
	/usr/local/go/src/runtime/proc.go:290
[github.com/flipped-aurora/gin-vue-admin/server]2026-08-09 17:33:02.030	[31merror[0m	/Users/a1/data/go/gin-vue-admin/server/initialize/meilisearch.go:15	Failed to initialize Meilisearch	{"error": "failed to connect to meilisearch: MeilisearchCommunicationError unable to execute request (path \"GET /indexes\" with method \"GetIndexes\"): Get \"http://119.29.82.70:7700/indexes\": dial tcp 119.29.82.70:7700: connect: connection refused"}
github.com/flipped-aurora/gin-vue-admin/server/initialize.InitMeilisearch
	/Users/a1/data/go/gin-vue-admin/server/initialize/meilisearch.go:15
main.initializeSystem
	/Users/a1/data/go/gin-vue-admin/server/main.go:47
main.main
	/Users/a1/data/go/gin-vue-admin/server/main.go:32
runtime.main
	/usr/local/go/src/runtime/proc.go:290
[github.com/flipped-aurora/gin-vue-admin/server]2026-08-09 17:33:09.793	[31merror[0m	/Users/a1/data/go/gin-vue-admin/server/service/quant/meilisearch.go:39	Failed to connect to Meilisearch	{"url": "http://119.29.82.70:7700", "error": "MeilisearchCommunicationError unable to execute request (path \"GET /indexes\" with method \"GetIndexes\"): Get \"http://119.29.82.70:7700/indexes\": dial tcp 119.29.82.70:7700: connect: connection refused"}
github.com/flipped-aurora/gin-vue-admin/server/service/quant.(*MeilisearchService).InitializeMeilisearch
	/Users/a1/data/go/gin-vue-admin/server/service/quant/meilisearch.go:39
github.com/flipped-aurora/gin-vue-admin/server/initialize.InitMeilisearch
	/Users/a1/data/go/gin-vue-admin/server/initialize/meilisearch.go:14
main.initializeSystem
	/Users/a1/data/go/gin-vue-admin/server/main.go:47
main.main
	/Users/a1/data/go/gin-vue-admin/server/main.go:32
runtime.main
	/usr/local/go/src/runtime/proc.go:290
[github.com/flipped-aurora/gin-vue-admin/server]2026-08-09 17:33:09.985	[31merror[0m	/Users/a1/data/go/gin-vue-admin/server/initialize/meilisearch.go:15	Failed to initialize Meilisearch	{"error": "failed to connect to meilisearch: MeilisearchCommunicationError unable to execute request (path \"GET /indexes\" with method \"GetIndexes\"): Get \"http://119.29.82.70:7700/indexes\": dial tcp 119.29.82.70:7700: connect: connection refused"}
github.com/flipped-aurora/gin-vue-admin/server/initialize.InitMeilisearch
	/Users/a1/data/go/gin-vue-admin/server/initialize/meilisearch.go:15
main.initializeSystem
	/Users/a1/data/go/gin-vue-admin/server/main.go:47
main.main
	/Users/a1/data/go/gin-vue-admin/server/main.go:32
runtime.main
	/usr/local/go/src/runtime/proc.go:290
[github.com/flipped-aurora/gin-vue-admin/server]2026-08-09 17:33:18.314	[31merror[0m	/Users/a1/data/go/gin-vue-admin/server/service/quant/meilisearch.go:39	Failed to connect to Meilisearch	{"url": "http://119.29.82.70:7700", "error": "MeilisearchCommunicationError unable to execute request (path \"GET /indexes\" with method \"GetIndexes\"): Get \"http://119.29.82.70:7700/indexes\": dial tcp 119.29.82.70:7700: connect: connection refused"}
github.com/flipped-aurora/gin-vue-admin/server/service/quant.(*MeilisearchService).InitializeMeilisearch
	/Users/a1/data/go/gin-vue-admin/server/service/quant/meilisearch.go:39
github.com/flipped-aurora/gin-vue-admin/server/initialize.InitMeilisearch
	/Users/a1/data/go/gin-vue-admin/server/initialize/meilisearch.go:14
main.initializeSystem
	/Users/a1/data/go/gin-vue-admin/server/main.go:47
main.main
	/Users/a1/data/go/gin-vue-admin/server/main.go:32
runtime.main
	/usr/local/go/src/runtime/proc.go:290
[github.com/flipped-aurora/gin-vue-admin/server]2026-08-09 17:33:18.502	[31merror[0m	/Users/a1/data/go/gin-vue-admin/server/initialize/meilisearch.go:15	Failed to initialize Meilisearch	{"error": "failed to connect to meilisearch: MeilisearchCommunicationError unable to execute request (path \"GET /indexes\" with method \"GetIndexes\"): Get \"http://119.29.82.70:7700/indexes\": dial tcp 119.29.82.70:7700: connect: connection refused"}
github.com/flipped-aurora/gin-vue-admin/server/initialize.InitMeilisearch
	/Users/a1/data/go/gin-vue-admin/server/initialize/meilisearch.go:15
main.initializeSystem
	/Users/a1/data/go/gin-vue-admin/server/main.go:47
main.main
	/Users/a1/data/go/gin-vue-admin/server/main.go:32
runtime.main
	/usr/local/go/src/runtime/proc.go:290
[github.com/flipped-aurora/gin-vue-admin/server]2026-08-09 17:33:27.633	[31merror[0m	/Users/a1/data/go/gin-vue-admin/server/service/quant/meilisearch.go:39	Failed to connect to Meilisearch	{"url": "http://119.29.82.70:7700", "error": "MeilisearchCommunicationError unable to execute request (path \"GET /indexes\" with method \"GetIndexes\"): Get \"http://119.29.82.70:7700/indexes\": dial tcp 119.29.82.70:7700: connect: connection refused"}
github.com/flipped-aurora/gin-vue-admin/server/service/quant.(*MeilisearchService).InitializeMeilisearch
	/Users/a1/data/go/gin-vue-admin/server/service/quant/meilisearch.go:39
github.com/flipped-aurora/gin-vue-admin/server/initialize.InitMeilisearch
	/Users/a1/data/go/gin-vue-admin/server/initialize/meilisearch.go:14
main.initializeSystem
	/Users/a1/data/go/gin-vue-admin/server/main.go:47
main.main
	/Users/a1/data/go/gin-vue-admin/server/main.go:32
runtime.main
	/usr/local/go/src/runtime/proc.go:290
[github.com/flipped-aurora/gin-vue-admin/server]2026-08-09 17:33:27.847	[31merror[0m	/Users/a1/data/go/gin-vue-admin/server/initialize/meilisearch.go:15	Failed to initialize Meilisearch	{"error": "failed to connect to meilisearch: MeilisearchCommunicationError unable to execute request (path \"GET /indexes\" with method \"GetIndexes\"): Get \"http://119.29.82.70:7700/indexes\": dial tcp 119.29.82.70:7700: connect: connection refused"}
github.com/flipped-aurora/gin-vue-admin/server/initialize.InitMeilisearch
	/Users/a1/data/go/gin-vue-admin/server/initialize/meilisearch.go:15
main.initializeSystem
	/Users/a1/data/go/gin-vue-admin/server/main.go:47
main.main
	/Users/a1/data/go/gin-vue-admin/server/main.go:32
runtime.main
	/usr/local/go/src/runtime/proc.go:290
[github.com/flipped-aurora/gin-vue-admin/server]2026-08-09 17:33:45.691	[31merror[0m	/Users/a1/data/go/gin-vue-admin/server/service/quant/meilisearch.go:39	Failed to connect to Meilisearch	{"url": "http://119.29.82.70:7700", "error": "MeilisearchCommunicationError unable to execute request (path \"GET /indexes\" with method \"GetIndexes\"): Get \"http://119.29.82.70:7700/indexes\": dial tcp 119.29.82.70:7700: connect: connection refused"}
github.com/flipped-aurora/gin-vue-admin/server/service/quant.(*MeilisearchService).InitializeMeilisearch
	/Users/a1/data/go/gin-vue-admin/server/service/quant/meilisearch.go:39
github.com/flipped-aurora/gin-vue-admin/server/initialize.InitMeilisearch
	/Users/a1/data/go/gin-vue-admin/server/initialize/meilisearch.go:14
main.initializeSystem
	/Users/a1/data/go/gin-vue-admin/server/main.go:47
main.main
	/Users/a1/data/go/gin-vue-admin/server/main.go:32
runtime.main
	/usr/local/go/src/runtime/proc.go:290
[github.com/flipped-aurora/gin-vue-admin/server]2026-08-09 17:33:45.900	[31merror[0m	/Users/a1/data/go/gin-vue-admin/server/initialize/meilisearch.go:15	Failed to initialize Meilisearch	{"error": "failed to connect to meilisearch: MeilisearchCommunicationError unable to execute request (path \"GET /indexes\" with method \"GetIndexes\"): Get \"http://119.29.82.70:7700/indexes\": dial tcp 119.29.82.70:7700: connect: connection refused"}
github.com/flipped-aurora/gin-vue-admin/server/initialize.InitMeilisearch
	/Users/a1/data/go/gin-vue-admin/server/initialize/meilisearch.go:15
main.initializeSystem
	/Users/a1/data/go/gin-vue-admin/server/main.go:47
main.main
	/Users/a1/data/go/gin-vue-admin/server/main.go:32
runtime.main
	/usr/local/go/src/runtime/proc.go:290
[github.com/flipped-aurora/gin-vue-admin/server]2026-08-09 17:33:58.302	[31merror[0m	/Users/a1/data/go/gin-vue-admin/server/service/quant/meilisearch.go:39	Failed to connect to Meilisearch	{"url": "http://119.29.82.70:7700", "error": "MeilisearchCommunicationError unable to execute request (path \"GET /indexes\" with method \"GetIndexes\"): Get \"http://119.29.82.70:7700/indexes\": dial tcp 119.29.82.70:7700: connect: connection refused"}
github.com/flipped-aurora/gin-vue-admin/server/service/quant.(*MeilisearchService).InitializeMeilisearch
	/Users/a1/data/go/gin-vue-admin/server/service/quant/meilisearch.go:39
github.com/flipped-aurora/gin-vue-admin/server/initialize.InitMeilisearch
	/Users/a1/data/go/gin-vue-admin/server/initialize/meilisearch.go:14
main.initializeSystem
	/Users/a1/data/go/gin-vue-admin/server/main.go:47
main.main
	/Users/a1/data/go/gin-vue-admin/server/main.go:32
runtime.main
	/usr/local/go/src/runtime/proc.go:290
[github.com/flipped-aurora/gin-vue-admin/server]2026-08-09 17:33:58.484	[31merror[0m	/Users/a1/data/go/gin-vue-admin/server/initialize/meilisearch.go:15	Failed to initialize Meilisearch	{"error": "failed to connect to meilisearch: MeilisearchCommunicationError unable to execute request (path \"GET /indexes\" with method \"GetIndexes\"): Get \"http://119.29.82.70:7700/indexes\": dial tcp 119.29.82.70:7700: connect: connection refused"}
github.com/flipped-aurora/gin-vue-admin/server/initialize.InitMeilisearch
	/Users/a1/data/go/gin-vue-admin/server/initialize/meilisearch.go:15
main.initializeSystem
	/Users/a1/data/go/gin-vue-admin/server/main.go:47
main.main
	/Users/a1/data/go/gin-vue-admin/server/main.go:32
runtime.main
	/usr/local/go/src/runtime/proc.go:290
[github.com/flipped-aurora/gin-vue-admin/server]2026-08-09 17:35:26.907	[31merror[0m	/Users/a1/data/go/gin-vue-admin/server/service/quant/meilisearch.go:39	Failed to connect to Meilisearch	{"url": "http://119.29.82.70:7700", "error": "MeilisearchCommunicationError unable to execute request (path \"GET /indexes\" with method \"GetIndexes\"): Get \"http://119.29.82.70:7700/indexes\": dial tcp 119.29.82.70:7700: connect: connection refused"}
github.com/flipped-aurora/gin-vue-admin/server/service/quant.(*MeilisearchService).InitializeMeilisearch
	/Users/a1/data/go/gin-vue-admin/server/service/quant/meilisearch.go:39
github.com/flipped-aurora/gin-vue-admin/server/initialize.InitMeilisearch
	/Users/a1/data/go/gin-vue-admin/server/initialize/meilisearch.go:14
main.initializeSystem
	/Users/a1/data/go/gin-vue-admin/server/main.go:47
main.main
	/Users/a1/data/go/gin-vue-admin/server/main.go:32
runtime.main
	/usr/local/go/src/runtime/proc.go:290
[github.com/flipped-aurora/gin-vue-admin/server]2026-08-09 17:35:27.112	[31merror[0m	/Users/a1/data/go/gin-vue-admin/server/initialize/meilisearch.go:15	Failed to initialize Meilisearch	{"error": "failed to connect to meilisearch: MeilisearchCommunicationError unable to execute request (path \"GET /indexes\" with method \"GetIndexes\"): Get \"http://119.29.82.70:7700/indexes\": dial tcp 119.29.82.70:7700: connect: connection refused"}
github.com/flipped-aurora/gin-vue-admin/server/initialize.InitMeilisearch
	/Users/a1/data/go/gin-vue-admin/server/initialize/meilisearch.go:15
main.initializeSystem
	/Users/a1/data/go/gin-vue-admin/server/main.go:47
main.main
	/Users/a1/data/go/gin-vue-admin/server/main.go:32
runtime.main
	/usr/local/go/src/runtime/proc.go:290
[github.com/flipped-aurora/gin-vue-admin/server]2026-08-09 17:35:44.905	[31merror[0m	/Users/a1/data/go/gin-vue-admin/server/service/quant/meilisearch.go:39	Failed to connect to Meilisearch	{"url": "http://119.29.82.70:7700", "error": "MeilisearchCommunicationError unable to execute request (path \"GET /indexes\" with method \"GetIndexes\"): Get \"http://119.29.82.70:7700/indexes\": dial tcp 119.29.82.70:7700: connect: connection refused"}
github.com/flipped-aurora/gin-vue-admin/server/service/quant.(*MeilisearchService).InitializeMeilisearch
	/Users/a1/data/go/gin-vue-admin/server/service/quant/meilisearch.go:39
github.com/flipped-aurora/gin-vue-admin/server/initialize.InitMeilisearch
	/Users/a1/data/go/gin-vue-admin/server/initialize/meilisearch.go:14
main.initializeSystem
	/Users/a1/data/go/gin-vue-admin/server/main.go:47
main.main
	/Users/a1/data/go/gin-vue-admin/server/main.go:32
runtime.main
	/usr/local/go/src/runtime/proc.go:290
[github.com/flipped-aurora/gin-vue-admin/server]2026-08-09 17:35:45.114	[31merror[0m	/Users/a1/data/go/gin-vue-admin/server/initialize/meilisearch.go:15	Failed to initialize Meilisearch	{"error": "failed to connect to meilisearch: MeilisearchCommunicationError unable to execute request (path \"GET /indexes\" with method \"GetIndexes\"): Get \"http://119.29.82.70:7700/indexes\": dial tcp 119.29.82.70:7700: connect: connection refused"}
github.com/flipped-aurora/gin-vue-admin/server/initialize.InitMeilisearch
	/Users/a1/data/go/gin-vue-admin/server/initialize/meilisearch.go:15
main.initializeSystem
	/Users/a1/data/go/gin-vue-admin/server/main.go:47
main.main
	/Users/a1/data/go/gin-vue-admin/server/main.go:32
runtime.main
	/usr/local/go/src/runtime/proc.go:290
[github.com/flipped-aurora/gin-vue-admin/server]2026-08-09 17:43:30.094	[31merror[0m	/Users/a1/data/go/gin-vue-admin/server/service/quant/meilisearch.go:39	Failed to connect to Meilisearch	{"url": "http://119.29.82.70:7700", "error": "MeilisearchCommunicationError unable to execute request (path \"GET /indexes\" with method \"GetIndexes\"): Get \"http://119.29.82.70:7700/indexes\": dial tcp 119.29.82.70:7700: connect: connection refused"}
github.com/flipped-aurora/gin-vue-admin/server/service/quant.(*MeilisearchService).InitializeMeilisearch
	/Users/a1/data/go/gin-vue-admin/server/service/quant/meilisearch.go:39
github.com/flipped-aurora/gin-vue-admin/server/initialize.InitMeilisearch
	/Users/a1/data/go/gin-vue-admin/server/initialize/meilisearch.go:14
main.initializeSystem
	/Users/a1/data/go/gin-vue-admin/server/main.go:47
main.main
	/Users/a1/data/go/gin-vue-admin/server/main.go:32
runtime.main
	/usr/local/go/src/runtime/proc.go:290
[github.com/flipped-aurora/gin-vue-admin/server]2026-08-09 17:43:30.304	[31merror[0m	/Users/a1/data/go/gin-vue-admin/server/initialize/meilisearch.go:15	Failed to initialize Meilisearch	{"error": "failed to connect to meilisearch: MeilisearchCommunicationError unable to execute request (path \"GET /indexes\" with method \"GetIndexes\"): Get \"http://119.29.82.70:7700/indexes\": dial tcp 119.29.82.70:7700: connect: connection refused"}
github.com/flipped-aurora/gin-vue-admin/server/initialize.InitMeilisearch
	/Users/a1/data/go/gin-vue-admin/server/initialize/meilisearch.go:15
main.initializeSystem
	/Users/a1/data/go/gin-vue-admin/server/main.go:47
main.main
	/Users/a1/data/go/gin-vue-admin/server/main.go:32
runtime.main
	/usr/local/go/src/runtime/proc.go:290
[github.com/flipped-aurora/gin-vue-admin/server]2026-08-09 17:43:48.069	[31merror[0m	/Users/a1/data/go/gin-vue-admin/server/service/quant/meilisearch.go:39	Failed to connect to Meilisearch	{"url": "http://119.29.82.70:7700", "error": "MeilisearchCommunicationError unable to execute request (path \"GET /indexes\" with method \"GetIndexes\"): Get \"http://119.29.82.70:7700/indexes\": dial tcp 119.29.82.70:7700: connect: connection refused"}
github.com/flipped-aurora/gin-vue-admin/server/service/quant.(*MeilisearchService).InitializeMeilisearch
	/Users/a1/data/go/gin-vue-admin/server/service/quant/meilisearch.go:39
github.com/flipped-aurora/gin-vue-admin/server/initialize.InitMeilisearch
	/Users/a1/data/go/gin-vue-admin/server/initialize/meilisearch.go:14
main.initializeSystem
	/Users/a1/data/go/gin-vue-admin/server/main.go:47
main.main
	/Users/a1/data/go/gin-vue-admin/server/main.go:32
runtime.main
	/usr/local/go/src/runtime/proc.go:290
[github.com/flipped-aurora/gin-vue-admin/server]2026-08-09 17:43:48.264	[31merror[0m	/Users/a1/data/go/gin-vue-admin/server/initialize/meilisearch.go:15	Failed to initialize Meilisearch	{"error": "failed to connect to meilisearch: MeilisearchCommunicationError unable to execute request (path \"GET /indexes\" with method \"GetIndexes\"): Get \"http://119.29.82.70:7700/indexes\": dial tcp 119.29.82.70:7700: connect: connection refused"}
github.com/flipped-aurora/gin-vue-admin/server/initialize.InitMeilisearch
	/Users/a1/data/go/gin-vue-admin/server/initialize/meilisearch.go:15
main.initializeSystem
	/Users/a1/data/go/gin-vue-admin/server/main.go:47
main.main
	/Users/a1/data/go/gin-vue-admin/server/main.go:32
runtime.main
	/usr/local/go/src/runtime/proc.go:290
[github.com/flipped-aurora/gin-vue-admin/server]2026-08-09 17:43:59.780	[31merror[0m	/Users/a1/data/go/gin-vue-admin/server/service/quant/meilisearch.go:39	Failed to connect to Meilisearch	{"url": "http://119.29.82.70:7700", "error": "MeilisearchCommunicationError unable to execute request (path \"GET /indexes\" with method \"GetIndexes\"): Get \"http://119.29.82.70:7700/indexes\": dial tcp 119.29.82.70:7700: connect: connection refused"}
github.com/flipped-aurora/gin-vue-admin/server/service/quant.(*MeilisearchService).InitializeMeilisearch
	/Users/a1/data/go/gin-vue-admin/server/service/quant/meilisearch.go:39
github.com/flipped-aurora/gin-vue-admin/server/initialize.InitMeilisearch
	/Users/a1/data/go/gin-vue-admin/server/initialize/meilisearch.go:14
main.initializeSystem
	/Users/a1/data/go/gin-vue-admin/server/main.go:47
main.main
	/Users/a1/data/go/gin-vue-admin/server/main.go:32
runtime.main
	/usr/local/go/src/runtime/proc.go:290
[github.com/flipped-aurora/gin-vue-admin/server]2026-08-09 17:43:59.988	[31merror[0m	/Users/a1/data/go/gin-vue-admin/server/initialize/meilisearch.go:15	Failed to initialize Meilisearch	{"error": "failed to connect to meilisearch: MeilisearchCommunicationError unable to execute request (path \"GET /indexes\" with method \"GetIndexes\"): Get \"http://119.29.82.70:7700/indexes\": dial tcp 119.29.82.70:7700: connect: connection refused"}
github.com/flipped-aurora/gin-vue-admin/server/initialize.InitMeilisearch
	/Users/a1/data/go/gin-vue-admin/server/initialize/meilisearch.go:15
main.initializeSystem
	/Users/a1/data/go/gin-vue-admin/server/main.go:47
main.main
	/Users/a1/data/go/gin-vue-admin/server/main.go:32
runtime.main
	/usr/local/go/src/runtime/proc.go:290
[github.com/flipped-aurora/gin-vue-admin/server]2026-08-09 17:45:29.051	[31merror[0m	/Users/a1/data/go/gin-vue-admin/server/service/quant/meilisearch.go:39	Failed to connect to Meilisearch	{"url": "http://119.29.82.70:7700", "error": "MeilisearchCommunicationError unable to execute request (path \"GET /indexes\" with method \"GetIndexes\"): Get \"http://119.29.82.70:7700/indexes\": dial tcp 119.29.82.70:7700: connect: connection refused"}
github.com/flipped-aurora/gin-vue-admin/server/service/quant.(*MeilisearchService).InitializeMeilisearch
	/Users/a1/data/go/gin-vue-admin/server/service/quant/meilisearch.go:39
github.com/flipped-aurora/gin-vue-admin/server/initialize.InitMeilisearch
	/Users/a1/data/go/gin-vue-admin/server/initialize/meilisearch.go:14
main.initializeSystem
	/Users/a1/data/go/gin-vue-admin/server/main.go:47
main.main
	/Users/a1/data/go/gin-vue-admin/server/main.go:32
runtime.main
	/usr/local/go/src/runtime/proc.go:290
[github.com/flipped-aurora/gin-vue-admin/server]2026-08-09 17:45:29.225	[31merror[0m	/Users/a1/data/go/gin-vue-admin/server/initialize/meilisearch.go:15	Failed to initialize Meilisearch	{"error": "failed to connect to meilisearch: MeilisearchCommunicationError unable to execute request (path \"GET /indexes\" with method \"GetIndexes\"): Get \"http://119.29.82.70:7700/indexes\": dial tcp 119.29.82.70:7700: connect: connection refused"}
github.com/flipped-aurora/gin-vue-admin/server/initialize.InitMeilisearch
	/Users/a1/data/go/gin-vue-admin/server/initialize/meilisearch.go:15
main.initializeSystem
	/Users/a1/data/go/gin-vue-admin/server/main.go:47
main.main
	/Users/a1/data/go/gin-vue-admin/server/main.go:32
runtime.main
	/usr/local/go/src/runtime/proc.go:290
[github.com/flipped-aurora/gin-vue-admin/server]2026-08-09 17:45:39.821	[31merror[0m	/Users/a1/data/go/gin-vue-admin/server/service/quant/meilisearch.go:39	Failed to connect to Meilisearch	{"url": "http://119.29.82.70:7700", "error": "MeilisearchCommunicationError unable to execute request (path \"GET /indexes\" with method \"GetIndexes\"): Get \"http://119.29.82.70:7700/indexes\": dial tcp 119.29.82.70:7700: connect: connection refused"}
github.com/flipped-aurora/gin-vue-admin/server/service/quant.(*MeilisearchService).InitializeMeilisearch
	/Users/a1/data/go/gin-vue-admin/server/service/quant/meilisearch.go:39
github.com/flipped-aurora/gin-vue-admin/server/initialize.InitMeilisearch
	/Users/a1/data/go/gin-vue-admin/server/initialize/meilisearch.go:14
main.initializeSystem
	/Users/a1/data/go/gin-vue-admin/server/main.go:47
main.main
	/Users/a1/data/go/gin-vue-admin/server/main.go:32
runtime.main
	/usr/local/go/src/runtime/proc.go:290
[github.com/flipped-aurora/gin-vue-admin/server]2026-08-09 17:45:39.999	[31merror[0m	/Users/a1/data/go/gin-vue-admin/server/initialize/meilisearch.go:15	Failed to initialize Meilisearch	{"error": "failed to connect to meilisearch: MeilisearchCommunicationError unable to execute request (path \"GET /indexes\" with method \"GetIndexes\"): Get \"http://119.29.82.70:7700/indexes\": dial tcp 119.29.82.70:7700: connect: connection refused"}
github.com/flipped-aurora/gin-vue-admin/server/initialize.InitMeilisearch
	/Users/a1/data/go/gin-vue-admin/server/initialize/meilisearch.go:15
main.initializeSystem
	/Users/a1/data/go/gin-vue-admin/server/main.go:47
main.main
	/Users/a1/data/go/gin-vue-admin/server/main.go:32
runtime.main
	/usr/local/go/src/runtime/proc.go:290
[github.com/flipped-aurora/gin-vue-admin/server]2026-08-09 17:54:32.298	[31merror[0m	/Users/a1/data/go/gin-vue-admin/server/api/v1/quant/theme_stock.go:164	获取失败!	{"error": "Error 1054 (42S22): Unknown column 'addon_quant_base_stock.change_pct' in 'order clause'"}
github.com/flipped-aurora/gin-vue-admin/server/api/v1/quant.(*ThemeStockApi).GetThemeStockList
	/Users/a1/data/go/gin-vue-admin/server/api/v1/quant/theme_stock.go:164
github.com/gin-gonic/gin.(*Context).Next
	/Users/a1/go/pkg/mod/github.com/gin-gonic/gin@v1.10.0/context.go:185
github.com/flipped-aurora/gin-vue-admin/server/initialize.Routers.CasbinHandler.func4
	/Users/a1/data/go/gin-vue-admin/server/middleware/casbin_rbac.go:30
github.com/gin-gonic/gin.(*Context).Next
	/Users/a1/go/pkg/mod/github.com/gin-gonic/gin@v1.10.0/context.go:185
github.com/flipped-aurora/gin-vue-admin/server/initialize.Routers.JWTAuth.func3
	/Users/a1/data/go/gin-vue-admin/server/middleware/jwt.go:69
github.com/gin-gonic/gin.(*Context).Next
	/Users/a1/go/pkg/mod/github.com/gin-gonic/gin@v1.10.0/context.go:185
github.com/gin-gonic/gin.LoggerWithConfig.func1
	/Users/a1/go/pkg/mod/github.com/gin-gonic/gin@v1.10.0/logger.go:249
github.com/gin-gonic/gin.(*Context).Next
	/Users/a1/go/pkg/mod/github.com/gin-gonic/gin@v1.10.0/context.go:185
github.com/flipped-aurora/gin-vue-admin/server/initialize.Routers.GinRecovery.func2
	/Users/a1/data/go/gin-vue-admin/server/middleware/error.go:78
github.com/gin-gonic/gin.(*Context).Next
	/Users/a1/go/pkg/mod/github.com/gin-gonic/gin@v1.10.0/context.go:185
github.com/gin-gonic/gin.(*Engine).handleHTTPRequest
	/Users/a1/go/pkg/mod/github.com/gin-gonic/gin@v1.10.0/gin.go:633
github.com/gin-gonic/gin.(*Engine).ServeHTTP
	/Users/a1/go/pkg/mod/github.com/gin-gonic/gin@v1.10.0/gin.go:589
net/http.serverHandler.ServeHTTP
	/usr/local/go/src/net/http/server.go:3311
net/http.(*conn).serve
	/usr/local/go/src/net/http/server.go:2073
[github.com/flipped-aurora/gin-vue-admin/server]2026-08-09 17:54:33.586	[31merror[0m	/Users/a1/data/go/gin-vue-admin/server/api/v1/quant/theme_stock.go:164	获取失败!	{"error": "Error 1054 (42S22): Unknown column 'addon_quant_base_stock.change_pct' in 'order clause'"}
github.com/flipped-aurora/gin-vue-admin/server/api/v1/quant.(*ThemeStockApi).GetThemeStockList
	/Users/a1/data/go/gin-vue-admin/server/api/v1/quant/theme_stock.go:164
github.com/gin-gonic/gin.(*Context).Next
	/Users/a1/go/pkg/mod/github.com/gin-gonic/gin@v1.10.0/context.go:185
github.com/flipped-aurora/gin-vue-admin/server/initialize.Routers.CasbinHandler.func4
	/Users/a1/data/go/gin-vue-admin/server/middleware/casbin_rbac.go:30
github.com/gin-gonic/gin.(*Context).Next
	/Users/a1/go/pkg/mod/github.com/gin-gonic/gin@v1.10.0/context.go:185
github.com/flipped-aurora/gin-vue-admin/server/initialize.Routers.JWTAuth.func3
	/Users/a1/data/go/gin-vue-admin/server/middleware/jwt.go:69
github.com/gin-gonic/gin.(*Context).Next
	/Users/a1/go/pkg/mod/github.com/gin-gonic/gin@v1.10.0/context.go:185
github.com/gin-gonic/gin.LoggerWithConfig.func1
	/Users/a1/go/pkg/mod/github.com/gin-gonic/gin@v1.10.0/logger.go:249
github.com/gin-gonic/gin.(*Context).Next
	/Users/a1/go/pkg/mod/github.com/gin-gonic/gin@v1.10.0/context.go:185
github.com/flipped-aurora/gin-vue-admin/server/initialize.Routers.GinRecovery.func2
	/Users/a1/data/go/gin-vue-admin/server/middleware/error.go:78
github.com/gin-gonic/gin.(*Context).Next
	/Users/a1/go/pkg/mod/github.com/gin-gonic/gin@v1.10.0/context.go:185
github.com/gin-gonic/gin.(*Engine).handleHTTPRequest
	/Users/a1/go/pkg/mod/github.com/gin-gonic/gin@v1.10.0/gin.go:633
github.com/gin-gonic/gin.(*Engine).ServeHTTP
	/Users/a1/go/pkg/mod/github.com/gin-gonic/gin@v1.10.0/gin.go:589
net/http.serverHandler.ServeHTTP
	/usr/local/go/src/net/http/server.go:3311
net/http.(*conn).serve
	/usr/local/go/src/net/http/server.go:2073
[github.com/flipped-aurora/gin-vue-admin/server]2026-08-09 17:59:59.546	[31merror[0m	/Users/a1/data/go/gin-vue-admin/server/api/v1/quant/theme_stock.go:164	获取失败!	{"error": "Error 1054 (42S22): Unknown column 'addon_quant_base_stock.change_pct' in 'order clause'"}
github.com/flipped-aurora/gin-vue-admin/server/api/v1/quant.(*ThemeStockApi).GetThemeStockList
	/Users/a1/data/go/gin-vue-admin/server/api/v1/quant/theme_stock.go:164
github.com/gin-gonic/gin.(*Context).Next
	/Users/a1/go/pkg/mod/github.com/gin-gonic/gin@v1.10.0/context.go:185
github.com/flipped-aurora/gin-vue-admin/server/initialize.Routers.CasbinHandler.func4
	/Users/a1/data/go/gin-vue-admin/server/middleware/casbin_rbac.go:30
github.com/gin-gonic/gin.(*Context).Next
	/Users/a1/go/pkg/mod/github.com/gin-gonic/gin@v1.10.0/context.go:185
github.com/flipped-aurora/gin-vue-admin/server/initialize.Routers.JWTAuth.func3
	/Users/a1/data/go/gin-vue-admin/server/middleware/jwt.go:69
github.com/gin-gonic/gin.(*Context).Next
	/Users/a1/go/pkg/mod/github.com/gin-gonic/gin@v1.10.0/context.go:185
github.com/gin-gonic/gin.LoggerWithConfig.func1
	/Users/a1/go/pkg/mod/github.com/gin-gonic/gin@v1.10.0/logger.go:249
github.com/gin-gonic/gin.(*Context).Next
	/Users/a1/go/pkg/mod/github.com/gin-gonic/gin@v1.10.0/context.go:185
github.com/flipped-aurora/gin-vue-admin/server/initialize.Routers.GinRecovery.func2
	/Users/a1/data/go/gin-vue-admin/server/middleware/error.go:78
github.com/gin-gonic/gin.(*Context).Next
	/Users/a1/go/pkg/mod/github.com/gin-gonic/gin@v1.10.0/context.go:185
github.com/gin-gonic/gin.(*Engine).handleHTTPRequest
	/Users/a1/go/pkg/mod/github.com/gin-gonic/gin@v1.10.0/gin.go:633
github.com/gin-gonic/gin.(*Engine).ServeHTTP
	/Users/a1/go/pkg/mod/github.com/gin-gonic/gin@v1.10.0/gin.go:589
net/http.serverHandler.ServeHTTP
	/usr/local/go/src/net/http/server.go:3311
net/http.(*conn).serve
	/usr/local/go/src/net/http/server.go:2073
[github.com/flipped-aurora/gin-vue-admin/server]2026-08-09 18:00:20.347	[31merror[0m	/Users/a1/data/go/gin-vue-admin/server/api/v1/quant/theme_stock.go:164	获取失败!	{"error": "Error 1054 (42S22): Unknown column 'addon_quant_base_stock.change_pct' in 'order clause'"}
github.com/flipped-aurora/gin-vue-admin/server/api/v1/quant.(*ThemeStockApi).GetThemeStockList
	/Users/a1/data/go/gin-vue-admin/server/api/v1/quant/theme_stock.go:164
github.com/gin-gonic/gin.(*Context).Next
	/Users/a1/go/pkg/mod/github.com/gin-gonic/gin@v1.10.0/context.go:185
github.com/flipped-aurora/gin-vue-admin/server/initialize.Routers.CasbinHandler.func4
	/Users/a1/data/go/gin-vue-admin/server/middleware/casbin_rbac.go:30
github.com/gin-gonic/gin.(*Context).Next
	/Users/a1/go/pkg/mod/github.com/gin-gonic/gin@v1.10.0/context.go:185
github.com/flipped-aurora/gin-vue-admin/server/initialize.Routers.JWTAuth.func3
	/Users/a1/data/go/gin-vue-admin/server/middleware/jwt.go:69
github.com/gin-gonic/gin.(*Context).Next
	/Users/a1/go/pkg/mod/github.com/gin-gonic/gin@v1.10.0/context.go:185
github.com/gin-gonic/gin.LoggerWithConfig.func1
	/Users/a1/go/pkg/mod/github.com/gin-gonic/gin@v1.10.0/logger.go:249
github.com/gin-gonic/gin.(*Context).Next
	/Users/a1/go/pkg/mod/github.com/gin-gonic/gin@v1.10.0/context.go:185
github.com/flipped-aurora/gin-vue-admin/server/initialize.Routers.GinRecovery.func2
	/Users/a1/data/go/gin-vue-admin/server/middleware/error.go:78
github.com/gin-gonic/gin.(*Context).Next
	/Users/a1/go/pkg/mod/github.com/gin-gonic/gin@v1.10.0/context.go:185
github.com/gin-gonic/gin.(*Engine).handleHTTPRequest
	/Users/a1/go/pkg/mod/github.com/gin-gonic/gin@v1.10.0/gin.go:633
github.com/gin-gonic/gin.(*Engine).ServeHTTP
	/Users/a1/go/pkg/mod/github.com/gin-gonic/gin@v1.10.0/gin.go:589
net/http.serverHandler.ServeHTTP
	/usr/local/go/src/net/http/server.go:3311
net/http.(*conn).serve
	/usr/local/go/src/net/http/server.go:2073
[github.com/flipped-aurora/gin-vue-admin/server]2026-08-09 18:00:57.270	[31merror[0m	/Users/a1/data/go/gin-vue-admin/server/service/quant/meilisearch.go:39	Failed to connect to Meilisearch	{"url": "http://119.29.82.70:7700", "error": "MeilisearchCommunicationError unable to execute request (path \"GET /indexes\" with method \"GetIndexes\"): Get \"http://119.29.82.70:7700/indexes\": dial tcp 119.29.82.70:7700: connect: connection refused"}
github.com/flipped-aurora/gin-vue-admin/server/service/quant.(*MeilisearchService).InitializeMeilisearch
	/Users/a1/data/go/gin-vue-admin/server/service/quant/meilisearch.go:39
github.com/flipped-aurora/gin-vue-admin/server/initialize.InitMeilisearch
	/Users/a1/data/go/gin-vue-admin/server/initialize/meilisearch.go:14
main.initializeSystem
	/Users/a1/data/go/gin-vue-admin/server/main.go:47
main.main
	/Users/a1/data/go/gin-vue-admin/server/main.go:32
runtime.main
	/usr/local/go/src/runtime/proc.go:290
[github.com/flipped-aurora/gin-vue-admin/server]2026-08-09 18:00:57.471	[31merror[0m	/Users/a1/data/go/gin-vue-admin/server/initialize/meilisearch.go:15	Failed to initialize Meilisearch	{"error": "failed to connect to meilisearch: MeilisearchCommunicationError unable to execute request (path \"GET /indexes\" with method \"GetIndexes\"): Get \"http://119.29.82.70:7700/indexes\": dial tcp 119.29.82.70:7700: connect: connection refused"}
github.com/flipped-aurora/gin-vue-admin/server/initialize.InitMeilisearch
	/Users/a1/data/go/gin-vue-admin/server/initialize/meilisearch.go:15
main.initializeSystem
	/Users/a1/data/go/gin-vue-admin/server/main.go:47
main.main
	/Users/a1/data/go/gin-vue-admin/server/main.go:32
runtime.main
	/usr/local/go/src/runtime/proc.go:290
[github.com/flipped-aurora/gin-vue-admin/server]2026-08-09 18:01:05.188	[31merror[0m	/Users/a1/data/go/gin-vue-admin/server/service/quant/meilisearch.go:39	Failed to connect to Meilisearch	{"url": "http://119.29.82.70:7700", "error": "MeilisearchCommunicationError unable to execute request (path \"GET /indexes\" with method \"GetIndexes\"): Get \"http://119.29.82.70:7700/indexes\": dial tcp 119.29.82.70:7700: connect: connection refused"}
github.com/flipped-aurora/gin-vue-admin/server/service/quant.(*MeilisearchService).InitializeMeilisearch
	/Users/a1/data/go/gin-vue-admin/server/service/quant/meilisearch.go:39
github.com/flipped-aurora/gin-vue-admin/server/initialize.InitMeilisearch
	/Users/a1/data/go/gin-vue-admin/server/initialize/meilisearch.go:14
main.initializeSystem
	/Users/a1/data/go/gin-vue-admin/server/main.go:47
main.main
	/Users/a1/data/go/gin-vue-admin/server/main.go:32
runtime.main
	/usr/local/go/src/runtime/proc.go:290
[github.com/flipped-aurora/gin-vue-admin/server]2026-08-09 18:01:05.378	[31merror[0m	/Users/a1/data/go/gin-vue-admin/server/initialize/meilisearch.go:15	Failed to initialize Meilisearch	{"error": "failed to connect to meilisearch: MeilisearchCommunicationError unable to execute request (path \"GET /indexes\" with method \"GetIndexes\"): Get \"http://119.29.82.70:7700/indexes\": dial tcp 119.29.82.70:7700: connect: connection refused"}
github.com/flipped-aurora/gin-vue-admin/server/initialize.InitMeilisearch
	/Users/a1/data/go/gin-vue-admin/server/initialize/meilisearch.go:15
main.initializeSystem
	/Users/a1/data/go/gin-vue-admin/server/main.go:47
main.main
	/Users/a1/data/go/gin-vue-admin/server/main.go:32
runtime.main
	/usr/local/go/src/runtime/proc.go:290
[github.com/flipped-aurora/gin-vue-admin/server]2026-08-09 18:01:25.403	[31merror[0m	/Users/a1/data/go/gin-vue-admin/server/service/quant/meilisearch.go:39	Failed to connect to Meilisearch	{"url": "http://119.29.82.70:7700", "error": "MeilisearchCommunicationError unable to execute request (path \"GET /indexes\" with method \"GetIndexes\"): Get \"http://119.29.82.70:7700/indexes\": dial tcp 119.29.82.70:7700: connect: connection refused"}
github.com/flipped-aurora/gin-vue-admin/server/service/quant.(*MeilisearchService).InitializeMeilisearch
	/Users/a1/data/go/gin-vue-admin/server/service/quant/meilisearch.go:39
github.com/flipped-aurora/gin-vue-admin/server/initialize.InitMeilisearch
	/Users/a1/data/go/gin-vue-admin/server/initialize/meilisearch.go:14
main.initializeSystem
	/Users/a1/data/go/gin-vue-admin/server/main.go:47
main.main
	/Users/a1/data/go/gin-vue-admin/server/main.go:32
runtime.main
	/usr/local/go/src/runtime/proc.go:290
[github.com/flipped-aurora/gin-vue-admin/server]2026-08-09 18:01:25.569	[31merror[0m	/Users/a1/data/go/gin-vue-admin/server/initialize/meilisearch.go:15	Failed to initialize Meilisearch	{"error": "failed to connect to meilisearch: MeilisearchCommunicationError unable to execute request (path \"GET /indexes\" with method \"GetIndexes\"): Get \"http://119.29.82.70:7700/indexes\": dial tcp 119.29.82.70:7700: connect: connection refused"}
github.com/flipped-aurora/gin-vue-admin/server/initialize.InitMeilisearch
	/Users/a1/data/go/gin-vue-admin/server/initialize/meilisearch.go:15
main.initializeSystem
	/Users/a1/data/go/gin-vue-admin/server/main.go:47
main.main
	/Users/a1/data/go/gin-vue-admin/server/main.go:32
runtime.main
	/usr/local/go/src/runtime/proc.go:290
[github.com/flipped-aurora/gin-vue-admin/server]2026-08-09 18:01:46.241	[31merror[0m	/Users/a1/data/go/gin-vue-admin/server/service/quant/meilisearch.go:39	Failed to connect to Meilisearch	{"url": "http://119.29.82.70:7700", "error": "MeilisearchCommunicationError unable to execute request (path \"GET /indexes\" with method \"GetIndexes\"): Get \"http://119.29.82.70:7700/indexes\": dial tcp 119.29.82.70:7700: connect: connection refused"}
github.com/flipped-aurora/gin-vue-admin/server/service/quant.(*MeilisearchService).InitializeMeilisearch
	/Users/a1/data/go/gin-vue-admin/server/service/quant/meilisearch.go:39
github.com/flipped-aurora/gin-vue-admin/server/initialize.InitMeilisearch
	/Users/a1/data/go/gin-vue-admin/server/initialize/meilisearch.go:14
main.initializeSystem
	/Users/a1/data/go/gin-vue-admin/server/main.go:47
main.main
	/Users/a1/data/go/gin-vue-admin/server/main.go:32
runtime.main
	/usr/local/go/src/runtime/proc.go:290
[github.com/flipped-aurora/gin-vue-admin/server]2026-08-09 18:01:46.429	[31merror[0m	/Users/a1/data/go/gin-vue-admin/server/initialize/meilisearch.go:15	Failed to initialize Meilisearch	{"error": "failed to connect to meilisearch: MeilisearchCommunicationError unable to execute request (path \"GET /indexes\" with method \"GetIndexes\"): Get \"http://119.29.82.70:7700/indexes\": dial tcp 119.29.82.70:7700: connect: connection refused"}
github.com/flipped-aurora/gin-vue-admin/server/initialize.InitMeilisearch
	/Users/a1/data/go/gin-vue-admin/server/initialize/meilisearch.go:15
main.initializeSystem
	/Users/a1/data/go/gin-vue-admin/server/main.go:47
main.main
	/Users/a1/data/go/gin-vue-admin/server/main.go:32
runtime.main
	/usr/local/go/src/runtime/proc.go:290
[github.com/flipped-aurora/gin-vue-admin/server]2026-08-09 18:02:11.683	[31merror[0m	/Users/a1/data/go/gin-vue-admin/server/service/quant/meilisearch.go:39	Failed to connect to Meilisearch	{"url": "http://119.29.82.70:7700", "error": "MeilisearchCommunicationError unable to execute request (path \"GET /indexes\" with method \"GetIndexes\"): Get \"http://119.29.82.70:7700/indexes\": dial tcp 119.29.82.70:7700: connect: connection refused"}
github.com/flipped-aurora/gin-vue-admin/server/service/quant.(*MeilisearchService).InitializeMeilisearch
	/Users/a1/data/go/gin-vue-admin/server/service/quant/meilisearch.go:39
github.com/flipped-aurora/gin-vue-admin/server/initialize.InitMeilisearch
	/Users/a1/data/go/gin-vue-admin/server/initialize/meilisearch.go:14
main.initializeSystem
	/Users/a1/data/go/gin-vue-admin/server/main.go:47
main.main
	/Users/a1/data/go/gin-vue-admin/server/main.go:32
runtime.main
	/usr/local/go/src/runtime/proc.go:290
[github.com/flipped-aurora/gin-vue-admin/server]2026-08-09 18:02:11.849	[31merror[0m	/Users/a1/data/go/gin-vue-admin/server/initialize/meilisearch.go:15	Failed to initialize Meilisearch	{"error": "failed to connect to meilisearch: MeilisearchCommunicationError unable to execute request (path \"GET /indexes\" with method \"GetIndexes\"): Get \"http://119.29.82.70:7700/indexes\": dial tcp 119.29.82.70:7700: connect: connection refused"}
github.com/flipped-aurora/gin-vue-admin/server/initialize.InitMeilisearch
	/Users/a1/data/go/gin-vue-admin/server/initialize/meilisearch.go:15
main.initializeSystem
	/Users/a1/data/go/gin-vue-admin/server/main.go:47
main.main
	/Users/a1/data/go/gin-vue-admin/server/main.go:32
runtime.main
	/usr/local/go/src/runtime/proc.go:290
[github.com/flipped-aurora/gin-vue-admin/server]2026-08-09 18:02:16.595	[31merror[0m	/Users/a1/data/go/gin-vue-admin/server/service/quant/meilisearch.go:39	Failed to connect to Meilisearch	{"url": "http://119.29.82.70:7700", "error": "MeilisearchCommunicationError unable to execute request (path \"GET /indexes\" with method \"GetIndexes\"): Get \"http://119.29.82.70:7700/indexes\": dial tcp 119.29.82.70:7700: connect: connection refused"}
github.com/flipped-aurora/gin-vue-admin/server/service/quant.(*MeilisearchService).InitializeMeilisearch
	/Users/a1/data/go/gin-vue-admin/server/service/quant/meilisearch.go:39
github.com/flipped-aurora/gin-vue-admin/server/initialize.InitMeilisearch
	/Users/a1/data/go/gin-vue-admin/server/initialize/meilisearch.go:14
main.initializeSystem
	/Users/a1/data/go/gin-vue-admin/server/main.go:47
main.main
	/Users/a1/data/go/gin-vue-admin/server/main.go:32
runtime.main
	/usr/local/go/src/runtime/proc.go:290
[github.com/flipped-aurora/gin-vue-admin/server]2026-08-09 18:02:16.770	[31merror[0m	/Users/a1/data/go/gin-vue-admin/server/initialize/meilisearch.go:15	Failed to initialize Meilisearch	{"error": "failed to connect to meilisearch: MeilisearchCommunicationError unable to execute request (path \"GET /indexes\" with method \"GetIndexes\"): Get \"http://119.29.82.70:7700/indexes\": dial tcp 119.29.82.70:7700: connect: connection refused"}
github.com/flipped-aurora/gin-vue-admin/server/initialize.InitMeilisearch
	/Users/a1/data/go/gin-vue-admin/server/initialize/meilisearch.go:15
main.initializeSystem
	/Users/a1/data/go/gin-vue-admin/server/main.go:47
main.main
	/Users/a1/data/go/gin-vue-admin/server/main.go:32
runtime.main
	/usr/local/go/src/runtime/proc.go:290
[github.com/flipped-aurora/gin-vue-admin/server]2026-08-09 18:17:37.948	[31merror[0m	/Users/a1/data/go/gin-vue-admin/server/service/quant/meilisearch.go:39	Failed to connect to Meilisearch	{"url": "http://119.29.82.70:7700", "error": "MeilisearchCommunicationError unable to execute request (path \"GET /indexes\" with method \"GetIndexes\"): Get \"http://119.29.82.70:7700/indexes\": dial tcp 119.29.82.70:7700: connect: connection refused"}
github.com/flipped-aurora/gin-vue-admin/server/service/quant.(*MeilisearchService).InitializeMeilisearch
	/Users/a1/data/go/gin-vue-admin/server/service/quant/meilisearch.go:39
github.com/flipped-aurora/gin-vue-admin/server/initialize.InitMeilisearch
	/Users/a1/data/go/gin-vue-admin/server/initialize/meilisearch.go:14
main.initializeSystem
	/Users/a1/data/go/gin-vue-admin/server/main.go:47
main.main
	/Users/a1/data/go/gin-vue-admin/server/main.go:32
runtime.main
	/usr/local/go/src/runtime/proc.go:290
[github.com/flipped-aurora/gin-vue-admin/server]2026-08-09 18:17:38.159	[31merror[0m	/Users/a1/data/go/gin-vue-admin/server/initialize/meilisearch.go:15	Failed to initialize Meilisearch	{"error": "failed to connect to meilisearch: MeilisearchCommunicationError unable to execute request (path \"GET /indexes\" with method \"GetIndexes\"): Get \"http://119.29.82.70:7700/indexes\": dial tcp 119.29.82.70:7700: connect: connection refused"}
github.com/flipped-aurora/gin-vue-admin/server/initialize.InitMeilisearch
	/Users/a1/data/go/gin-vue-admin/server/initialize/meilisearch.go:15
main.initializeSystem
	/Users/a1/data/go/gin-vue-admin/server/main.go:47
main.main
	/Users/a1/data/go/gin-vue-admin/server/main.go:32
runtime.main
	/usr/local/go/src/runtime/proc.go:290
[github.com/flipped-aurora/gin-vue-admin/server]2026-08-09 18:18:06.795	[31merror[0m	/Users/a1/data/go/gin-vue-admin/server/service/quant/meilisearch.go:39	Failed to connect to Meilisearch	{"url": "http://119.29.82.70:7700", "error": "MeilisearchCommunicationError unable to execute request (path \"GET /indexes\" with method \"GetIndexes\"): Get \"http://119.29.82.70:7700/indexes\": dial tcp 119.29.82.70:7700: connect: connection refused"}
github.com/flipped-aurora/gin-vue-admin/server/service/quant.(*MeilisearchService).InitializeMeilisearch
	/Users/a1/data/go/gin-vue-admin/server/service/quant/meilisearch.go:39
github.com/flipped-aurora/gin-vue-admin/server/initialize.InitMeilisearch
	/Users/a1/data/go/gin-vue-admin/server/initialize/meilisearch.go:14
main.initializeSystem
	/Users/a1/data/go/gin-vue-admin/server/main.go:47
main.main
	/Users/a1/data/go/gin-vue-admin/server/main.go:32
runtime.main
	/usr/local/go/src/runtime/proc.go:290
[github.com/flipped-aurora/gin-vue-admin/server]2026-08-09 18:18:07.001	[31merror[0m	/Users/a1/data/go/gin-vue-admin/server/initialize/meilisearch.go:15	Failed to initialize Meilisearch	{"error": "failed to connect to meilisearch: MeilisearchCommunicationError unable to execute request (path \"GET /indexes\" with method \"GetIndexes\"): Get \"http://119.29.82.70:7700/indexes\": dial tcp 119.29.82.70:7700: connect: connection refused"}
github.com/flipped-aurora/gin-vue-admin/server/initialize.InitMeilisearch
	/Users/a1/data/go/gin-vue-admin/server/initialize/meilisearch.go:15
main.initializeSystem
	/Users/a1/data/go/gin-vue-admin/server/main.go:47
main.main
	/Users/a1/data/go/gin-vue-admin/server/main.go:32
runtime.main
	/usr/local/go/src/runtime/proc.go:290
[github.com/flipped-aurora/gin-vue-admin/server]2026-08-09 18:35:37.731	[31merror[0m	/Users/a1/data/go/gin-vue-admin/server/service/quant/meilisearch.go:39	Failed to connect to Meilisearch	{"url": "http://119.29.82.70:7700", "error": "MeilisearchCommunicationError unable to execute request (path \"GET /indexes\" with method \"GetIndexes\"): Get \"http://119.29.82.70:7700/indexes\": dial tcp 119.29.82.70:7700: connect: connection refused"}
github.com/flipped-aurora/gin-vue-admin/server/service/quant.(*MeilisearchService).InitializeMeilisearch
	/Users/a1/data/go/gin-vue-admin/server/service/quant/meilisearch.go:39
github.com/flipped-aurora/gin-vue-admin/server/initialize.InitMeilisearch
	/Users/a1/data/go/gin-vue-admin/server/initialize/meilisearch.go:14
main.initializeSystem
	/Users/a1/data/go/gin-vue-admin/server/main.go:47
main.main
	/Users/a1/data/go/gin-vue-admin/server/main.go:32
runtime.main
	/usr/local/go/src/runtime/proc.go:290
[github.com/flipped-aurora/gin-vue-admin/server]2026-08-09 18:35:37.930	[31merror[0m	/Users/a1/data/go/gin-vue-admin/server/initialize/meilisearch.go:15	Failed to initialize Meilisearch	{"error": "failed to connect to meilisearch: MeilisearchCommunicationError unable to execute request (path \"GET /indexes\" with method \"GetIndexes\"): Get \"http://119.29.82.70:7700/indexes\": dial tcp 119.29.82.70:7700: connect: connection refused"}
github.com/flipped-aurora/gin-vue-admin/server/initialize.InitMeilisearch
	/Users/a1/data/go/gin-vue-admin/server/initialize/meilisearch.go:15
main.initializeSystem
	/Users/a1/data/go/gin-vue-admin/server/main.go:47
main.main
	/Users/a1/data/go/gin-vue-admin/server/main.go:32
runtime.main
	/usr/local/go/src/runtime/proc.go:290
[github.com/flipped-aurora/gin-vue-admin/server]2026-08-09 18:43:13.398	[31merror[0m	/Users/a1/data/go/gin-vue-admin/server/service/quant/meilisearch.go:39	Failed to connect to Meilisearch	{"url": "http://119.29.82.70:7700", "error": "MeilisearchCommunicationError unable to execute request (path \"GET /indexes\" with method \"GetIndexes\"): Get \"http://119.29.82.70:7700/indexes\": dial tcp 119.29.82.70:7700: connect: connection refused"}
github.com/flipped-aurora/gin-vue-admin/server/service/quant.(*MeilisearchService).InitializeMeilisearch
	/Users/a1/data/go/gin-vue-admin/server/service/quant/meilisearch.go:39
github.com/flipped-aurora/gin-vue-admin/server/initialize.InitMeilisearch
	/Users/a1/data/go/gin-vue-admin/server/initialize/meilisearch.go:14
main.initializeSystem
	/Users/a1/data/go/gin-vue-admin/server/main.go:47
main.main
	/Users/a1/data/go/gin-vue-admin/server/main.go:32
runtime.main
	/usr/local/go/src/runtime/proc.go:290
[github.com/flipped-aurora/gin-vue-admin/server]2026-08-09 18:43:13.588	[31merror[0m	/Users/a1/data/go/gin-vue-admin/server/initialize/meilisearch.go:15	Failed to initialize Meilisearch	{"error": "failed to connect to meilisearch: MeilisearchCommunicationError unable to execute request (path \"GET /indexes\" with method \"GetIndexes\"): Get \"http://119.29.82.70:7700/indexes\": dial tcp 119.29.82.70:7700: connect: connection refused"}
github.com/flipped-aurora/gin-vue-admin/server/initialize.InitMeilisearch
	/Users/a1/data/go/gin-vue-admin/server/initialize/meilisearch.go:15
main.initializeSystem
	/Users/a1/data/go/gin-vue-admin/server/main.go:47
main.main
	/Users/a1/data/go/gin-vue-admin/server/main.go:32
runtime.main
	/usr/local/go/src/runtime/proc.go:290
[github.com/flipped-aurora/gin-vue-admin/server]2026-08-09 18:43:20.498	[31merror[0m	/Users/a1/data/go/gin-vue-admin/server/service/quant/meilisearch.go:39	Failed to connect to Meilisearch	{"url": "http://119.29.82.70:7700", "error": "MeilisearchCommunicationError unable to execute request (path \"GET /indexes\" with method \"GetIndexes\"): Get \"http://119.29.82.70:7700/indexes\": dial tcp 119.29.82.70:7700: connect: connection refused"}
github.com/flipped-aurora/gin-vue-admin/server/service/quant.(*MeilisearchService).InitializeMeilisearch
	/Users/a1/data/go/gin-vue-admin/server/service/quant/meilisearch.go:39
github.com/flipped-aurora/gin-vue-admin/server/initialize.InitMeilisearch
	/Users/a1/data/go/gin-vue-admin/server/initialize/meilisearch.go:14
main.initializeSystem
	/Users/a1/data/go/gin-vue-admin/server/main.go:47
main.main
	/Users/a1/data/go/gin-vue-admin/server/main.go:32
runtime.main
	/usr/local/go/src/runtime/proc.go:290
[github.com/flipped-aurora/gin-vue-admin/server]2026-08-09 18:43:20.686	[31merror[0m	/Users/a1/data/go/gin-vue-admin/server/initialize/meilisearch.go:15	Failed to initialize Meilisearch	{"error": "failed to connect to meilisearch: MeilisearchCommunicationError unable to execute request (path \"GET /indexes\" with method \"GetIndexes\"): Get \"http://119.29.82.70:7700/indexes\": dial tcp 119.29.82.70:7700: connect: connection refused"}
github.com/flipped-aurora/gin-vue-admin/server/initialize.InitMeilisearch
	/Users/a1/data/go/gin-vue-admin/server/initialize/meilisearch.go:15
main.initializeSystem
	/Users/a1/data/go/gin-vue-admin/server/main.go:47
main.main
	/Users/a1/data/go/gin-vue-admin/server/main.go:32
runtime.main
	/usr/local/go/src/runtime/proc.go:290
[github.com/flipped-aurora/gin-vue-admin/server]2026-08-09 18:43:27.905	[31merror[0m	/Users/a1/data/go/gin-vue-admin/server/service/quant/meilisearch.go:39	Failed to connect to Meilisearch	{"url": "http://119.29.82.70:7700", "error": "MeilisearchCommunicationError unable to execute request (path \"GET /indexes\" with method \"GetIndexes\"): Get \"http://119.29.82.70:7700/indexes\": dial tcp 119.29.82.70:7700: connect: connection refused"}
github.com/flipped-aurora/gin-vue-admin/server/service/quant.(*MeilisearchService).InitializeMeilisearch
	/Users/a1/data/go/gin-vue-admin/server/service/quant/meilisearch.go:39
github.com/flipped-aurora/gin-vue-admin/server/initialize.InitMeilisearch
	/Users/a1/data/go/gin-vue-admin/server/initialize/meilisearch.go:14
main.initializeSystem
	/Users/a1/data/go/gin-vue-admin/server/main.go:47
main.main
	/Users/a1/data/go/gin-vue-admin/server/main.go:32
runtime.main
	/usr/local/go/src/runtime/proc.go:290
[github.com/flipped-aurora/gin-vue-admin/server]2026-08-09 18:43:28.083	[31merror[0m	/Users/a1/data/go/gin-vue-admin/server/initialize/meilisearch.go:15	Failed to initialize Meilisearch	{"error": "failed to connect to meilisearch: MeilisearchCommunicationError unable to execute request (path \"GET /indexes\" with method \"GetIndexes\"): Get \"http://119.29.82.70:7700/indexes\": dial tcp 119.29.82.70:7700: connect: connection refused"}
github.com/flipped-aurora/gin-vue-admin/server/initialize.InitMeilisearch
	/Users/a1/data/go/gin-vue-admin/server/initialize/meilisearch.go:15
main.initializeSystem
	/Users/a1/data/go/gin-vue-admin/server/main.go:47
main.main
	/Users/a1/data/go/gin-vue-admin/server/main.go:32
runtime.main
	/usr/local/go/src/runtime/proc.go:290
[github.com/flipped-aurora/gin-vue-admin/server]2026-08-09 18:43:39.178	[31merror[0m	/Users/a1/data/go/gin-vue-admin/server/service/quant/meilisearch.go:39	Failed to connect to Meilisearch	{"url": "http://119.29.82.70:7700", "error": "MeilisearchCommunicationError unable to execute request (path \"GET /indexes\" with method \"GetIndexes\"): Get \"http://119.29.82.70:7700/indexes\": dial tcp 119.29.82.70:7700: connect: connection refused"}
github.com/flipped-aurora/gin-vue-admin/server/service/quant.(*MeilisearchService).InitializeMeilisearch
	/Users/a1/data/go/gin-vue-admin/server/service/quant/meilisearch.go:39
github.com/flipped-aurora/gin-vue-admin/server/initialize.InitMeilisearch
	/Users/a1/data/go/gin-vue-admin/server/initialize/meilisearch.go:14
main.initializeSystem
	/Users/a1/data/go/gin-vue-admin/server/main.go:47
main.main
	/Users/a1/data/go/gin-vue-admin/server/main.go:32
runtime.main
	/usr/local/go/src/runtime/proc.go:290
[github.com/flipped-aurora/gin-vue-admin/server]2026-08-09 18:43:39.357	[31merror[0m	/Users/a1/data/go/gin-vue-admin/server/initialize/meilisearch.go:15	Failed to initialize Meilisearch	{"error": "failed to connect to meilisearch: MeilisearchCommunicationError unable to execute request (path \"GET /indexes\" with method \"GetIndexes\"): Get \"http://119.29.82.70:7700/indexes\": dial tcp 119.29.82.70:7700: connect: connection refused"}
github.com/flipped-aurora/gin-vue-admin/server/initialize.InitMeilisearch
	/Users/a1/data/go/gin-vue-admin/server/initialize/meilisearch.go:15
main.initializeSystem
	/Users/a1/data/go/gin-vue-admin/server/main.go:47
main.main
	/Users/a1/data/go/gin-vue-admin/server/main.go:32
runtime.main
	/usr/local/go/src/runtime/proc.go:290
[github.com/flipped-aurora/gin-vue-admin/server]2026-08-09 18:43:50.215	[31merror[0m	/Users/a1/data/go/gin-vue-admin/server/service/quant/meilisearch.go:39	Failed to connect to Meilisearch	{"url": "http://119.29.82.70:7700", "error": "MeilisearchCommunicationError unable to execute request (path \"GET /indexes\" with method \"GetIndexes\"): Get \"http://119.29.82.70:7700/indexes\": dial tcp 119.29.82.70:7700: connect: connection refused"}
github.com/flipped-aurora/gin-vue-admin/server/service/quant.(*MeilisearchService).InitializeMeilisearch
	/Users/a1/data/go/gin-vue-admin/server/service/quant/meilisearch.go:39
github.com/flipped-aurora/gin-vue-admin/server/initialize.InitMeilisearch
	/Users/a1/data/go/gin-vue-admin/server/initialize/meilisearch.go:14
main.initializeSystem
	/Users/a1/data/go/gin-vue-admin/server/main.go:47
main.main
	/Users/a1/data/go/gin-vue-admin/server/main.go:32
runtime.main
	/usr/local/go/src/runtime/proc.go:290
[github.com/flipped-aurora/gin-vue-admin/server]2026-08-09 18:43:50.404	[31merror[0m	/Users/a1/data/go/gin-vue-admin/server/initialize/meilisearch.go:15	Failed to initialize Meilisearch	{"error": "failed to connect to meilisearch: MeilisearchCommunicationError unable to execute request (path \"GET /indexes\" with method \"GetIndexes\"): Get \"http://119.29.82.70:7700/indexes\": dial tcp 119.29.82.70:7700: connect: connection refused"}
github.com/flipped-aurora/gin-vue-admin/server/initialize.InitMeilisearch
	/Users/a1/data/go/gin-vue-admin/server/initialize/meilisearch.go:15
main.initializeSystem
	/Users/a1/data/go/gin-vue-admin/server/main.go:47
main.main
	/Users/a1/data/go/gin-vue-admin/server/main.go:32
runtime.main
	/usr/local/go/src/runtime/proc.go:290
[github.com/flipped-aurora/gin-vue-admin/server]2026-08-09 18:43:59.529	[31merror[0m	/Users/a1/data/go/gin-vue-admin/server/service/quant/meilisearch.go:39	Failed to connect to Meilisearch	{"url": "http://119.29.82.70:7700", "error": "MeilisearchCommunicationError unable to execute request (path \"GET /indexes\" with method \"GetIndexes\"): Get \"http://119.29.82.70:7700/indexes\": dial tcp 119.29.82.70:7700: connect: connection refused"}
github.com/flipped-aurora/gin-vue-admin/server/service/quant.(*MeilisearchService).InitializeMeilisearch
	/Users/a1/data/go/gin-vue-admin/server/service/quant/meilisearch.go:39
github.com/flipped-aurora/gin-vue-admin/server/initialize.InitMeilisearch
	/Users/a1/data/go/gin-vue-admin/server/initialize/meilisearch.go:14
main.initializeSystem
	/Users/a1/data/go/gin-vue-admin/server/main.go:47
main.main
	/Users/a1/data/go/gin-vue-admin/server/main.go:32
runtime.main
	/usr/local/go/src/runtime/proc.go:290
[github.com/flipped-aurora/gin-vue-admin/server]2026-08-09 18:43:59.716	[31merror[0m	/Users/a1/data/go/gin-vue-admin/server/initialize/meilisearch.go:15	Failed to initialize Meilisearch	{"error": "failed to connect to meilisearch: MeilisearchCommunicationError unable to execute request (path \"GET /indexes\" with method \"GetIndexes\"): Get \"http://119.29.82.70:7700/indexes\": dial tcp 119.29.82.70:7700: connect: connection refused"}
github.com/flipped-aurora/gin-vue-admin/server/initialize.InitMeilisearch
	/Users/a1/data/go/gin-vue-admin/server/initialize/meilisearch.go:15
main.initializeSystem
	/Users/a1/data/go/gin-vue-admin/server/main.go:47
main.main
	/Users/a1/data/go/gin-vue-admin/server/main.go:32
runtime.main
	/usr/local/go/src/runtime/proc.go:290
[github.com/flipped-aurora/gin-vue-admin/server]2026-08-09 18:44:09.795	[31merror[0m	/Users/a1/data/go/gin-vue-admin/server/service/quant/meilisearch.go:39	Failed to connect to Meilisearch	{"url": "http://119.29.82.70:7700", "error": "MeilisearchCommunicationError unable to execute request (path \"GET /indexes\" with method \"GetIndexes\"): Get \"http://119.29.82.70:7700/indexes\": dial tcp 119.29.82.70:7700: connect: connection refused"}
github.com/flipped-aurora/gin-vue-admin/server/service/quant.(*MeilisearchService).InitializeMeilisearch
	/Users/a1/data/go/gin-vue-admin/server/service/quant/meilisearch.go:39
github.com/flipped-aurora/gin-vue-admin/server/initialize.InitMeilisearch
	/Users/a1/data/go/gin-vue-admin/server/initialize/meilisearch.go:14
main.initializeSystem
	/Users/a1/data/go/gin-vue-admin/server/main.go:47
main.main
	/Users/a1/data/go/gin-vue-admin/server/main.go:32
runtime.main
	/usr/local/go/src/runtime/proc.go:290
[github.com/flipped-aurora/gin-vue-admin/server]2026-08-09 18:44:10.058	[31merror[0m	/Users/a1/data/go/gin-vue-admin/server/initialize/meilisearch.go:15	Failed to initialize Meilisearch	{"error": "failed to connect to meilisearch: MeilisearchCommunicationError unable to execute request (path \"GET /indexes\" with method \"GetIndexes\"): Get \"http://119.29.82.70:7700/indexes\": dial tcp 119.29.82.70:7700: connect: connection refused"}
github.com/flipped-aurora/gin-vue-admin/server/initialize.InitMeilisearch
	/Users/a1/data/go/gin-vue-admin/server/initialize/meilisearch.go:15
main.initializeSystem
	/Users/a1/data/go/gin-vue-admin/server/main.go:47
main.main
	/Users/a1/data/go/gin-vue-admin/server/main.go:32
runtime.main
	/usr/local/go/src/runtime/proc.go:290
[github.com/flipped-aurora/gin-vue-admin/server]2026-08-09 18:44:24.463	[31merror[0m	/Users/a1/data/go/gin-vue-admin/server/service/quant/meilisearch.go:39	Failed to connect to Meilisearch	{"url": "http://119.29.82.70:7700", "error": "MeilisearchCommunicationError unable to execute request (path \"GET /indexes\" with method \"GetIndexes\"): Get \"http://119.29.82.70:7700/indexes\": dial tcp 119.29.82.70:7700: connect: connection refused"}
github.com/flipped-aurora/gin-vue-admin/server/service/quant.(*MeilisearchService).InitializeMeilisearch
	/Users/a1/data/go/gin-vue-admin/server/service/quant/meilisearch.go:39
github.com/flipped-aurora/gin-vue-admin/server/initialize.InitMeilisearch
	/Users/a1/data/go/gin-vue-admin/server/initialize/meilisearch.go:14
main.initializeSystem
	/Users/a1/data/go/gin-vue-admin/server/main.go:47
main.main
	/Users/a1/data/go/gin-vue-admin/server/main.go:32
runtime.main
	/usr/local/go/src/runtime/proc.go:290
[github.com/flipped-aurora/gin-vue-admin/server]2026-08-09 18:44:24.668	[31merror[0m	/Users/a1/data/go/gin-vue-admin/server/initialize/meilisearch.go:15	Failed to initialize Meilisearch	{"error": "failed to connect to meilisearch: MeilisearchCommunicationError unable to execute request (path \"GET /indexes\" with method \"GetIndexes\"): Get \"http://119.29.82.70:7700/indexes\": dial tcp 119.29.82.70:7700: connect: connection refused"}
github.com/flipped-aurora/gin-vue-admin/server/initialize.InitMeilisearch
	/Users/a1/data/go/gin-vue-admin/server/initialize/meilisearch.go:15
main.initializeSystem
	/Users/a1/data/go/gin-vue-admin/server/main.go:47
main.main
	/Users/a1/data/go/gin-vue-admin/server/main.go:32
runtime.main
	/usr/local/go/src/runtime/proc.go:290
[github.com/flipped-aurora/gin-vue-admin/server]2026-08-09 18:44:44.699	[31merror[0m	/Users/a1/data/go/gin-vue-admin/server/service/quant/meilisearch.go:39	Failed to connect to Meilisearch	{"url": "http://119.29.82.70:7700", "error": "MeilisearchCommunicationError unable to execute request (path \"GET /indexes\" with method \"GetIndexes\"): Get \"http://119.29.82.70:7700/indexes\": dial tcp 119.29.82.70:7700: connect: connection refused"}
github.com/flipped-aurora/gin-vue-admin/server/service/quant.(*MeilisearchService).InitializeMeilisearch
	/Users/a1/data/go/gin-vue-admin/server/service/quant/meilisearch.go:39
github.com/flipped-aurora/gin-vue-admin/server/initialize.InitMeilisearch
	/Users/a1/data/go/gin-vue-admin/server/initialize/meilisearch.go:14
main.initializeSystem
	/Users/a1/data/go/gin-vue-admin/server/main.go:47
main.main
	/Users/a1/data/go/gin-vue-admin/server/main.go:32
runtime.main
	/usr/local/go/src/runtime/proc.go:290
[github.com/flipped-aurora/gin-vue-admin/server]2026-08-09 18:44:44.897	[31merror[0m	/Users/a1/data/go/gin-vue-admin/server/initialize/meilisearch.go:15	Failed to initialize Meilisearch	{"error": "failed to connect to meilisearch: MeilisearchCommunicationError unable to execute request (path \"GET /indexes\" with method \"GetIndexes\"): Get \"http://119.29.82.70:7700/indexes\": dial tcp 119.29.82.70:7700: connect: connection refused"}
github.com/flipped-aurora/gin-vue-admin/server/initialize.InitMeilisearch
	/Users/a1/data/go/gin-vue-admin/server/initialize/meilisearch.go:15
main.initializeSystem
	/Users/a1/data/go/gin-vue-admin/server/main.go:47
main.main
	/Users/a1/data/go/gin-vue-admin/server/main.go:32
runtime.main
	/usr/local/go/src/runtime/proc.go:290
[github.com/flipped-aurora/gin-vue-admin/server]2026-08-09 18:45:35.116	[31merror[0m	/Users/a1/data/go/gin-vue-admin/server/service/quant/meilisearch.go:39	Failed to connect to Meilisearch	{"url": "http://119.29.82.70:7700", "error": "MeilisearchCommunicationError unable to execute request (path \"GET /indexes\" with method \"GetIndexes\"): Get \"http://119.29.82.70:7700/indexes\": dial tcp 119.29.82.70:7700: connect: connection refused"}
github.com/flipped-aurora/gin-vue-admin/server/service/quant.(*MeilisearchService).InitializeMeilisearch
	/Users/a1/data/go/gin-vue-admin/server/service/quant/meilisearch.go:39
github.com/flipped-aurora/gin-vue-admin/server/initialize.InitMeilisearch
	/Users/a1/data/go/gin-vue-admin/server/initialize/meilisearch.go:14
main.initializeSystem
	/Users/a1/data/go/gin-vue-admin/server/main.go:47
main.main
	/Users/a1/data/go/gin-vue-admin/server/main.go:32
runtime.main
	/usr/local/go/src/runtime/proc.go:290
[github.com/flipped-aurora/gin-vue-admin/server]2026-08-09 18:45:35.294	[31merror[0m	/Users/a1/data/go/gin-vue-admin/server/initialize/meilisearch.go:15	Failed to initialize Meilisearch	{"error": "failed to connect to meilisearch: MeilisearchCommunicationError unable to execute request (path \"GET /indexes\" with method \"GetIndexes\"): Get \"http://119.29.82.70:7700/indexes\": dial tcp 119.29.82.70:7700: connect: connection refused"}
github.com/flipped-aurora/gin-vue-admin/server/initialize.InitMeilisearch
	/Users/a1/data/go/gin-vue-admin/server/initialize/meilisearch.go:15
main.initializeSystem
	/Users/a1/data/go/gin-vue-admin/server/main.go:47
main.main
	/Users/a1/data/go/gin-vue-admin/server/main.go:32
runtime.main
	/usr/local/go/src/runtime/proc.go:290
[github.com/flipped-aurora/gin-vue-admin/server]2026-08-09 21:40:39.467	[31merror[0m	/Users/a1/data/go/gin-vue-admin/server/api/v1/quant/theme_stock.go:216	AI添加题材股票失败!	{"error": "API密钥未配置，请在服务端配置文件 config.yaml 的 ai.providers.Kimi.api-key 中填写"}
github.com/flipped-aurora/gin-vue-admin/server/api/v1/quant.(*ThemeStockApi).AiAddThemeStocks
	/Users/a1/data/go/gin-vue-admin/server/api/v1/quant/theme_stock.go:216
github.com/gin-gonic/gin.(*Context).Next
	/Users/a1/go/pkg/mod/github.com/gin-gonic/gin@v1.10.0/context.go:185
github.com/flipped-aurora/gin-vue-admin/server/router/quant.(*ThemeStockRouter).InitThemeStockRouter.OperationRecord.func1
	/Users/a1/data/go/gin-vue-admin/server/middleware/operation.go:93
github.com/gin-gonic/gin.(*Context).Next
	/Users/a1/go/pkg/mod/github.com/gin-gonic/gin@v1.10.0/context.go:185
github.com/flipped-aurora/gin-vue-admin/server/initialize.Routers.CasbinHandler.func4
	/Users/a1/data/go/gin-vue-admin/server/middleware/casbin_rbac.go:30
github.com/gin-gonic/gin.(*Context).Next
	/Users/a1/go/pkg/mod/github.com/gin-gonic/gin@v1.10.0/context.go:185
github.com/flipped-aurora/gin-vue-admin/server/initialize.Routers.JWTAuth.func3
	/Users/a1/data/go/gin-vue-admin/server/middleware/jwt.go:69
github.com/gin-gonic/gin.(*Context).Next
	/Users/a1/go/pkg/mod/github.com/gin-gonic/gin@v1.10.0/context.go:185
github.com/gin-gonic/gin.LoggerWithConfig.func1
	/Users/a1/go/pkg/mod/github.com/gin-gonic/gin@v1.10.0/logger.go:249
github.com/gin-gonic/gin.(*Context).Next
	/Users/a1/go/pkg/mod/github.com/gin-gonic/gin@v1.10.0/context.go:185
github.com/flipped-aurora/gin-vue-admin/server/initialize.Routers.GinRecovery.func2
	/Users/a1/data/go/gin-vue-admin/server/middleware/error.go:78
github.com/gin-gonic/gin.(*Context).Next
	/Users/a1/go/pkg/mod/github.com/gin-gonic/gin@v1.10.0/context.go:185
github.com/gin-gonic/gin.(*Engine).handleHTTPRequest
	/Users/a1/go/pkg/mod/github.com/gin-gonic/gin@v1.10.0/gin.go:633
github.com/gin-gonic/gin.(*Engine).ServeHTTP
	/Users/a1/go/pkg/mod/github.com/gin-gonic/gin@v1.10.0/gin.go:589
net/http.serverHandler.ServeHTTP
	/usr/local/go/src/net/http/server.go:3311
net/http.(*conn).serve
	/usr/local/go/src/net/http/server.go:2073
[github.com/flipped-aurora/gin-vue-admin/server]2026-08-09 21:40:43.952	[31merror[0m	/Users/a1/data/go/gin-vue-admin/server/api/v1/quant/theme_stock.go:216	AI添加题材股票失败!	{"error": "API密钥未配置，请在服务端配置文件 config.yaml 的 ai.providers.Kimi.api-key 中填写"}
github.com/flipped-aurora/gin-vue-admin/server/api/v1/quant.(*ThemeStockApi).AiAddThemeStocks
	/Users/a1/data/go/gin-vue-admin/server/api/v1/quant/theme_stock.go:216
github.com/gin-gonic/gin.(*Context).Next
	/Users/a1/go/pkg/mod/github.com/gin-gonic/gin@v1.10.0/context.go:185
github.com/flipped-aurora/gin-vue-admin/server/router/quant.(*ThemeStockRouter).InitThemeStockRouter.OperationRecord.func1
	/Users/a1/data/go/gin-vue-admin/server/middleware/operation.go:93
github.com/gin-gonic/gin.(*Context).Next
	/Users/a1/go/pkg/mod/github.com/gin-gonic/gin@v1.10.0/context.go:185
github.com/flipped-aurora/gin-vue-admin/server/initialize.Routers.CasbinHandler.func4
	/Users/a1/data/go/gin-vue-admin/server/middleware/casbin_rbac.go:30
github.com/gin-gonic/gin.(*Context).Next
	/Users/a1/go/pkg/mod/github.com/gin-gonic/gin@v1.10.0/context.go:185
github.com/flipped-aurora/gin-vue-admin/server/initialize.Routers.JWTAuth.func3
	/Users/a1/data/go/gin-vue-admin/server/middleware/jwt.go:69
github.com/gin-gonic/gin.(*Context).Next
	/Users/a1/go/pkg/mod/github.com/gin-gonic/gin@v1.10.0/context.go:185
github.com/gin-gonic/gin.LoggerWithConfig.func1
	/Users/a1/go/pkg/mod/github.com/gin-gonic/gin@v1.10.0/logger.go:249
github.com/gin-gonic/gin.(*Context).Next
	/Users/a1/go/pkg/mod/github.com/gin-gonic/gin@v1.10.0/context.go:185
github.com/flipped-aurora/gin-vue-admin/server/initialize.Routers.GinRecovery.func2
	/Users/a1/data/go/gin-vue-admin/server/middleware/error.go:78
github.com/gin-gonic/gin.(*Context).Next
	/Users/a1/go/pkg/mod/github.com/gin-gonic/gin@v1.10.0/context.go:185
github.com/gin-gonic/gin.(*Engine).handleHTTPRequest
	/Users/a1/go/pkg/mod/github.com/gin-gonic/gin@v1.10.0/gin.go:633
github.com/gin-gonic/gin.(*Engine).ServeHTTP
	/Users/a1/go/pkg/mod/github.com/gin-gonic/gin@v1.10.0/gin.go:589
net/http.serverHandler.ServeHTTP
	/usr/local/go/src/net/http/server.go:3311
net/http.(*conn).serve
	/usr/local/go/src/net/http/server.go:2073
[github.com/flipped-aurora/gin-vue-admin/server]2026-08-09 21:40:49.395	[31merror[0m	/Users/a1/data/go/gin-vue-admin/server/api/v1/quant/theme_stock.go:216	AI添加题材股票失败!	{"error": "API密钥未配置，请在服务端配置文件 config.yaml 的 ai.providers.Kimi.api-key 中填写"}
github.com/flipped-aurora/gin-vue-admin/server/api/v1/quant.(*ThemeStockApi).AiAddThemeStocks
	/Users/a1/data/go/gin-vue-admin/server/api/v1/quant/theme_stock.go:216
github.com/gin-gonic/gin.(*Context).Next
	/Users/a1/go/pkg/mod/github.com/gin-gonic/gin@v1.10.0/context.go:185
github.com/flipped-aurora/gin-vue-admin/server/router/quant.(*ThemeStockRouter).InitThemeStockRouter.OperationRecord.func1
	/Users/a1/data/go/gin-vue-admin/server/middleware/operation.go:93
github.com/gin-gonic/gin.(*Context).Next
	/Users/a1/go/pkg/mod/github.com/gin-gonic/gin@v1.10.0/context.go:185
github.com/flipped-aurora/gin-vue-admin/server/initialize.Routers.CasbinHandler.func4
	/Users/a1/data/go/gin-vue-admin/server/middleware/casbin_rbac.go:30
github.com/gin-gonic/gin.(*Context).Next
	/Users/a1/go/pkg/mod/github.com/gin-gonic/gin@v1.10.0/context.go:185
github.com/flipped-aurora/gin-vue-admin/server/initialize.Routers.JWTAuth.func3
	/Users/a1/data/go/gin-vue-admin/server/middleware/jwt.go:69
github.com/gin-gonic/gin.(*Context).Next
	/Users/a1/go/pkg/mod/github.com/gin-gonic/gin@v1.10.0/context.go:185
github.com/gin-gonic/gin.LoggerWithConfig.func1
	/Users/a1/go/pkg/mod/github.com/gin-gonic/gin@v1.10.0/logger.go:249
github.com/gin-gonic/gin.(*Context).Next
	/Users/a1/go/pkg/mod/github.com/gin-gonic/gin@v1.10.0/context.go:185
github.com/flipped-aurora/gin-vue-admin/server/initialize.Routers.GinRecovery.func2
	/Users/a1/data/go/gin-vue-admin/server/middleware/error.go:78
github.com/gin-gonic/gin.(*Context).Next
	/Users/a1/go/pkg/mod/github.com/gin-gonic/gin@v1.10.0/context.go:185
github.com/gin-gonic/gin.(*Engine).handleHTTPRequest
	/Users/a1/go/pkg/mod/github.com/gin-gonic/gin@v1.10.0/gin.go:633
github.com/gin-gonic/gin.(*Engine).ServeHTTP
	/Users/a1/go/pkg/mod/github.com/gin-gonic/gin@v1.10.0/gin.go:589
net/http.serverHandler.ServeHTTP
	/usr/local/go/src/net/http/server.go:3311
net/http.(*conn).serve
	/usr/local/go/src/net/http/server.go:2073
[github.com/flipped-aurora/gin-vue-admin/server]2026-08-09 21:40:53.604	[31merror[0m	/Users/a1/data/go/gin-vue-admin/server/api/v1/quant/theme_stock.go:216	AI添加题材股票失败!	{"error": "API密钥未配置，请在服务端配置文件 config.yaml 的 ai.providers.Kimi.api-key 中填写"}
github.com/flipped-aurora/gin-vue-admin/server/api/v1/quant.(*ThemeStockApi).AiAddThemeStocks
	/Users/a1/data/go/gin-vue-admin/server/api/v1/quant/theme_stock.go:216
github.com/gin-gonic/gin.(*Context).Next
	/Users/a1/go/pkg/mod/github.com/gin-gonic/gin@v1.10.0/context.go:185
github.com/flipped-aurora/gin-vue-admin/server/router/quant.(*ThemeStockRouter).InitThemeStockRouter.OperationRecord.func1
	/Users/a1/data/go/gin-vue-admin/server/middleware/operation.go:93
github.com/gin-gonic/gin.(*Context).Next
	/Users/a1/go/pkg/mod/github.com/gin-gonic/gin@v1.10.0/context.go:185
github.com/flipped-aurora/gin-vue-admin/server/initialize.Routers.CasbinHandler.func4
	/Users/a1/data/go/gin-vue-admin/server/middleware/casbin_rbac.go:30
github.com/gin-gonic/gin.(*Context).Next
	/Users/a1/go/pkg/mod/github.com/gin-gonic/gin@v1.10.0/context.go:185
github.com/flipped-aurora/gin-vue-admin/server/initialize.Routers.JWTAuth.func3
	/Users/a1/data/go/gin-vue-admin/server/middleware/jwt.go:69
github.com/gin-gonic/gin.(*Context).Next
	/Users/a1/go/pkg/mod/github.com/gin-gonic/gin@v1.10.0/context.go:185
github.com/gin-gonic/gin.LoggerWithConfig.func1
	/Users/a1/go/pkg/mod/github.com/gin-gonic/gin@v1.10.0/logger.go:249
github.com/gin-gonic/gin.(*Context).Next
	/Users/a1/go/pkg/mod/github.com/gin-gonic/gin@v1.10.0/context.go:185
github.com/flipped-aurora/gin-vue-admin/server/initialize.Routers.GinRecovery.func2
	/Users/a1/data/go/gin-vue-admin/server/middleware/error.go:78
github.com/gin-gonic/gin.(*Context).Next
	/Users/a1/go/pkg/mod/github.com/gin-gonic/gin@v1.10.0/context.go:185
github.com/gin-gonic/gin.(*Engine).handleHTTPRequest
	/Users/a1/go/pkg/mod/github.com/gin-gonic/gin@v1.10.0/gin.go:633
github.com/gin-gonic/gin.(*Engine).ServeHTTP
	/Users/a1/go/pkg/mod/github.com/gin-gonic/gin@v1.10.0/gin.go:589
net/http.serverHandler.ServeHTTP
	/usr/local/go/src/net/http/server.go:3311
net/http.(*conn).serve
	/usr/local/go/src/net/http/server.go:2073
[github.com/flipped-aurora/gin-vue-admin/server]2026-08-09 21:41:27.708	[31merror[0m	/Users/a1/data/go/gin-vue-admin/server/api/v1/quant/theme_stock.go:216	AI添加题材股票失败!	{"error": "API密钥未配置，请在服务端配置文件 config.yaml 的 ai.providers.Kimi.api-key 中填写"}
github.com/flipped-aurora/gin-vue-admin/server/api/v1/quant.(*ThemeStockApi).AiAddThemeStocks
	/Users/a1/data/go/gin-vue-admin/server/api/v1/quant/theme_stock.go:216
github.com/gin-gonic/gin.(*Context).Next
	/Users/a1/go/pkg/mod/github.com/gin-gonic/gin@v1.10.0/context.go:185
github.com/flipped-aurora/gin-vue-admin/server/router/quant.(*ThemeStockRouter).InitThemeStockRouter.OperationRecord.func1
	/Users/a1/data/go/gin-vue-admin/server/middleware/operation.go:93
github.com/gin-gonic/gin.(*Context).Next
	/Users/a1/go/pkg/mod/github.com/gin-gonic/gin@v1.10.0/context.go:185
github.com/flipped-aurora/gin-vue-admin/server/initialize.Routers.CasbinHandler.func4
	/Users/a1/data/go/gin-vue-admin/server/middleware/casbin_rbac.go:30
github.com/gin-gonic/gin.(*Context).Next
	/Users/a1/go/pkg/mod/github.com/gin-gonic/gin@v1.10.0/context.go:185
github.com/flipped-aurora/gin-vue-admin/server/initialize.Routers.JWTAuth.func3
	/Users/a1/data/go/gin-vue-admin/server/middleware/jwt.go:69
github.com/gin-gonic/gin.(*Context).Next
	/Users/a1/go/pkg/mod/github.com/gin-gonic/gin@v1.10.0/context.go:185
github.com/gin-gonic/gin.LoggerWithConfig.func1
	/Users/a1/go/pkg/mod/github.com/gin-gonic/gin@v1.10.0/logger.go:249
github.com/gin-gonic/gin.(*Context).Next
	/Users/a1/go/pkg/mod/github.com/gin-gonic/gin@v1.10.0/context.go:185
github.com/flipped-aurora/gin-vue-admin/server/initialize.Routers.GinRecovery.func2
	/Users/a1/data/go/gin-vue-admin/server/middleware/error.go:78
github.com/gin-gonic/gin.(*Context).Next
	/Users/a1/go/pkg/mod/github.com/gin-gonic/gin@v1.10.0/context.go:185
github.com/gin-gonic/gin.(*Engine).handleHTTPRequest
	/Users/a1/go/pkg/mod/github.com/gin-gonic/gin@v1.10.0/gin.go:633
github.com/gin-gonic/gin.(*Engine).ServeHTTP
	/Users/a1/go/pkg/mod/github.com/gin-gonic/gin@v1.10.0/gin.go:589
net/http.serverHandler.ServeHTTP
	/usr/local/go/src/net/http/server.go:3311
net/http.(*conn).serve
	/usr/local/go/src/net/http/server.go:2073
[github.com/flipped-aurora/gin-vue-admin/server]2026-08-09 21:41:31.828	[31merror[0m	/Users/a1/data/go/gin-vue-admin/server/api/v1/quant/theme_stock.go:216	AI添加题材股票失败!	{"error": "API密钥未配置，请在服务端配置文件 config.yaml 的 ai.providers.Kimi.api-key 中填写"}
github.com/flipped-aurora/gin-vue-admin/server/api/v1/quant.(*ThemeStockApi).AiAddThemeStocks
	/Users/a1/data/go/gin-vue-admin/server/api/v1/quant/theme_stock.go:216
github.com/gin-gonic/gin.(*Context).Next
	/Users/a1/go/pkg/mod/github.com/gin-gonic/gin@v1.10.0/context.go:185
github.com/flipped-aurora/gin-vue-admin/server/router/quant.(*ThemeStockRouter).InitThemeStockRouter.OperationRecord.func1
	/Users/a1/data/go/gin-vue-admin/server/middleware/operation.go:93
github.com/gin-gonic/gin.(*Context).Next
	/Users/a1/go/pkg/mod/github.com/gin-gonic/gin@v1.10.0/context.go:185
github.com/flipped-aurora/gin-vue-admin/server/initialize.Routers.CasbinHandler.func4
	/Users/a1/data/go/gin-vue-admin/server/middleware/casbin_rbac.go:30
github.com/gin-gonic/gin.(*Context).Next
	/Users/a1/go/pkg/mod/github.com/gin-gonic/gin@v1.10.0/context.go:185
github.com/flipped-aurora/gin-vue-admin/server/initialize.Routers.JWTAuth.func3
	/Users/a1/data/go/gin-vue-admin/server/middleware/jwt.go:69
github.com/gin-gonic/gin.(*Context).Next
	/Users/a1/go/pkg/mod/github.com/gin-gonic/gin@v1.10.0/context.go:185
github.com/gin-gonic/gin.LoggerWithConfig.func1
	/Users/a1/go/pkg/mod/github.com/gin-gonic/gin@v1.10.0/logger.go:249
github.com/gin-gonic/gin.(*Context).Next
	/Users/a1/go/pkg/mod/github.com/gin-gonic/gin@v1.10.0/context.go:185
github.com/flipped-aurora/gin-vue-admin/server/initialize.Routers.GinRecovery.func2
	/Users/a1/data/go/gin-vue-admin/server/middleware/error.go:78
github.com/gin-gonic/gin.(*Context).Next
	/Users/a1/go/pkg/mod/github.com/gin-gonic/gin@v1.10.0/context.go:185
github.com/gin-gonic/gin.(*Engine).handleHTTPRequest
	/Users/a1/go/pkg/mod/github.com/gin-gonic/gin@v1.10.0/gin.go:633
github.com/gin-gonic/gin.(*Engine).ServeHTTP
	/Users/a1/go/pkg/mod/github.com/gin-gonic/gin@v1.10.0/gin.go:589
net/http.serverHandler.ServeHTTP
	/usr/local/go/src/net/http/server.go:3311
net/http.(*conn).serve
	/usr/local/go/src/net/http/server.go:2073
[github.com/flipped-aurora/gin-vue-admin/server]2026-08-09 21:42:38.480	[31merror[0m	/Users/a1/data/go/gin-vue-admin/server/service/quant/meilisearch.go:39	Failed to connect to Meilisearch	{"url": "http://119.29.82.70:7700", "error": "MeilisearchCommunicationError unable to execute request (path \"GET /indexes\" with method \"GetIndexes\"): Get \"http://119.29.82.70:7700/indexes\": dial tcp 119.29.82.70:7700: connect: connection refused"}
github.com/flipped-aurora/gin-vue-admin/server/service/quant.(*MeilisearchService).InitializeMeilisearch
	/Users/a1/data/go/gin-vue-admin/server/service/quant/meilisearch.go:39
github.com/flipped-aurora/gin-vue-admin/server/initialize.InitMeilisearch
	/Users/a1/data/go/gin-vue-admin/server/initialize/meilisearch.go:14
main.initializeSystem
	/Users/a1/data/go/gin-vue-admin/server/main.go:47
main.main
	/Users/a1/data/go/gin-vue-admin/server/main.go:32
runtime.main
	/usr/local/go/src/runtime/proc.go:290
[github.com/flipped-aurora/gin-vue-admin/server]2026-08-09 21:42:38.672	[31merror[0m	/Users/a1/data/go/gin-vue-admin/server/initialize/meilisearch.go:15	Failed to initialize Meilisearch	{"error": "failed to connect to meilisearch: MeilisearchCommunicationError unable to execute request (path \"GET /indexes\" with method \"GetIndexes\"): Get \"http://119.29.82.70:7700/indexes\": dial tcp 119.29.82.70:7700: connect: connection refused"}
github.com/flipped-aurora/gin-vue-admin/server/initialize.InitMeilisearch
	/Users/a1/data/go/gin-vue-admin/server/initialize/meilisearch.go:15
main.initializeSystem
	/Users/a1/data/go/gin-vue-admin/server/main.go:47
main.main
	/Users/a1/data/go/gin-vue-admin/server/main.go:32
runtime.main
	/usr/local/go/src/runtime/proc.go:290
[github.com/flipped-aurora/gin-vue-admin/server]2026-08-09 21:43:18.924	[31merror[0m	/Users/a1/data/go/gin-vue-admin/server/service/quant/meilisearch.go:39	Failed to connect to Meilisearch	{"url": "http://119.29.82.70:7700", "error": "MeilisearchCommunicationError unable to execute request (path \"GET /indexes\" with method \"GetIndexes\"): Get \"http://119.29.82.70:7700/indexes\": dial tcp 119.29.82.70:7700: connect: connection refused"}
github.com/flipped-aurora/gin-vue-admin/server/service/quant.(*MeilisearchService).InitializeMeilisearch
	/Users/a1/data/go/gin-vue-admin/server/service/quant/meilisearch.go:39
github.com/flipped-aurora/gin-vue-admin/server/initialize.InitMeilisearch
	/Users/a1/data/go/gin-vue-admin/server/initialize/meilisearch.go:14
main.initializeSystem
	/Users/a1/data/go/gin-vue-admin/server/main.go:47
main.main
	/Users/a1/data/go/gin-vue-admin/server/main.go:32
runtime.main
	/usr/local/go/src/runtime/proc.go:290
[github.com/flipped-aurora/gin-vue-admin/server]2026-08-09 21:43:19.114	[31merror[0m	/Users/a1/data/go/gin-vue-admin/server/initialize/meilisearch.go:15	Failed to initialize Meilisearch	{"error": "failed to connect to meilisearch: MeilisearchCommunicationError unable to execute request (path \"GET /indexes\" with method \"GetIndexes\"): Get \"http://119.29.82.70:7700/indexes\": dial tcp 119.29.82.70:7700: connect: connection refused"}
github.com/flipped-aurora/gin-vue-admin/server/initialize.InitMeilisearch
	/Users/a1/data/go/gin-vue-admin/server/initialize/meilisearch.go:15
main.initializeSystem
	/Users/a1/data/go/gin-vue-admin/server/main.go:47
main.main
	/Users/a1/data/go/gin-vue-admin/server/main.go:32
runtime.main
	/usr/local/go/src/runtime/proc.go:290
[github.com/flipped-aurora/gin-vue-admin/server]2026-08-09 21:45:53.853	[31merror[0m	/Users/a1/data/go/gin-vue-admin/server/service/quant/meilisearch.go:39	Failed to connect to Meilisearch	{"url": "http://119.29.82.70:7700", "error": "MeilisearchCommunicationError unable to execute request (path \"GET /indexes\" with method \"GetIndexes\"): Get \"http://119.29.82.70:7700/indexes\": dial tcp 119.29.82.70:7700: connect: connection refused"}
github.com/flipped-aurora/gin-vue-admin/server/service/quant.(*MeilisearchService).InitializeMeilisearch
	/Users/a1/data/go/gin-vue-admin/server/service/quant/meilisearch.go:39
github.com/flipped-aurora/gin-vue-admin/server/initialize.InitMeilisearch
	/Users/a1/data/go/gin-vue-admin/server/initialize/meilisearch.go:14
main.initializeSystem
	/Users/a1/data/go/gin-vue-admin/server/main.go:47
main.main
	/Users/a1/data/go/gin-vue-admin/server/main.go:32
runtime.main
	/usr/local/go/src/runtime/proc.go:290
[github.com/flipped-aurora/gin-vue-admin/server]2026-08-09 21:45:54.055	[31merror[0m	/Users/a1/data/go/gin-vue-admin/server/initialize/meilisearch.go:15	Failed to initialize Meilisearch	{"error": "failed to connect to meilisearch: MeilisearchCommunicationError unable to execute request (path \"GET /indexes\" with method \"GetIndexes\"): Get \"http://119.29.82.70:7700/indexes\": dial tcp 119.29.82.70:7700: connect: connection refused"}
github.com/flipped-aurora/gin-vue-admin/server/initialize.InitMeilisearch
	/Users/a1/data/go/gin-vue-admin/server/initialize/meilisearch.go:15
main.initializeSystem
	/Users/a1/data/go/gin-vue-admin/server/main.go:47
main.main
	/Users/a1/data/go/gin-vue-admin/server/main.go:32
runtime.main
	/usr/local/go/src/runtime/proc.go:290
[github.com/flipped-aurora/gin-vue-admin/server]2026-08-09 21:53:16.310	[31merror[0m	/Users/a1/data/go/gin-vue-admin/server/service/quant/meilisearch.go:39	Failed to connect to Meilisearch	{"url": "http://119.29.82.70:7700", "error": "MeilisearchCommunicationError unable to execute request (path \"GET /indexes\" with method \"GetIndexes\"): Get \"http://119.29.82.70:7700/indexes\": dial tcp 119.29.82.70:7700: connect: connection refused"}
github.com/flipped-aurora/gin-vue-admin/server/service/quant.(*MeilisearchService).InitializeMeilisearch
	/Users/a1/data/go/gin-vue-admin/server/service/quant/meilisearch.go:39
github.com/flipped-aurora/gin-vue-admin/server/initialize.InitMeilisearch
	/Users/a1/data/go/gin-vue-admin/server/initialize/meilisearch.go:14
main.initializeSystem
	/Users/a1/data/go/gin-vue-admin/server/main.go:47
main.main
	/Users/a1/data/go/gin-vue-admin/server/main.go:32
runtime.main
	/usr/local/go/src/runtime/proc.go:290
[github.com/flipped-aurora/gin-vue-admin/server]2026-08-09 21:53:16.501	[31merror[0m	/Users/a1/data/go/gin-vue-admin/server/initialize/meilisearch.go:15	Failed to initialize Meilisearch	{"error": "failed to connect to meilisearch: MeilisearchCommunicationError unable to execute request (path \"GET /indexes\" with method \"GetIndexes\"): Get \"http://119.29.82.70:7700/indexes\": dial tcp 119.29.82.70:7700: connect: connection refused"}
github.com/flipped-aurora/gin-vue-admin/server/initialize.InitMeilisearch
	/Users/a1/data/go/gin-vue-admin/server/initialize/meilisearch.go:15
main.initializeSystem
	/Users/a1/data/go/gin-vue-admin/server/main.go:47
main.main
	/Users/a1/data/go/gin-vue-admin/server/main.go:32
runtime.main
	/usr/local/go/src/runtime/proc.go:290
[github.com/flipped-aurora/gin-vue-admin/server]2026-08-09 22:29:23.882	[31merror[0m	/Users/a1/data/go/gin-vue-admin/server/service/quant/meilisearch.go:39	Failed to connect to Meilisearch	{"url": "http://119.29.82.70:7700", "error": "MeilisearchCommunicationError unable to execute request (path \"GET /indexes\" with method \"GetIndexes\"): Get \"http://119.29.82.70:7700/indexes\": dial tcp 119.29.82.70:7700: connect: connection refused"}
github.com/flipped-aurora/gin-vue-admin/server/service/quant.(*MeilisearchService).InitializeMeilisearch
	/Users/a1/data/go/gin-vue-admin/server/service/quant/meilisearch.go:39
github.com/flipped-aurora/gin-vue-admin/server/initialize.InitMeilisearch
	/Users/a1/data/go/gin-vue-admin/server/initialize/meilisearch.go:14
main.initializeSystem
	/Users/a1/data/go/gin-vue-admin/server/main.go:47
main.main
	/Users/a1/data/go/gin-vue-admin/server/main.go:32
runtime.main
	/usr/local/go/src/runtime/proc.go:290
[github.com/flipped-aurora/gin-vue-admin/server]2026-08-09 22:29:24.055	[31merror[0m	/Users/a1/data/go/gin-vue-admin/server/initialize/meilisearch.go:15	Failed to initialize Meilisearch	{"error": "failed to connect to meilisearch: MeilisearchCommunicationError unable to execute request (path \"GET /indexes\" with method \"GetIndexes\"): Get \"http://119.29.82.70:7700/indexes\": dial tcp 119.29.82.70:7700: connect: connection refused"}
github.com/flipped-aurora/gin-vue-admin/server/initialize.InitMeilisearch
	/Users/a1/data/go/gin-vue-admin/server/initialize/meilisearch.go:15
main.initializeSystem
	/Users/a1/data/go/gin-vue-admin/server/main.go:47
main.main
	/Users/a1/data/go/gin-vue-admin/server/main.go:32
runtime.main
	/usr/local/go/src/runtime/proc.go:290
[github.com/flipped-aurora/gin-vue-admin/server]2026-08-09 22:35:59.243	[31merror[0m	/Users/a1/data/go/gin-vue-admin/server/service/quant/meilisearch.go:39	Failed to connect to Meilisearch	{"url": "http://119.29.82.70:7700", "error": "MeilisearchCommunicationError unable to execute request (path \"GET /indexes\" with method \"GetIndexes\"): Get \"http://119.29.82.70:7700/indexes\": dial tcp 119.29.82.70:7700: connect: connection refused"}
github.com/flipped-aurora/gin-vue-admin/server/service/quant.(*MeilisearchService).InitializeMeilisearch
	/Users/a1/data/go/gin-vue-admin/server/service/quant/meilisearch.go:39
github.com/flipped-aurora/gin-vue-admin/server/initialize.InitMeilisearch
	/Users/a1/data/go/gin-vue-admin/server/initialize/meilisearch.go:14
main.initializeSystem
	/Users/a1/data/go/gin-vue-admin/server/main.go:47
main.main
	/Users/a1/data/go/gin-vue-admin/server/main.go:32
runtime.main
	/usr/local/go/src/runtime/proc.go:290
[github.com/flipped-aurora/gin-vue-admin/server]2026-08-09 22:35:59.454	[31merror[0m	/Users/a1/data/go/gin-vue-admin/server/initialize/meilisearch.go:15	Failed to initialize Meilisearch	{"error": "failed to connect to meilisearch: MeilisearchCommunicationError unable to execute request (path \"GET /indexes\" with method \"GetIndexes\"): Get \"http://119.29.82.70:7700/indexes\": dial tcp 119.29.82.70:7700: connect: connection refused"}
github.com/flipped-aurora/gin-vue-admin/server/initialize.InitMeilisearch
	/Users/a1/data/go/gin-vue-admin/server/initialize/meilisearch.go:15
main.initializeSystem
	/Users/a1/data/go/gin-vue-admin/server/main.go:47
main.main
	/Users/a1/data/go/gin-vue-admin/server/main.go:32
runtime.main
	/usr/local/go/src/runtime/proc.go:290
[github.com/flipped-aurora/gin-vue-admin/server]2026-08-09 22:36:20.538	[31merror[0m	/Users/a1/data/go/gin-vue-admin/server/service/quant/meilisearch.go:39	Failed to connect to Meilisearch	{"url": "http://119.29.82.70:7700", "error": "MeilisearchCommunicationError unable to execute request (path \"GET /indexes\" with method \"GetIndexes\"): Get \"http://119.29.82.70:7700/indexes\": dial tcp 119.29.82.70:7700: connect: connection refused"}
github.com/flipped-aurora/gin-vue-admin/server/service/quant.(*MeilisearchService).InitializeMeilisearch
	/Users/a1/data/go/gin-vue-admin/server/service/quant/meilisearch.go:39
github.com/flipped-aurora/gin-vue-admin/server/initialize.InitMeilisearch
	/Users/a1/data/go/gin-vue-admin/server/initialize/meilisearch.go:14
main.initializeSystem
	/Users/a1/data/go/gin-vue-admin/server/main.go:47
main.main
	/Users/a1/data/go/gin-vue-admin/server/main.go:32
runtime.main
	/usr/local/go/src/runtime/proc.go:290
[github.com/flipped-aurora/gin-vue-admin/server]2026-08-09 22:36:20.760	[31merror[0m	/Users/a1/data/go/gin-vue-admin/server/initialize/meilisearch.go:15	Failed to initialize Meilisearch	{"error": "failed to connect to meilisearch: MeilisearchCommunicationError unable to execute request (path \"GET /indexes\" with method \"GetIndexes\"): Get \"http://119.29.82.70:7700/indexes\": dial tcp 119.29.82.70:7700: connect: connection refused"}
github.com/flipped-aurora/gin-vue-admin/server/initialize.InitMeilisearch
	/Users/a1/data/go/gin-vue-admin/server/initialize/meilisearch.go:15
main.initializeSystem
	/Users/a1/data/go/gin-vue-admin/server/main.go:47
main.main
	/Users/a1/data/go/gin-vue-admin/server/main.go:32
runtime.main
	/usr/local/go/src/runtime/proc.go:290
[github.com/flipped-aurora/gin-vue-admin/server]2026-08-09 22:36:27.185	[31merror[0m	/Users/a1/data/go/gin-vue-admin/server/service/quant/meilisearch.go:39	Failed to connect to Meilisearch	{"url": "http://119.29.82.70:7700", "error": "MeilisearchCommunicationError unable to execute request (path \"GET /indexes\" with method \"GetIndexes\"): Get \"http://119.29.82.70:7700/indexes\": dial tcp 119.29.82.70:7700: connect: connection refused"}
github.com/flipped-aurora/gin-vue-admin/server/service/quant.(*MeilisearchService).InitializeMeilisearch
	/Users/a1/data/go/gin-vue-admin/server/service/quant/meilisearch.go:39
github.com/flipped-aurora/gin-vue-admin/server/initialize.InitMeilisearch
	/Users/a1/data/go/gin-vue-admin/server/initialize/meilisearch.go:14
main.initializeSystem
	/Users/a1/data/go/gin-vue-admin/server/main.go:47
main.main
	/Users/a1/data/go/gin-vue-admin/server/main.go:32
runtime.main
	/usr/local/go/src/runtime/proc.go:290
[github.com/flipped-aurora/gin-vue-admin/server]2026-08-09 22:36:27.405	[31merror[0m	/Users/a1/data/go/gin-vue-admin/server/initialize/meilisearch.go:15	Failed to initialize Meilisearch	{"error": "failed to connect to meilisearch: MeilisearchCommunicationError unable to execute request (path \"GET /indexes\" with method \"GetIndexes\"): Get \"http://119.29.82.70:7700/indexes\": dial tcp 119.29.82.70:7700: connect: connection refused"}
github.com/flipped-aurora/gin-vue-admin/server/initialize.InitMeilisearch
	/Users/a1/data/go/gin-vue-admin/server/initialize/meilisearch.go:15
main.initializeSystem
	/Users/a1/data/go/gin-vue-admin/server/main.go:47
main.main
	/Users/a1/data/go/gin-vue-admin/server/main.go:32
runtime.main
	/usr/local/go/src/runtime/proc.go:290
[github.com/flipped-aurora/gin-vue-admin/server]2026-08-09 23:18:35.054	[31merror[0m	/Users/a1/data/go/gin-vue-admin/server/api/v1/system/sys_error.go:35	创建失败!	{"error": "invalid connection"}
github.com/flipped-aurora/gin-vue-admin/server/api/v1/system.(*SysErrorApi).CreateSysError
	/Users/a1/data/go/gin-vue-admin/server/api/v1/system/sys_error.go:35
github.com/gin-gonic/gin.(*Context).Next
	/Users/a1/go/pkg/mod/github.com/gin-gonic/gin@v1.10.0/context.go:185
github.com/gin-gonic/gin.LoggerWithConfig.func1
	/Users/a1/go/pkg/mod/github.com/gin-gonic/gin@v1.10.0/logger.go:249
github.com/gin-gonic/gin.(*Context).Next
	/Users/a1/go/pkg/mod/github.com/gin-gonic/gin@v1.10.0/context.go:185
github.com/flipped-aurora/gin-vue-admin/server/initialize.Routers.GinRecovery.func2
	/Users/a1/data/go/gin-vue-admin/server/middleware/error.go:78
github.com/gin-gonic/gin.(*Context).Next
	/Users/a1/go/pkg/mod/github.com/gin-gonic/gin@v1.10.0/context.go:185
github.com/gin-gonic/gin.(*Engine).handleHTTPRequest
	/Users/a1/go/pkg/mod/github.com/gin-gonic/gin@v1.10.0/gin.go:633
github.com/gin-gonic/gin.(*Engine).ServeHTTP
	/Users/a1/go/pkg/mod/github.com/gin-gonic/gin@v1.10.0/gin.go:589
net/http.serverHandler.ServeHTTP
	/usr/local/go/src/net/http/server.go:3311
net/http.(*conn).serve
	/usr/local/go/src/net/http/server.go:2073
[github.com/flipped-aurora/gin-vue-admin/server]2026-08-09 23:19:00.413	[31merror[0m	/Users/a1/data/go/gin-vue-admin/server/api/v1/system/sys_user.go:487	获取失败!	{"error": "invalid connection"}
github.com/flipped-aurora/gin-vue-admin/server/api/v1/system.(*BaseApi).GetUserInfo
	/Users/a1/data/go/gin-vue-admin/server/api/v1/system/sys_user.go:487
github.com/gin-gonic/gin.(*Context).Next
	/Users/a1/go/pkg/mod/github.com/gin-gonic/gin@v1.10.0/context.go:185
github.com/flipped-aurora/gin-vue-admin/server/initialize.Routers.CasbinHandler.func4
	/Users/a1/data/go/gin-vue-admin/server/middleware/casbin_rbac.go:30
github.com/gin-gonic/gin.(*Context).Next
	/Users/a1/go/pkg/mod/github.com/gin-gonic/gin@v1.10.0/context.go:185
github.com/flipped-aurora/gin-vue-admin/server/initialize.Routers.JWTAuth.func3
	/Users/a1/data/go/gin-vue-admin/server/middleware/jwt.go:69
github.com/gin-gonic/gin.(*Context).Next
	/Users/a1/go/pkg/mod/github.com/gin-gonic/gin@v1.10.0/context.go:185
github.com/gin-gonic/gin.LoggerWithConfig.func1
	/Users/a1/go/pkg/mod/github.com/gin-gonic/gin@v1.10.0/logger.go:249
github.com/gin-gonic/gin.(*Context).Next
	/Users/a1/go/pkg/mod/github.com/gin-gonic/gin@v1.10.0/context.go:185
github.com/flipped-aurora/gin-vue-admin/server/initialize.Routers.GinRecovery.func2
	/Users/a1/data/go/gin-vue-admin/server/middleware/error.go:78
github.com/gin-gonic/gin.(*Context).Next
	/Users/a1/go/pkg/mod/github.com/gin-gonic/gin@v1.10.0/context.go:185
github.com/gin-gonic/gin.(*Engine).handleHTTPRequest
	/Users/a1/go/pkg/mod/github.com/gin-gonic/gin@v1.10.0/gin.go:633
github.com/gin-gonic/gin.(*Engine).ServeHTTP
	/Users/a1/go/pkg/mod/github.com/gin-gonic/gin@v1.10.0/gin.go:589
net/http.serverHandler.ServeHTTP
	/usr/local/go/src/net/http/server.go:3311
net/http.(*conn).serve
	/usr/local/go/src/net/http/server.go:2073
[github.com/flipped-aurora/gin-vue-admin/server]2026-08-09 23:19:00.778	[31merror[0m	/Users/a1/data/go/gin-vue-admin/server/api/v1/system/sys_menu.go:29	获取失败!	{"error": "invalid connection"}
github.com/flipped-aurora/gin-vue-admin/server/api/v1/system.(*AuthorityMenuApi).GetMenu
	/Users/a1/data/go/gin-vue-admin/server/api/v1/system/sys_menu.go:29
github.com/gin-gonic/gin.(*Context).Next
	/Users/a1/go/pkg/mod/github.com/gin-gonic/gin@v1.10.0/context.go:185
github.com/flipped-aurora/gin-vue-admin/server/initialize.Routers.CasbinHandler.func4
	/Users/a1/data/go/gin-vue-admin/server/middleware/casbin_rbac.go:30
github.com/gin-gonic/gin.(*Context).Next
	/Users/a1/go/pkg/mod/github.com/gin-gonic/gin@v1.10.0/context.go:185
github.com/flipped-aurora/gin-vue-admin/server/initialize.Routers.JWTAuth.func3
	/Users/a1/data/go/gin-vue-admin/server/middleware/jwt.go:69
github.com/gin-gonic/gin.(*Context).Next
	/Users/a1/go/pkg/mod/github.com/gin-gonic/gin@v1.10.0/context.go:185
github.com/gin-gonic/gin.LoggerWithConfig.func1
	/Users/a1/go/pkg/mod/github.com/gin-gonic/gin@v1.10.0/logger.go:249
github.com/gin-gonic/gin.(*Context).Next
	/Users/a1/go/pkg/mod/github.com/gin-gonic/gin@v1.10.0/context.go:185
github.com/flipped-aurora/gin-vue-admin/server/initialize.Routers.GinRecovery.func2
	/Users/a1/data/go/gin-vue-admin/server/middleware/error.go:78
github.com/gin-gonic/gin.(*Context).Next
	/Users/a1/go/pkg/mod/github.com/gin-gonic/gin@v1.10.0/context.go:185
github.com/gin-gonic/gin.(*Engine).handleHTTPRequest
	/Users/a1/go/pkg/mod/github.com/gin-gonic/gin@v1.10.0/gin.go:633
github.com/gin-gonic/gin.(*Engine).ServeHTTP
	/Users/a1/go/pkg/mod/github.com/gin-gonic/gin@v1.10.0/gin.go:589
net/http.serverHandler.ServeHTTP
	/usr/local/go/src/net/http/server.go:3311
net/http.(*conn).serve
	/usr/local/go/src/net/http/server.go:2073
