[github.com/flipped-aurora/gin-vue-admin/server]2026-04-22 11:46:45.877	[34minfo[0m	/Users/a1/data/go/gin-vue-admin/server/service/quant/meilisearch.go:45	Meilisearch client initialized successfully	{"url": "http://47.108.165.155:7700"}
[github.com/flipped-aurora/gin-vue-admin/server]2026-04-22 11:46:45.913	[34minfo[0m	/Users/a1/data/go/gin-vue-admin/server/service/quant/meilisearch.go:88	News index created and configured successfully	{"index": "news"}
[github.com/flipped-aurora/gin-vue-admin/server]2026-04-22 11:46:45.914	[34minfo[0m	/Users/a1/data/go/gin-vue-admin/server/initialize/meilisearch.go:30	Meilisearch initialized successfully
[github.com/flipped-aurora/gin-vue-admin/server]2026-04-22 11:46:45.914	[34minfo[0m	/Users/a1/data/go/gin-vue-admin/server/initialize/gorm.go:39	auto-migrate is disabled, skipping table registration
[github.com/flipped-aurora/gin-vue-admin/server]2026-04-22 11:46:45.928	[34minfo[0m	/Users/a1/data/go/gin-vue-admin/server/initialize/router.go:62	register swagger handler
[github.com/flipped-aurora/gin-vue-admin/server]2026-04-22 11:46:46.366	[34minfo[0m	/Users/a1/data/go/gin-vue-admin/server/initialize/router.go:115	router register success
[github.com/flipped-aurora/gin-vue-admin/server]2026-04-22 11:50:33.088	[34minfo[0m	/Users/a1/data/go/gin-vue-admin/server/api/v1/quant/news.go:313	开始全量同步数据到 Meilisearch
[github.com/flipped-aurora/gin-vue-admin/server]2026-04-22 11:50:33.088	[34minfo[0m	/Users/a1/data/go/gin-vue-admin/server/service/quant/meilisearch.go:549	Starting full sync to Meilisearch
[github.com/flipped-aurora/gin-vue-admin/server]2026-04-22 11:50:45.123	[34minfo[0m	/Users/a1/data/go/gin-vue-admin/server/service/quant/meilisearch.go:576	Loading news records	{"count": 10000}
[github.com/flipped-aurora/gin-vue-admin/server]2026-04-22 11:50:58.602	[34minfo[0m	/Users/a1/data/go/gin-vue-admin/server/service/quant/meilisearch.go:576	Loading news records	{"count": 20000}
[github.com/flipped-aurora/gin-vue-admin/server]2026-04-22 11:51:12.352	[34minfo[0m	/Users/a1/data/go/gin-vue-admin/server/service/quant/meilisearch.go:576	Loading news records	{"count": 30000}
[github.com/flipped-aurora/gin-vue-admin/server]2026-04-22 11:51:26.070	[34minfo[0m	/Users/a1/data/go/gin-vue-admin/server/service/quant/meilisearch.go:576	Loading news records	{"count": 40000}
[github.com/flipped-aurora/gin-vue-admin/server]2026-04-22 11:51:39.571	[34minfo[0m	/Users/a1/data/go/gin-vue-admin/server/service/quant/meilisearch.go:576	Loading news records	{"count": 50000}
[github.com/flipped-aurora/gin-vue-admin/server]2026-04-22 11:51:52.986	[34minfo[0m	/Users/a1/data/go/gin-vue-admin/server/service/quant/meilisearch.go:576	Loading news records	{"count": 60000}
[github.com/flipped-aurora/gin-vue-admin/server]2026-04-22 11:52:07.034	[34minfo[0m	/Users/a1/data/go/gin-vue-admin/server/service/quant/meilisearch.go:576	Loading news records	{"count": 70000}
[github.com/flipped-aurora/gin-vue-admin/server]2026-04-22 11:52:23.069	[34minfo[0m	/Users/a1/data/go/gin-vue-admin/server/service/quant/meilisearch.go:576	Loading news records	{"count": 80000}
[github.com/flipped-aurora/gin-vue-admin/server]2026-04-22 11:52:37.349	[34minfo[0m	/Users/a1/data/go/gin-vue-admin/server/service/quant/meilisearch.go:576	Loading news records	{"count": 90000}
[github.com/flipped-aurora/gin-vue-admin/server]2026-04-22 11:52:51.267	[34minfo[0m	/Users/a1/data/go/gin-vue-admin/server/service/quant/meilisearch.go:576	Loading news records	{"count": 100000}
[github.com/flipped-aurora/gin-vue-admin/server]2026-04-22 11:53:05.730	[34minfo[0m	/Users/a1/data/go/gin-vue-admin/server/service/quant/meilisearch.go:576	Loading news records	{"count": 110000}
[github.com/flipped-aurora/gin-vue-admin/server]2026-04-22 11:53:20.172	[34minfo[0m	/Users/a1/data/go/gin-vue-admin/server/service/quant/meilisearch.go:576	Loading news records	{"count": 120000}
[github.com/flipped-aurora/gin-vue-admin/server]2026-04-22 11:53:35.331	[34minfo[0m	/Users/a1/data/go/gin-vue-admin/server/service/quant/meilisearch.go:576	Loading news records	{"count": 130000}
[github.com/flipped-aurora/gin-vue-admin/server]2026-04-22 11:53:50.094	[34minfo[0m	/Users/a1/data/go/gin-vue-admin/server/service/quant/meilisearch.go:576	Loading news records	{"count": 140000}
[github.com/flipped-aurora/gin-vue-admin/server]2026-04-22 11:54:04.781	[34minfo[0m	/Users/a1/data/go/gin-vue-admin/server/service/quant/meilisearch.go:576	Loading news records	{"count": 150000}
[github.com/flipped-aurora/gin-vue-admin/server]2026-04-22 11:54:18.329	[34minfo[0m	/Users/a1/data/go/gin-vue-admin/server/service/quant/meilisearch.go:576	Loading news records	{"count": 160000}
[github.com/flipped-aurora/gin-vue-admin/server]2026-04-22 11:54:31.943	[34minfo[0m	/Users/a1/data/go/gin-vue-admin/server/service/quant/meilisearch.go:576	Loading news records	{"count": 170000}
[github.com/flipped-aurora/gin-vue-admin/server]2026-04-22 11:54:44.629	[34minfo[0m	/Users/a1/data/go/gin-vue-admin/server/service/quant/meilisearch.go:576	Loading news records	{"count": 180000}
[github.com/flipped-aurora/gin-vue-admin/server]2026-04-22 11:54:57.897	[34minfo[0m	/Users/a1/data/go/gin-vue-admin/server/service/quant/meilisearch.go:576	Loading news records	{"count": 190000}
[github.com/flipped-aurora/gin-vue-admin/server]2026-04-22 11:55:12.057	[34minfo[0m	/Users/a1/data/go/gin-vue-admin/server/service/quant/meilisearch.go:576	Loading news records	{"count": 200000}
[github.com/flipped-aurora/gin-vue-admin/server]2026-04-22 11:55:27.708	[34minfo[0m	/Users/a1/data/go/gin-vue-admin/server/service/quant/meilisearch.go:576	Loading news records	{"count": 210000}
[github.com/flipped-aurora/gin-vue-admin/server]2026-04-22 11:55:41.922	[34minfo[0m	/Users/a1/data/go/gin-vue-admin/server/service/quant/meilisearch.go:576	Loading news records	{"count": 220000}
[github.com/flipped-aurora/gin-vue-admin/server]2026-04-22 11:55:55.025	[34minfo[0m	/Users/a1/data/go/gin-vue-admin/server/service/quant/meilisearch.go:576	Loading news records	{"count": 230000}
[github.com/flipped-aurora/gin-vue-admin/server]2026-04-22 11:56:08.481	[34minfo[0m	/Users/a1/data/go/gin-vue-admin/server/service/quant/meilisearch.go:576	Loading news records	{"count": 240000}
[github.com/flipped-aurora/gin-vue-admin/server]2026-04-22 11:56:23.108	[34minfo[0m	/Users/a1/data/go/gin-vue-admin/server/service/quant/meilisearch.go:576	Loading news records	{"count": 250000}
[github.com/flipped-aurora/gin-vue-admin/server]2026-04-22 11:56:37.857	[34minfo[0m	/Users/a1/data/go/gin-vue-admin/server/service/quant/meilisearch.go:576	Loading news records	{"count": 260000}
[github.com/flipped-aurora/gin-vue-admin/server]2026-04-22 11:56:52.333	[34minfo[0m	/Users/a1/data/go/gin-vue-admin/server/service/quant/meilisearch.go:576	Loading news records	{"count": 270000}
[github.com/flipped-aurora/gin-vue-admin/server]2026-04-22 11:57:07.278	[34minfo[0m	/Users/a1/data/go/gin-vue-admin/server/service/quant/meilisearch.go:576	Loading news records	{"count": 280000}
[github.com/flipped-aurora/gin-vue-admin/server]2026-04-22 11:57:22.604	[34minfo[0m	/Users/a1/data/go/gin-vue-admin/server/service/quant/meilisearch.go:576	Loading news records	{"count": 290000}
[github.com/flipped-aurora/gin-vue-admin/server]2026-04-22 11:57:36.470	[34minfo[0m	/Users/a1/data/go/gin-vue-admin/server/service/quant/meilisearch.go:576	Loading news records	{"count": 300000}
[github.com/flipped-aurora/gin-vue-admin/server]2026-04-22 11:57:50.774	[34minfo[0m	/Users/a1/data/go/gin-vue-admin/server/service/quant/meilisearch.go:576	Loading news records	{"count": 310000}
[github.com/flipped-aurora/gin-vue-admin/server]2026-04-22 11:58:04.997	[34minfo[0m	/Users/a1/data/go/gin-vue-admin/server/service/quant/meilisearch.go:576	Loading news records	{"count": 320000}
[github.com/flipped-aurora/gin-vue-admin/server]2026-04-22 11:58:18.526	[34minfo[0m	/Users/a1/data/go/gin-vue-admin/server/service/quant/meilisearch.go:576	Loading news records	{"count": 330000}
[github.com/flipped-aurora/gin-vue-admin/server]2026-04-22 11:58:31.241	[34minfo[0m	/Users/a1/data/go/gin-vue-admin/server/service/quant/meilisearch.go:576	Loading news records	{"count": 340000}
[github.com/flipped-aurora/gin-vue-admin/server]2026-04-22 11:58:45.384	[34minfo[0m	/Users/a1/data/go/gin-vue-admin/server/service/quant/meilisearch.go:576	Loading news records	{"count": 350000}
[github.com/flipped-aurora/gin-vue-admin/server]2026-04-22 11:58:59.326	[34minfo[0m	/Users/a1/data/go/gin-vue-admin/server/service/quant/meilisearch.go:576	Loading news records	{"count": 360000}
[github.com/flipped-aurora/gin-vue-admin/server]2026-04-22 11:59:03.465	[34minfo[0m	/Users/a1/data/go/gin-vue-admin/server/service/quant/meilisearch.go:580	Loaded all news records from MySQL	{"total": 362692}
[github.com/flipped-aurora/gin-vue-admin/server]2026-04-22 11:59:03.630	[34minfo[0m	/Users/a1/data/go/gin-vue-admin/server/service/quant/meilisearch.go:282	Batch synced successfully	{"count": 1000}
[github.com/flipped-aurora/gin-vue-admin/server]2026-04-22 11:59:03.703	[34minfo[0m	/Users/a1/data/go/gin-vue-admin/server/service/quant/meilisearch.go:282	Batch synced successfully	{"count": 1000}
[github.com/flipped-aurora/gin-vue-admin/server]2026-04-22 11:59:03.781	[34minfo[0m	/Users/a1/data/go/gin-vue-admin/server/service/quant/meilisearch.go:282	Batch synced successfully	{"count": 1000}
[github.com/flipped-aurora/gin-vue-admin/server]2026-04-22 11:59:03.842	[34minfo[0m	/Users/a1/data/go/gin-vue-admin/server/service/quant/meilisearch.go:282	Batch synced successfully	{"count": 1000}
[github.com/flipped-aurora/gin-vue-admin/server]2026-04-22 11:59:03.906	[34minfo[0m	/Users/a1/data/go/gin-vue-admin/server/service/quant/meilisearch.go:282	Batch synced successfully	{"count": 1000}
[github.com/flipped-aurora/gin-vue-admin/server]2026-04-22 11:59:03.981	[34minfo[0m	/Users/a1/data/go/gin-vue-admin/server/service/quant/meilisearch.go:282	Batch synced successfully	{"count": 1000}
[github.com/flipped-aurora/gin-vue-admin/server]2026-04-22 11:59:04.042	[34minfo[0m	/Users/a1/data/go/gin-vue-admin/server/service/quant/meilisearch.go:282	Batch synced successfully	{"count": 1000}
[github.com/flipped-aurora/gin-vue-admin/server]2026-04-22 11:59:04.114	[34minfo[0m	/Users/a1/data/go/gin-vue-admin/server/service/quant/meilisearch.go:282	Batch synced successfully	{"count": 1000}
[github.com/flipped-aurora/gin-vue-admin/server]2026-04-22 11:59:04.181	[34minfo[0m	/Users/a1/data/go/gin-vue-admin/server/service/quant/meilisearch.go:282	Batch synced successfully	{"count": 1000}
[github.com/flipped-aurora/gin-vue-admin/server]2026-04-22 11:59:04.569	[34minfo[0m	/Users/a1/data/go/gin-vue-admin/server/service/quant/meilisearch.go:282	Batch synced successfully	{"count": 1000}
[github.com/flipped-aurora/gin-vue-admin/server]2026-04-22 11:59:05.073	[34minfo[0m	/Users/a1/data/go/gin-vue-admin/server/service/quant/meilisearch.go:282	Batch synced successfully	{"count": 1000}
[github.com/flipped-aurora/gin-vue-admin/server]2026-04-22 11:59:05.302	[34minfo[0m	/Users/a1/data/go/gin-vue-admin/server/service/quant/meilisearch.go:282	Batch synced successfully	{"count": 1000}
[github.com/flipped-aurora/gin-vue-admin/server]2026-04-22 11:59:05.464	[34minfo[0m	/Users/a1/data/go/gin-vue-admin/server/service/quant/meilisearch.go:282	Batch synced successfully	{"count": 1000}
[github.com/flipped-aurora/gin-vue-admin/server]2026-04-22 11:59:05.607	[34minfo[0m	/Users/a1/data/go/gin-vue-admin/server/service/quant/meilisearch.go:282	Batch synced successfully	{"count": 1000}
[github.com/flipped-aurora/gin-vue-admin/server]2026-04-22 11:59:05.764	[34minfo[0m	/Users/a1/data/go/gin-vue-admin/server/service/quant/meilisearch.go:282	Batch synced successfully	{"count": 1000}
[github.com/flipped-aurora/gin-vue-admin/server]2026-04-22 11:59:05.872	[34minfo[0m	/Users/a1/data/go/gin-vue-admin/server/service/quant/meilisearch.go:282	Batch synced successfully	{"count": 1000}
[github.com/flipped-aurora/gin-vue-admin/server]2026-04-22 11:59:05.982	[34minfo[0m	/Users/a1/data/go/gin-vue-admin/server/service/quant/meilisearch.go:282	Batch synced successfully	{"count": 1000}
[github.com/flipped-aurora/gin-vue-admin/server]2026-04-22 11:59:06.089	[34minfo[0m	/Users/a1/data/go/gin-vue-admin/server/service/quant/meilisearch.go:282	Batch synced successfully	{"count": 1000}
[github.com/flipped-aurora/gin-vue-admin/server]2026-04-22 11:59:06.212	[34minfo[0m	/Users/a1/data/go/gin-vue-admin/server/service/quant/meilisearch.go:282	Batch synced successfully	{"count": 1000}
[github.com/flipped-aurora/gin-vue-admin/server]2026-04-22 11:59:06.321	[34minfo[0m	/Users/a1/data/go/gin-vue-admin/server/service/quant/meilisearch.go:282	Batch synced successfully	{"count": 1000}
[github.com/flipped-aurora/gin-vue-admin/server]2026-04-22 11:59:06.420	[34minfo[0m	/Users/a1/data/go/gin-vue-admin/server/service/quant/meilisearch.go:282	Batch synced successfully	{"count": 1000}
[github.com/flipped-aurora/gin-vue-admin/server]2026-04-22 11:59:06.864	[34minfo[0m	/Users/a1/data/go/gin-vue-admin/server/service/quant/meilisearch.go:282	Batch synced successfully	{"count": 1000}
[github.com/flipped-aurora/gin-vue-admin/server]2026-04-22 11:59:07.307	[34minfo[0m	/Users/a1/data/go/gin-vue-admin/server/service/quant/meilisearch.go:282	Batch synced successfully	{"count": 1000}
[github.com/flipped-aurora/gin-vue-admin/server]2026-04-22 11:59:07.518	[34minfo[0m	/Users/a1/data/go/gin-vue-admin/server/service/quant/meilisearch.go:282	Batch synced successfully	{"count": 1000}
[github.com/flipped-aurora/gin-vue-admin/server]2026-04-22 11:59:07.676	[34minfo[0m	/Users/a1/data/go/gin-vue-admin/server/service/quant/meilisearch.go:282	Batch synced successfully	{"count": 1000}
[github.com/flipped-aurora/gin-vue-admin/server]2026-04-22 11:59:07.838	[34minfo[0m	/Users/a1/data/go/gin-vue-admin/server/service/quant/meilisearch.go:282	Batch synced successfully	{"count": 1000}
[github.com/flipped-aurora/gin-vue-admin/server]2026-04-22 11:59:07.976	[34minfo[0m	/Users/a1/data/go/gin-vue-admin/server/service/quant/meilisearch.go:282	Batch synced successfully	{"count": 1000}
[github.com/flipped-aurora/gin-vue-admin/server]2026-04-22 11:59:08.107	[34minfo[0m	/Users/a1/data/go/gin-vue-admin/server/service/quant/meilisearch.go:282	Batch synced successfully	{"count": 1000}
[github.com/flipped-aurora/gin-vue-admin/server]2026-04-22 11:59:08.240	[34minfo[0m	/Users/a1/data/go/gin-vue-admin/server/service/quant/meilisearch.go:282	Batch synced successfully	{"count": 1000}
[github.com/flipped-aurora/gin-vue-admin/server]2026-04-22 11:59:08.365	[34minfo[0m	/Users/a1/data/go/gin-vue-admin/server/service/quant/meilisearch.go:282	Batch synced successfully	{"count": 1000}
[github.com/flipped-aurora/gin-vue-admin/server]2026-04-22 11:59:08.478	[34minfo[0m	/Users/a1/data/go/gin-vue-admin/server/service/quant/meilisearch.go:282	Batch synced successfully	{"count": 1000}
[github.com/flipped-aurora/gin-vue-admin/server]2026-04-22 11:59:08.577	[34minfo[0m	/Users/a1/data/go/gin-vue-admin/server/service/quant/meilisearch.go:282	Batch synced successfully	{"count": 1000}
[github.com/flipped-aurora/gin-vue-admin/server]2026-04-22 11:59:08.676	[34minfo[0m	/Users/a1/data/go/gin-vue-admin/server/service/quant/meilisearch.go:282	Batch synced successfully	{"count": 1000}
[github.com/flipped-aurora/gin-vue-admin/server]2026-04-22 11:59:08.794	[34minfo[0m	/Users/a1/data/go/gin-vue-admin/server/service/quant/meilisearch.go:282	Batch synced successfully	{"count": 1000}
[github.com/flipped-aurora/gin-vue-admin/server]2026-04-22 11:59:09.116	[34minfo[0m	/Users/a1/data/go/gin-vue-admin/server/service/quant/meilisearch.go:282	Batch synced successfully	{"count": 1000}
[github.com/flipped-aurora/gin-vue-admin/server]2026-04-22 11:59:09.530	[34minfo[0m	/Users/a1/data/go/gin-vue-admin/server/service/quant/meilisearch.go:282	Batch synced successfully	{"count": 1000}
[github.com/flipped-aurora/gin-vue-admin/server]2026-04-22 11:59:09.742	[34minfo[0m	/Users/a1/data/go/gin-vue-admin/server/service/quant/meilisearch.go:282	Batch synced successfully	{"count": 1000}
[github.com/flipped-aurora/gin-vue-admin/server]2026-04-22 11:59:09.912	[34minfo[0m	/Users/a1/data/go/gin-vue-admin/server/service/quant/meilisearch.go:282	Batch synced successfully	{"count": 1000}
[github.com/flipped-aurora/gin-vue-admin/server]2026-04-22 11:59:10.060	[34minfo[0m	/Users/a1/data/go/gin-vue-admin/server/service/quant/meilisearch.go:282	Batch synced successfully	{"count": 1000}
[github.com/flipped-aurora/gin-vue-admin/server]2026-04-22 11:59:10.185	[34minfo[0m	/Users/a1/data/go/gin-vue-admin/server/service/quant/meilisearch.go:282	Batch synced successfully	{"count": 1000}
[github.com/flipped-aurora/gin-vue-admin/server]2026-04-22 11:59:10.294	[34minfo[0m	/Users/a1/data/go/gin-vue-admin/server/service/quant/meilisearch.go:282	Batch synced successfully	{"count": 1000}
[github.com/flipped-aurora/gin-vue-admin/server]2026-04-22 11:59:10.407	[34minfo[0m	/Users/a1/data/go/gin-vue-admin/server/service/quant/meilisearch.go:282	Batch synced successfully	{"count": 1000}
[github.com/flipped-aurora/gin-vue-admin/server]2026-04-22 11:59:10.504	[34minfo[0m	/Users/a1/data/go/gin-vue-admin/server/service/quant/meilisearch.go:282	Batch synced successfully	{"count": 1000}
[github.com/flipped-aurora/gin-vue-admin/server]2026-04-22 11:59:10.630	[34minfo[0m	/Users/a1/data/go/gin-vue-admin/server/service/quant/meilisearch.go:282	Batch synced successfully	{"count": 1000}
[github.com/flipped-aurora/gin-vue-admin/server]2026-04-22 11:59:11.074	[34minfo[0m	/Users/a1/data/go/gin-vue-admin/server/service/quant/meilisearch.go:282	Batch synced successfully	{"count": 1000}
[github.com/flipped-aurora/gin-vue-admin/server]2026-04-22 11:59:11.451	[34minfo[0m	/Users/a1/data/go/gin-vue-admin/server/service/quant/meilisearch.go:282	Batch synced successfully	{"count": 1000}
[github.com/flipped-aurora/gin-vue-admin/server]2026-04-22 11:59:11.652	[34minfo[0m	/Users/a1/data/go/gin-vue-admin/server/service/quant/meilisearch.go:282	Batch synced successfully	{"count": 1000}
[github.com/flipped-aurora/gin-vue-admin/server]2026-04-22 11:59:11.843	[34minfo[0m	/Users/a1/data/go/gin-vue-admin/server/service/quant/meilisearch.go:282	Batch synced successfully	{"count": 1000}
[github.com/flipped-aurora/gin-vue-admin/server]2026-04-22 11:59:11.999	[34minfo[0m	/Users/a1/data/go/gin-vue-admin/server/service/quant/meilisearch.go:282	Batch synced successfully	{"count": 1000}
[github.com/flipped-aurora/gin-vue-admin/server]2026-04-22 11:59:12.111	[34minfo[0m	/Users/a1/data/go/gin-vue-admin/server/service/quant/meilisearch.go:282	Batch synced successfully	{"count": 1000}
[github.com/flipped-aurora/gin-vue-admin/server]2026-04-22 11:59:12.235	[34minfo[0m	/Users/a1/data/go/gin-vue-admin/server/service/quant/meilisearch.go:282	Batch synced successfully	{"count": 1000}
[github.com/flipped-aurora/gin-vue-admin/server]2026-04-22 11:59:12.327	[34minfo[0m	/Users/a1/data/go/gin-vue-admin/server/service/quant/meilisearch.go:282	Batch synced successfully	{"count": 1000}
[github.com/flipped-aurora/gin-vue-admin/server]2026-04-22 11:59:12.453	[34minfo[0m	/Users/a1/data/go/gin-vue-admin/server/service/quant/meilisearch.go:282	Batch synced successfully	{"count": 1000}
[github.com/flipped-aurora/gin-vue-admin/server]2026-04-22 11:59:12.547	[34minfo[0m	/Users/a1/data/go/gin-vue-admin/server/service/quant/meilisearch.go:282	Batch synced successfully	{"count": 1000}
[github.com/flipped-aurora/gin-vue-admin/server]2026-04-22 11:59:12.677	[34minfo[0m	/Users/a1/data/go/gin-vue-admin/server/service/quant/meilisearch.go:282	Batch synced successfully	{"count": 1000}
[github.com/flipped-aurora/gin-vue-admin/server]2026-04-22 11:59:12.774	[34minfo[0m	/Users/a1/data/go/gin-vue-admin/server/service/quant/meilisearch.go:282	Batch synced successfully	{"count": 1000}
[github.com/flipped-aurora/gin-vue-admin/server]2026-04-22 11:59:13.161	[34minfo[0m	/Users/a1/data/go/gin-vue-admin/server/service/quant/meilisearch.go:282	Batch synced successfully	{"count": 1000}
[github.com/flipped-aurora/gin-vue-admin/server]2026-04-22 11:59:13.637	[34minfo[0m	/Users/a1/data/go/gin-vue-admin/server/service/quant/meilisearch.go:282	Batch synced successfully	{"count": 1000}
[github.com/flipped-aurora/gin-vue-admin/server]2026-04-22 11:59:13.855	[34minfo[0m	/Users/a1/data/go/gin-vue-admin/server/service/quant/meilisearch.go:282	Batch synced successfully	{"count": 1000}
[github.com/flipped-aurora/gin-vue-admin/server]2026-04-22 11:59:14.014	[34minfo[0m	/Users/a1/data/go/gin-vue-admin/server/service/quant/meilisearch.go:282	Batch synced successfully	{"count": 1000}
[github.com/flipped-aurora/gin-vue-admin/server]2026-04-22 11:59:14.158	[34minfo[0m	/Users/a1/data/go/gin-vue-admin/server/service/quant/meilisearch.go:282	Batch synced successfully	{"count": 1000}
[github.com/flipped-aurora/gin-vue-admin/server]2026-04-22 11:59:14.289	[34minfo[0m	/Users/a1/data/go/gin-vue-admin/server/service/quant/meilisearch.go:282	Batch synced successfully	{"count": 1000}
[github.com/flipped-aurora/gin-vue-admin/server]2026-04-22 11:59:14.410	[34minfo[0m	/Users/a1/data/go/gin-vue-admin/server/service/quant/meilisearch.go:282	Batch synced successfully	{"count": 1000}
[github.com/flipped-aurora/gin-vue-admin/server]2026-04-22 11:59:14.518	[34minfo[0m	/Users/a1/data/go/gin-vue-admin/server/service/quant/meilisearch.go:282	Batch synced successfully	{"count": 1000}
[github.com/flipped-aurora/gin-vue-admin/server]2026-04-22 11:59:14.631	[34minfo[0m	/Users/a1/data/go/gin-vue-admin/server/service/quant/meilisearch.go:282	Batch synced successfully	{"count": 1000}
[github.com/flipped-aurora/gin-vue-admin/server]2026-04-22 11:59:14.739	[34minfo[0m	/Users/a1/data/go/gin-vue-admin/server/service/quant/meilisearch.go:282	Batch synced successfully	{"count": 1000}
[github.com/flipped-aurora/gin-vue-admin/server]2026-04-22 11:59:14.841	[34minfo[0m	/Users/a1/data/go/gin-vue-admin/server/service/quant/meilisearch.go:282	Batch synced successfully	{"count": 1000}
[github.com/flipped-aurora/gin-vue-admin/server]2026-04-22 11:59:14.952	[34minfo[0m	/Users/a1/data/go/gin-vue-admin/server/service/quant/meilisearch.go:282	Batch synced successfully	{"count": 1000}
[github.com/flipped-aurora/gin-vue-admin/server]2026-04-22 11:59:15.317	[34minfo[0m	/Users/a1/data/go/gin-vue-admin/server/service/quant/meilisearch.go:282	Batch synced successfully	{"count": 1000}
[github.com/flipped-aurora/gin-vue-admin/server]2026-04-22 11:59:15.673	[34minfo[0m	/Users/a1/data/go/gin-vue-admin/server/service/quant/meilisearch.go:282	Batch synced successfully	{"count": 1000}
[github.com/flipped-aurora/gin-vue-admin/server]2026-04-22 11:59:15.861	[34minfo[0m	/Users/a1/data/go/gin-vue-admin/server/service/quant/meilisearch.go:282	Batch synced successfully	{"count": 1000}
[github.com/flipped-aurora/gin-vue-admin/server]2026-04-22 11:59:16.049	[34minfo[0m	/Users/a1/data/go/gin-vue-admin/server/service/quant/meilisearch.go:282	Batch synced successfully	{"count": 1000}
[github.com/flipped-aurora/gin-vue-admin/server]2026-04-22 11:59:16.191	[34minfo[0m	/Users/a1/data/go/gin-vue-admin/server/service/quant/meilisearch.go:282	Batch synced successfully	{"count": 1000}
[github.com/flipped-aurora/gin-vue-admin/server]2026-04-22 11:59:16.332	[34minfo[0m	/Users/a1/data/go/gin-vue-admin/server/service/quant/meilisearch.go:282	Batch synced successfully	{"count": 1000}
[github.com/flipped-aurora/gin-vue-admin/server]2026-04-22 11:59:16.456	[34minfo[0m	/Users/a1/data/go/gin-vue-admin/server/service/quant/meilisearch.go:282	Batch synced successfully	{"count": 1000}
[github.com/flipped-aurora/gin-vue-admin/server]2026-04-22 11:59:16.566	[34minfo[0m	/Users/a1/data/go/gin-vue-admin/server/service/quant/meilisearch.go:282	Batch synced successfully	{"count": 1000}
[github.com/flipped-aurora/gin-vue-admin/server]2026-04-22 11:59:16.687	[34minfo[0m	/Users/a1/data/go/gin-vue-admin/server/service/quant/meilisearch.go:282	Batch synced successfully	{"count": 1000}
[github.com/flipped-aurora/gin-vue-admin/server]2026-04-22 11:59:16.883	[34minfo[0m	/Users/a1/data/go/gin-vue-admin/server/service/quant/meilisearch.go:282	Batch synced successfully	{"count": 1000}
[github.com/flipped-aurora/gin-vue-admin/server]2026-04-22 11:59:17.076	[34minfo[0m	/Users/a1/data/go/gin-vue-admin/server/service/quant/meilisearch.go:282	Batch synced successfully	{"count": 1000}
[github.com/flipped-aurora/gin-vue-admin/server]2026-04-22 11:59:17.233	[34minfo[0m	/Users/a1/data/go/gin-vue-admin/server/service/quant/meilisearch.go:282	Batch synced successfully	{"count": 1000}
[github.com/flipped-aurora/gin-vue-admin/server]2026-04-22 11:59:17.438	[34minfo[0m	/Users/a1/data/go/gin-vue-admin/server/service/quant/meilisearch.go:282	Batch synced successfully	{"count": 1000}
[github.com/flipped-aurora/gin-vue-admin/server]2026-04-22 11:59:17.588	[34minfo[0m	/Users/a1/data/go/gin-vue-admin/server/service/quant/meilisearch.go:282	Batch synced successfully	{"count": 1000}
[github.com/flipped-aurora/gin-vue-admin/server]2026-04-22 11:59:17.794	[34minfo[0m	/Users/a1/data/go/gin-vue-admin/server/service/quant/meilisearch.go:282	Batch synced successfully	{"count": 1000}
[github.com/flipped-aurora/gin-vue-admin/server]2026-04-22 11:59:17.990	[34minfo[0m	/Users/a1/data/go/gin-vue-admin/server/service/quant/meilisearch.go:282	Batch synced successfully	{"count": 1000}
[github.com/flipped-aurora/gin-vue-admin/server]2026-04-22 11:59:18.155	[34minfo[0m	/Users/a1/data/go/gin-vue-admin/server/service/quant/meilisearch.go:282	Batch synced successfully	{"count": 1000}
[github.com/flipped-aurora/gin-vue-admin/server]2026-04-22 11:59:18.699	[34minfo[0m	/Users/a1/data/go/gin-vue-admin/server/service/quant/meilisearch.go:282	Batch synced successfully	{"count": 1000}
[github.com/flipped-aurora/gin-vue-admin/server]2026-04-22 11:59:19.007	[34minfo[0m	/Users/a1/data/go/gin-vue-admin/server/service/quant/meilisearch.go:282	Batch synced successfully	{"count": 1000}
[github.com/flipped-aurora/gin-vue-admin/server]2026-04-22 11:59:19.190	[34minfo[0m	/Users/a1/data/go/gin-vue-admin/server/service/quant/meilisearch.go:282	Batch synced successfully	{"count": 1000}
[github.com/flipped-aurora/gin-vue-admin/server]2026-04-22 11:59:19.354	[34minfo[0m	/Users/a1/data/go/gin-vue-admin/server/service/quant/meilisearch.go:282	Batch synced successfully	{"count": 1000}
[github.com/flipped-aurora/gin-vue-admin/server]2026-04-22 11:59:19.498	[34minfo[0m	/Users/a1/data/go/gin-vue-admin/server/service/quant/meilisearch.go:282	Batch synced successfully	{"count": 1000}
[github.com/flipped-aurora/gin-vue-admin/server]2026-04-22 11:59:19.632	[34minfo[0m	/Users/a1/data/go/gin-vue-admin/server/service/quant/meilisearch.go:282	Batch synced successfully	{"count": 1000}
[github.com/flipped-aurora/gin-vue-admin/server]2026-04-22 11:59:19.763	[34minfo[0m	/Users/a1/data/go/gin-vue-admin/server/service/quant/meilisearch.go:282	Batch synced successfully	{"count": 1000}
[github.com/flipped-aurora/gin-vue-admin/server]2026-04-22 11:59:19.893	[34minfo[0m	/Users/a1/data/go/gin-vue-admin/server/service/quant/meilisearch.go:282	Batch synced successfully	{"count": 1000}
[github.com/flipped-aurora/gin-vue-admin/server]2026-04-22 11:59:20.009	[34minfo[0m	/Users/a1/data/go/gin-vue-admin/server/service/quant/meilisearch.go:282	Batch synced successfully	{"count": 1000}
[github.com/flipped-aurora/gin-vue-admin/server]2026-04-22 11:59:20.110	[34minfo[0m	/Users/a1/data/go/gin-vue-admin/server/service/quant/meilisearch.go:282	Batch synced successfully	{"count": 1000}
[github.com/flipped-aurora/gin-vue-admin/server]2026-04-22 11:59:20.213	[34minfo[0m	/Users/a1/data/go/gin-vue-admin/server/service/quant/meilisearch.go:282	Batch synced successfully	{"count": 1000}
[github.com/flipped-aurora/gin-vue-admin/server]2026-04-22 11:59:20.324	[34minfo[0m	/Users/a1/data/go/gin-vue-admin/server/service/quant/meilisearch.go:282	Batch synced successfully	{"count": 1000}
[github.com/flipped-aurora/gin-vue-admin/server]2026-04-22 11:59:20.515	[34minfo[0m	/Users/a1/data/go/gin-vue-admin/server/service/quant/meilisearch.go:282	Batch synced successfully	{"count": 1000}
[github.com/flipped-aurora/gin-vue-admin/server]2026-04-22 11:59:21.096	[34minfo[0m	/Users/a1/data/go/gin-vue-admin/server/service/quant/meilisearch.go:282	Batch synced successfully	{"count": 1000}
[github.com/flipped-aurora/gin-vue-admin/server]2026-04-22 11:59:21.397	[34minfo[0m	/Users/a1/data/go/gin-vue-admin/server/service/quant/meilisearch.go:282	Batch synced successfully	{"count": 1000}
[github.com/flipped-aurora/gin-vue-admin/server]2026-04-22 11:59:21.592	[34minfo[0m	/Users/a1/data/go/gin-vue-admin/server/service/quant/meilisearch.go:282	Batch synced successfully	{"count": 1000}
[github.com/flipped-aurora/gin-vue-admin/server]2026-04-22 11:59:21.764	[34minfo[0m	/Users/a1/data/go/gin-vue-admin/server/service/quant/meilisearch.go:282	Batch synced successfully	{"count": 1000}
[github.com/flipped-aurora/gin-vue-admin/server]2026-04-22 11:59:21.921	[34minfo[0m	/Users/a1/data/go/gin-vue-admin/server/service/quant/meilisearch.go:282	Batch synced successfully	{"count": 1000}
[github.com/flipped-aurora/gin-vue-admin/server]2026-04-22 11:59:22.067	[34minfo[0m	/Users/a1/data/go/gin-vue-admin/server/service/quant/meilisearch.go:282	Batch synced successfully	{"count": 1000}
[github.com/flipped-aurora/gin-vue-admin/server]2026-04-22 11:59:22.185	[34minfo[0m	/Users/a1/data/go/gin-vue-admin/server/service/quant/meilisearch.go:282	Batch synced successfully	{"count": 1000}
[github.com/flipped-aurora/gin-vue-admin/server]2026-04-22 11:59:22.303	[34minfo[0m	/Users/a1/data/go/gin-vue-admin/server/service/quant/meilisearch.go:282	Batch synced successfully	{"count": 1000}
[github.com/flipped-aurora/gin-vue-admin/server]2026-04-22 11:59:22.427	[34minfo[0m	/Users/a1/data/go/gin-vue-admin/server/service/quant/meilisearch.go:282	Batch synced successfully	{"count": 1000}
[github.com/flipped-aurora/gin-vue-admin/server]2026-04-22 11:59:22.536	[34minfo[0m	/Users/a1/data/go/gin-vue-admin/server/service/quant/meilisearch.go:282	Batch synced successfully	{"count": 1000}
[github.com/flipped-aurora/gin-vue-admin/server]2026-04-22 11:59:22.653	[34minfo[0m	/Users/a1/data/go/gin-vue-admin/server/service/quant/meilisearch.go:282	Batch synced successfully	{"count": 1000}
[github.com/flipped-aurora/gin-vue-admin/server]2026-04-22 11:59:23.018	[34minfo[0m	/Users/a1/data/go/gin-vue-admin/server/service/quant/meilisearch.go:282	Batch synced successfully	{"count": 1000}
[github.com/flipped-aurora/gin-vue-admin/server]2026-04-22 11:59:23.411	[34minfo[0m	/Users/a1/data/go/gin-vue-admin/server/service/quant/meilisearch.go:282	Batch synced successfully	{"count": 1000}
[github.com/flipped-aurora/gin-vue-admin/server]2026-04-22 11:59:23.642	[34minfo[0m	/Users/a1/data/go/gin-vue-admin/server/service/quant/meilisearch.go:282	Batch synced successfully	{"count": 1000}
[github.com/flipped-aurora/gin-vue-admin/server]2026-04-22 11:59:23.813	[34minfo[0m	/Users/a1/data/go/gin-vue-admin/server/service/quant/meilisearch.go:282	Batch synced successfully	{"count": 1000}
[github.com/flipped-aurora/gin-vue-admin/server]2026-04-22 11:59:23.980	[34minfo[0m	/Users/a1/data/go/gin-vue-admin/server/service/quant/meilisearch.go:282	Batch synced successfully	{"count": 1000}
[github.com/flipped-aurora/gin-vue-admin/server]2026-04-22 11:59:24.112	[34minfo[0m	/Users/a1/data/go/gin-vue-admin/server/service/quant/meilisearch.go:282	Batch synced successfully	{"count": 1000}
[github.com/flipped-aurora/gin-vue-admin/server]2026-04-22 11:59:24.223	[34minfo[0m	/Users/a1/data/go/gin-vue-admin/server/service/quant/meilisearch.go:282	Batch synced successfully	{"count": 1000}
[github.com/flipped-aurora/gin-vue-admin/server]2026-04-22 11:59:24.338	[34minfo[0m	/Users/a1/data/go/gin-vue-admin/server/service/quant/meilisearch.go:282	Batch synced successfully	{"count": 1000}
[github.com/flipped-aurora/gin-vue-admin/server]2026-04-22 11:59:24.442	[34minfo[0m	/Users/a1/data/go/gin-vue-admin/server/service/quant/meilisearch.go:282	Batch synced successfully	{"count": 1000}
[github.com/flipped-aurora/gin-vue-admin/server]2026-04-22 11:59:24.565	[34minfo[0m	/Users/a1/data/go/gin-vue-admin/server/service/quant/meilisearch.go:282	Batch synced successfully	{"count": 1000}
[github.com/flipped-aurora/gin-vue-admin/server]2026-04-22 11:59:24.786	[34minfo[0m	/Users/a1/data/go/gin-vue-admin/server/service/quant/meilisearch.go:282	Batch synced successfully	{"count": 1000}
[github.com/flipped-aurora/gin-vue-admin/server]2026-04-22 11:59:25.198	[34minfo[0m	/Users/a1/data/go/gin-vue-admin/server/service/quant/meilisearch.go:282	Batch synced successfully	{"count": 1000}
[github.com/flipped-aurora/gin-vue-admin/server]2026-04-22 11:59:25.679	[34minfo[0m	/Users/a1/data/go/gin-vue-admin/server/service/quant/meilisearch.go:282	Batch synced successfully	{"count": 1000}
[github.com/flipped-aurora/gin-vue-admin/server]2026-04-22 11:59:25.879	[34minfo[0m	/Users/a1/data/go/gin-vue-admin/server/service/quant/meilisearch.go:282	Batch synced successfully	{"count": 1000}
[github.com/flipped-aurora/gin-vue-admin/server]2026-04-22 11:59:26.037	[34minfo[0m	/Users/a1/data/go/gin-vue-admin/server/service/quant/meilisearch.go:282	Batch synced successfully	{"count": 1000}
[github.com/flipped-aurora/gin-vue-admin/server]2026-04-22 11:59:26.186	[34minfo[0m	/Users/a1/data/go/gin-vue-admin/server/service/quant/meilisearch.go:282	Batch synced successfully	{"count": 1000}
[github.com/flipped-aurora/gin-vue-admin/server]2026-04-22 11:59:26.313	[34minfo[0m	/Users/a1/data/go/gin-vue-admin/server/service/quant/meilisearch.go:282	Batch synced successfully	{"count": 1000}
[github.com/flipped-aurora/gin-vue-admin/server]2026-04-22 11:59:26.432	[34minfo[0m	/Users/a1/data/go/gin-vue-admin/server/service/quant/meilisearch.go:282	Batch synced successfully	{"count": 1000}
[github.com/flipped-aurora/gin-vue-admin/server]2026-04-22 11:59:26.553	[34minfo[0m	/Users/a1/data/go/gin-vue-admin/server/service/quant/meilisearch.go:282	Batch synced successfully	{"count": 1000}
[github.com/flipped-aurora/gin-vue-admin/server]2026-04-22 11:59:26.696	[34minfo[0m	/Users/a1/data/go/gin-vue-admin/server/service/quant/meilisearch.go:282	Batch synced successfully	{"count": 1000}
[github.com/flipped-aurora/gin-vue-admin/server]2026-04-22 11:59:26.841	[34minfo[0m	/Users/a1/data/go/gin-vue-admin/server/service/quant/meilisearch.go:282	Batch synced successfully	{"count": 1000}
[github.com/flipped-aurora/gin-vue-admin/server]2026-04-22 11:59:26.957	[34minfo[0m	/Users/a1/data/go/gin-vue-admin/server/service/quant/meilisearch.go:282	Batch synced successfully	{"count": 1000}
[github.com/flipped-aurora/gin-vue-admin/server]2026-04-22 11:59:27.435	[34minfo[0m	/Users/a1/data/go/gin-vue-admin/server/service/quant/meilisearch.go:282	Batch synced successfully	{"count": 1000}
[github.com/flipped-aurora/gin-vue-admin/server]2026-04-22 11:59:27.595	[34minfo[0m	/Users/a1/data/go/gin-vue-admin/server/service/quant/meilisearch.go:282	Batch synced successfully	{"count": 1000}
[github.com/flipped-aurora/gin-vue-admin/server]2026-04-22 11:59:27.732	[34minfo[0m	/Users/a1/data/go/gin-vue-admin/server/service/quant/meilisearch.go:282	Batch synced successfully	{"count": 1000}
[github.com/flipped-aurora/gin-vue-admin/server]2026-04-22 11:59:27.852	[34minfo[0m	/Users/a1/data/go/gin-vue-admin/server/service/quant/meilisearch.go:282	Batch synced successfully	{"count": 1000}
[github.com/flipped-aurora/gin-vue-admin/server]2026-04-22 11:59:27.968	[34minfo[0m	/Users/a1/data/go/gin-vue-admin/server/service/quant/meilisearch.go:282	Batch synced successfully	{"count": 1000}
[github.com/flipped-aurora/gin-vue-admin/server]2026-04-22 11:59:28.097	[34minfo[0m	/Users/a1/data/go/gin-vue-admin/server/service/quant/meilisearch.go:282	Batch synced successfully	{"count": 1000}
[github.com/flipped-aurora/gin-vue-admin/server]2026-04-22 11:59:28.518	[34minfo[0m	/Users/a1/data/go/gin-vue-admin/server/service/quant/meilisearch.go:282	Batch synced successfully	{"count": 1000}
[github.com/flipped-aurora/gin-vue-admin/server]2026-04-22 11:59:29.072	[34minfo[0m	/Users/a1/data/go/gin-vue-admin/server/service/quant/meilisearch.go:282	Batch synced successfully	{"count": 1000}
[github.com/flipped-aurora/gin-vue-admin/server]2026-04-22 11:59:29.279	[34minfo[0m	/Users/a1/data/go/gin-vue-admin/server/service/quant/meilisearch.go:282	Batch synced successfully	{"count": 1000}
[github.com/flipped-aurora/gin-vue-admin/server]2026-04-22 11:59:29.487	[34minfo[0m	/Users/a1/data/go/gin-vue-admin/server/service/quant/meilisearch.go:282	Batch synced successfully	{"count": 1000}
[github.com/flipped-aurora/gin-vue-admin/server]2026-04-22 11:59:29.635	[34minfo[0m	/Users/a1/data/go/gin-vue-admin/server/service/quant/meilisearch.go:282	Batch synced successfully	{"count": 1000}
[github.com/flipped-aurora/gin-vue-admin/server]2026-04-22 11:59:29.778	[34minfo[0m	/Users/a1/data/go/gin-vue-admin/server/service/quant/meilisearch.go:282	Batch synced successfully	{"count": 1000}
[github.com/flipped-aurora/gin-vue-admin/server]2026-04-22 11:59:29.908	[34minfo[0m	/Users/a1/data/go/gin-vue-admin/server/service/quant/meilisearch.go:282	Batch synced successfully	{"count": 1000}
[github.com/flipped-aurora/gin-vue-admin/server]2026-04-22 11:59:30.059	[34minfo[0m	/Users/a1/data/go/gin-vue-admin/server/service/quant/meilisearch.go:282	Batch synced successfully	{"count": 1000}
[github.com/flipped-aurora/gin-vue-admin/server]2026-04-22 11:59:30.182	[34minfo[0m	/Users/a1/data/go/gin-vue-admin/server/service/quant/meilisearch.go:282	Batch synced successfully	{"count": 1000}
[github.com/flipped-aurora/gin-vue-admin/server]2026-04-22 11:59:30.322	[34minfo[0m	/Users/a1/data/go/gin-vue-admin/server/service/quant/meilisearch.go:282	Batch synced successfully	{"count": 1000}
[github.com/flipped-aurora/gin-vue-admin/server]2026-04-22 11:59:30.441	[34minfo[0m	/Users/a1/data/go/gin-vue-admin/server/service/quant/meilisearch.go:282	Batch synced successfully	{"count": 1000}
[github.com/flipped-aurora/gin-vue-admin/server]2026-04-22 11:59:30.544	[34minfo[0m	/Users/a1/data/go/gin-vue-admin/server/service/quant/meilisearch.go:282	Batch synced successfully	{"count": 1000}
[github.com/flipped-aurora/gin-vue-admin/server]2026-04-22 11:59:30.637	[34minfo[0m	/Users/a1/data/go/gin-vue-admin/server/service/quant/meilisearch.go:282	Batch synced successfully	{"count": 1000}
[github.com/flipped-aurora/gin-vue-admin/server]2026-04-22 11:59:31.026	[34minfo[0m	/Users/a1/data/go/gin-vue-admin/server/service/quant/meilisearch.go:282	Batch synced successfully	{"count": 1000}
[github.com/flipped-aurora/gin-vue-admin/server]2026-04-22 11:59:31.390	[34minfo[0m	/Users/a1/data/go/gin-vue-admin/server/service/quant/meilisearch.go:282	Batch synced successfully	{"count": 1000}
[github.com/flipped-aurora/gin-vue-admin/server]2026-04-22 11:59:31.587	[34minfo[0m	/Users/a1/data/go/gin-vue-admin/server/service/quant/meilisearch.go:282	Batch synced successfully	{"count": 1000}
[github.com/flipped-aurora/gin-vue-admin/server]2026-04-22 11:59:31.748	[34minfo[0m	/Users/a1/data/go/gin-vue-admin/server/service/quant/meilisearch.go:282	Batch synced successfully	{"count": 1000}
[github.com/flipped-aurora/gin-vue-admin/server]2026-04-22 11:59:31.890	[34minfo[0m	/Users/a1/data/go/gin-vue-admin/server/service/quant/meilisearch.go:282	Batch synced successfully	{"count": 1000}
[github.com/flipped-aurora/gin-vue-admin/server]2026-04-22 11:59:32.027	[34minfo[0m	/Users/a1/data/go/gin-vue-admin/server/service/quant/meilisearch.go:282	Batch synced successfully	{"count": 1000}
[github.com/flipped-aurora/gin-vue-admin/server]2026-04-22 11:59:32.146	[34minfo[0m	/Users/a1/data/go/gin-vue-admin/server/service/quant/meilisearch.go:282	Batch synced successfully	{"count": 1000}
[github.com/flipped-aurora/gin-vue-admin/server]2026-04-22 11:59:32.253	[34minfo[0m	/Users/a1/data/go/gin-vue-admin/server/service/quant/meilisearch.go:282	Batch synced successfully	{"count": 1000}
[github.com/flipped-aurora/gin-vue-admin/server]2026-04-22 11:59:32.379	[34minfo[0m	/Users/a1/data/go/gin-vue-admin/server/service/quant/meilisearch.go:282	Batch synced successfully	{"count": 1000}
[github.com/flipped-aurora/gin-vue-admin/server]2026-04-22 11:59:32.524	[34minfo[0m	/Users/a1/data/go/gin-vue-admin/server/service/quant/meilisearch.go:282	Batch synced successfully	{"count": 1000}
[github.com/flipped-aurora/gin-vue-admin/server]2026-04-22 11:59:32.766	[34minfo[0m	/Users/a1/data/go/gin-vue-admin/server/service/quant/meilisearch.go:282	Batch synced successfully	{"count": 1000}
[github.com/flipped-aurora/gin-vue-admin/server]2026-04-22 11:59:32.926	[34minfo[0m	/Users/a1/data/go/gin-vue-admin/server/service/quant/meilisearch.go:282	Batch synced successfully	{"count": 1000}
[github.com/flipped-aurora/gin-vue-admin/server]2026-04-22 11:59:33.085	[34minfo[0m	/Users/a1/data/go/gin-vue-admin/server/service/quant/meilisearch.go:282	Batch synced successfully	{"count": 1000}
[github.com/flipped-aurora/gin-vue-admin/server]2026-04-22 11:59:33.235	[34minfo[0m	/Users/a1/data/go/gin-vue-admin/server/service/quant/meilisearch.go:282	Batch synced successfully	{"count": 1000}
[github.com/flipped-aurora/gin-vue-admin/server]2026-04-22 11:59:33.428	[34minfo[0m	/Users/a1/data/go/gin-vue-admin/server/service/quant/meilisearch.go:282	Batch synced successfully	{"count": 1000}
[github.com/flipped-aurora/gin-vue-admin/server]2026-04-22 11:59:33.770	[34minfo[0m	/Users/a1/data/go/gin-vue-admin/server/service/quant/meilisearch.go:282	Batch synced successfully	{"count": 1000}
[github.com/flipped-aurora/gin-vue-admin/server]2026-04-22 11:59:33.973	[34minfo[0m	/Users/a1/data/go/gin-vue-admin/server/service/quant/meilisearch.go:282	Batch synced successfully	{"count": 1000}
[github.com/flipped-aurora/gin-vue-admin/server]2026-04-22 11:59:34.139	[34minfo[0m	/Users/a1/data/go/gin-vue-admin/server/service/quant/meilisearch.go:282	Batch synced successfully	{"count": 1000}
[github.com/flipped-aurora/gin-vue-admin/server]2026-04-22 11:59:34.284	[34minfo[0m	/Users/a1/data/go/gin-vue-admin/server/service/quant/meilisearch.go:282	Batch synced successfully	{"count": 1000}
[github.com/flipped-aurora/gin-vue-admin/server]2026-04-22 11:59:34.406	[34minfo[0m	/Users/a1/data/go/gin-vue-admin/server/service/quant/meilisearch.go:282	Batch synced successfully	{"count": 1000}
[github.com/flipped-aurora/gin-vue-admin/server]2026-04-22 11:59:34.527	[34minfo[0m	/Users/a1/data/go/gin-vue-admin/server/service/quant/meilisearch.go:282	Batch synced successfully	{"count": 1000}
[github.com/flipped-aurora/gin-vue-admin/server]2026-04-22 11:59:34.680	[34minfo[0m	/Users/a1/data/go/gin-vue-admin/server/service/quant/meilisearch.go:282	Batch synced successfully	{"count": 1000}
[github.com/flipped-aurora/gin-vue-admin/server]2026-04-22 11:59:34.834	[34minfo[0m	/Users/a1/data/go/gin-vue-admin/server/service/quant/meilisearch.go:282	Batch synced successfully	{"count": 1000}
[github.com/flipped-aurora/gin-vue-admin/server]2026-04-22 11:59:35.020	[34minfo[0m	/Users/a1/data/go/gin-vue-admin/server/service/quant/meilisearch.go:282	Batch synced successfully	{"count": 1000}
[github.com/flipped-aurora/gin-vue-admin/server]2026-04-22 11:59:35.258	[34minfo[0m	/Users/a1/data/go/gin-vue-admin/server/service/quant/meilisearch.go:282	Batch synced successfully	{"count": 1000}
[github.com/flipped-aurora/gin-vue-admin/server]2026-04-22 11:59:35.417	[34minfo[0m	/Users/a1/data/go/gin-vue-admin/server/service/quant/meilisearch.go:282	Batch synced successfully	{"count": 1000}
[github.com/flipped-aurora/gin-vue-admin/server]2026-04-22 11:59:35.557	[34minfo[0m	/Users/a1/data/go/gin-vue-admin/server/service/quant/meilisearch.go:282	Batch synced successfully	{"count": 1000}
[github.com/flipped-aurora/gin-vue-admin/server]2026-04-22 11:59:35.685	[34minfo[0m	/Users/a1/data/go/gin-vue-admin/server/service/quant/meilisearch.go:282	Batch synced successfully	{"count": 1000}
[github.com/flipped-aurora/gin-vue-admin/server]2026-04-22 11:59:35.813	[34minfo[0m	/Users/a1/data/go/gin-vue-admin/server/service/quant/meilisearch.go:282	Batch synced successfully	{"count": 1000}
[github.com/flipped-aurora/gin-vue-admin/server]2026-04-22 11:59:36.290	[34minfo[0m	/Users/a1/data/go/gin-vue-admin/server/service/quant/meilisearch.go:282	Batch synced successfully	{"count": 1000}
[github.com/flipped-aurora/gin-vue-admin/server]2026-04-22 11:59:36.562	[34minfo[0m	/Users/a1/data/go/gin-vue-admin/server/service/quant/meilisearch.go:282	Batch synced successfully	{"count": 1000}
[github.com/flipped-aurora/gin-vue-admin/server]2026-04-22 11:59:36.758	[34minfo[0m	/Users/a1/data/go/gin-vue-admin/server/service/quant/meilisearch.go:282	Batch synced successfully	{"count": 1000}
[github.com/flipped-aurora/gin-vue-admin/server]2026-04-22 11:59:36.902	[34minfo[0m	/Users/a1/data/go/gin-vue-admin/server/service/quant/meilisearch.go:282	Batch synced successfully	{"count": 1000}
[github.com/flipped-aurora/gin-vue-admin/server]2026-04-22 11:59:37.033	[34minfo[0m	/Users/a1/data/go/gin-vue-admin/server/service/quant/meilisearch.go:282	Batch synced successfully	{"count": 1000}
[github.com/flipped-aurora/gin-vue-admin/server]2026-04-22 11:59:37.154	[34minfo[0m	/Users/a1/data/go/gin-vue-admin/server/service/quant/meilisearch.go:282	Batch synced successfully	{"count": 1000}
[github.com/flipped-aurora/gin-vue-admin/server]2026-04-22 11:59:37.289	[34minfo[0m	/Users/a1/data/go/gin-vue-admin/server/service/quant/meilisearch.go:282	Batch synced successfully	{"count": 1000}
[github.com/flipped-aurora/gin-vue-admin/server]2026-04-22 11:59:37.410	[34minfo[0m	/Users/a1/data/go/gin-vue-admin/server/service/quant/meilisearch.go:282	Batch synced successfully	{"count": 1000}
[github.com/flipped-aurora/gin-vue-admin/server]2026-04-22 11:59:37.529	[34minfo[0m	/Users/a1/data/go/gin-vue-admin/server/service/quant/meilisearch.go:282	Batch synced successfully	{"count": 1000}
[github.com/flipped-aurora/gin-vue-admin/server]2026-04-22 11:59:37.635	[34minfo[0m	/Users/a1/data/go/gin-vue-admin/server/service/quant/meilisearch.go:282	Batch synced successfully	{"count": 1000}
[github.com/flipped-aurora/gin-vue-admin/server]2026-04-22 11:59:37.764	[34minfo[0m	/Users/a1/data/go/gin-vue-admin/server/service/quant/meilisearch.go:282	Batch synced successfully	{"count": 1000}
[github.com/flipped-aurora/gin-vue-admin/server]2026-04-22 11:59:37.968	[34minfo[0m	/Users/a1/data/go/gin-vue-admin/server/service/quant/meilisearch.go:282	Batch synced successfully	{"count": 1000}
[github.com/flipped-aurora/gin-vue-admin/server]2026-04-22 11:59:38.384	[34minfo[0m	/Users/a1/data/go/gin-vue-admin/server/service/quant/meilisearch.go:282	Batch synced successfully	{"count": 1000}
[github.com/flipped-aurora/gin-vue-admin/server]2026-04-22 11:59:38.777	[34minfo[0m	/Users/a1/data/go/gin-vue-admin/server/service/quant/meilisearch.go:282	Batch synced successfully	{"count": 1000}
[github.com/flipped-aurora/gin-vue-admin/server]2026-04-22 11:59:38.977	[34minfo[0m	/Users/a1/data/go/gin-vue-admin/server/service/quant/meilisearch.go:282	Batch synced successfully	{"count": 1000}
[github.com/flipped-aurora/gin-vue-admin/server]2026-04-22 11:59:39.159	[34minfo[0m	/Users/a1/data/go/gin-vue-admin/server/service/quant/meilisearch.go:282	Batch synced successfully	{"count": 1000}
[github.com/flipped-aurora/gin-vue-admin/server]2026-04-22 11:59:39.297	[34minfo[0m	/Users/a1/data/go/gin-vue-admin/server/service/quant/meilisearch.go:282	Batch synced successfully	{"count": 1000}
[github.com/flipped-aurora/gin-vue-admin/server]2026-04-22 11:59:39.430	[34minfo[0m	/Users/a1/data/go/gin-vue-admin/server/service/quant/meilisearch.go:282	Batch synced successfully	{"count": 1000}
[github.com/flipped-aurora/gin-vue-admin/server]2026-04-22 11:59:39.582	[34minfo[0m	/Users/a1/data/go/gin-vue-admin/server/service/quant/meilisearch.go:282	Batch synced successfully	{"count": 1000}
[github.com/flipped-aurora/gin-vue-admin/server]2026-04-22 11:59:39.694	[34minfo[0m	/Users/a1/data/go/gin-vue-admin/server/service/quant/meilisearch.go:282	Batch synced successfully	{"count": 1000}
[github.com/flipped-aurora/gin-vue-admin/server]2026-04-22 11:59:39.801	[34minfo[0m	/Users/a1/data/go/gin-vue-admin/server/service/quant/meilisearch.go:282	Batch synced successfully	{"count": 1000}
[github.com/flipped-aurora/gin-vue-admin/server]2026-04-22 11:59:39.934	[34minfo[0m	/Users/a1/data/go/gin-vue-admin/server/service/quant/meilisearch.go:282	Batch synced successfully	{"count": 1000}
[github.com/flipped-aurora/gin-vue-admin/server]2026-04-22 11:59:40.038	[34minfo[0m	/Users/a1/data/go/gin-vue-admin/server/service/quant/meilisearch.go:282	Batch synced successfully	{"count": 1000}
[github.com/flipped-aurora/gin-vue-admin/server]2026-04-22 11:59:40.383	[34minfo[0m	/Users/a1/data/go/gin-vue-admin/server/service/quant/meilisearch.go:282	Batch synced successfully	{"count": 1000}
[github.com/flipped-aurora/gin-vue-admin/server]2026-04-22 11:59:40.851	[34minfo[0m	/Users/a1/data/go/gin-vue-admin/server/service/quant/meilisearch.go:282	Batch synced successfully	{"count": 1000}
[github.com/flipped-aurora/gin-vue-admin/server]2026-04-22 11:59:41.062	[34minfo[0m	/Users/a1/data/go/gin-vue-admin/server/service/quant/meilisearch.go:282	Batch synced successfully	{"count": 1000}
[github.com/flipped-aurora/gin-vue-admin/server]2026-04-22 11:59:41.235	[34minfo[0m	/Users/a1/data/go/gin-vue-admin/server/service/quant/meilisearch.go:282	Batch synced successfully	{"count": 1000}
[github.com/flipped-aurora/gin-vue-admin/server]2026-04-22 11:59:41.363	[34minfo[0m	/Users/a1/data/go/gin-vue-admin/server/service/quant/meilisearch.go:282	Batch synced successfully	{"count": 1000}
[github.com/flipped-aurora/gin-vue-admin/server]2026-04-22 11:59:41.492	[34minfo[0m	/Users/a1/data/go/gin-vue-admin/server/service/quant/meilisearch.go:282	Batch synced successfully	{"count": 1000}
[github.com/flipped-aurora/gin-vue-admin/server]2026-04-22 11:59:41.615	[34minfo[0m	/Users/a1/data/go/gin-vue-admin/server/service/quant/meilisearch.go:282	Batch synced successfully	{"count": 1000}
[github.com/flipped-aurora/gin-vue-admin/server]2026-04-22 11:59:41.765	[34minfo[0m	/Users/a1/data/go/gin-vue-admin/server/service/quant/meilisearch.go:282	Batch synced successfully	{"count": 1000}
[github.com/flipped-aurora/gin-vue-admin/server]2026-04-22 11:59:41.886	[34minfo[0m	/Users/a1/data/go/gin-vue-admin/server/service/quant/meilisearch.go:282	Batch synced successfully	{"count": 1000}
[github.com/flipped-aurora/gin-vue-admin/server]2026-04-22 11:59:42.025	[34minfo[0m	/Users/a1/data/go/gin-vue-admin/server/service/quant/meilisearch.go:282	Batch synced successfully	{"count": 1000}
[github.com/flipped-aurora/gin-vue-admin/server]2026-04-22 11:59:42.124	[34minfo[0m	/Users/a1/data/go/gin-vue-admin/server/service/quant/meilisearch.go:282	Batch synced successfully	{"count": 1000}
[github.com/flipped-aurora/gin-vue-admin/server]2026-04-22 11:59:42.243	[34minfo[0m	/Users/a1/data/go/gin-vue-admin/server/service/quant/meilisearch.go:282	Batch synced successfully	{"count": 1000}
[github.com/flipped-aurora/gin-vue-admin/server]2026-04-22 11:59:42.434	[34minfo[0m	/Users/a1/data/go/gin-vue-admin/server/service/quant/meilisearch.go:282	Batch synced successfully	{"count": 1000}
[github.com/flipped-aurora/gin-vue-admin/server]2026-04-22 11:59:42.791	[34minfo[0m	/Users/a1/data/go/gin-vue-admin/server/service/quant/meilisearch.go:282	Batch synced successfully	{"count": 1000}
[github.com/flipped-aurora/gin-vue-admin/server]2026-04-22 11:59:42.947	[34minfo[0m	/Users/a1/data/go/gin-vue-admin/server/service/quant/meilisearch.go:282	Batch synced successfully	{"count": 1000}
[github.com/flipped-aurora/gin-vue-admin/server]2026-04-22 11:59:43.094	[34minfo[0m	/Users/a1/data/go/gin-vue-admin/server/service/quant/meilisearch.go:282	Batch synced successfully	{"count": 1000}
[github.com/flipped-aurora/gin-vue-admin/server]2026-04-22 11:59:43.239	[34minfo[0m	/Users/a1/data/go/gin-vue-admin/server/service/quant/meilisearch.go:282	Batch synced successfully	{"count": 1000}
[github.com/flipped-aurora/gin-vue-admin/server]2026-04-22 11:59:43.355	[34minfo[0m	/Users/a1/data/go/gin-vue-admin/server/service/quant/meilisearch.go:282	Batch synced successfully	{"count": 1000}
[github.com/flipped-aurora/gin-vue-admin/server]2026-04-22 11:59:43.499	[34minfo[0m	/Users/a1/data/go/gin-vue-admin/server/service/quant/meilisearch.go:282	Batch synced successfully	{"count": 1000}
[github.com/flipped-aurora/gin-vue-admin/server]2026-04-22 11:59:43.743	[34minfo[0m	/Users/a1/data/go/gin-vue-admin/server/service/quant/meilisearch.go:282	Batch synced successfully	{"count": 1000}
[github.com/flipped-aurora/gin-vue-admin/server]2026-04-22 11:59:43.908	[34minfo[0m	/Users/a1/data/go/gin-vue-admin/server/service/quant/meilisearch.go:282	Batch synced successfully	{"count": 1000}
[github.com/flipped-aurora/gin-vue-admin/server]2026-04-22 11:59:44.055	[34minfo[0m	/Users/a1/data/go/gin-vue-admin/server/service/quant/meilisearch.go:282	Batch synced successfully	{"count": 1000}
[github.com/flipped-aurora/gin-vue-admin/server]2026-04-22 11:59:44.475	[34minfo[0m	/Users/a1/data/go/gin-vue-admin/server/service/quant/meilisearch.go:282	Batch synced successfully	{"count": 1000}
[github.com/flipped-aurora/gin-vue-admin/server]2026-04-22 11:59:44.943	[34minfo[0m	/Users/a1/data/go/gin-vue-admin/server/service/quant/meilisearch.go:282	Batch synced successfully	{"count": 1000}
[github.com/flipped-aurora/gin-vue-admin/server]2026-04-22 11:59:45.140	[34minfo[0m	/Users/a1/data/go/gin-vue-admin/server/service/quant/meilisearch.go:282	Batch synced successfully	{"count": 1000}
[github.com/flipped-aurora/gin-vue-admin/server]2026-04-22 11:59:45.303	[34minfo[0m	/Users/a1/data/go/gin-vue-admin/server/service/quant/meilisearch.go:282	Batch synced successfully	{"count": 1000}
[github.com/flipped-aurora/gin-vue-admin/server]2026-04-22 11:59:45.442	[34minfo[0m	/Users/a1/data/go/gin-vue-admin/server/service/quant/meilisearch.go:282	Batch synced successfully	{"count": 1000}
[github.com/flipped-aurora/gin-vue-admin/server]2026-04-22 11:59:45.562	[34minfo[0m	/Users/a1/data/go/gin-vue-admin/server/service/quant/meilisearch.go:282	Batch synced successfully	{"count": 1000}
[github.com/flipped-aurora/gin-vue-admin/server]2026-04-22 11:59:45.675	[34minfo[0m	/Users/a1/data/go/gin-vue-admin/server/service/quant/meilisearch.go:282	Batch synced successfully	{"count": 1000}
[github.com/flipped-aurora/gin-vue-admin/server]2026-04-22 11:59:45.784	[34minfo[0m	/Users/a1/data/go/gin-vue-admin/server/service/quant/meilisearch.go:282	Batch synced successfully	{"count": 1000}
[github.com/flipped-aurora/gin-vue-admin/server]2026-04-22 11:59:45.895	[34minfo[0m	/Users/a1/data/go/gin-vue-admin/server/service/quant/meilisearch.go:282	Batch synced successfully	{"count": 1000}
[github.com/flipped-aurora/gin-vue-admin/server]2026-04-22 11:59:46.012	[34minfo[0m	/Users/a1/data/go/gin-vue-admin/server/service/quant/meilisearch.go:282	Batch synced successfully	{"count": 1000}
[github.com/flipped-aurora/gin-vue-admin/server]2026-04-22 11:59:46.128	[34minfo[0m	/Users/a1/data/go/gin-vue-admin/server/service/quant/meilisearch.go:282	Batch synced successfully	{"count": 1000}
[github.com/flipped-aurora/gin-vue-admin/server]2026-04-22 11:59:46.231	[34minfo[0m	/Users/a1/data/go/gin-vue-admin/server/service/quant/meilisearch.go:282	Batch synced successfully	{"count": 1000}
[github.com/flipped-aurora/gin-vue-admin/server]2026-04-22 11:59:46.331	[34minfo[0m	/Users/a1/data/go/gin-vue-admin/server/service/quant/meilisearch.go:282	Batch synced successfully	{"count": 1000}
[github.com/flipped-aurora/gin-vue-admin/server]2026-04-22 11:59:46.870	[34minfo[0m	/Users/a1/data/go/gin-vue-admin/server/service/quant/meilisearch.go:282	Batch synced successfully	{"count": 1000}
[github.com/flipped-aurora/gin-vue-admin/server]2026-04-22 11:59:47.147	[34minfo[0m	/Users/a1/data/go/gin-vue-admin/server/service/quant/meilisearch.go:282	Batch synced successfully	{"count": 1000}
[github.com/flipped-aurora/gin-vue-admin/server]2026-04-22 11:59:47.348	[34minfo[0m	/Users/a1/data/go/gin-vue-admin/server/service/quant/meilisearch.go:282	Batch synced successfully	{"count": 1000}
[github.com/flipped-aurora/gin-vue-admin/server]2026-04-22 11:59:47.522	[34minfo[0m	/Users/a1/data/go/gin-vue-admin/server/service/quant/meilisearch.go:282	Batch synced successfully	{"count": 1000}
[github.com/flipped-aurora/gin-vue-admin/server]2026-04-22 11:59:47.657	[34minfo[0m	/Users/a1/data/go/gin-vue-admin/server/service/quant/meilisearch.go:282	Batch synced successfully	{"count": 1000}
[github.com/flipped-aurora/gin-vue-admin/server]2026-04-22 11:59:47.793	[34minfo[0m	/Users/a1/data/go/gin-vue-admin/server/service/quant/meilisearch.go:282	Batch synced successfully	{"count": 1000}
[github.com/flipped-aurora/gin-vue-admin/server]2026-04-22 11:59:47.934	[34minfo[0m	/Users/a1/data/go/gin-vue-admin/server/service/quant/meilisearch.go:282	Batch synced successfully	{"count": 1000}
[github.com/flipped-aurora/gin-vue-admin/server]2026-04-22 11:59:48.040	[34minfo[0m	/Users/a1/data/go/gin-vue-admin/server/service/quant/meilisearch.go:282	Batch synced successfully	{"count": 1000}
[github.com/flipped-aurora/gin-vue-admin/server]2026-04-22 11:59:48.144	[34minfo[0m	/Users/a1/data/go/gin-vue-admin/server/service/quant/meilisearch.go:282	Batch synced successfully	{"count": 1000}
[github.com/flipped-aurora/gin-vue-admin/server]2026-04-22 11:59:48.281	[34minfo[0m	/Users/a1/data/go/gin-vue-admin/server/service/quant/meilisearch.go:282	Batch synced successfully	{"count": 1000}
[github.com/flipped-aurora/gin-vue-admin/server]2026-04-22 11:59:48.473	[34minfo[0m	/Users/a1/data/go/gin-vue-admin/server/service/quant/meilisearch.go:282	Batch synced successfully	{"count": 1000}
[github.com/flipped-aurora/gin-vue-admin/server]2026-04-22 11:59:48.664	[34minfo[0m	/Users/a1/data/go/gin-vue-admin/server/service/quant/meilisearch.go:282	Batch synced successfully	{"count": 1000}
[github.com/flipped-aurora/gin-vue-admin/server]2026-04-22 11:59:48.917	[34minfo[0m	/Users/a1/data/go/gin-vue-admin/server/service/quant/meilisearch.go:282	Batch synced successfully	{"count": 1000}
[github.com/flipped-aurora/gin-vue-admin/server]2026-04-22 11:59:49.100	[34minfo[0m	/Users/a1/data/go/gin-vue-admin/server/service/quant/meilisearch.go:282	Batch synced successfully	{"count": 1000}
[github.com/flipped-aurora/gin-vue-admin/server]2026-04-22 11:59:49.254	[34minfo[0m	/Users/a1/data/go/gin-vue-admin/server/service/quant/meilisearch.go:282	Batch synced successfully	{"count": 1000}
[github.com/flipped-aurora/gin-vue-admin/server]2026-04-22 11:59:49.387	[34minfo[0m	/Users/a1/data/go/gin-vue-admin/server/service/quant/meilisearch.go:282	Batch synced successfully	{"count": 1000}
[github.com/flipped-aurora/gin-vue-admin/server]2026-04-22 11:59:49.947	[34minfo[0m	/Users/a1/data/go/gin-vue-admin/server/service/quant/meilisearch.go:282	Batch synced successfully	{"count": 1000}
[github.com/flipped-aurora/gin-vue-admin/server]2026-04-22 11:59:50.225	[34minfo[0m	/Users/a1/data/go/gin-vue-admin/server/service/quant/meilisearch.go:282	Batch synced successfully	{"count": 1000}
[github.com/flipped-aurora/gin-vue-admin/server]2026-04-22 11:59:50.406	[34minfo[0m	/Users/a1/data/go/gin-vue-admin/server/service/quant/meilisearch.go:282	Batch synced successfully	{"count": 1000}
[github.com/flipped-aurora/gin-vue-admin/server]2026-04-22 11:59:50.574	[34minfo[0m	/Users/a1/data/go/gin-vue-admin/server/service/quant/meilisearch.go:282	Batch synced successfully	{"count": 1000}
[github.com/flipped-aurora/gin-vue-admin/server]2026-04-22 11:59:50.743	[34minfo[0m	/Users/a1/data/go/gin-vue-admin/server/service/quant/meilisearch.go:282	Batch synced successfully	{"count": 1000}
[github.com/flipped-aurora/gin-vue-admin/server]2026-04-22 11:59:50.870	[34minfo[0m	/Users/a1/data/go/gin-vue-admin/server/service/quant/meilisearch.go:282	Batch synced successfully	{"count": 1000}
[github.com/flipped-aurora/gin-vue-admin/server]2026-04-22 11:59:50.993	[34minfo[0m	/Users/a1/data/go/gin-vue-admin/server/service/quant/meilisearch.go:282	Batch synced successfully	{"count": 1000}
[github.com/flipped-aurora/gin-vue-admin/server]2026-04-22 11:59:51.111	[34minfo[0m	/Users/a1/data/go/gin-vue-admin/server/service/quant/meilisearch.go:282	Batch synced successfully	{"count": 1000}
[github.com/flipped-aurora/gin-vue-admin/server]2026-04-22 11:59:51.224	[34minfo[0m	/Users/a1/data/go/gin-vue-admin/server/service/quant/meilisearch.go:282	Batch synced successfully	{"count": 1000}
[github.com/flipped-aurora/gin-vue-admin/server]2026-04-22 11:59:51.334	[34minfo[0m	/Users/a1/data/go/gin-vue-admin/server/service/quant/meilisearch.go:282	Batch synced successfully	{"count": 1000}
[github.com/flipped-aurora/gin-vue-admin/server]2026-04-22 11:59:51.713	[34minfo[0m	/Users/a1/data/go/gin-vue-admin/server/service/quant/meilisearch.go:282	Batch synced successfully	{"count": 1000}
[github.com/flipped-aurora/gin-vue-admin/server]2026-04-22 11:59:52.164	[34minfo[0m	/Users/a1/data/go/gin-vue-admin/server/service/quant/meilisearch.go:282	Batch synced successfully	{"count": 1000}
[github.com/flipped-aurora/gin-vue-admin/server]2026-04-22 11:59:52.388	[34minfo[0m	/Users/a1/data/go/gin-vue-admin/server/service/quant/meilisearch.go:282	Batch synced successfully	{"count": 1000}
[github.com/flipped-aurora/gin-vue-admin/server]2026-04-22 11:59:52.559	[34minfo[0m	/Users/a1/data/go/gin-vue-admin/server/service/quant/meilisearch.go:282	Batch synced successfully	{"count": 1000}
[github.com/flipped-aurora/gin-vue-admin/server]2026-04-22 11:59:52.704	[34minfo[0m	/Users/a1/data/go/gin-vue-admin/server/service/quant/meilisearch.go:282	Batch synced successfully	{"count": 1000}
[github.com/flipped-aurora/gin-vue-admin/server]2026-04-22 11:59:52.854	[34minfo[0m	/Users/a1/data/go/gin-vue-admin/server/service/quant/meilisearch.go:282	Batch synced successfully	{"count": 1000}
[github.com/flipped-aurora/gin-vue-admin/server]2026-04-22 11:59:52.984	[34minfo[0m	/Users/a1/data/go/gin-vue-admin/server/service/quant/meilisearch.go:282	Batch synced successfully	{"count": 1000}
[github.com/flipped-aurora/gin-vue-admin/server]2026-04-22 11:59:53.087	[34minfo[0m	/Users/a1/data/go/gin-vue-admin/server/service/quant/meilisearch.go:282	Batch synced successfully	{"count": 1000}
[github.com/flipped-aurora/gin-vue-admin/server]2026-04-22 11:59:53.292	[34minfo[0m	/Users/a1/data/go/gin-vue-admin/server/service/quant/meilisearch.go:282	Batch synced successfully	{"count": 1000}
[github.com/flipped-aurora/gin-vue-admin/server]2026-04-22 11:59:53.402	[34minfo[0m	/Users/a1/data/go/gin-vue-admin/server/service/quant/meilisearch.go:282	Batch synced successfully	{"count": 1000}
[github.com/flipped-aurora/gin-vue-admin/server]2026-04-22 11:59:53.506	[34minfo[0m	/Users/a1/data/go/gin-vue-admin/server/service/quant/meilisearch.go:282	Batch synced successfully	{"count": 1000}
[github.com/flipped-aurora/gin-vue-admin/server]2026-04-22 11:59:53.649	[34minfo[0m	/Users/a1/data/go/gin-vue-admin/server/service/quant/meilisearch.go:282	Batch synced successfully	{"count": 1000}
[github.com/flipped-aurora/gin-vue-admin/server]2026-04-22 11:59:53.826	[34minfo[0m	/Users/a1/data/go/gin-vue-admin/server/service/quant/meilisearch.go:282	Batch synced successfully	{"count": 1000}
[github.com/flipped-aurora/gin-vue-admin/server]2026-04-22 11:59:54.041	[34minfo[0m	/Users/a1/data/go/gin-vue-admin/server/service/quant/meilisearch.go:282	Batch synced successfully	{"count": 1000}
[github.com/flipped-aurora/gin-vue-admin/server]2026-04-22 11:59:54.229	[34minfo[0m	/Users/a1/data/go/gin-vue-admin/server/service/quant/meilisearch.go:282	Batch synced successfully	{"count": 1000}
[github.com/flipped-aurora/gin-vue-admin/server]2026-04-22 11:59:54.415	[34minfo[0m	/Users/a1/data/go/gin-vue-admin/server/service/quant/meilisearch.go:282	Batch synced successfully	{"count": 1000}
[github.com/flipped-aurora/gin-vue-admin/server]2026-04-22 11:59:54.602	[34minfo[0m	/Users/a1/data/go/gin-vue-admin/server/service/quant/meilisearch.go:282	Batch synced successfully	{"count": 1000}
[github.com/flipped-aurora/gin-vue-admin/server]2026-04-22 11:59:54.786	[34minfo[0m	/Users/a1/data/go/gin-vue-admin/server/service/quant/meilisearch.go:282	Batch synced successfully	{"count": 1000}
[github.com/flipped-aurora/gin-vue-admin/server]2026-04-22 11:59:54.956	[34minfo[0m	/Users/a1/data/go/gin-vue-admin/server/service/quant/meilisearch.go:282	Batch synced successfully	{"count": 1000}
[github.com/flipped-aurora/gin-vue-admin/server]2026-04-22 11:59:55.188	[34minfo[0m	/Users/a1/data/go/gin-vue-admin/server/service/quant/meilisearch.go:282	Batch synced successfully	{"count": 1000}
[github.com/flipped-aurora/gin-vue-admin/server]2026-04-22 11:59:55.384	[34minfo[0m	/Users/a1/data/go/gin-vue-admin/server/service/quant/meilisearch.go:282	Batch synced successfully	{"count": 1000}
[github.com/flipped-aurora/gin-vue-admin/server]2026-04-22 11:59:55.600	[34minfo[0m	/Users/a1/data/go/gin-vue-admin/server/service/quant/meilisearch.go:282	Batch synced successfully	{"count": 1000}
[github.com/flipped-aurora/gin-vue-admin/server]2026-04-22 11:59:55.783	[34minfo[0m	/Users/a1/data/go/gin-vue-admin/server/service/quant/meilisearch.go:282	Batch synced successfully	{"count": 1000}
[github.com/flipped-aurora/gin-vue-admin/server]2026-04-22 11:59:55.974	[34minfo[0m	/Users/a1/data/go/gin-vue-admin/server/service/quant/meilisearch.go:282	Batch synced successfully	{"count": 1000}
[github.com/flipped-aurora/gin-vue-admin/server]2026-04-22 11:59:56.168	[34minfo[0m	/Users/a1/data/go/gin-vue-admin/server/service/quant/meilisearch.go:282	Batch synced successfully	{"count": 1000}
[github.com/flipped-aurora/gin-vue-admin/server]2026-04-22 11:59:56.354	[34minfo[0m	/Users/a1/data/go/gin-vue-admin/server/service/quant/meilisearch.go:282	Batch synced successfully	{"count": 1000}
[github.com/flipped-aurora/gin-vue-admin/server]2026-04-22 11:59:56.546	[34minfo[0m	/Users/a1/data/go/gin-vue-admin/server/service/quant/meilisearch.go:282	Batch synced successfully	{"count": 1000}
[github.com/flipped-aurora/gin-vue-admin/server]2026-04-22 11:59:56.738	[34minfo[0m	/Users/a1/data/go/gin-vue-admin/server/service/quant/meilisearch.go:282	Batch synced successfully	{"count": 1000}
[github.com/flipped-aurora/gin-vue-admin/server]2026-04-22 11:59:56.913	[34minfo[0m	/Users/a1/data/go/gin-vue-admin/server/service/quant/meilisearch.go:282	Batch synced successfully	{"count": 1000}
[github.com/flipped-aurora/gin-vue-admin/server]2026-04-22 11:59:57.077	[34minfo[0m	/Users/a1/data/go/gin-vue-admin/server/service/quant/meilisearch.go:282	Batch synced successfully	{"count": 1000}
[github.com/flipped-aurora/gin-vue-admin/server]2026-04-22 11:59:57.258	[34minfo[0m	/Users/a1/data/go/gin-vue-admin/server/service/quant/meilisearch.go:282	Batch synced successfully	{"count": 1000}
[github.com/flipped-aurora/gin-vue-admin/server]2026-04-22 11:59:57.452	[34minfo[0m	/Users/a1/data/go/gin-vue-admin/server/service/quant/meilisearch.go:282	Batch synced successfully	{"count": 1000}
[github.com/flipped-aurora/gin-vue-admin/server]2026-04-22 11:59:57.663	[34minfo[0m	/Users/a1/data/go/gin-vue-admin/server/service/quant/meilisearch.go:282	Batch synced successfully	{"count": 1000}
[github.com/flipped-aurora/gin-vue-admin/server]2026-04-22 11:59:57.842	[34minfo[0m	/Users/a1/data/go/gin-vue-admin/server/service/quant/meilisearch.go:282	Batch synced successfully	{"count": 1000}
[github.com/flipped-aurora/gin-vue-admin/server]2026-04-22 11:59:58.008	[34minfo[0m	/Users/a1/data/go/gin-vue-admin/server/service/quant/meilisearch.go:282	Batch synced successfully	{"count": 1000}
[github.com/flipped-aurora/gin-vue-admin/server]2026-04-22 11:59:58.191	[34minfo[0m	/Users/a1/data/go/gin-vue-admin/server/service/quant/meilisearch.go:282	Batch synced successfully	{"count": 1000}
[github.com/flipped-aurora/gin-vue-admin/server]2026-04-22 11:59:58.407	[34minfo[0m	/Users/a1/data/go/gin-vue-admin/server/service/quant/meilisearch.go:282	Batch synced successfully	{"count": 1000}
[github.com/flipped-aurora/gin-vue-admin/server]2026-04-22 11:59:58.605	[34minfo[0m	/Users/a1/data/go/gin-vue-admin/server/service/quant/meilisearch.go:282	Batch synced successfully	{"count": 1000}
[github.com/flipped-aurora/gin-vue-admin/server]2026-04-22 11:59:58.789	[34minfo[0m	/Users/a1/data/go/gin-vue-admin/server/service/quant/meilisearch.go:282	Batch synced successfully	{"count": 1000}
[github.com/flipped-aurora/gin-vue-admin/server]2026-04-22 11:59:58.954	[34minfo[0m	/Users/a1/data/go/gin-vue-admin/server/service/quant/meilisearch.go:282	Batch synced successfully	{"count": 1000}
[github.com/flipped-aurora/gin-vue-admin/server]2026-04-22 11:59:59.142	[34minfo[0m	/Users/a1/data/go/gin-vue-admin/server/service/quant/meilisearch.go:282	Batch synced successfully	{"count": 1000}
[github.com/flipped-aurora/gin-vue-admin/server]2026-04-22 11:59:59.339	[34minfo[0m	/Users/a1/data/go/gin-vue-admin/server/service/quant/meilisearch.go:282	Batch synced successfully	{"count": 1000}
[github.com/flipped-aurora/gin-vue-admin/server]2026-04-22 11:59:59.579	[34minfo[0m	/Users/a1/data/go/gin-vue-admin/server/service/quant/meilisearch.go:282	Batch synced successfully	{"count": 1000}
[github.com/flipped-aurora/gin-vue-admin/server]2026-04-22 11:59:59.760	[34minfo[0m	/Users/a1/data/go/gin-vue-admin/server/service/quant/meilisearch.go:282	Batch synced successfully	{"count": 1000}
[github.com/flipped-aurora/gin-vue-admin/server]2026-04-22 11:59:59.914	[34minfo[0m	/Users/a1/data/go/gin-vue-admin/server/service/quant/meilisearch.go:282	Batch synced successfully	{"count": 1000}
[github.com/flipped-aurora/gin-vue-admin/server]2026-04-22 12:00:00.045	[34minfo[0m	/Users/a1/data/go/gin-vue-admin/server/service/quant/meilisearch.go:282	Batch synced successfully	{"count": 1000}
[github.com/flipped-aurora/gin-vue-admin/server]2026-04-22 12:00:00.269	[34minfo[0m	/Users/a1/data/go/gin-vue-admin/server/service/quant/meilisearch.go:282	Batch synced successfully	{"count": 1000}
[github.com/flipped-aurora/gin-vue-admin/server]2026-04-22 12:00:00.463	[34minfo[0m	/Users/a1/data/go/gin-vue-admin/server/service/quant/meilisearch.go:282	Batch synced successfully	{"count": 1000}
[github.com/flipped-aurora/gin-vue-admin/server]2026-04-22 12:00:00.632	[34minfo[0m	/Users/a1/data/go/gin-vue-admin/server/service/quant/meilisearch.go:282	Batch synced successfully	{"count": 1000}
[github.com/flipped-aurora/gin-vue-admin/server]2026-04-22 12:00:00.811	[34minfo[0m	/Users/a1/data/go/gin-vue-admin/server/service/quant/meilisearch.go:282	Batch synced successfully	{"count": 1000}
[github.com/flipped-aurora/gin-vue-admin/server]2026-04-22 12:00:01.048	[34minfo[0m	/Users/a1/data/go/gin-vue-admin/server/service/quant/meilisearch.go:282	Batch synced successfully	{"count": 1000}
[github.com/flipped-aurora/gin-vue-admin/server]2026-04-22 12:00:01.219	[34minfo[0m	/Users/a1/data/go/gin-vue-admin/server/service/quant/meilisearch.go:282	Batch synced successfully	{"count": 1000}
[github.com/flipped-aurora/gin-vue-admin/server]2026-04-22 12:00:01.375	[34minfo[0m	/Users/a1/data/go/gin-vue-admin/server/service/quant/meilisearch.go:282	Batch synced successfully	{"count": 1000}
[github.com/flipped-aurora/gin-vue-admin/server]2026-04-22 12:00:01.528	[34minfo[0m	/Users/a1/data/go/gin-vue-admin/server/service/quant/meilisearch.go:282	Batch synced successfully	{"count": 1000}
[github.com/flipped-aurora/gin-vue-admin/server]2026-04-22 12:00:01.706	[34minfo[0m	/Users/a1/data/go/gin-vue-admin/server/service/quant/meilisearch.go:282	Batch synced successfully	{"count": 1000}
[github.com/flipped-aurora/gin-vue-admin/server]2026-04-22 12:00:01.910	[34minfo[0m	/Users/a1/data/go/gin-vue-admin/server/service/quant/meilisearch.go:282	Batch synced successfully	{"count": 1000}
[github.com/flipped-aurora/gin-vue-admin/server]2026-04-22 12:00:02.159	[34minfo[0m	/Users/a1/data/go/gin-vue-admin/server/service/quant/meilisearch.go:282	Batch synced successfully	{"count": 1000}
[github.com/flipped-aurora/gin-vue-admin/server]2026-04-22 12:00:02.339	[34minfo[0m	/Users/a1/data/go/gin-vue-admin/server/service/quant/meilisearch.go:282	Batch synced successfully	{"count": 1000}
[github.com/flipped-aurora/gin-vue-admin/server]2026-04-22 12:00:02.485	[34minfo[0m	/Users/a1/data/go/gin-vue-admin/server/service/quant/meilisearch.go:282	Batch synced successfully	{"count": 1000}
[github.com/flipped-aurora/gin-vue-admin/server]2026-04-22 12:00:02.632	[34minfo[0m	/Users/a1/data/go/gin-vue-admin/server/service/quant/meilisearch.go:282	Batch synced successfully	{"count": 1000}
[github.com/flipped-aurora/gin-vue-admin/server]2026-04-22 12:00:02.770	[34minfo[0m	/Users/a1/data/go/gin-vue-admin/server/service/quant/meilisearch.go:282	Batch synced successfully	{"count": 1000}
[github.com/flipped-aurora/gin-vue-admin/server]2026-04-22 12:00:02.986	[34minfo[0m	/Users/a1/data/go/gin-vue-admin/server/service/quant/meilisearch.go:282	Batch synced successfully	{"count": 1000}
[github.com/flipped-aurora/gin-vue-admin/server]2026-04-22 12:00:03.229	[34minfo[0m	/Users/a1/data/go/gin-vue-admin/server/service/quant/meilisearch.go:282	Batch synced successfully	{"count": 1000}
[github.com/flipped-aurora/gin-vue-admin/server]2026-04-22 12:00:03.386	[34minfo[0m	/Users/a1/data/go/gin-vue-admin/server/service/quant/meilisearch.go:282	Batch synced successfully	{"count": 1000}
[github.com/flipped-aurora/gin-vue-admin/server]2026-04-22 12:00:03.539	[34minfo[0m	/Users/a1/data/go/gin-vue-admin/server/service/quant/meilisearch.go:282	Batch synced successfully	{"count": 1000}
[github.com/flipped-aurora/gin-vue-admin/server]2026-04-22 12:00:03.988	[34minfo[0m	/Users/a1/data/go/gin-vue-admin/server/service/quant/meilisearch.go:282	Batch synced successfully	{"count": 1000}
[github.com/flipped-aurora/gin-vue-admin/server]2026-04-22 12:00:04.252	[34minfo[0m	/Users/a1/data/go/gin-vue-admin/server/service/quant/meilisearch.go:282	Batch synced successfully	{"count": 1000}
[github.com/flipped-aurora/gin-vue-admin/server]2026-04-22 12:00:04.391	[34minfo[0m	/Users/a1/data/go/gin-vue-admin/server/service/quant/meilisearch.go:282	Batch synced successfully	{"count": 1000}
[github.com/flipped-aurora/gin-vue-admin/server]2026-04-22 12:00:04.520	[34minfo[0m	/Users/a1/data/go/gin-vue-admin/server/service/quant/meilisearch.go:282	Batch synced successfully	{"count": 1000}
[github.com/flipped-aurora/gin-vue-admin/server]2026-04-22 12:00:04.650	[34minfo[0m	/Users/a1/data/go/gin-vue-admin/server/service/quant/meilisearch.go:282	Batch synced successfully	{"count": 1000}
[github.com/flipped-aurora/gin-vue-admin/server]2026-04-22 12:00:04.793	[34minfo[0m	/Users/a1/data/go/gin-vue-admin/server/service/quant/meilisearch.go:282	Batch synced successfully	{"count": 1000}
[github.com/flipped-aurora/gin-vue-admin/server]2026-04-22 12:00:04.934	[34minfo[0m	/Users/a1/data/go/gin-vue-admin/server/service/quant/meilisearch.go:282	Batch synced successfully	{"count": 1000}
[github.com/flipped-aurora/gin-vue-admin/server]2026-04-22 12:00:05.036	[34minfo[0m	/Users/a1/data/go/gin-vue-admin/server/service/quant/meilisearch.go:282	Batch synced successfully	{"count": 1000}
[github.com/flipped-aurora/gin-vue-admin/server]2026-04-22 12:00:05.134	[34minfo[0m	/Users/a1/data/go/gin-vue-admin/server/service/quant/meilisearch.go:282	Batch synced successfully	{"count": 1000}
[github.com/flipped-aurora/gin-vue-admin/server]2026-04-22 12:00:05.265	[34minfo[0m	/Users/a1/data/go/gin-vue-admin/server/service/quant/meilisearch.go:282	Batch synced successfully	{"count": 1000}
[github.com/flipped-aurora/gin-vue-admin/server]2026-04-22 12:00:05.403	[34minfo[0m	/Users/a1/data/go/gin-vue-admin/server/service/quant/meilisearch.go:282	Batch synced successfully	{"count": 1000}
[github.com/flipped-aurora/gin-vue-admin/server]2026-04-22 12:00:05.585	[34minfo[0m	/Users/a1/data/go/gin-vue-admin/server/service/quant/meilisearch.go:282	Batch synced successfully	{"count": 1000}
[github.com/flipped-aurora/gin-vue-admin/server]2026-04-22 12:00:05.983	[34minfo[0m	/Users/a1/data/go/gin-vue-admin/server/service/quant/meilisearch.go:282	Batch synced successfully	{"count": 1000}
[github.com/flipped-aurora/gin-vue-admin/server]2026-04-22 12:00:06.156	[34minfo[0m	/Users/a1/data/go/gin-vue-admin/server/service/quant/meilisearch.go:282	Batch synced successfully	{"count": 1000}
[github.com/flipped-aurora/gin-vue-admin/server]2026-04-22 12:00:06.302	[34minfo[0m	/Users/a1/data/go/gin-vue-admin/server/service/quant/meilisearch.go:282	Batch synced successfully	{"count": 1000}
[github.com/flipped-aurora/gin-vue-admin/server]2026-04-22 12:00:06.444	[34minfo[0m	/Users/a1/data/go/gin-vue-admin/server/service/quant/meilisearch.go:282	Batch synced successfully	{"count": 1000}
[github.com/flipped-aurora/gin-vue-admin/server]2026-04-22 12:00:06.609	[34minfo[0m	/Users/a1/data/go/gin-vue-admin/server/service/quant/meilisearch.go:282	Batch synced successfully	{"count": 1000}
[github.com/flipped-aurora/gin-vue-admin/server]2026-04-22 12:00:06.752	[34minfo[0m	/Users/a1/data/go/gin-vue-admin/server/service/quant/meilisearch.go:282	Batch synced successfully	{"count": 1000}
[github.com/flipped-aurora/gin-vue-admin/server]2026-04-22 12:00:06.857	[34minfo[0m	/Users/a1/data/go/gin-vue-admin/server/service/quant/meilisearch.go:282	Batch synced successfully	{"count": 1000}
[github.com/flipped-aurora/gin-vue-admin/server]2026-04-22 12:00:07.003	[34minfo[0m	/Users/a1/data/go/gin-vue-admin/server/service/quant/meilisearch.go:282	Batch synced successfully	{"count": 1000}
[github.com/flipped-aurora/gin-vue-admin/server]2026-04-22 12:00:07.214	[34minfo[0m	/Users/a1/data/go/gin-vue-admin/server/service/quant/meilisearch.go:282	Batch synced successfully	{"count": 1000}
[github.com/flipped-aurora/gin-vue-admin/server]2026-04-22 12:00:07.391	[34minfo[0m	/Users/a1/data/go/gin-vue-admin/server/service/quant/meilisearch.go:282	Batch synced successfully	{"count": 1000}
[github.com/flipped-aurora/gin-vue-admin/server]2026-04-22 12:00:07.612	[34minfo[0m	/Users/a1/data/go/gin-vue-admin/server/service/quant/meilisearch.go:282	Batch synced successfully	{"count": 1000}
[github.com/flipped-aurora/gin-vue-admin/server]2026-04-22 12:00:07.803	[34minfo[0m	/Users/a1/data/go/gin-vue-admin/server/service/quant/meilisearch.go:282	Batch synced successfully	{"count": 1000}
[github.com/flipped-aurora/gin-vue-admin/server]2026-04-22 12:00:07.967	[34minfo[0m	/Users/a1/data/go/gin-vue-admin/server/service/quant/meilisearch.go:282	Batch synced successfully	{"count": 1000}
[github.com/flipped-aurora/gin-vue-admin/server]2026-04-22 12:00:08.104	[34minfo[0m	/Users/a1/data/go/gin-vue-admin/server/service/quant/meilisearch.go:282	Batch synced successfully	{"count": 1000}
[github.com/flipped-aurora/gin-vue-admin/server]2026-04-22 12:00:08.306	[34minfo[0m	/Users/a1/data/go/gin-vue-admin/server/service/quant/meilisearch.go:282	Batch synced successfully	{"count": 1000}
[github.com/flipped-aurora/gin-vue-admin/server]2026-04-22 12:00:08.551	[34minfo[0m	/Users/a1/data/go/gin-vue-admin/server/service/quant/meilisearch.go:282	Batch synced successfully	{"count": 1000}
[github.com/flipped-aurora/gin-vue-admin/server]2026-04-22 12:00:08.718	[34minfo[0m	/Users/a1/data/go/gin-vue-admin/server/service/quant/meilisearch.go:282	Batch synced successfully	{"count": 1000}
[github.com/flipped-aurora/gin-vue-admin/server]2026-04-22 12:00:08.876	[34minfo[0m	/Users/a1/data/go/gin-vue-admin/server/service/quant/meilisearch.go:282	Batch synced successfully	{"count": 1000}
[github.com/flipped-aurora/gin-vue-admin/server]2026-04-22 12:00:09.009	[34minfo[0m	/Users/a1/data/go/gin-vue-admin/server/service/quant/meilisearch.go:282	Batch synced successfully	{"count": 1000}
[github.com/flipped-aurora/gin-vue-admin/server]2026-04-22 12:00:09.217	[34minfo[0m	/Users/a1/data/go/gin-vue-admin/server/service/quant/meilisearch.go:282	Batch synced successfully	{"count": 1000}
[github.com/flipped-aurora/gin-vue-admin/server]2026-04-22 12:00:09.412	[34minfo[0m	/Users/a1/data/go/gin-vue-admin/server/service/quant/meilisearch.go:282	Batch synced successfully	{"count": 1000}
[github.com/flipped-aurora/gin-vue-admin/server]2026-04-22 12:00:09.578	[34minfo[0m	/Users/a1/data/go/gin-vue-admin/server/service/quant/meilisearch.go:282	Batch synced successfully	{"count": 1000}
[github.com/flipped-aurora/gin-vue-admin/server]2026-04-22 12:00:09.678	[34minfo[0m	/Users/a1/data/go/gin-vue-admin/server/service/quant/meilisearch.go:282	Batch synced successfully	{"count": 692}
[github.com/flipped-aurora/gin-vue-admin/server]2026-04-22 12:00:09.678	[34minfo[0m	/Users/a1/data/go/gin-vue-admin/server/service/quant/meilisearch.go:585	Full sync completed	{"total": 362692, "success": 362692, "failure": 0}
[github.com/flipped-aurora/gin-vue-admin/server]2026-04-22 12:04:41.476	[34minfo[0m	/Users/a1/data/go/gin-vue-admin/server/service/quant/meilisearch.go:477	Search completed	{"engine": "meilisearch", "total": 0, "elapsed": 0.015867582}
[github.com/flipped-aurora/gin-vue-admin/server]2026-04-22 12:04:43.175	[34minfo[0m	/Users/a1/data/go/gin-vue-admin/server/service/quant/meilisearch.go:477	Search completed	{"engine": "meilisearch", "total": 0, "elapsed": 0.012259537}
[github.com/flipped-aurora/gin-vue-admin/server]2026-04-22 12:04:48.174	[34minfo[0m	/Users/a1/data/go/gin-vue-admin/server/service/quant/meilisearch.go:477	Search completed	{"engine": "meilisearch", "total": 0, "elapsed": 0.011509921}
[github.com/flipped-aurora/gin-vue-admin/server]2026-04-22 12:04:53.182	[34minfo[0m	/Users/a1/data/go/gin-vue-admin/server/service/quant/meilisearch.go:477	Search completed	{"engine": "meilisearch", "total": 0, "elapsed": 0.018416214}
[github.com/flipped-aurora/gin-vue-admin/server]2026-04-22 12:04:58.175	[34minfo[0m	/Users/a1/data/go/gin-vue-admin/server/service/quant/meilisearch.go:477	Search completed	{"engine": "meilisearch", "total": 0, "elapsed": 0.012041718}
[github.com/flipped-aurora/gin-vue-admin/server]2026-04-22 12:05:03.176	[34minfo[0m	/Users/a1/data/go/gin-vue-admin/server/service/quant/meilisearch.go:477	Search completed	{"engine": "meilisearch", "total": 0, "elapsed": 0.01329229}
[github.com/flipped-aurora/gin-vue-admin/server]2026-04-22 12:05:08.175	[34minfo[0m	/Users/a1/data/go/gin-vue-admin/server/service/quant/meilisearch.go:477	Search completed	{"engine": "meilisearch", "total": 0, "elapsed": 0.011425365}
[github.com/flipped-aurora/gin-vue-admin/server]2026-04-22 12:05:13.174	[34minfo[0m	/Users/a1/data/go/gin-vue-admin/server/service/quant/meilisearch.go:477	Search completed	{"engine": "meilisearch", "total": 0, "elapsed": 0.011631591}
[github.com/flipped-aurora/gin-vue-admin/server]2026-04-22 12:05:18.177	[34minfo[0m	/Users/a1/data/go/gin-vue-admin/server/service/quant/meilisearch.go:477	Search completed	{"engine": "meilisearch", "total": 0, "elapsed": 0.014650125}
[github.com/flipped-aurora/gin-vue-admin/server]2026-04-22 12:05:23.175	[34minfo[0m	/Users/a1/data/go/gin-vue-admin/server/service/quant/meilisearch.go:477	Search completed	{"engine": "meilisearch", "total": 0, "elapsed": 0.01182679}
[github.com/flipped-aurora/gin-vue-admin/server]2026-04-22 12:05:28.181	[34minfo[0m	/Users/a1/data/go/gin-vue-admin/server/service/quant/meilisearch.go:477	Search completed	{"engine": "meilisearch", "total": 0, "elapsed": 0.017172613}
[github.com/flipped-aurora/gin-vue-admin/server]2026-04-22 12:05:33.176	[34minfo[0m	/Users/a1/data/go/gin-vue-admin/server/service/quant/meilisearch.go:477	Search completed	{"engine": "meilisearch", "total": 0, "elapsed": 0.015288507}
[github.com/flipped-aurora/gin-vue-admin/server]2026-04-22 12:05:38.181	[34minfo[0m	/Users/a1/data/go/gin-vue-admin/server/service/quant/meilisearch.go:477	Search completed	{"engine": "meilisearch", "total": 0, "elapsed": 0.022005979}
[github.com/flipped-aurora/gin-vue-admin/server]2026-04-22 12:05:44.078	[34minfo[0m	/Users/a1/data/go/gin-vue-admin/server/service/quant/meilisearch.go:477	Search completed	{"engine": "meilisearch", "total": 0, "elapsed": 0.015003906}
[github.com/flipped-aurora/gin-vue-admin/server]2026-04-22 12:05:49.072	[34minfo[0m	/Users/a1/data/go/gin-vue-admin/server/service/quant/meilisearch.go:477	Search completed	{"engine": "meilisearch", "total": 0, "elapsed": 0.011154122}
[github.com/flipped-aurora/gin-vue-admin/server]2026-04-22 12:05:54.105	[34minfo[0m	/Users/a1/data/go/gin-vue-admin/server/service/quant/meilisearch.go:477	Search completed	{"engine": "meilisearch", "total": 0, "elapsed": 0.013338732}
[github.com/flipped-aurora/gin-vue-admin/server]2026-04-22 12:05:59.075	[34minfo[0m	/Users/a1/data/go/gin-vue-admin/server/service/quant/meilisearch.go:477	Search completed	{"engine": "meilisearch", "total": 0, "elapsed": 0.014896126}
[github.com/flipped-aurora/gin-vue-admin/server]2026-04-22 12:06:04.075	[34minfo[0m	/Users/a1/data/go/gin-vue-admin/server/service/quant/meilisearch.go:477	Search completed	{"engine": "meilisearch", "total": 0, "elapsed": 0.013579663}
[github.com/flipped-aurora/gin-vue-admin/server]2026-04-22 12:06:09.071	[34minfo[0m	/Users/a1/data/go/gin-vue-admin/server/service/quant/meilisearch.go:477	Search completed	{"engine": "meilisearch", "total": 0, "elapsed": 0.011983289}
[github.com/flipped-aurora/gin-vue-admin/server]2026-04-22 12:06:14.075	[34minfo[0m	/Users/a1/data/go/gin-vue-admin/server/service/quant/meilisearch.go:477	Search completed	{"engine": "meilisearch", "total": 0, "elapsed": 0.013395289}
[github.com/flipped-aurora/gin-vue-admin/server]2026-04-22 12:06:19.071	[34minfo[0m	/Users/a1/data/go/gin-vue-admin/server/service/quant/meilisearch.go:477	Search completed	{"engine": "meilisearch", "total": 0, "elapsed": 0.011610157}
[github.com/flipped-aurora/gin-vue-admin/server]2026-04-22 12:06:24.100	[34minfo[0m	/Users/a1/data/go/gin-vue-admin/server/service/quant/meilisearch.go:477	Search completed	{"engine": "meilisearch", "total": 0, "elapsed": 0.011560915}
[github.com/flipped-aurora/gin-vue-admin/server]2026-04-22 12:06:29.071	[34minfo[0m	/Users/a1/data/go/gin-vue-admin/server/service/quant/meilisearch.go:477	Search completed	{"engine": "meilisearch", "total": 0, "elapsed": 0.012135188}
[github.com/flipped-aurora/gin-vue-admin/server]2026-04-22 12:06:34.073	[34minfo[0m	/Users/a1/data/go/gin-vue-admin/server/service/quant/meilisearch.go:477	Search completed	{"engine": "meilisearch", "total": 0, "elapsed": 0.012883159}
[github.com/flipped-aurora/gin-vue-admin/server]2026-04-22 12:06:39.071	[34minfo[0m	/Users/a1/data/go/gin-vue-admin/server/service/quant/meilisearch.go:477	Search completed	{"engine": "meilisearch", "total": 0, "elapsed": 0.012215544}
[github.com/flipped-aurora/gin-vue-admin/server]2026-04-22 12:07:21.101	[34minfo[0m	/Users/a1/data/go/gin-vue-admin/server/service/quant/meilisearch.go:477	Search completed	{"engine": "meilisearch", "total": 0, "elapsed": 0.013483058}
[github.com/flipped-aurora/gin-vue-admin/server]2026-04-22 12:08:21.110	[34minfo[0m	/Users/a1/data/go/gin-vue-admin/server/service/quant/meilisearch.go:477	Search completed	{"engine": "meilisearch", "total": 0, "elapsed": 0.022367395}
[github.com/flipped-aurora/gin-vue-admin/server]2026-04-22 12:13:38.065	[34minfo[0m	/Users/a1/data/go/gin-vue-admin/server/service/quant/meilisearch.go:45	Meilisearch client initialized successfully	{"url": "http://47.108.165.155:7700"}
[github.com/flipped-aurora/gin-vue-admin/server]2026-04-22 12:13:38.102	[34minfo[0m	/Users/a1/data/go/gin-vue-admin/server/service/quant/meilisearch.go:88	News index created and configured successfully	{"index": "news"}
[github.com/flipped-aurora/gin-vue-admin/server]2026-04-22 12:13:38.102	[34minfo[0m	/Users/a1/data/go/gin-vue-admin/server/initialize/meilisearch.go:30	Meilisearch initialized successfully
[github.com/flipped-aurora/gin-vue-admin/server]2026-04-22 12:13:38.102	[34minfo[0m	/Users/a1/data/go/gin-vue-admin/server/initialize/gorm.go:39	auto-migrate is disabled, skipping table registration
[github.com/flipped-aurora/gin-vue-admin/server]2026-04-22 12:13:38.133	[34minfo[0m	/Users/a1/data/go/gin-vue-admin/server/initialize/router.go:62	register swagger handler
[github.com/flipped-aurora/gin-vue-admin/server]2026-04-22 12:13:38.586	[34minfo[0m	/Users/a1/data/go/gin-vue-admin/server/initialize/router.go:115	router register success
[github.com/flipped-aurora/gin-vue-admin/server]2026-04-22 12:13:46.024	[34minfo[0m	/Users/a1/data/go/gin-vue-admin/server/service/quant/meilisearch.go:45	Meilisearch client initialized successfully	{"url": "http://47.108.165.155:7700"}
[github.com/flipped-aurora/gin-vue-admin/server]2026-04-22 12:13:46.065	[34minfo[0m	/Users/a1/data/go/gin-vue-admin/server/service/quant/meilisearch.go:88	News index created and configured successfully	{"index": "news"}
[github.com/flipped-aurora/gin-vue-admin/server]2026-04-22 12:13:46.066	[34minfo[0m	/Users/a1/data/go/gin-vue-admin/server/initialize/meilisearch.go:30	Meilisearch initialized successfully
[github.com/flipped-aurora/gin-vue-admin/server]2026-04-22 12:13:46.066	[34minfo[0m	/Users/a1/data/go/gin-vue-admin/server/initialize/gorm.go:39	auto-migrate is disabled, skipping table registration
[github.com/flipped-aurora/gin-vue-admin/server]2026-04-22 12:13:46.083	[34minfo[0m	/Users/a1/data/go/gin-vue-admin/server/initialize/router.go:62	register swagger handler
[github.com/flipped-aurora/gin-vue-admin/server]2026-04-22 12:13:46.535	[34minfo[0m	/Users/a1/data/go/gin-vue-admin/server/initialize/router.go:115	router register success
[github.com/flipped-aurora/gin-vue-admin/server]2026-04-22 12:14:00.309	[34minfo[0m	/Users/a1/data/go/gin-vue-admin/server/service/quant/meilisearch.go:45	Meilisearch client initialized successfully	{"url": "http://47.108.165.155:7700"}
[github.com/flipped-aurora/gin-vue-admin/server]2026-04-22 12:14:00.360	[34minfo[0m	/Users/a1/data/go/gin-vue-admin/server/service/quant/meilisearch.go:88	News index created and configured successfully	{"index": "news"}
[github.com/flipped-aurora/gin-vue-admin/server]2026-04-22 12:14:00.360	[34minfo[0m	/Users/a1/data/go/gin-vue-admin/server/initialize/meilisearch.go:30	Meilisearch initialized successfully
[github.com/flipped-aurora/gin-vue-admin/server]2026-04-22 12:14:00.361	[34minfo[0m	/Users/a1/data/go/gin-vue-admin/server/initialize/gorm.go:39	auto-migrate is disabled, skipping table registration
[github.com/flipped-aurora/gin-vue-admin/server]2026-04-22 12:14:00.383	[34minfo[0m	/Users/a1/data/go/gin-vue-admin/server/initialize/router.go:62	register swagger handler
[github.com/flipped-aurora/gin-vue-admin/server]2026-04-22 12:14:00.899	[34minfo[0m	/Users/a1/data/go/gin-vue-admin/server/initialize/router.go:115	router register success
[github.com/flipped-aurora/gin-vue-admin/server]2026-04-22 12:17:00.499	[34minfo[0m	/Users/a1/data/go/gin-vue-admin/server/service/quant/meilisearch.go:45	Meilisearch client initialized successfully	{"url": "http://47.108.165.155:7700"}
[github.com/flipped-aurora/gin-vue-admin/server]2026-04-22 12:17:00.535	[34minfo[0m	/Users/a1/data/go/gin-vue-admin/server/service/quant/meilisearch.go:88	News index created and configured successfully	{"index": "news"}
[github.com/flipped-aurora/gin-vue-admin/server]2026-04-22 12:17:00.535	[34minfo[0m	/Users/a1/data/go/gin-vue-admin/server/initialize/meilisearch.go:30	Meilisearch initialized successfully
[github.com/flipped-aurora/gin-vue-admin/server]2026-04-22 12:17:00.535	[34minfo[0m	/Users/a1/data/go/gin-vue-admin/server/initialize/gorm.go:39	auto-migrate is disabled, skipping table registration
[github.com/flipped-aurora/gin-vue-admin/server]2026-04-22 12:17:00.547	[34minfo[0m	/Users/a1/data/go/gin-vue-admin/server/initialize/router.go:62	register swagger handler
[github.com/flipped-aurora/gin-vue-admin/server]2026-04-22 12:17:01.034	[34minfo[0m	/Users/a1/data/go/gin-vue-admin/server/initialize/router.go:115	router register success
[github.com/flipped-aurora/gin-vue-admin/server]2026-04-22 12:19:03.185	[34minfo[0m	/Users/a1/data/go/gin-vue-admin/server/service/quant/meilisearch.go:45	Meilisearch client initialized successfully	{"url": "http://47.108.165.155:7700"}
[github.com/flipped-aurora/gin-vue-admin/server]2026-04-22 12:19:03.220	[34minfo[0m	/Users/a1/data/go/gin-vue-admin/server/service/quant/meilisearch.go:88	News index created and configured successfully	{"index": "news"}
[github.com/flipped-aurora/gin-vue-admin/server]2026-04-22 12:19:03.220	[34minfo[0m	/Users/a1/data/go/gin-vue-admin/server/initialize/meilisearch.go:30	Meilisearch initialized successfully
[github.com/flipped-aurora/gin-vue-admin/server]2026-04-22 12:19:03.220	[34minfo[0m	/Users/a1/data/go/gin-vue-admin/server/initialize/gorm.go:39	auto-migrate is disabled, skipping table registration
[github.com/flipped-aurora/gin-vue-admin/server]2026-04-22 12:19:03.232	[34minfo[0m	/Users/a1/data/go/gin-vue-admin/server/initialize/router.go:62	register swagger handler
[github.com/flipped-aurora/gin-vue-admin/server]2026-04-22 12:19:03.667	[34minfo[0m	/Users/a1/data/go/gin-vue-admin/server/initialize/router.go:115	router register success
[github.com/flipped-aurora/gin-vue-admin/server]2026-04-22 12:19:42.944	[34minfo[0m	/Users/a1/data/go/gin-vue-admin/server/api/v1/quant/news.go:313	开始全量同步数据到 Meilisearch
[github.com/flipped-aurora/gin-vue-admin/server]2026-04-22 12:19:42.947	[34minfo[0m	/Users/a1/data/go/gin-vue-admin/server/service/quant/meilisearch.go:629	Starting full sync to Meilisearch
[github.com/flipped-aurora/gin-vue-admin/server]2026-04-22 12:19:55.193	[34minfo[0m	/Users/a1/data/go/gin-vue-admin/server/service/quant/meilisearch.go:656	Loading news records	{"count": 10000}
[github.com/flipped-aurora/gin-vue-admin/server]2026-04-22 12:20:08.186	[34minfo[0m	/Users/a1/data/go/gin-vue-admin/server/service/quant/meilisearch.go:656	Loading news records	{"count": 20000}
[github.com/flipped-aurora/gin-vue-admin/server]2026-04-22 12:20:21.959	[34minfo[0m	/Users/a1/data/go/gin-vue-admin/server/service/quant/meilisearch.go:656	Loading news records	{"count": 30000}
[github.com/flipped-aurora/gin-vue-admin/server]2026-04-22 12:20:35.611	[34minfo[0m	/Users/a1/data/go/gin-vue-admin/server/service/quant/meilisearch.go:656	Loading news records	{"count": 40000}
[github.com/flipped-aurora/gin-vue-admin/server]2026-04-22 12:20:36.412	[34minfo[0m	/Users/a1/data/go/gin-vue-admin/server/service/quant/meilisearch.go:557	Search completed	{"engine": "meilisearch", "total": 0, "elapsed": 0.011376855}
[github.com/flipped-aurora/gin-vue-admin/server]2026-04-22 12:20:49.291	[34minfo[0m	/Users/a1/data/go/gin-vue-admin/server/service/quant/meilisearch.go:656	Loading news records	{"count": 50000}
[github.com/flipped-aurora/gin-vue-admin/server]2026-04-22 12:21:02.589	[34minfo[0m	/Users/a1/data/go/gin-vue-admin/server/service/quant/meilisearch.go:656	Loading news records	{"count": 60000}
[github.com/flipped-aurora/gin-vue-admin/server]2026-04-22 12:21:16.819	[34minfo[0m	/Users/a1/data/go/gin-vue-admin/server/service/quant/meilisearch.go:656	Loading news records	{"count": 70000}
[github.com/flipped-aurora/gin-vue-admin/server]2026-04-22 12:21:30.927	[34minfo[0m	/Users/a1/data/go/gin-vue-admin/server/service/quant/meilisearch.go:656	Loading news records	{"count": 80000}
[github.com/flipped-aurora/gin-vue-admin/server]2026-04-22 12:21:44.669	[34minfo[0m	/Users/a1/data/go/gin-vue-admin/server/service/quant/meilisearch.go:656	Loading news records	{"count": 90000}
[github.com/flipped-aurora/gin-vue-admin/server]2026-04-22 12:21:58.720	[34minfo[0m	/Users/a1/data/go/gin-vue-admin/server/service/quant/meilisearch.go:656	Loading news records	{"count": 100000}
[github.com/flipped-aurora/gin-vue-admin/server]2026-04-22 12:22:13.426	[34minfo[0m	/Users/a1/data/go/gin-vue-admin/server/service/quant/meilisearch.go:656	Loading news records	{"count": 110000}
[github.com/flipped-aurora/gin-vue-admin/server]2026-04-22 12:22:27.569	[34minfo[0m	/Users/a1/data/go/gin-vue-admin/server/service/quant/meilisearch.go:656	Loading news records	{"count": 120000}
[github.com/flipped-aurora/gin-vue-admin/server]2026-04-22 12:22:42.794	[34minfo[0m	/Users/a1/data/go/gin-vue-admin/server/service/quant/meilisearch.go:656	Loading news records	{"count": 130000}
[github.com/flipped-aurora/gin-vue-admin/server]2026-04-22 12:22:57.538	[34minfo[0m	/Users/a1/data/go/gin-vue-admin/server/service/quant/meilisearch.go:656	Loading news records	{"count": 140000}
[github.com/flipped-aurora/gin-vue-admin/server]2026-04-22 12:23:12.187	[34minfo[0m	/Users/a1/data/go/gin-vue-admin/server/service/quant/meilisearch.go:656	Loading news records	{"count": 150000}
[github.com/flipped-aurora/gin-vue-admin/server]2026-04-22 12:23:25.796	[34minfo[0m	/Users/a1/data/go/gin-vue-admin/server/service/quant/meilisearch.go:656	Loading news records	{"count": 160000}
[github.com/flipped-aurora/gin-vue-admin/server]2026-04-22 12:23:39.293	[34minfo[0m	/Users/a1/data/go/gin-vue-admin/server/service/quant/meilisearch.go:656	Loading news records	{"count": 170000}
[github.com/flipped-aurora/gin-vue-admin/server]2026-04-22 12:23:52.125	[34minfo[0m	/Users/a1/data/go/gin-vue-admin/server/service/quant/meilisearch.go:656	Loading news records	{"count": 180000}
[github.com/flipped-aurora/gin-vue-admin/server]2026-04-22 12:24:06.166	[34minfo[0m	/Users/a1/data/go/gin-vue-admin/server/service/quant/meilisearch.go:656	Loading news records	{"count": 190000}
[github.com/flipped-aurora/gin-vue-admin/server]2026-04-22 12:24:20.211	[34minfo[0m	/Users/a1/data/go/gin-vue-admin/server/service/quant/meilisearch.go:656	Loading news records	{"count": 200000}
[github.com/flipped-aurora/gin-vue-admin/server]2026-04-22 12:24:34.127	[34minfo[0m	/Users/a1/data/go/gin-vue-admin/server/service/quant/meilisearch.go:656	Loading news records	{"count": 210000}
[github.com/flipped-aurora/gin-vue-admin/server]2026-04-22 12:24:47.817	[34minfo[0m	/Users/a1/data/go/gin-vue-admin/server/service/quant/meilisearch.go:656	Loading news records	{"count": 220000}
[github.com/flipped-aurora/gin-vue-admin/server]2026-04-22 12:25:01.206	[34minfo[0m	/Users/a1/data/go/gin-vue-admin/server/service/quant/meilisearch.go:656	Loading news records	{"count": 230000}
[github.com/flipped-aurora/gin-vue-admin/server]2026-04-22 12:25:14.759	[34minfo[0m	/Users/a1/data/go/gin-vue-admin/server/service/quant/meilisearch.go:656	Loading news records	{"count": 240000}
[github.com/flipped-aurora/gin-vue-admin/server]2026-04-22 12:25:29.270	[34minfo[0m	/Users/a1/data/go/gin-vue-admin/server/service/quant/meilisearch.go:656	Loading news records	{"count": 250000}
[github.com/flipped-aurora/gin-vue-admin/server]2026-04-22 12:25:43.368	[34minfo[0m	/Users/a1/data/go/gin-vue-admin/server/service/quant/meilisearch.go:656	Loading news records	{"count": 260000}
[github.com/flipped-aurora/gin-vue-admin/server]2026-04-22 12:25:58.005	[34minfo[0m	/Users/a1/data/go/gin-vue-admin/server/service/quant/meilisearch.go:656	Loading news records	{"count": 270000}
[github.com/flipped-aurora/gin-vue-admin/server]2026-04-22 12:26:12.919	[34minfo[0m	/Users/a1/data/go/gin-vue-admin/server/service/quant/meilisearch.go:656	Loading news records	{"count": 280000}
[github.com/flipped-aurora/gin-vue-admin/server]2026-04-22 12:26:27.745	[34minfo[0m	/Users/a1/data/go/gin-vue-admin/server/service/quant/meilisearch.go:656	Loading news records	{"count": 290000}
[github.com/flipped-aurora/gin-vue-admin/server]2026-04-22 12:26:41.784	[34minfo[0m	/Users/a1/data/go/gin-vue-admin/server/service/quant/meilisearch.go:656	Loading news records	{"count": 300000}
[github.com/flipped-aurora/gin-vue-admin/server]2026-04-22 12:26:56.058	[34minfo[0m	/Users/a1/data/go/gin-vue-admin/server/service/quant/meilisearch.go:656	Loading news records	{"count": 310000}
[github.com/flipped-aurora/gin-vue-admin/server]2026-04-22 12:27:10.087	[34minfo[0m	/Users/a1/data/go/gin-vue-admin/server/service/quant/meilisearch.go:656	Loading news records	{"count": 320000}
[github.com/flipped-aurora/gin-vue-admin/server]2026-04-22 12:27:24.018	[34minfo[0m	/Users/a1/data/go/gin-vue-admin/server/service/quant/meilisearch.go:656	Loading news records	{"count": 330000}
[github.com/flipped-aurora/gin-vue-admin/server]2026-04-22 12:27:36.992	[34minfo[0m	/Users/a1/data/go/gin-vue-admin/server/service/quant/meilisearch.go:656	Loading news records	{"count": 340000}
[github.com/flipped-aurora/gin-vue-admin/server]2026-04-22 12:27:50.857	[34minfo[0m	/Users/a1/data/go/gin-vue-admin/server/service/quant/meilisearch.go:656	Loading news records	{"count": 350000}
[github.com/flipped-aurora/gin-vue-admin/server]2026-04-22 12:28:04.870	[34minfo[0m	/Users/a1/data/go/gin-vue-admin/server/service/quant/meilisearch.go:656	Loading news records	{"count": 360000}
[github.com/flipped-aurora/gin-vue-admin/server]2026-04-22 12:28:09.375	[34minfo[0m	/Users/a1/data/go/gin-vue-admin/server/service/quant/meilisearch.go:660	Loaded all news records from MySQL	{"total": 362708}
[github.com/flipped-aurora/gin-vue-admin/server]2026-04-22 12:29:23.061	[34minfo[0m	/Users/a1/data/go/gin-vue-admin/server/service/quant/meilisearch.go:665	Full sync completed	{"total": 362708, "success": 0, "failure": 362708}
[github.com/flipped-aurora/gin-vue-admin/server]2026-04-22 12:32:05.297	[34minfo[0m	/Users/a1/data/go/gin-vue-admin/server/service/quant/meilisearch.go:45	Meilisearch client initialized successfully	{"url": "http://47.108.165.155:7700"}
[github.com/flipped-aurora/gin-vue-admin/server]2026-04-22 12:32:05.336	[34minfo[0m	/Users/a1/data/go/gin-vue-admin/server/service/quant/meilisearch.go:88	News index created and configured successfully	{"index": "news"}
[github.com/flipped-aurora/gin-vue-admin/server]2026-04-22 12:32:05.336	[34minfo[0m	/Users/a1/data/go/gin-vue-admin/server/initialize/meilisearch.go:30	Meilisearch initialized successfully
[github.com/flipped-aurora/gin-vue-admin/server]2026-04-22 12:32:05.337	[34minfo[0m	/Users/a1/data/go/gin-vue-admin/server/initialize/gorm.go:39	auto-migrate is disabled, skipping table registration
[github.com/flipped-aurora/gin-vue-admin/server]2026-04-22 12:32:05.348	[34minfo[0m	/Users/a1/data/go/gin-vue-admin/server/initialize/router.go:62	register swagger handler
[github.com/flipped-aurora/gin-vue-admin/server]2026-04-22 12:32:05.775	[34minfo[0m	/Users/a1/data/go/gin-vue-admin/server/initialize/router.go:115	router register success
[github.com/flipped-aurora/gin-vue-admin/server]2026-04-22 12:32:10.764	[34minfo[0m	/Users/a1/data/go/gin-vue-admin/server/service/quant/meilisearch.go:45	Meilisearch client initialized successfully	{"url": "http://47.108.165.155:7700"}
[github.com/flipped-aurora/gin-vue-admin/server]2026-04-22 12:32:10.805	[34minfo[0m	/Users/a1/data/go/gin-vue-admin/server/service/quant/meilisearch.go:88	News index created and configured successfully	{"index": "news"}
[github.com/flipped-aurora/gin-vue-admin/server]2026-04-22 12:32:10.805	[34minfo[0m	/Users/a1/data/go/gin-vue-admin/server/initialize/meilisearch.go:30	Meilisearch initialized successfully
[github.com/flipped-aurora/gin-vue-admin/server]2026-04-22 12:32:10.806	[34minfo[0m	/Users/a1/data/go/gin-vue-admin/server/initialize/gorm.go:39	auto-migrate is disabled, skipping table registration
[github.com/flipped-aurora/gin-vue-admin/server]2026-04-22 12:32:10.823	[34minfo[0m	/Users/a1/data/go/gin-vue-admin/server/initialize/router.go:62	register swagger handler
[github.com/flipped-aurora/gin-vue-admin/server]2026-04-22 12:32:11.273	[34minfo[0m	/Users/a1/data/go/gin-vue-admin/server/initialize/router.go:115	router register success
[github.com/flipped-aurora/gin-vue-admin/server]2026-04-22 12:32:25.931	[34minfo[0m	/Users/a1/data/go/gin-vue-admin/server/service/quant/meilisearch.go:45	Meilisearch client initialized successfully	{"url": "http://47.108.165.155:7700"}
[github.com/flipped-aurora/gin-vue-admin/server]2026-04-22 12:32:25.972	[34minfo[0m	/Users/a1/data/go/gin-vue-admin/server/service/quant/meilisearch.go:88	News index created and configured successfully	{"index": "news"}
[github.com/flipped-aurora/gin-vue-admin/server]2026-04-22 12:32:25.972	[34minfo[0m	/Users/a1/data/go/gin-vue-admin/server/initialize/meilisearch.go:30	Meilisearch initialized successfully
[github.com/flipped-aurora/gin-vue-admin/server]2026-04-22 12:32:25.972	[34minfo[0m	/Users/a1/data/go/gin-vue-admin/server/initialize/gorm.go:39	auto-migrate is disabled, skipping table registration
[github.com/flipped-aurora/gin-vue-admin/server]2026-04-22 12:32:25.983	[34minfo[0m	/Users/a1/data/go/gin-vue-admin/server/initialize/router.go:62	register swagger handler
[github.com/flipped-aurora/gin-vue-admin/server]2026-04-22 12:32:26.466	[34minfo[0m	/Users/a1/data/go/gin-vue-admin/server/initialize/router.go:115	router register success
[github.com/flipped-aurora/gin-vue-admin/server]2026-04-22 12:32:54.354	[34minfo[0m	/Users/a1/data/go/gin-vue-admin/server/service/quant/meilisearch.go:45	Meilisearch client initialized successfully	{"url": "http://47.108.165.155:7700"}
[github.com/flipped-aurora/gin-vue-admin/server]2026-04-22 12:32:54.393	[34minfo[0m	/Users/a1/data/go/gin-vue-admin/server/service/quant/meilisearch.go:88	News index created and configured successfully	{"index": "news"}
[github.com/flipped-aurora/gin-vue-admin/server]2026-04-22 12:32:54.393	[34minfo[0m	/Users/a1/data/go/gin-vue-admin/server/initialize/meilisearch.go:30	Meilisearch initialized successfully
[github.com/flipped-aurora/gin-vue-admin/server]2026-04-22 12:32:54.393	[34minfo[0m	/Users/a1/data/go/gin-vue-admin/server/initialize/gorm.go:39	auto-migrate is disabled, skipping table registration
[github.com/flipped-aurora/gin-vue-admin/server]2026-04-22 12:32:54.413	[34minfo[0m	/Users/a1/data/go/gin-vue-admin/server/initialize/router.go:62	register swagger handler
[github.com/flipped-aurora/gin-vue-admin/server]2026-04-22 12:32:54.815	[34minfo[0m	/Users/a1/data/go/gin-vue-admin/server/initialize/router.go:115	router register success
[github.com/flipped-aurora/gin-vue-admin/server]2026-04-22 12:34:20.724	[34minfo[0m	/Users/a1/data/go/gin-vue-admin/server/api/v1/quant/news.go:313	开始全量同步数据到 Meilisearch
[github.com/flipped-aurora/gin-vue-admin/server]2026-04-22 12:34:20.724	[34minfo[0m	/Users/a1/data/go/gin-vue-admin/server/service/quant/meilisearch.go:635	Starting full sync to Meilisearch
[github.com/flipped-aurora/gin-vue-admin/server]2026-04-22 12:34:33.008	[34minfo[0m	/Users/a1/data/go/gin-vue-admin/server/service/quant/meilisearch.go:662	Loading news records	{"count": 10000}
[github.com/flipped-aurora/gin-vue-admin/server]2026-04-22 12:34:46.515	[34minfo[0m	/Users/a1/data/go/gin-vue-admin/server/service/quant/meilisearch.go:662	Loading news records	{"count": 20000}
[github.com/flipped-aurora/gin-vue-admin/server]2026-04-22 12:35:00.104	[34minfo[0m	/Users/a1/data/go/gin-vue-admin/server/service/quant/meilisearch.go:662	Loading news records	{"count": 30000}
[github.com/flipped-aurora/gin-vue-admin/server]2026-04-22 12:35:14.016	[34minfo[0m	/Users/a1/data/go/gin-vue-admin/server/service/quant/meilisearch.go:662	Loading news records	{"count": 40000}
[github.com/flipped-aurora/gin-vue-admin/server]2026-04-22 12:35:27.597	[34minfo[0m	/Users/a1/data/go/gin-vue-admin/server/service/quant/meilisearch.go:662	Loading news records	{"count": 50000}
[github.com/flipped-aurora/gin-vue-admin/server]2026-04-22 12:35:40.749	[34minfo[0m	/Users/a1/data/go/gin-vue-admin/server/service/quant/meilisearch.go:662	Loading news records	{"count": 60000}
[github.com/flipped-aurora/gin-vue-admin/server]2026-04-22 12:35:55.057	[34minfo[0m	/Users/a1/data/go/gin-vue-admin/server/service/quant/meilisearch.go:662	Loading news records	{"count": 70000}
[github.com/flipped-aurora/gin-vue-admin/server]2026-04-22 12:36:09.026	[34minfo[0m	/Users/a1/data/go/gin-vue-admin/server/service/quant/meilisearch.go:662	Loading news records	{"count": 80000}
[github.com/flipped-aurora/gin-vue-admin/server]2026-04-22 12:36:22.839	[34minfo[0m	/Users/a1/data/go/gin-vue-admin/server/service/quant/meilisearch.go:662	Loading news records	{"count": 90000}
[github.com/flipped-aurora/gin-vue-admin/server]2026-04-22 12:36:36.967	[34minfo[0m	/Users/a1/data/go/gin-vue-admin/server/service/quant/meilisearch.go:662	Loading news records	{"count": 100000}
[github.com/flipped-aurora/gin-vue-admin/server]2026-04-22 12:36:51.275	[34minfo[0m	/Users/a1/data/go/gin-vue-admin/server/service/quant/meilisearch.go:662	Loading news records	{"count": 110000}
[github.com/flipped-aurora/gin-vue-admin/server]2026-04-22 12:37:05.741	[34minfo[0m	/Users/a1/data/go/gin-vue-admin/server/service/quant/meilisearch.go:662	Loading news records	{"count": 120000}
[github.com/flipped-aurora/gin-vue-admin/server]2026-04-22 12:37:20.521	[34minfo[0m	/Users/a1/data/go/gin-vue-admin/server/service/quant/meilisearch.go:662	Loading news records	{"count": 130000}
[github.com/flipped-aurora/gin-vue-admin/server]2026-04-22 12:37:35.441	[34minfo[0m	/Users/a1/data/go/gin-vue-admin/server/service/quant/meilisearch.go:662	Loading news records	{"count": 140000}
[github.com/flipped-aurora/gin-vue-admin/server]2026-04-22 12:37:50.041	[34minfo[0m	/Users/a1/data/go/gin-vue-admin/server/service/quant/meilisearch.go:662	Loading news records	{"count": 150000}
[github.com/flipped-aurora/gin-vue-admin/server]2026-04-22 12:38:03.757	[34minfo[0m	/Users/a1/data/go/gin-vue-admin/server/service/quant/meilisearch.go:662	Loading news records	{"count": 160000}
[github.com/flipped-aurora/gin-vue-admin/server]2026-04-22 12:38:17.259	[34minfo[0m	/Users/a1/data/go/gin-vue-admin/server/service/quant/meilisearch.go:662	Loading news records	{"count": 170000}
[github.com/flipped-aurora/gin-vue-admin/server]2026-04-22 12:38:29.881	[34minfo[0m	/Users/a1/data/go/gin-vue-admin/server/service/quant/meilisearch.go:662	Loading news records	{"count": 180000}
[github.com/flipped-aurora/gin-vue-admin/server]2026-04-22 12:38:43.261	[34minfo[0m	/Users/a1/data/go/gin-vue-admin/server/service/quant/meilisearch.go:662	Loading news records	{"count": 190000}
[github.com/flipped-aurora/gin-vue-admin/server]2026-04-22 12:38:57.986	[34minfo[0m	/Users/a1/data/go/gin-vue-admin/server/service/quant/meilisearch.go:662	Loading news records	{"count": 200000}
[github.com/flipped-aurora/gin-vue-admin/server]2026-04-22 12:39:11.692	[34minfo[0m	/Users/a1/data/go/gin-vue-admin/server/service/quant/meilisearch.go:662	Loading news records	{"count": 210000}
[github.com/flipped-aurora/gin-vue-admin/server]2026-04-22 12:39:25.798	[34minfo[0m	/Users/a1/data/go/gin-vue-admin/server/service/quant/meilisearch.go:662	Loading news records	{"count": 220000}
[github.com/flipped-aurora/gin-vue-admin/server]2026-04-22 12:39:38.789	[34minfo[0m	/Users/a1/data/go/gin-vue-admin/server/service/quant/meilisearch.go:662	Loading news records	{"count": 230000}
[github.com/flipped-aurora/gin-vue-admin/server]2026-04-22 12:39:52.632	[34minfo[0m	/Users/a1/data/go/gin-vue-admin/server/service/quant/meilisearch.go:662	Loading news records	{"count": 240000}
[github.com/flipped-aurora/gin-vue-admin/server]2026-04-22 12:40:06.877	[34minfo[0m	/Users/a1/data/go/gin-vue-admin/server/service/quant/meilisearch.go:662	Loading news records	{"count": 250000}
[github.com/flipped-aurora/gin-vue-admin/server]2026-04-22 12:40:20.932	[34minfo[0m	/Users/a1/data/go/gin-vue-admin/server/service/quant/meilisearch.go:662	Loading news records	{"count": 260000}
[github.com/flipped-aurora/gin-vue-admin/server]2026-04-22 12:40:36.246	[34minfo[0m	/Users/a1/data/go/gin-vue-admin/server/service/quant/meilisearch.go:662	Loading news records	{"count": 270000}
[github.com/flipped-aurora/gin-vue-admin/server]2026-04-22 12:40:50.376	[34minfo[0m	/Users/a1/data/go/gin-vue-admin/server/service/quant/meilisearch.go:662	Loading news records	{"count": 280000}
[github.com/flipped-aurora/gin-vue-admin/server]2026-04-22 12:41:05.177	[34minfo[0m	/Users/a1/data/go/gin-vue-admin/server/service/quant/meilisearch.go:662	Loading news records	{"count": 290000}
[github.com/flipped-aurora/gin-vue-admin/server]2026-04-22 12:41:19.664	[34minfo[0m	/Users/a1/data/go/gin-vue-admin/server/service/quant/meilisearch.go:662	Loading news records	{"count": 300000}
[github.com/flipped-aurora/gin-vue-admin/server]2026-04-22 12:41:33.566	[34minfo[0m	/Users/a1/data/go/gin-vue-admin/server/service/quant/meilisearch.go:662	Loading news records	{"count": 310000}
[github.com/flipped-aurora/gin-vue-admin/server]2026-04-22 12:41:47.710	[34minfo[0m	/Users/a1/data/go/gin-vue-admin/server/service/quant/meilisearch.go:662	Loading news records	{"count": 320000}
[github.com/flipped-aurora/gin-vue-admin/server]2026-04-22 12:42:01.608	[34minfo[0m	/Users/a1/data/go/gin-vue-admin/server/service/quant/meilisearch.go:662	Loading news records	{"count": 330000}
[github.com/flipped-aurora/gin-vue-admin/server]2026-04-22 12:42:14.484	[34minfo[0m	/Users/a1/data/go/gin-vue-admin/server/service/quant/meilisearch.go:662	Loading news records	{"count": 340000}
[github.com/flipped-aurora/gin-vue-admin/server]2026-04-22 12:42:27.850	[34minfo[0m	/Users/a1/data/go/gin-vue-admin/server/service/quant/meilisearch.go:662	Loading news records	{"count": 350000}
[github.com/flipped-aurora/gin-vue-admin/server]2026-04-22 12:42:41.928	[34minfo[0m	/Users/a1/data/go/gin-vue-admin/server/service/quant/meilisearch.go:662	Loading news records	{"count": 360000}
[github.com/flipped-aurora/gin-vue-admin/server]2026-04-22 12:42:46.028	[34minfo[0m	/Users/a1/data/go/gin-vue-admin/server/service/quant/meilisearch.go:666	Loaded all news records from MySQL	{"total": 362717}
[github.com/flipped-aurora/gin-vue-admin/server]2026-04-22 12:42:46.855	[34minfo[0m	/Users/a1/data/go/gin-vue-admin/server/service/quant/meilisearch.go:367	Batch synced successfully	{"count": 1000, "taskUID": 765}
[github.com/flipped-aurora/gin-vue-admin/server]2026-04-22 12:42:48.036	[34minfo[0m	/Users/a1/data/go/gin-vue-admin/server/service/quant/meilisearch.go:367	Batch synced successfully	{"count": 1000, "taskUID": 766}
[github.com/flipped-aurora/gin-vue-admin/server]2026-04-22 12:42:48.854	[34minfo[0m	/Users/a1/data/go/gin-vue-admin/server/service/quant/meilisearch.go:367	Batch synced successfully	{"count": 1000, "taskUID": 767}
[github.com/flipped-aurora/gin-vue-admin/server]2026-04-22 12:42:50.471	[34minfo[0m	/Users/a1/data/go/gin-vue-admin/server/service/quant/meilisearch.go:367	Batch synced successfully	{"count": 1000, "taskUID": 768}
[github.com/flipped-aurora/gin-vue-admin/server]2026-04-22 12:42:51.287	[34minfo[0m	/Users/a1/data/go/gin-vue-admin/server/service/quant/meilisearch.go:367	Batch synced successfully	{"count": 1000, "taskUID": 769}
[github.com/flipped-aurora/gin-vue-admin/server]2026-04-22 12:42:52.013	[34minfo[0m	/Users/a1/data/go/gin-vue-admin/server/service/quant/meilisearch.go:367	Batch synced successfully	{"count": 1000, "taskUID": 770}
[github.com/flipped-aurora/gin-vue-admin/server]2026-04-22 12:42:52.738	[34minfo[0m	/Users/a1/data/go/gin-vue-admin/server/service/quant/meilisearch.go:367	Batch synced successfully	{"count": 1000, "taskUID": 771}
[github.com/flipped-aurora/gin-vue-admin/server]2026-04-22 12:42:53.486	[34minfo[0m	/Users/a1/data/go/gin-vue-admin/server/service/quant/meilisearch.go:367	Batch synced successfully	{"count": 1000, "taskUID": 772}
[github.com/flipped-aurora/gin-vue-admin/server]2026-04-22 12:42:54.219	[34minfo[0m	/Users/a1/data/go/gin-vue-admin/server/service/quant/meilisearch.go:367	Batch synced successfully	{"count": 1000, "taskUID": 773}
[github.com/flipped-aurora/gin-vue-admin/server]2026-04-22 12:42:54.952	[34minfo[0m	/Users/a1/data/go/gin-vue-admin/server/service/quant/meilisearch.go:367	Batch synced successfully	{"count": 1000, "taskUID": 774}
[github.com/flipped-aurora/gin-vue-admin/server]2026-04-22 12:42:55.926	[34minfo[0m	/Users/a1/data/go/gin-vue-admin/server/service/quant/meilisearch.go:367	Batch synced successfully	{"count": 1000, "taskUID": 775}
[github.com/flipped-aurora/gin-vue-admin/server]2026-04-22 12:42:56.713	[34minfo[0m	/Users/a1/data/go/gin-vue-admin/server/service/quant/meilisearch.go:367	Batch synced successfully	{"count": 1000, "taskUID": 776}
[github.com/flipped-aurora/gin-vue-admin/server]2026-04-22 12:42:57.485	[34minfo[0m	/Users/a1/data/go/gin-vue-admin/server/service/quant/meilisearch.go:367	Batch synced successfully	{"count": 1000, "taskUID": 777}
[github.com/flipped-aurora/gin-vue-admin/server]2026-04-22 12:42:58.260	[34minfo[0m	/Users/a1/data/go/gin-vue-admin/server/service/quant/meilisearch.go:367	Batch synced successfully	{"count": 1000, "taskUID": 778}
[github.com/flipped-aurora/gin-vue-admin/server]2026-04-22 12:42:59.274	[34minfo[0m	/Users/a1/data/go/gin-vue-admin/server/service/quant/meilisearch.go:367	Batch synced successfully	{"count": 1000, "taskUID": 779}
[github.com/flipped-aurora/gin-vue-admin/server]2026-04-22 12:43:00.030	[34minfo[0m	/Users/a1/data/go/gin-vue-admin/server/service/quant/meilisearch.go:367	Batch synced successfully	{"count": 1000, "taskUID": 780}
[github.com/flipped-aurora/gin-vue-admin/server]2026-04-22 12:43:00.763	[34minfo[0m	/Users/a1/data/go/gin-vue-admin/server/service/quant/meilisearch.go:367	Batch synced successfully	{"count": 1000, "taskUID": 781}
[github.com/flipped-aurora/gin-vue-admin/server]2026-04-22 12:43:01.515	[34minfo[0m	/Users/a1/data/go/gin-vue-admin/server/service/quant/meilisearch.go:367	Batch synced successfully	{"count": 1000, "taskUID": 782}
[github.com/flipped-aurora/gin-vue-admin/server]2026-04-22 12:43:02.481	[34minfo[0m	/Users/a1/data/go/gin-vue-admin/server/service/quant/meilisearch.go:367	Batch synced successfully	{"count": 1000, "taskUID": 783}
[github.com/flipped-aurora/gin-vue-admin/server]2026-04-22 12:43:03.420	[34minfo[0m	/Users/a1/data/go/gin-vue-admin/server/service/quant/meilisearch.go:367	Batch synced successfully	{"count": 1000, "taskUID": 784}
[github.com/flipped-aurora/gin-vue-admin/server]2026-04-22 12:43:04.401	[34minfo[0m	/Users/a1/data/go/gin-vue-admin/server/service/quant/meilisearch.go:367	Batch synced successfully	{"count": 1000, "taskUID": 785}
[github.com/flipped-aurora/gin-vue-admin/server]2026-04-22 12:43:05.418	[34minfo[0m	/Users/a1/data/go/gin-vue-admin/server/service/quant/meilisearch.go:367	Batch synced successfully	{"count": 1000, "taskUID": 786}
[github.com/flipped-aurora/gin-vue-admin/server]2026-04-22 12:43:06.405	[34minfo[0m	/Users/a1/data/go/gin-vue-admin/server/service/quant/meilisearch.go:367	Batch synced successfully	{"count": 1000, "taskUID": 787}
[github.com/flipped-aurora/gin-vue-admin/server]2026-04-22 12:43:07.411	[34minfo[0m	/Users/a1/data/go/gin-vue-admin/server/service/quant/meilisearch.go:367	Batch synced successfully	{"count": 1000, "taskUID": 788}
[github.com/flipped-aurora/gin-vue-admin/server]2026-04-22 12:43:08.367	[34minfo[0m	/Users/a1/data/go/gin-vue-admin/server/service/quant/meilisearch.go:367	Batch synced successfully	{"count": 1000, "taskUID": 789}
[github.com/flipped-aurora/gin-vue-admin/server]2026-04-22 12:43:09.364	[34minfo[0m	/Users/a1/data/go/gin-vue-admin/server/service/quant/meilisearch.go:367	Batch synced successfully	{"count": 1000, "taskUID": 790}
[github.com/flipped-aurora/gin-vue-admin/server]2026-04-22 12:43:10.364	[34minfo[0m	/Users/a1/data/go/gin-vue-admin/server/service/quant/meilisearch.go:367	Batch synced successfully	{"count": 1000, "taskUID": 791}
[github.com/flipped-aurora/gin-vue-admin/server]2026-04-22 12:43:11.355	[34minfo[0m	/Users/a1/data/go/gin-vue-admin/server/service/quant/meilisearch.go:367	Batch synced successfully	{"count": 1000, "taskUID": 792}
[github.com/flipped-aurora/gin-vue-admin/server]2026-04-22 12:43:12.769	[34minfo[0m	/Users/a1/data/go/gin-vue-admin/server/service/quant/meilisearch.go:367	Batch synced successfully	{"count": 1000, "taskUID": 793}
[github.com/flipped-aurora/gin-vue-admin/server]2026-04-22 12:43:14.169	[34minfo[0m	/Users/a1/data/go/gin-vue-admin/server/service/quant/meilisearch.go:367	Batch synced successfully	{"count": 1000, "taskUID": 794}
[github.com/flipped-aurora/gin-vue-admin/server]2026-04-22 12:43:15.602	[34minfo[0m	/Users/a1/data/go/gin-vue-admin/server/service/quant/meilisearch.go:367	Batch synced successfully	{"count": 1000, "taskUID": 795}
[github.com/flipped-aurora/gin-vue-admin/server]2026-04-22 12:43:17.301	[34minfo[0m	/Users/a1/data/go/gin-vue-admin/server/service/quant/meilisearch.go:367	Batch synced successfully	{"count": 1000, "taskUID": 796}
[github.com/flipped-aurora/gin-vue-admin/server]2026-04-22 12:43:19.111	[34minfo[0m	/Users/a1/data/go/gin-vue-admin/server/service/quant/meilisearch.go:367	Batch synced successfully	{"count": 1000, "taskUID": 797}
[github.com/flipped-aurora/gin-vue-admin/server]2026-04-22 12:43:20.969	[34minfo[0m	/Users/a1/data/go/gin-vue-admin/server/service/quant/meilisearch.go:367	Batch synced successfully	{"count": 1000, "taskUID": 798}
[github.com/flipped-aurora/gin-vue-admin/server]2026-04-22 12:43:23.079	[34minfo[0m	/Users/a1/data/go/gin-vue-admin/server/service/quant/meilisearch.go:367	Batch synced successfully	{"count": 1000, "taskUID": 799}
[github.com/flipped-aurora/gin-vue-admin/server]2026-04-22 12:43:25.413	[34minfo[0m	/Users/a1/data/go/gin-vue-admin/server/service/quant/meilisearch.go:367	Batch synced successfully	{"count": 1000, "taskUID": 800}
[github.com/flipped-aurora/gin-vue-admin/server]2026-04-22 12:43:27.597	[34minfo[0m	/Users/a1/data/go/gin-vue-admin/server/service/quant/meilisearch.go:367	Batch synced successfully	{"count": 1000, "taskUID": 801}
[github.com/flipped-aurora/gin-vue-admin/server]2026-04-22 12:43:30.321	[34minfo[0m	/Users/a1/data/go/gin-vue-admin/server/service/quant/meilisearch.go:367	Batch synced successfully	{"count": 1000, "taskUID": 802}
[github.com/flipped-aurora/gin-vue-admin/server]2026-04-22 12:43:33.258	[34minfo[0m	/Users/a1/data/go/gin-vue-admin/server/service/quant/meilisearch.go:367	Batch synced successfully	{"count": 1000, "taskUID": 803}
[github.com/flipped-aurora/gin-vue-admin/server]2026-04-22 12:43:36.102	[34minfo[0m	/Users/a1/data/go/gin-vue-admin/server/service/quant/meilisearch.go:367	Batch synced successfully	{"count": 1000, "taskUID": 804}
[github.com/flipped-aurora/gin-vue-admin/server]2026-04-22 12:43:39.452	[34minfo[0m	/Users/a1/data/go/gin-vue-admin/server/service/quant/meilisearch.go:367	Batch synced successfully	{"count": 1000, "taskUID": 805}
[github.com/flipped-aurora/gin-vue-admin/server]2026-04-22 12:43:43.200	[34minfo[0m	/Users/a1/data/go/gin-vue-admin/server/service/quant/meilisearch.go:367	Batch synced successfully	{"count": 1000, "taskUID": 806}
[github.com/flipped-aurora/gin-vue-admin/server]2026-04-22 12:43:46.936	[34minfo[0m	/Users/a1/data/go/gin-vue-admin/server/service/quant/meilisearch.go:367	Batch synced successfully	{"count": 1000, "taskUID": 807}
[github.com/flipped-aurora/gin-vue-admin/server]2026-04-22 12:43:51.214	[34minfo[0m	/Users/a1/data/go/gin-vue-admin/server/service/quant/meilisearch.go:367	Batch synced successfully	{"count": 1000, "taskUID": 808}
[github.com/flipped-aurora/gin-vue-admin/server]2026-04-22 12:43:55.631	[34minfo[0m	/Users/a1/data/go/gin-vue-admin/server/service/quant/meilisearch.go:367	Batch synced successfully	{"count": 1000, "taskUID": 809}
[github.com/flipped-aurora/gin-vue-admin/server]2026-04-22 12:44:00.238	[34minfo[0m	/Users/a1/data/go/gin-vue-admin/server/service/quant/meilisearch.go:367	Batch synced successfully	{"count": 1000, "taskUID": 810}
[github.com/flipped-aurora/gin-vue-admin/server]2026-04-22 12:44:05.102	[34minfo[0m	/Users/a1/data/go/gin-vue-admin/server/service/quant/meilisearch.go:367	Batch synced successfully	{"count": 1000, "taskUID": 811}
[github.com/flipped-aurora/gin-vue-admin/server]2026-04-22 12:44:10.462	[34minfo[0m	/Users/a1/data/go/gin-vue-admin/server/service/quant/meilisearch.go:367	Batch synced successfully	{"count": 1000, "taskUID": 812}
[github.com/flipped-aurora/gin-vue-admin/server]2026-04-22 12:44:15.784	[34minfo[0m	/Users/a1/data/go/gin-vue-admin/server/service/quant/meilisearch.go:367	Batch synced successfully	{"count": 1000, "taskUID": 813}
[github.com/flipped-aurora/gin-vue-admin/server]2026-04-22 12:44:21.511	[34minfo[0m	/Users/a1/data/go/gin-vue-admin/server/service/quant/meilisearch.go:367	Batch synced successfully	{"count": 1000, "taskUID": 814}
[github.com/flipped-aurora/gin-vue-admin/server]2026-04-22 12:44:27.239	[34minfo[0m	/Users/a1/data/go/gin-vue-admin/server/service/quant/meilisearch.go:367	Batch synced successfully	{"count": 1000, "taskUID": 815}
[github.com/flipped-aurora/gin-vue-admin/server]2026-04-22 12:44:33.432	[34minfo[0m	/Users/a1/data/go/gin-vue-admin/server/service/quant/meilisearch.go:367	Batch synced successfully	{"count": 1000, "taskUID": 816}
[github.com/flipped-aurora/gin-vue-admin/server]2026-04-22 12:44:46.330	[34minfo[0m	/Users/a1/data/go/gin-vue-admin/server/service/quant/meilisearch.go:367	Batch synced successfully	{"count": 1000, "taskUID": 818}
[github.com/flipped-aurora/gin-vue-admin/server]2026-04-22 13:05:21.792	[34minfo[0m	/Users/a1/data/go/gin-vue-admin/server/service/quant/meilisearch.go:367	Batch synced successfully	{"count": 1000, "taskUID": 826}
[github.com/flipped-aurora/gin-vue-admin/server]2026-04-22 13:05:30.218	[34minfo[0m	/Users/a1/data/go/gin-vue-admin/server/service/quant/meilisearch.go:367	Batch synced successfully	{"count": 1000, "taskUID": 827}
[github.com/flipped-aurora/gin-vue-admin/server]2026-04-22 13:28:12.881	[34minfo[0m	/Users/a1/data/go/gin-vue-admin/server/api/v1/quant/news.go:313	开始全量同步数据到 Meilisearch
[github.com/flipped-aurora/gin-vue-admin/server]2026-04-22 13:28:12.882	[34minfo[0m	/Users/a1/data/go/gin-vue-admin/server/service/quant/meilisearch.go:635	Starting full sync to Meilisearch
[github.com/flipped-aurora/gin-vue-admin/server]2026-04-22 13:28:25.140	[34minfo[0m	/Users/a1/data/go/gin-vue-admin/server/service/quant/meilisearch.go:662	Loading news records	{"count": 10000}
[github.com/flipped-aurora/gin-vue-admin/server]2026-04-22 13:28:38.714	[34minfo[0m	/Users/a1/data/go/gin-vue-admin/server/service/quant/meilisearch.go:662	Loading news records	{"count": 20000}
[github.com/flipped-aurora/gin-vue-admin/server]2026-04-22 13:28:52.483	[34minfo[0m	/Users/a1/data/go/gin-vue-admin/server/service/quant/meilisearch.go:662	Loading news records	{"count": 30000}
[github.com/flipped-aurora/gin-vue-admin/server]2026-04-22 13:29:06.404	[34minfo[0m	/Users/a1/data/go/gin-vue-admin/server/service/quant/meilisearch.go:662	Loading news records	{"count": 40000}
[github.com/flipped-aurora/gin-vue-admin/server]2026-04-22 13:29:19.897	[34minfo[0m	/Users/a1/data/go/gin-vue-admin/server/service/quant/meilisearch.go:662	Loading news records	{"count": 50000}
[github.com/flipped-aurora/gin-vue-admin/server]2026-04-22 13:29:33.272	[34minfo[0m	/Users/a1/data/go/gin-vue-admin/server/service/quant/meilisearch.go:662	Loading news records	{"count": 60000}
[github.com/flipped-aurora/gin-vue-admin/server]2026-04-22 13:29:47.623	[34minfo[0m	/Users/a1/data/go/gin-vue-admin/server/service/quant/meilisearch.go:662	Loading news records	{"count": 70000}
[github.com/flipped-aurora/gin-vue-admin/server]2026-04-22 13:30:02.105	[34minfo[0m	/Users/a1/data/go/gin-vue-admin/server/service/quant/meilisearch.go:662	Loading news records	{"count": 80000}
[github.com/flipped-aurora/gin-vue-admin/server]2026-04-22 13:30:15.966	[34minfo[0m	/Users/a1/data/go/gin-vue-admin/server/service/quant/meilisearch.go:662	Loading news records	{"count": 90000}
[github.com/flipped-aurora/gin-vue-admin/server]2026-04-22 13:30:30.177	[34minfo[0m	/Users/a1/data/go/gin-vue-admin/server/service/quant/meilisearch.go:662	Loading news records	{"count": 100000}
[github.com/flipped-aurora/gin-vue-admin/server]2026-04-22 13:30:45.347	[34minfo[0m	/Users/a1/data/go/gin-vue-admin/server/service/quant/meilisearch.go:662	Loading news records	{"count": 110000}
[github.com/flipped-aurora/gin-vue-admin/server]2026-04-22 13:30:59.640	[34minfo[0m	/Users/a1/data/go/gin-vue-admin/server/service/quant/meilisearch.go:662	Loading news records	{"count": 120000}
[github.com/flipped-aurora/gin-vue-admin/server]2026-04-22 13:31:14.839	[34minfo[0m	/Users/a1/data/go/gin-vue-admin/server/service/quant/meilisearch.go:662	Loading news records	{"count": 130000}
[github.com/flipped-aurora/gin-vue-admin/server]2026-04-22 13:31:29.755	[34minfo[0m	/Users/a1/data/go/gin-vue-admin/server/service/quant/meilisearch.go:662	Loading news records	{"count": 140000}
[github.com/flipped-aurora/gin-vue-admin/server]2026-04-22 13:31:44.683	[34minfo[0m	/Users/a1/data/go/gin-vue-admin/server/service/quant/meilisearch.go:662	Loading news records	{"count": 150000}
[github.com/flipped-aurora/gin-vue-admin/server]2026-04-22 13:31:58.392	[34minfo[0m	/Users/a1/data/go/gin-vue-admin/server/service/quant/meilisearch.go:662	Loading news records	{"count": 160000}
[github.com/flipped-aurora/gin-vue-admin/server]2026-04-22 13:32:12.062	[34minfo[0m	/Users/a1/data/go/gin-vue-admin/server/service/quant/meilisearch.go:662	Loading news records	{"count": 170000}
[github.com/flipped-aurora/gin-vue-admin/server]2026-04-22 13:32:24.709	[34minfo[0m	/Users/a1/data/go/gin-vue-admin/server/service/quant/meilisearch.go:662	Loading news records	{"count": 180000}
[github.com/flipped-aurora/gin-vue-admin/server]2026-04-22 13:32:38.302	[34minfo[0m	/Users/a1/data/go/gin-vue-admin/server/service/quant/meilisearch.go:662	Loading news records	{"count": 190000}
[github.com/flipped-aurora/gin-vue-admin/server]2026-04-22 13:32:52.744	[34minfo[0m	/Users/a1/data/go/gin-vue-admin/server/service/quant/meilisearch.go:662	Loading news records	{"count": 200000}
[github.com/flipped-aurora/gin-vue-admin/server]2026-04-22 13:33:06.815	[34minfo[0m	/Users/a1/data/go/gin-vue-admin/server/service/quant/meilisearch.go:662	Loading news records	{"count": 210000}
[github.com/flipped-aurora/gin-vue-admin/server]2026-04-22 13:33:20.608	[34minfo[0m	/Users/a1/data/go/gin-vue-admin/server/service/quant/meilisearch.go:662	Loading news records	{"count": 220000}
[github.com/flipped-aurora/gin-vue-admin/server]2026-04-22 13:33:33.851	[34minfo[0m	/Users/a1/data/go/gin-vue-admin/server/service/quant/meilisearch.go:662	Loading news records	{"count": 230000}
[github.com/flipped-aurora/gin-vue-admin/server]2026-04-22 13:33:47.882	[34minfo[0m	/Users/a1/data/go/gin-vue-admin/server/service/quant/meilisearch.go:662	Loading news records	{"count": 240000}
[github.com/flipped-aurora/gin-vue-admin/server]2026-04-22 13:34:02.314	[34minfo[0m	/Users/a1/data/go/gin-vue-admin/server/service/quant/meilisearch.go:662	Loading news records	{"count": 250000}
[github.com/flipped-aurora/gin-vue-admin/server]2026-04-22 13:34:16.466	[34minfo[0m	/Users/a1/data/go/gin-vue-admin/server/service/quant/meilisearch.go:662	Loading news records	{"count": 260000}
[github.com/flipped-aurora/gin-vue-admin/server]2026-04-22 13:34:31.281	[34minfo[0m	/Users/a1/data/go/gin-vue-admin/server/service/quant/meilisearch.go:662	Loading news records	{"count": 270000}
[github.com/flipped-aurora/gin-vue-admin/server]2026-04-22 13:34:46.219	[34minfo[0m	/Users/a1/data/go/gin-vue-admin/server/service/quant/meilisearch.go:662	Loading news records	{"count": 280000}
[github.com/flipped-aurora/gin-vue-admin/server]2026-04-22 13:35:00.973	[34minfo[0m	/Users/a1/data/go/gin-vue-admin/server/service/quant/meilisearch.go:662	Loading news records	{"count": 290000}
[github.com/flipped-aurora/gin-vue-admin/server]2026-04-22 13:35:15.393	[34minfo[0m	/Users/a1/data/go/gin-vue-admin/server/service/quant/meilisearch.go:662	Loading news records	{"count": 300000}
[github.com/flipped-aurora/gin-vue-admin/server]2026-04-22 13:35:29.292	[34minfo[0m	/Users/a1/data/go/gin-vue-admin/server/service/quant/meilisearch.go:662	Loading news records	{"count": 310000}
[github.com/flipped-aurora/gin-vue-admin/server]2026-04-22 13:35:43.656	[34minfo[0m	/Users/a1/data/go/gin-vue-admin/server/service/quant/meilisearch.go:662	Loading news records	{"count": 320000}
[github.com/flipped-aurora/gin-vue-admin/server]2026-04-22 13:35:57.135	[34minfo[0m	/Users/a1/data/go/gin-vue-admin/server/service/quant/meilisearch.go:662	Loading news records	{"count": 330000}
[github.com/flipped-aurora/gin-vue-admin/server]2026-04-22 13:36:10.334	[34minfo[0m	/Users/a1/data/go/gin-vue-admin/server/service/quant/meilisearch.go:662	Loading news records	{"count": 340000}
[github.com/flipped-aurora/gin-vue-admin/server]2026-04-22 13:36:24.163	[34minfo[0m	/Users/a1/data/go/gin-vue-admin/server/service/quant/meilisearch.go:662	Loading news records	{"count": 350000}
[github.com/flipped-aurora/gin-vue-admin/server]2026-04-22 13:36:37.968	[34minfo[0m	/Users/a1/data/go/gin-vue-admin/server/service/quant/meilisearch.go:662	Loading news records	{"count": 360000}
[github.com/flipped-aurora/gin-vue-admin/server]2026-04-22 13:36:42.320	[34minfo[0m	/Users/a1/data/go/gin-vue-admin/server/service/quant/meilisearch.go:666	Loaded all news records from MySQL	{"total": 362755}
[github.com/flipped-aurora/gin-vue-admin/server]2026-04-22 13:40:27.785	[34minfo[0m	/Users/a1/data/go/gin-vue-admin/server/service/quant/meilisearch.go:671	Full sync completed	{"total": 362717, "success": 55000, "failure": 307717}
[github.com/flipped-aurora/gin-vue-admin/server]2026-04-22 13:41:25.926	[34minfo[0m	/Users/a1/data/go/gin-vue-admin/server/service/quant/meilisearch.go:367	Batch synced successfully	{"count": 1000, "taskUID": 1169}
[github.com/flipped-aurora/gin-vue-admin/server]2026-04-22 13:41:26.235	[34minfo[0m	/Users/a1/data/go/gin-vue-admin/server/service/quant/meilisearch.go:367	Batch synced successfully	{"count": 1000, "taskUID": 1170}
[github.com/flipped-aurora/gin-vue-admin/server]2026-04-22 13:41:26.522	[34minfo[0m	/Users/a1/data/go/gin-vue-admin/server/service/quant/meilisearch.go:367	Batch synced successfully	{"count": 1000, "taskUID": 1171}
[github.com/flipped-aurora/gin-vue-admin/server]2026-04-22 13:41:26.803	[34minfo[0m	/Users/a1/data/go/gin-vue-admin/server/service/quant/meilisearch.go:367	Batch synced successfully	{"count": 1000, "taskUID": 1172}
[github.com/flipped-aurora/gin-vue-admin/server]2026-04-22 13:41:27.105	[34minfo[0m	/Users/a1/data/go/gin-vue-admin/server/service/quant/meilisearch.go:367	Batch synced successfully	{"count": 1000, "taskUID": 1173}
[github.com/flipped-aurora/gin-vue-admin/server]2026-04-22 13:41:27.393	[34minfo[0m	/Users/a1/data/go/gin-vue-admin/server/service/quant/meilisearch.go:367	Batch synced successfully	{"count": 1000, "taskUID": 1174}
[github.com/flipped-aurora/gin-vue-admin/server]2026-04-22 13:41:27.699	[34minfo[0m	/Users/a1/data/go/gin-vue-admin/server/service/quant/meilisearch.go:367	Batch synced successfully	{"count": 1000, "taskUID": 1175}
[github.com/flipped-aurora/gin-vue-admin/server]2026-04-22 13:41:28.012	[34minfo[0m	/Users/a1/data/go/gin-vue-admin/server/service/quant/meilisearch.go:367	Batch synced successfully	{"count": 1000, "taskUID": 1176}
[github.com/flipped-aurora/gin-vue-admin/server]2026-04-22 13:41:28.310	[34minfo[0m	/Users/a1/data/go/gin-vue-admin/server/service/quant/meilisearch.go:367	Batch synced successfully	{"count": 1000, "taskUID": 1177}
[github.com/flipped-aurora/gin-vue-admin/server]2026-04-22 13:41:28.608	[34minfo[0m	/Users/a1/data/go/gin-vue-admin/server/service/quant/meilisearch.go:367	Batch synced successfully	{"count": 1000, "taskUID": 1178}
[github.com/flipped-aurora/gin-vue-admin/server]2026-04-22 13:41:28.920	[34minfo[0m	/Users/a1/data/go/gin-vue-admin/server/service/quant/meilisearch.go:367	Batch synced successfully	{"count": 1000, "taskUID": 1179}
[github.com/flipped-aurora/gin-vue-admin/server]2026-04-22 13:41:29.221	[34minfo[0m	/Users/a1/data/go/gin-vue-admin/server/service/quant/meilisearch.go:367	Batch synced successfully	{"count": 1000, "taskUID": 1180}
[github.com/flipped-aurora/gin-vue-admin/server]2026-04-22 13:41:29.529	[34minfo[0m	/Users/a1/data/go/gin-vue-admin/server/service/quant/meilisearch.go:367	Batch synced successfully	{"count": 1000, "taskUID": 1181}
[github.com/flipped-aurora/gin-vue-admin/server]2026-04-22 13:41:29.829	[34minfo[0m	/Users/a1/data/go/gin-vue-admin/server/service/quant/meilisearch.go:367	Batch synced successfully	{"count": 1000, "taskUID": 1182}
[github.com/flipped-aurora/gin-vue-admin/server]2026-04-22 13:41:30.117	[34minfo[0m	/Users/a1/data/go/gin-vue-admin/server/service/quant/meilisearch.go:367	Batch synced successfully	{"count": 1000, "taskUID": 1183}
[github.com/flipped-aurora/gin-vue-admin/server]2026-04-22 13:41:30.403	[34minfo[0m	/Users/a1/data/go/gin-vue-admin/server/service/quant/meilisearch.go:367	Batch synced successfully	{"count": 1000, "taskUID": 1184}
[github.com/flipped-aurora/gin-vue-admin/server]2026-04-22 13:41:30.807	[34minfo[0m	/Users/a1/data/go/gin-vue-admin/server/service/quant/meilisearch.go:367	Batch synced successfully	{"count": 1000, "taskUID": 1185}
[github.com/flipped-aurora/gin-vue-admin/server]2026-04-22 13:41:31.098	[34minfo[0m	/Users/a1/data/go/gin-vue-admin/server/service/quant/meilisearch.go:367	Batch synced successfully	{"count": 1000, "taskUID": 1186}
[github.com/flipped-aurora/gin-vue-admin/server]2026-04-22 13:41:31.386	[34minfo[0m	/Users/a1/data/go/gin-vue-admin/server/service/quant/meilisearch.go:367	Batch synced successfully	{"count": 1000, "taskUID": 1187}
[github.com/flipped-aurora/gin-vue-admin/server]2026-04-22 13:41:31.687	[34minfo[0m	/Users/a1/data/go/gin-vue-admin/server/service/quant/meilisearch.go:367	Batch synced successfully	{"count": 1000, "taskUID": 1188}
[github.com/flipped-aurora/gin-vue-admin/server]2026-04-22 13:41:32.003	[34minfo[0m	/Users/a1/data/go/gin-vue-admin/server/service/quant/meilisearch.go:367	Batch synced successfully	{"count": 1000, "taskUID": 1189}
[github.com/flipped-aurora/gin-vue-admin/server]2026-04-22 13:41:32.324	[34minfo[0m	/Users/a1/data/go/gin-vue-admin/server/service/quant/meilisearch.go:367	Batch synced successfully	{"count": 1000, "taskUID": 1190}
[github.com/flipped-aurora/gin-vue-admin/server]2026-04-22 13:41:32.611	[34minfo[0m	/Users/a1/data/go/gin-vue-admin/server/service/quant/meilisearch.go:367	Batch synced successfully	{"count": 1000, "taskUID": 1191}
[github.com/flipped-aurora/gin-vue-admin/server]2026-04-22 13:41:32.899	[34minfo[0m	/Users/a1/data/go/gin-vue-admin/server/service/quant/meilisearch.go:367	Batch synced successfully	{"count": 1000, "taskUID": 1192}
[github.com/flipped-aurora/gin-vue-admin/server]2026-04-22 13:41:33.199	[34minfo[0m	/Users/a1/data/go/gin-vue-admin/server/service/quant/meilisearch.go:367	Batch synced successfully	{"count": 1000, "taskUID": 1193}
[github.com/flipped-aurora/gin-vue-admin/server]2026-04-22 13:41:33.515	[34minfo[0m	/Users/a1/data/go/gin-vue-admin/server/service/quant/meilisearch.go:367	Batch synced successfully	{"count": 1000, "taskUID": 1194}
[github.com/flipped-aurora/gin-vue-admin/server]2026-04-22 13:41:33.810	[34minfo[0m	/Users/a1/data/go/gin-vue-admin/server/service/quant/meilisearch.go:367	Batch synced successfully	{"count": 1000, "taskUID": 1195}
[github.com/flipped-aurora/gin-vue-admin/server]2026-04-22 13:41:34.103	[34minfo[0m	/Users/a1/data/go/gin-vue-admin/server/service/quant/meilisearch.go:367	Batch synced successfully	{"count": 1000, "taskUID": 1196}
[github.com/flipped-aurora/gin-vue-admin/server]2026-04-22 13:41:34.400	[34minfo[0m	/Users/a1/data/go/gin-vue-admin/server/service/quant/meilisearch.go:367	Batch synced successfully	{"count": 1000, "taskUID": 1197}
[github.com/flipped-aurora/gin-vue-admin/server]2026-04-22 13:41:34.713	[34minfo[0m	/Users/a1/data/go/gin-vue-admin/server/service/quant/meilisearch.go:367	Batch synced successfully	{"count": 1000, "taskUID": 1198}
[github.com/flipped-aurora/gin-vue-admin/server]2026-04-22 13:41:35.048	[34minfo[0m	/Users/a1/data/go/gin-vue-admin/server/service/quant/meilisearch.go:367	Batch synced successfully	{"count": 1000, "taskUID": 1199}
[github.com/flipped-aurora/gin-vue-admin/server]2026-04-22 13:41:35.358	[34minfo[0m	/Users/a1/data/go/gin-vue-admin/server/service/quant/meilisearch.go:367	Batch synced successfully	{"count": 1000, "taskUID": 1200}
[github.com/flipped-aurora/gin-vue-admin/server]2026-04-22 13:41:35.667	[34minfo[0m	/Users/a1/data/go/gin-vue-admin/server/service/quant/meilisearch.go:367	Batch synced successfully	{"count": 1000, "taskUID": 1201}
[github.com/flipped-aurora/gin-vue-admin/server]2026-04-22 13:41:35.968	[34minfo[0m	/Users/a1/data/go/gin-vue-admin/server/service/quant/meilisearch.go:367	Batch synced successfully	{"count": 1000, "taskUID": 1202}
[github.com/flipped-aurora/gin-vue-admin/server]2026-04-22 13:41:36.317	[34minfo[0m	/Users/a1/data/go/gin-vue-admin/server/service/quant/meilisearch.go:367	Batch synced successfully	{"count": 1000, "taskUID": 1203}
[github.com/flipped-aurora/gin-vue-admin/server]2026-04-22 13:41:36.610	[34minfo[0m	/Users/a1/data/go/gin-vue-admin/server/service/quant/meilisearch.go:367	Batch synced successfully	{"count": 1000, "taskUID": 1204}
[github.com/flipped-aurora/gin-vue-admin/server]2026-04-22 13:41:36.924	[34minfo[0m	/Users/a1/data/go/gin-vue-admin/server/service/quant/meilisearch.go:367	Batch synced successfully	{"count": 1000, "taskUID": 1205}
[github.com/flipped-aurora/gin-vue-admin/server]2026-04-22 13:41:37.242	[34minfo[0m	/Users/a1/data/go/gin-vue-admin/server/service/quant/meilisearch.go:367	Batch synced successfully	{"count": 1000, "taskUID": 1206}
[github.com/flipped-aurora/gin-vue-admin/server]2026-04-22 13:41:37.532	[34minfo[0m	/Users/a1/data/go/gin-vue-admin/server/service/quant/meilisearch.go:367	Batch synced successfully	{"count": 1000, "taskUID": 1207}
[github.com/flipped-aurora/gin-vue-admin/server]2026-04-22 13:41:37.819	[34minfo[0m	/Users/a1/data/go/gin-vue-admin/server/service/quant/meilisearch.go:367	Batch synced successfully	{"count": 1000, "taskUID": 1208}
[github.com/flipped-aurora/gin-vue-admin/server]2026-04-22 13:41:38.140	[34minfo[0m	/Users/a1/data/go/gin-vue-admin/server/service/quant/meilisearch.go:367	Batch synced successfully	{"count": 1000, "taskUID": 1209}
[github.com/flipped-aurora/gin-vue-admin/server]2026-04-22 13:41:38.446	[34minfo[0m	/Users/a1/data/go/gin-vue-admin/server/service/quant/meilisearch.go:367	Batch synced successfully	{"count": 1000, "taskUID": 1210}
[github.com/flipped-aurora/gin-vue-admin/server]2026-04-22 13:41:38.761	[34minfo[0m	/Users/a1/data/go/gin-vue-admin/server/service/quant/meilisearch.go:367	Batch synced successfully	{"count": 1000, "taskUID": 1211}
[github.com/flipped-aurora/gin-vue-admin/server]2026-04-22 13:41:39.079	[34minfo[0m	/Users/a1/data/go/gin-vue-admin/server/service/quant/meilisearch.go:367	Batch synced successfully	{"count": 1000, "taskUID": 1212}
[github.com/flipped-aurora/gin-vue-admin/server]2026-04-22 13:41:39.357	[34minfo[0m	/Users/a1/data/go/gin-vue-admin/server/service/quant/meilisearch.go:367	Batch synced successfully	{"count": 1000, "taskUID": 1213}
[github.com/flipped-aurora/gin-vue-admin/server]2026-04-22 13:41:39.645	[34minfo[0m	/Users/a1/data/go/gin-vue-admin/server/service/quant/meilisearch.go:367	Batch synced successfully	{"count": 1000, "taskUID": 1214}
[github.com/flipped-aurora/gin-vue-admin/server]2026-04-22 13:41:39.956	[34minfo[0m	/Users/a1/data/go/gin-vue-admin/server/service/quant/meilisearch.go:367	Batch synced successfully	{"count": 1000, "taskUID": 1215}
[github.com/flipped-aurora/gin-vue-admin/server]2026-04-22 13:41:40.251	[34minfo[0m	/Users/a1/data/go/gin-vue-admin/server/service/quant/meilisearch.go:367	Batch synced successfully	{"count": 1000, "taskUID": 1216}
[github.com/flipped-aurora/gin-vue-admin/server]2026-04-22 13:41:40.581	[34minfo[0m	/Users/a1/data/go/gin-vue-admin/server/service/quant/meilisearch.go:367	Batch synced successfully	{"count": 1000, "taskUID": 1217}
[github.com/flipped-aurora/gin-vue-admin/server]2026-04-22 13:41:40.922	[34minfo[0m	/Users/a1/data/go/gin-vue-admin/server/service/quant/meilisearch.go:367	Batch synced successfully	{"count": 1000, "taskUID": 1218}
[github.com/flipped-aurora/gin-vue-admin/server]2026-04-22 13:41:41.241	[34minfo[0m	/Users/a1/data/go/gin-vue-admin/server/service/quant/meilisearch.go:367	Batch synced successfully	{"count": 1000, "taskUID": 1219}
[github.com/flipped-aurora/gin-vue-admin/server]2026-04-22 13:41:41.537	[34minfo[0m	/Users/a1/data/go/gin-vue-admin/server/service/quant/meilisearch.go:367	Batch synced successfully	{"count": 1000, "taskUID": 1220}
[github.com/flipped-aurora/gin-vue-admin/server]2026-04-22 13:41:41.829	[34minfo[0m	/Users/a1/data/go/gin-vue-admin/server/service/quant/meilisearch.go:367	Batch synced successfully	{"count": 1000, "taskUID": 1221}
[github.com/flipped-aurora/gin-vue-admin/server]2026-04-22 13:41:42.138	[34minfo[0m	/Users/a1/data/go/gin-vue-admin/server/service/quant/meilisearch.go:367	Batch synced successfully	{"count": 1000, "taskUID": 1222}
[github.com/flipped-aurora/gin-vue-admin/server]2026-04-22 13:41:42.448	[34minfo[0m	/Users/a1/data/go/gin-vue-admin/server/service/quant/meilisearch.go:367	Batch synced successfully	{"count": 1000, "taskUID": 1223}
[github.com/flipped-aurora/gin-vue-admin/server]2026-04-22 13:41:42.730	[34minfo[0m	/Users/a1/data/go/gin-vue-admin/server/service/quant/meilisearch.go:367	Batch synced successfully	{"count": 1000, "taskUID": 1224}
[github.com/flipped-aurora/gin-vue-admin/server]2026-04-22 13:41:43.015	[34minfo[0m	/Users/a1/data/go/gin-vue-admin/server/service/quant/meilisearch.go:367	Batch synced successfully	{"count": 1000, "taskUID": 1225}
[github.com/flipped-aurora/gin-vue-admin/server]2026-04-22 13:41:43.346	[34minfo[0m	/Users/a1/data/go/gin-vue-admin/server/service/quant/meilisearch.go:367	Batch synced successfully	{"count": 1000, "taskUID": 1226}
[github.com/flipped-aurora/gin-vue-admin/server]2026-04-22 13:41:43.634	[34minfo[0m	/Users/a1/data/go/gin-vue-admin/server/service/quant/meilisearch.go:367	Batch synced successfully	{"count": 1000, "taskUID": 1227}
[github.com/flipped-aurora/gin-vue-admin/server]2026-04-22 13:41:43.941	[34minfo[0m	/Users/a1/data/go/gin-vue-admin/server/service/quant/meilisearch.go:367	Batch synced successfully	{"count": 1000, "taskUID": 1228}
[github.com/flipped-aurora/gin-vue-admin/server]2026-04-22 13:41:44.237	[34minfo[0m	/Users/a1/data/go/gin-vue-admin/server/service/quant/meilisearch.go:367	Batch synced successfully	{"count": 1000, "taskUID": 1229}
[github.com/flipped-aurora/gin-vue-admin/server]2026-04-22 13:41:44.551	[34minfo[0m	/Users/a1/data/go/gin-vue-admin/server/service/quant/meilisearch.go:367	Batch synced successfully	{"count": 1000, "taskUID": 1230}
[github.com/flipped-aurora/gin-vue-admin/server]2026-04-22 13:41:44.881	[34minfo[0m	/Users/a1/data/go/gin-vue-admin/server/service/quant/meilisearch.go:367	Batch synced successfully	{"count": 1000, "taskUID": 1231}
[github.com/flipped-aurora/gin-vue-admin/server]2026-04-22 13:41:45.173	[34minfo[0m	/Users/a1/data/go/gin-vue-admin/server/service/quant/meilisearch.go:367	Batch synced successfully	{"count": 1000, "taskUID": 1232}
[github.com/flipped-aurora/gin-vue-admin/server]2026-04-22 13:41:45.528	[34minfo[0m	/Users/a1/data/go/gin-vue-admin/server/service/quant/meilisearch.go:367	Batch synced successfully	{"count": 1000, "taskUID": 1233}
[github.com/flipped-aurora/gin-vue-admin/server]2026-04-22 13:41:45.820	[34minfo[0m	/Users/a1/data/go/gin-vue-admin/server/service/quant/meilisearch.go:367	Batch synced successfully	{"count": 1000, "taskUID": 1234}
[github.com/flipped-aurora/gin-vue-admin/server]2026-04-22 13:41:46.117	[34minfo[0m	/Users/a1/data/go/gin-vue-admin/server/service/quant/meilisearch.go:367	Batch synced successfully	{"count": 1000, "taskUID": 1235}
[github.com/flipped-aurora/gin-vue-admin/server]2026-04-22 13:41:46.439	[34minfo[0m	/Users/a1/data/go/gin-vue-admin/server/service/quant/meilisearch.go:367	Batch synced successfully	{"count": 1000, "taskUID": 1236}
[github.com/flipped-aurora/gin-vue-admin/server]2026-04-22 13:41:46.742	[34minfo[0m	/Users/a1/data/go/gin-vue-admin/server/service/quant/meilisearch.go:367	Batch synced successfully	{"count": 1000, "taskUID": 1237}
[github.com/flipped-aurora/gin-vue-admin/server]2026-04-22 13:41:47.084	[34minfo[0m	/Users/a1/data/go/gin-vue-admin/server/service/quant/meilisearch.go:367	Batch synced successfully	{"count": 1000, "taskUID": 1238}
[github.com/flipped-aurora/gin-vue-admin/server]2026-04-22 13:41:47.465	[34minfo[0m	/Users/a1/data/go/gin-vue-admin/server/service/quant/meilisearch.go:367	Batch synced successfully	{"count": 1000, "taskUID": 1239}
[github.com/flipped-aurora/gin-vue-admin/server]2026-04-22 13:41:47.805	[34minfo[0m	/Users/a1/data/go/gin-vue-admin/server/service/quant/meilisearch.go:367	Batch synced successfully	{"count": 1000, "taskUID": 1240}
[github.com/flipped-aurora/gin-vue-admin/server]2026-04-22 13:41:48.111	[34minfo[0m	/Users/a1/data/go/gin-vue-admin/server/service/quant/meilisearch.go:367	Batch synced successfully	{"count": 1000, "taskUID": 1241}
[github.com/flipped-aurora/gin-vue-admin/server]2026-04-22 13:41:48.418	[34minfo[0m	/Users/a1/data/go/gin-vue-admin/server/service/quant/meilisearch.go:367	Batch synced successfully	{"count": 1000, "taskUID": 1242}
[github.com/flipped-aurora/gin-vue-admin/server]2026-04-22 13:41:48.708	[34minfo[0m	/Users/a1/data/go/gin-vue-admin/server/service/quant/meilisearch.go:367	Batch synced successfully	{"count": 1000, "taskUID": 1243}
[github.com/flipped-aurora/gin-vue-admin/server]2026-04-22 13:41:49.040	[34minfo[0m	/Users/a1/data/go/gin-vue-admin/server/service/quant/meilisearch.go:367	Batch synced successfully	{"count": 1000, "taskUID": 1244}
[github.com/flipped-aurora/gin-vue-admin/server]2026-04-22 13:41:49.365	[34minfo[0m	/Users/a1/data/go/gin-vue-admin/server/service/quant/meilisearch.go:367	Batch synced successfully	{"count": 1000, "taskUID": 1245}
[github.com/flipped-aurora/gin-vue-admin/server]2026-04-22 13:41:49.670	[34minfo[0m	/Users/a1/data/go/gin-vue-admin/server/service/quant/meilisearch.go:367	Batch synced successfully	{"count": 1000, "taskUID": 1246}
[github.com/flipped-aurora/gin-vue-admin/server]2026-04-22 13:41:50.017	[34minfo[0m	/Users/a1/data/go/gin-vue-admin/server/service/quant/meilisearch.go:367	Batch synced successfully	{"count": 1000, "taskUID": 1247}
[github.com/flipped-aurora/gin-vue-admin/server]2026-04-22 13:41:50.345	[34minfo[0m	/Users/a1/data/go/gin-vue-admin/server/service/quant/meilisearch.go:367	Batch synced successfully	{"count": 1000, "taskUID": 1248}
[github.com/flipped-aurora/gin-vue-admin/server]2026-04-22 13:41:50.666	[34minfo[0m	/Users/a1/data/go/gin-vue-admin/server/service/quant/meilisearch.go:367	Batch synced successfully	{"count": 1000, "taskUID": 1249}
[github.com/flipped-aurora/gin-vue-admin/server]2026-04-22 13:41:51.023	[34minfo[0m	/Users/a1/data/go/gin-vue-admin/server/service/quant/meilisearch.go:367	Batch synced successfully	{"count": 1000, "taskUID": 1250}
[github.com/flipped-aurora/gin-vue-admin/server]2026-04-22 13:41:51.348	[34minfo[0m	/Users/a1/data/go/gin-vue-admin/server/service/quant/meilisearch.go:367	Batch synced successfully	{"count": 1000, "taskUID": 1251}
[github.com/flipped-aurora/gin-vue-admin/server]2026-04-22 13:41:51.644	[34minfo[0m	/Users/a1/data/go/gin-vue-admin/server/service/quant/meilisearch.go:367	Batch synced successfully	{"count": 1000, "taskUID": 1252}
[github.com/flipped-aurora/gin-vue-admin/server]2026-04-22 13:41:51.948	[34minfo[0m	/Users/a1/data/go/gin-vue-admin/server/service/quant/meilisearch.go:367	Batch synced successfully	{"count": 1000, "taskUID": 1253}
[github.com/flipped-aurora/gin-vue-admin/server]2026-04-22 13:41:52.265	[34minfo[0m	/Users/a1/data/go/gin-vue-admin/server/service/quant/meilisearch.go:367	Batch synced successfully	{"count": 1000, "taskUID": 1254}
[github.com/flipped-aurora/gin-vue-admin/server]2026-04-22 13:41:52.578	[34minfo[0m	/Users/a1/data/go/gin-vue-admin/server/service/quant/meilisearch.go:367	Batch synced successfully	{"count": 1000, "taskUID": 1255}
[github.com/flipped-aurora/gin-vue-admin/server]2026-04-22 13:41:52.913	[34minfo[0m	/Users/a1/data/go/gin-vue-admin/server/service/quant/meilisearch.go:367	Batch synced successfully	{"count": 1000, "taskUID": 1256}
[github.com/flipped-aurora/gin-vue-admin/server]2026-04-22 13:41:53.209	[34minfo[0m	/Users/a1/data/go/gin-vue-admin/server/service/quant/meilisearch.go:367	Batch synced successfully	{"count": 1000, "taskUID": 1257}
[github.com/flipped-aurora/gin-vue-admin/server]2026-04-22 13:41:53.501	[34minfo[0m	/Users/a1/data/go/gin-vue-admin/server/service/quant/meilisearch.go:367	Batch synced successfully	{"count": 1000, "taskUID": 1258}
[github.com/flipped-aurora/gin-vue-admin/server]2026-04-22 13:41:53.793	[34minfo[0m	/Users/a1/data/go/gin-vue-admin/server/service/quant/meilisearch.go:367	Batch synced successfully	{"count": 1000, "taskUID": 1259}
[github.com/flipped-aurora/gin-vue-admin/server]2026-04-22 13:41:54.110	[34minfo[0m	/Users/a1/data/go/gin-vue-admin/server/service/quant/meilisearch.go:367	Batch synced successfully	{"count": 1000, "taskUID": 1260}
[github.com/flipped-aurora/gin-vue-admin/server]2026-04-22 13:41:54.410	[34minfo[0m	/Users/a1/data/go/gin-vue-admin/server/service/quant/meilisearch.go:367	Batch synced successfully	{"count": 1000, "taskUID": 1261}
[github.com/flipped-aurora/gin-vue-admin/server]2026-04-22 13:41:54.733	[34minfo[0m	/Users/a1/data/go/gin-vue-admin/server/service/quant/meilisearch.go:367	Batch synced successfully	{"count": 1000, "taskUID": 1262}
[github.com/flipped-aurora/gin-vue-admin/server]2026-04-22 13:41:55.034	[34minfo[0m	/Users/a1/data/go/gin-vue-admin/server/service/quant/meilisearch.go:367	Batch synced successfully	{"count": 1000, "taskUID": 1263}
[github.com/flipped-aurora/gin-vue-admin/server]2026-04-22 13:41:55.340	[34minfo[0m	/Users/a1/data/go/gin-vue-admin/server/service/quant/meilisearch.go:367	Batch synced successfully	{"count": 1000, "taskUID": 1264}
[github.com/flipped-aurora/gin-vue-admin/server]2026-04-22 13:41:55.630	[34minfo[0m	/Users/a1/data/go/gin-vue-admin/server/service/quant/meilisearch.go:367	Batch synced successfully	{"count": 1000, "taskUID": 1265}
[github.com/flipped-aurora/gin-vue-admin/server]2026-04-22 13:41:55.966	[34minfo[0m	/Users/a1/data/go/gin-vue-admin/server/service/quant/meilisearch.go:367	Batch synced successfully	{"count": 1000, "taskUID": 1266}
[github.com/flipped-aurora/gin-vue-admin/server]2026-04-22 13:41:56.263	[34minfo[0m	/Users/a1/data/go/gin-vue-admin/server/service/quant/meilisearch.go:367	Batch synced successfully	{"count": 1000, "taskUID": 1267}
[github.com/flipped-aurora/gin-vue-admin/server]2026-04-22 13:41:56.607	[34minfo[0m	/Users/a1/data/go/gin-vue-admin/server/service/quant/meilisearch.go:367	Batch synced successfully	{"count": 1000, "taskUID": 1268}
[github.com/flipped-aurora/gin-vue-admin/server]2026-04-22 13:41:56.901	[34minfo[0m	/Users/a1/data/go/gin-vue-admin/server/service/quant/meilisearch.go:367	Batch synced successfully	{"count": 1000, "taskUID": 1269}
[github.com/flipped-aurora/gin-vue-admin/server]2026-04-22 13:41:57.222	[34minfo[0m	/Users/a1/data/go/gin-vue-admin/server/service/quant/meilisearch.go:367	Batch synced successfully	{"count": 1000, "taskUID": 1270}
[github.com/flipped-aurora/gin-vue-admin/server]2026-04-22 13:41:57.516	[34minfo[0m	/Users/a1/data/go/gin-vue-admin/server/service/quant/meilisearch.go:367	Batch synced successfully	{"count": 1000, "taskUID": 1271}
[github.com/flipped-aurora/gin-vue-admin/server]2026-04-22 13:41:57.827	[34minfo[0m	/Users/a1/data/go/gin-vue-admin/server/service/quant/meilisearch.go:367	Batch synced successfully	{"count": 1000, "taskUID": 1272}
[github.com/flipped-aurora/gin-vue-admin/server]2026-04-22 13:41:58.145	[34minfo[0m	/Users/a1/data/go/gin-vue-admin/server/service/quant/meilisearch.go:367	Batch synced successfully	{"count": 1000, "taskUID": 1273}
[github.com/flipped-aurora/gin-vue-admin/server]2026-04-22 13:41:58.441	[34minfo[0m	/Users/a1/data/go/gin-vue-admin/server/service/quant/meilisearch.go:367	Batch synced successfully	{"count": 1000, "taskUID": 1274}
[github.com/flipped-aurora/gin-vue-admin/server]2026-04-22 13:41:58.759	[34minfo[0m	/Users/a1/data/go/gin-vue-admin/server/service/quant/meilisearch.go:367	Batch synced successfully	{"count": 1000, "taskUID": 1275}
[github.com/flipped-aurora/gin-vue-admin/server]2026-04-22 13:41:59.095	[34minfo[0m	/Users/a1/data/go/gin-vue-admin/server/service/quant/meilisearch.go:367	Batch synced successfully	{"count": 1000, "taskUID": 1276}
[github.com/flipped-aurora/gin-vue-admin/server]2026-04-22 13:41:59.420	[34minfo[0m	/Users/a1/data/go/gin-vue-admin/server/service/quant/meilisearch.go:367	Batch synced successfully	{"count": 1000, "taskUID": 1277}
[github.com/flipped-aurora/gin-vue-admin/server]2026-04-22 13:41:59.699	[34minfo[0m	/Users/a1/data/go/gin-vue-admin/server/service/quant/meilisearch.go:367	Batch synced successfully	{"count": 1000, "taskUID": 1278}
[github.com/flipped-aurora/gin-vue-admin/server]2026-04-22 13:42:00.025	[34minfo[0m	/Users/a1/data/go/gin-vue-admin/server/service/quant/meilisearch.go:367	Batch synced successfully	{"count": 1000, "taskUID": 1279}
[github.com/flipped-aurora/gin-vue-admin/server]2026-04-22 13:42:00.349	[34minfo[0m	/Users/a1/data/go/gin-vue-admin/server/service/quant/meilisearch.go:367	Batch synced successfully	{"count": 1000, "taskUID": 1280}
[github.com/flipped-aurora/gin-vue-admin/server]2026-04-22 13:42:00.639	[34minfo[0m	/Users/a1/data/go/gin-vue-admin/server/service/quant/meilisearch.go:367	Batch synced successfully	{"count": 1000, "taskUID": 1281}
[github.com/flipped-aurora/gin-vue-admin/server]2026-04-22 13:42:00.929	[34minfo[0m	/Users/a1/data/go/gin-vue-admin/server/service/quant/meilisearch.go:367	Batch synced successfully	{"count": 1000, "taskUID": 1282}
[github.com/flipped-aurora/gin-vue-admin/server]2026-04-22 13:42:01.274	[34minfo[0m	/Users/a1/data/go/gin-vue-admin/server/service/quant/meilisearch.go:367	Batch synced successfully	{"count": 1000, "taskUID": 1283}
[github.com/flipped-aurora/gin-vue-admin/server]2026-04-22 13:42:01.571	[34minfo[0m	/Users/a1/data/go/gin-vue-admin/server/service/quant/meilisearch.go:367	Batch synced successfully	{"count": 1000, "taskUID": 1284}
[github.com/flipped-aurora/gin-vue-admin/server]2026-04-22 13:42:01.869	[34minfo[0m	/Users/a1/data/go/gin-vue-admin/server/service/quant/meilisearch.go:367	Batch synced successfully	{"count": 1000, "taskUID": 1285}
[github.com/flipped-aurora/gin-vue-admin/server]2026-04-22 13:42:02.161	[34minfo[0m	/Users/a1/data/go/gin-vue-admin/server/service/quant/meilisearch.go:367	Batch synced successfully	{"count": 1000, "taskUID": 1286}
[github.com/flipped-aurora/gin-vue-admin/server]2026-04-22 13:42:02.480	[34minfo[0m	/Users/a1/data/go/gin-vue-admin/server/service/quant/meilisearch.go:367	Batch synced successfully	{"count": 1000, "taskUID": 1287}
[github.com/flipped-aurora/gin-vue-admin/server]2026-04-22 13:42:02.791	[34minfo[0m	/Users/a1/data/go/gin-vue-admin/server/service/quant/meilisearch.go:367	Batch synced successfully	{"count": 1000, "taskUID": 1288}
[github.com/flipped-aurora/gin-vue-admin/server]2026-04-22 13:42:03.095	[34minfo[0m	/Users/a1/data/go/gin-vue-admin/server/service/quant/meilisearch.go:367	Batch synced successfully	{"count": 1000, "taskUID": 1289}
[github.com/flipped-aurora/gin-vue-admin/server]2026-04-22 13:42:03.395	[34minfo[0m	/Users/a1/data/go/gin-vue-admin/server/service/quant/meilisearch.go:367	Batch synced successfully	{"count": 1000, "taskUID": 1290}
[github.com/flipped-aurora/gin-vue-admin/server]2026-04-22 13:42:03.705	[34minfo[0m	/Users/a1/data/go/gin-vue-admin/server/service/quant/meilisearch.go:367	Batch synced successfully	{"count": 1000, "taskUID": 1291}
[github.com/flipped-aurora/gin-vue-admin/server]2026-04-22 13:42:04.022	[34minfo[0m	/Users/a1/data/go/gin-vue-admin/server/service/quant/meilisearch.go:367	Batch synced successfully	{"count": 1000, "taskUID": 1292}
[github.com/flipped-aurora/gin-vue-admin/server]2026-04-22 13:42:04.341	[34minfo[0m	/Users/a1/data/go/gin-vue-admin/server/service/quant/meilisearch.go:367	Batch synced successfully	{"count": 1000, "taskUID": 1293}
[github.com/flipped-aurora/gin-vue-admin/server]2026-04-22 13:42:04.656	[34minfo[0m	/Users/a1/data/go/gin-vue-admin/server/service/quant/meilisearch.go:367	Batch synced successfully	{"count": 1000, "taskUID": 1294}
[github.com/flipped-aurora/gin-vue-admin/server]2026-04-22 13:42:04.953	[34minfo[0m	/Users/a1/data/go/gin-vue-admin/server/service/quant/meilisearch.go:367	Batch synced successfully	{"count": 1000, "taskUID": 1295}
[github.com/flipped-aurora/gin-vue-admin/server]2026-04-22 13:42:05.235	[34minfo[0m	/Users/a1/data/go/gin-vue-admin/server/service/quant/meilisearch.go:367	Batch synced successfully	{"count": 1000, "taskUID": 1296}
[github.com/flipped-aurora/gin-vue-admin/server]2026-04-22 13:42:05.554	[34minfo[0m	/Users/a1/data/go/gin-vue-admin/server/service/quant/meilisearch.go:367	Batch synced successfully	{"count": 1000, "taskUID": 1297}
[github.com/flipped-aurora/gin-vue-admin/server]2026-04-22 13:42:05.841	[34minfo[0m	/Users/a1/data/go/gin-vue-admin/server/service/quant/meilisearch.go:367	Batch synced successfully	{"count": 1000, "taskUID": 1298}
[github.com/flipped-aurora/gin-vue-admin/server]2026-04-22 13:42:06.165	[34minfo[0m	/Users/a1/data/go/gin-vue-admin/server/service/quant/meilisearch.go:367	Batch synced successfully	{"count": 1000, "taskUID": 1299}
[github.com/flipped-aurora/gin-vue-admin/server]2026-04-22 13:42:06.455	[34minfo[0m	/Users/a1/data/go/gin-vue-admin/server/service/quant/meilisearch.go:367	Batch synced successfully	{"count": 1000, "taskUID": 1300}
[github.com/flipped-aurora/gin-vue-admin/server]2026-04-22 13:42:06.788	[34minfo[0m	/Users/a1/data/go/gin-vue-admin/server/service/quant/meilisearch.go:367	Batch synced successfully	{"count": 1000, "taskUID": 1301}
[github.com/flipped-aurora/gin-vue-admin/server]2026-04-22 13:42:07.123	[34minfo[0m	/Users/a1/data/go/gin-vue-admin/server/service/quant/meilisearch.go:367	Batch synced successfully	{"count": 1000, "taskUID": 1302}
[github.com/flipped-aurora/gin-vue-admin/server]2026-04-22 13:42:07.415	[34minfo[0m	/Users/a1/data/go/gin-vue-admin/server/service/quant/meilisearch.go:367	Batch synced successfully	{"count": 1000, "taskUID": 1303}
[github.com/flipped-aurora/gin-vue-admin/server]2026-04-22 13:42:07.718	[34minfo[0m	/Users/a1/data/go/gin-vue-admin/server/service/quant/meilisearch.go:367	Batch synced successfully	{"count": 1000, "taskUID": 1304}
[github.com/flipped-aurora/gin-vue-admin/server]2026-04-22 13:42:08.033	[34minfo[0m	/Users/a1/data/go/gin-vue-admin/server/service/quant/meilisearch.go:367	Batch synced successfully	{"count": 1000, "taskUID": 1305}
[github.com/flipped-aurora/gin-vue-admin/server]2026-04-22 13:42:08.346	[34minfo[0m	/Users/a1/data/go/gin-vue-admin/server/service/quant/meilisearch.go:367	Batch synced successfully	{"count": 1000, "taskUID": 1306}
[github.com/flipped-aurora/gin-vue-admin/server]2026-04-22 13:42:08.643	[34minfo[0m	/Users/a1/data/go/gin-vue-admin/server/service/quant/meilisearch.go:367	Batch synced successfully	{"count": 1000, "taskUID": 1307}
[github.com/flipped-aurora/gin-vue-admin/server]2026-04-22 13:42:08.970	[34minfo[0m	/Users/a1/data/go/gin-vue-admin/server/service/quant/meilisearch.go:367	Batch synced successfully	{"count": 1000, "taskUID": 1308}
[github.com/flipped-aurora/gin-vue-admin/server]2026-04-22 13:42:09.309	[34minfo[0m	/Users/a1/data/go/gin-vue-admin/server/service/quant/meilisearch.go:367	Batch synced successfully	{"count": 1000, "taskUID": 1309}
[github.com/flipped-aurora/gin-vue-admin/server]2026-04-22 13:42:09.623	[34minfo[0m	/Users/a1/data/go/gin-vue-admin/server/service/quant/meilisearch.go:367	Batch synced successfully	{"count": 1000, "taskUID": 1310}
[github.com/flipped-aurora/gin-vue-admin/server]2026-04-22 13:42:09.911	[34minfo[0m	/Users/a1/data/go/gin-vue-admin/server/service/quant/meilisearch.go:367	Batch synced successfully	{"count": 1000, "taskUID": 1311}
[github.com/flipped-aurora/gin-vue-admin/server]2026-04-22 13:42:10.240	[34minfo[0m	/Users/a1/data/go/gin-vue-admin/server/service/quant/meilisearch.go:367	Batch synced successfully	{"count": 1000, "taskUID": 1312}
[github.com/flipped-aurora/gin-vue-admin/server]2026-04-22 13:42:10.537	[34minfo[0m	/Users/a1/data/go/gin-vue-admin/server/service/quant/meilisearch.go:367	Batch synced successfully	{"count": 1000, "taskUID": 1313}
[github.com/flipped-aurora/gin-vue-admin/server]2026-04-22 13:42:10.822	[34minfo[0m	/Users/a1/data/go/gin-vue-admin/server/service/quant/meilisearch.go:367	Batch synced successfully	{"count": 1000, "taskUID": 1314}
[github.com/flipped-aurora/gin-vue-admin/server]2026-04-22 13:42:11.143	[34minfo[0m	/Users/a1/data/go/gin-vue-admin/server/service/quant/meilisearch.go:367	Batch synced successfully	{"count": 1000, "taskUID": 1315}
[github.com/flipped-aurora/gin-vue-admin/server]2026-04-22 13:42:11.458	[34minfo[0m	/Users/a1/data/go/gin-vue-admin/server/service/quant/meilisearch.go:367	Batch synced successfully	{"count": 1000, "taskUID": 1316}
[github.com/flipped-aurora/gin-vue-admin/server]2026-04-22 13:42:11.757	[34minfo[0m	/Users/a1/data/go/gin-vue-admin/server/service/quant/meilisearch.go:367	Batch synced successfully	{"count": 1000, "taskUID": 1317}
[github.com/flipped-aurora/gin-vue-admin/server]2026-04-22 13:42:12.083	[34minfo[0m	/Users/a1/data/go/gin-vue-admin/server/service/quant/meilisearch.go:367	Batch synced successfully	{"count": 1000, "taskUID": 1318}
[github.com/flipped-aurora/gin-vue-admin/server]2026-04-22 13:42:12.407	[34minfo[0m	/Users/a1/data/go/gin-vue-admin/server/service/quant/meilisearch.go:367	Batch synced successfully	{"count": 1000, "taskUID": 1319}
[github.com/flipped-aurora/gin-vue-admin/server]2026-04-22 13:42:12.699	[34minfo[0m	/Users/a1/data/go/gin-vue-admin/server/service/quant/meilisearch.go:367	Batch synced successfully	{"count": 1000, "taskUID": 1320}
[github.com/flipped-aurora/gin-vue-admin/server]2026-04-22 13:42:13.017	[34minfo[0m	/Users/a1/data/go/gin-vue-admin/server/service/quant/meilisearch.go:367	Batch synced successfully	{"count": 1000, "taskUID": 1321}
[github.com/flipped-aurora/gin-vue-admin/server]2026-04-22 13:42:13.321	[34minfo[0m	/Users/a1/data/go/gin-vue-admin/server/service/quant/meilisearch.go:367	Batch synced successfully	{"count": 1000, "taskUID": 1322}
[github.com/flipped-aurora/gin-vue-admin/server]2026-04-22 13:42:13.638	[34minfo[0m	/Users/a1/data/go/gin-vue-admin/server/service/quant/meilisearch.go:367	Batch synced successfully	{"count": 1000, "taskUID": 1323}
[github.com/flipped-aurora/gin-vue-admin/server]2026-04-22 13:42:13.997	[34minfo[0m	/Users/a1/data/go/gin-vue-admin/server/service/quant/meilisearch.go:367	Batch synced successfully	{"count": 1000, "taskUID": 1324}
[github.com/flipped-aurora/gin-vue-admin/server]2026-04-22 13:42:14.352	[34minfo[0m	/Users/a1/data/go/gin-vue-admin/server/service/quant/meilisearch.go:367	Batch synced successfully	{"count": 1000, "taskUID": 1325}
[github.com/flipped-aurora/gin-vue-admin/server]2026-04-22 13:42:14.642	[34minfo[0m	/Users/a1/data/go/gin-vue-admin/server/service/quant/meilisearch.go:367	Batch synced successfully	{"count": 1000, "taskUID": 1326}
[github.com/flipped-aurora/gin-vue-admin/server]2026-04-22 13:42:14.922	[34minfo[0m	/Users/a1/data/go/gin-vue-admin/server/service/quant/meilisearch.go:367	Batch synced successfully	{"count": 1000, "taskUID": 1327}
[github.com/flipped-aurora/gin-vue-admin/server]2026-04-22 13:42:15.234	[34minfo[0m	/Users/a1/data/go/gin-vue-admin/server/service/quant/meilisearch.go:367	Batch synced successfully	{"count": 1000, "taskUID": 1328}
[github.com/flipped-aurora/gin-vue-admin/server]2026-04-22 13:42:15.526	[34minfo[0m	/Users/a1/data/go/gin-vue-admin/server/service/quant/meilisearch.go:367	Batch synced successfully	{"count": 1000, "taskUID": 1329}
[github.com/flipped-aurora/gin-vue-admin/server]2026-04-22 13:42:15.837	[34minfo[0m	/Users/a1/data/go/gin-vue-admin/server/service/quant/meilisearch.go:367	Batch synced successfully	{"count": 1000, "taskUID": 1330}
[github.com/flipped-aurora/gin-vue-admin/server]2026-04-22 13:42:16.152	[34minfo[0m	/Users/a1/data/go/gin-vue-admin/server/service/quant/meilisearch.go:367	Batch synced successfully	{"count": 1000, "taskUID": 1331}
[github.com/flipped-aurora/gin-vue-admin/server]2026-04-22 13:42:16.449	[34minfo[0m	/Users/a1/data/go/gin-vue-admin/server/service/quant/meilisearch.go:367	Batch synced successfully	{"count": 1000, "taskUID": 1332}
[github.com/flipped-aurora/gin-vue-admin/server]2026-04-22 13:42:16.746	[34minfo[0m	/Users/a1/data/go/gin-vue-admin/server/service/quant/meilisearch.go:367	Batch synced successfully	{"count": 1000, "taskUID": 1333}
[github.com/flipped-aurora/gin-vue-admin/server]2026-04-22 13:42:17.043	[34minfo[0m	/Users/a1/data/go/gin-vue-admin/server/service/quant/meilisearch.go:367	Batch synced successfully	{"count": 1000, "taskUID": 1334}
[github.com/flipped-aurora/gin-vue-admin/server]2026-04-22 13:42:17.324	[34minfo[0m	/Users/a1/data/go/gin-vue-admin/server/service/quant/meilisearch.go:367	Batch synced successfully	{"count": 1000, "taskUID": 1335}
[github.com/flipped-aurora/gin-vue-admin/server]2026-04-22 13:42:17.613	[34minfo[0m	/Users/a1/data/go/gin-vue-admin/server/service/quant/meilisearch.go:367	Batch synced successfully	{"count": 1000, "taskUID": 1336}
[github.com/flipped-aurora/gin-vue-admin/server]2026-04-22 13:42:17.929	[34minfo[0m	/Users/a1/data/go/gin-vue-admin/server/service/quant/meilisearch.go:367	Batch synced successfully	{"count": 1000, "taskUID": 1337}
[github.com/flipped-aurora/gin-vue-admin/server]2026-04-22 13:42:18.291	[34minfo[0m	/Users/a1/data/go/gin-vue-admin/server/service/quant/meilisearch.go:367	Batch synced successfully	{"count": 1000, "taskUID": 1338}
[github.com/flipped-aurora/gin-vue-admin/server]2026-04-22 13:42:18.604	[34minfo[0m	/Users/a1/data/go/gin-vue-admin/server/service/quant/meilisearch.go:367	Batch synced successfully	{"count": 1000, "taskUID": 1339}
[github.com/flipped-aurora/gin-vue-admin/server]2026-04-22 13:42:18.887	[34minfo[0m	/Users/a1/data/go/gin-vue-admin/server/service/quant/meilisearch.go:367	Batch synced successfully	{"count": 1000, "taskUID": 1340}
[github.com/flipped-aurora/gin-vue-admin/server]2026-04-22 13:42:19.174	[34minfo[0m	/Users/a1/data/go/gin-vue-admin/server/service/quant/meilisearch.go:367	Batch synced successfully	{"count": 1000, "taskUID": 1341}
[github.com/flipped-aurora/gin-vue-admin/server]2026-04-22 13:42:19.499	[34minfo[0m	/Users/a1/data/go/gin-vue-admin/server/service/quant/meilisearch.go:367	Batch synced successfully	{"count": 1000, "taskUID": 1342}
[github.com/flipped-aurora/gin-vue-admin/server]2026-04-22 13:42:19.786	[34minfo[0m	/Users/a1/data/go/gin-vue-admin/server/service/quant/meilisearch.go:367	Batch synced successfully	{"count": 1000, "taskUID": 1343}
[github.com/flipped-aurora/gin-vue-admin/server]2026-04-22 13:42:20.075	[34minfo[0m	/Users/a1/data/go/gin-vue-admin/server/service/quant/meilisearch.go:367	Batch synced successfully	{"count": 1000, "taskUID": 1344}
[github.com/flipped-aurora/gin-vue-admin/server]2026-04-22 13:42:20.363	[34minfo[0m	/Users/a1/data/go/gin-vue-admin/server/service/quant/meilisearch.go:367	Batch synced successfully	{"count": 1000, "taskUID": 1345}
[github.com/flipped-aurora/gin-vue-admin/server]2026-04-22 13:42:20.688	[34minfo[0m	/Users/a1/data/go/gin-vue-admin/server/service/quant/meilisearch.go:367	Batch synced successfully	{"count": 1000, "taskUID": 1346}
[github.com/flipped-aurora/gin-vue-admin/server]2026-04-22 13:42:20.998	[34minfo[0m	/Users/a1/data/go/gin-vue-admin/server/service/quant/meilisearch.go:367	Batch synced successfully	{"count": 1000, "taskUID": 1347}
[github.com/flipped-aurora/gin-vue-admin/server]2026-04-22 13:42:21.322	[34minfo[0m	/Users/a1/data/go/gin-vue-admin/server/service/quant/meilisearch.go:367	Batch synced successfully	{"count": 1000, "taskUID": 1348}
[github.com/flipped-aurora/gin-vue-admin/server]2026-04-22 13:42:21.684	[34minfo[0m	/Users/a1/data/go/gin-vue-admin/server/service/quant/meilisearch.go:367	Batch synced successfully	{"count": 1000, "taskUID": 1349}
[github.com/flipped-aurora/gin-vue-admin/server]2026-04-22 13:42:22.000	[34minfo[0m	/Users/a1/data/go/gin-vue-admin/server/service/quant/meilisearch.go:367	Batch synced successfully	{"count": 1000, "taskUID": 1350}
[github.com/flipped-aurora/gin-vue-admin/server]2026-04-22 13:42:22.327	[34minfo[0m	/Users/a1/data/go/gin-vue-admin/server/service/quant/meilisearch.go:367	Batch synced successfully	{"count": 1000, "taskUID": 1351}
[github.com/flipped-aurora/gin-vue-admin/server]2026-04-22 13:42:22.613	[34minfo[0m	/Users/a1/data/go/gin-vue-admin/server/service/quant/meilisearch.go:367	Batch synced successfully	{"count": 1000, "taskUID": 1352}
[github.com/flipped-aurora/gin-vue-admin/server]2026-04-22 13:42:22.927	[34minfo[0m	/Users/a1/data/go/gin-vue-admin/server/service/quant/meilisearch.go:367	Batch synced successfully	{"count": 1000, "taskUID": 1353}
[github.com/flipped-aurora/gin-vue-admin/server]2026-04-22 13:42:23.206	[34minfo[0m	/Users/a1/data/go/gin-vue-admin/server/service/quant/meilisearch.go:367	Batch synced successfully	{"count": 1000, "taskUID": 1354}
[github.com/flipped-aurora/gin-vue-admin/server]2026-04-22 13:42:23.487	[34minfo[0m	/Users/a1/data/go/gin-vue-admin/server/service/quant/meilisearch.go:367	Batch synced successfully	{"count": 1000, "taskUID": 1355}
[github.com/flipped-aurora/gin-vue-admin/server]2026-04-22 13:42:23.794	[34minfo[0m	/Users/a1/data/go/gin-vue-admin/server/service/quant/meilisearch.go:367	Batch synced successfully	{"count": 1000, "taskUID": 1356}
[github.com/flipped-aurora/gin-vue-admin/server]2026-04-22 13:42:24.127	[34minfo[0m	/Users/a1/data/go/gin-vue-admin/server/service/quant/meilisearch.go:367	Batch synced successfully	{"count": 1000, "taskUID": 1357}
[github.com/flipped-aurora/gin-vue-admin/server]2026-04-22 13:42:24.423	[34minfo[0m	/Users/a1/data/go/gin-vue-admin/server/service/quant/meilisearch.go:367	Batch synced successfully	{"count": 1000, "taskUID": 1358}
[github.com/flipped-aurora/gin-vue-admin/server]2026-04-22 13:42:24.710	[34minfo[0m	/Users/a1/data/go/gin-vue-admin/server/service/quant/meilisearch.go:367	Batch synced successfully	{"count": 1000, "taskUID": 1359}
[github.com/flipped-aurora/gin-vue-admin/server]2026-04-22 13:42:25.028	[34minfo[0m	/Users/a1/data/go/gin-vue-admin/server/service/quant/meilisearch.go:367	Batch synced successfully	{"count": 1000, "taskUID": 1360}
[github.com/flipped-aurora/gin-vue-admin/server]2026-04-22 13:42:25.359	[34minfo[0m	/Users/a1/data/go/gin-vue-admin/server/service/quant/meilisearch.go:367	Batch synced successfully	{"count": 1000, "taskUID": 1361}
[github.com/flipped-aurora/gin-vue-admin/server]2026-04-22 13:42:25.666	[34minfo[0m	/Users/a1/data/go/gin-vue-admin/server/service/quant/meilisearch.go:367	Batch synced successfully	{"count": 1000, "taskUID": 1362}
[github.com/flipped-aurora/gin-vue-admin/server]2026-04-22 13:42:26.009	[34minfo[0m	/Users/a1/data/go/gin-vue-admin/server/service/quant/meilisearch.go:367	Batch synced successfully	{"count": 1000, "taskUID": 1363}
[github.com/flipped-aurora/gin-vue-admin/server]2026-04-22 13:42:26.311	[34minfo[0m	/Users/a1/data/go/gin-vue-admin/server/service/quant/meilisearch.go:367	Batch synced successfully	{"count": 1000, "taskUID": 1364}
[github.com/flipped-aurora/gin-vue-admin/server]2026-04-22 13:42:26.611	[34minfo[0m	/Users/a1/data/go/gin-vue-admin/server/service/quant/meilisearch.go:367	Batch synced successfully	{"count": 1000, "taskUID": 1365}
[github.com/flipped-aurora/gin-vue-admin/server]2026-04-22 13:42:26.936	[34minfo[0m	/Users/a1/data/go/gin-vue-admin/server/service/quant/meilisearch.go:367	Batch synced successfully	{"count": 1000, "taskUID": 1366}
[github.com/flipped-aurora/gin-vue-admin/server]2026-04-22 13:42:27.244	[34minfo[0m	/Users/a1/data/go/gin-vue-admin/server/service/quant/meilisearch.go:367	Batch synced successfully	{"count": 1000, "taskUID": 1367}
[github.com/flipped-aurora/gin-vue-admin/server]2026-04-22 13:42:27.565	[34minfo[0m	/Users/a1/data/go/gin-vue-admin/server/service/quant/meilisearch.go:367	Batch synced successfully	{"count": 1000, "taskUID": 1368}
[github.com/flipped-aurora/gin-vue-admin/server]2026-04-22 13:42:27.896	[34minfo[0m	/Users/a1/data/go/gin-vue-admin/server/service/quant/meilisearch.go:367	Batch synced successfully	{"count": 1000, "taskUID": 1369}
[github.com/flipped-aurora/gin-vue-admin/server]2026-04-22 13:42:28.214	[34minfo[0m	/Users/a1/data/go/gin-vue-admin/server/service/quant/meilisearch.go:367	Batch synced successfully	{"count": 1000, "taskUID": 1370}
[github.com/flipped-aurora/gin-vue-admin/server]2026-04-22 13:42:28.512	[34minfo[0m	/Users/a1/data/go/gin-vue-admin/server/service/quant/meilisearch.go:367	Batch synced successfully	{"count": 1000, "taskUID": 1371}
[github.com/flipped-aurora/gin-vue-admin/server]2026-04-22 13:42:28.830	[34minfo[0m	/Users/a1/data/go/gin-vue-admin/server/service/quant/meilisearch.go:367	Batch synced successfully	{"count": 1000, "taskUID": 1372}
[github.com/flipped-aurora/gin-vue-admin/server]2026-04-22 13:42:29.115	[34minfo[0m	/Users/a1/data/go/gin-vue-admin/server/service/quant/meilisearch.go:367	Batch synced successfully	{"count": 1000, "taskUID": 1373}
[github.com/flipped-aurora/gin-vue-admin/server]2026-04-22 13:42:29.454	[34minfo[0m	/Users/a1/data/go/gin-vue-admin/server/service/quant/meilisearch.go:367	Batch synced successfully	{"count": 1000, "taskUID": 1374}
[github.com/flipped-aurora/gin-vue-admin/server]2026-04-22 13:42:29.789	[34minfo[0m	/Users/a1/data/go/gin-vue-admin/server/service/quant/meilisearch.go:367	Batch synced successfully	{"count": 1000, "taskUID": 1375}
[github.com/flipped-aurora/gin-vue-admin/server]2026-04-22 13:42:30.137	[34minfo[0m	/Users/a1/data/go/gin-vue-admin/server/service/quant/meilisearch.go:367	Batch synced successfully	{"count": 1000, "taskUID": 1376}
[github.com/flipped-aurora/gin-vue-admin/server]2026-04-22 13:42:30.457	[34minfo[0m	/Users/a1/data/go/gin-vue-admin/server/service/quant/meilisearch.go:367	Batch synced successfully	{"count": 1000, "taskUID": 1377}
[github.com/flipped-aurora/gin-vue-admin/server]2026-04-22 13:42:30.773	[34minfo[0m	/Users/a1/data/go/gin-vue-admin/server/service/quant/meilisearch.go:367	Batch synced successfully	{"count": 1000, "taskUID": 1378}
[github.com/flipped-aurora/gin-vue-admin/server]2026-04-22 13:42:31.076	[34minfo[0m	/Users/a1/data/go/gin-vue-admin/server/service/quant/meilisearch.go:367	Batch synced successfully	{"count": 1000, "taskUID": 1379}
[github.com/flipped-aurora/gin-vue-admin/server]2026-04-22 13:42:31.405	[34minfo[0m	/Users/a1/data/go/gin-vue-admin/server/service/quant/meilisearch.go:367	Batch synced successfully	{"count": 1000, "taskUID": 1380}
[github.com/flipped-aurora/gin-vue-admin/server]2026-04-22 13:42:31.707	[34minfo[0m	/Users/a1/data/go/gin-vue-admin/server/service/quant/meilisearch.go:367	Batch synced successfully	{"count": 1000, "taskUID": 1381}
[github.com/flipped-aurora/gin-vue-admin/server]2026-04-22 13:42:32.040	[34minfo[0m	/Users/a1/data/go/gin-vue-admin/server/service/quant/meilisearch.go:367	Batch synced successfully	{"count": 1000, "taskUID": 1382}
[github.com/flipped-aurora/gin-vue-admin/server]2026-04-22 13:42:32.327	[34minfo[0m	/Users/a1/data/go/gin-vue-admin/server/service/quant/meilisearch.go:367	Batch synced successfully	{"count": 1000, "taskUID": 1383}
[github.com/flipped-aurora/gin-vue-admin/server]2026-04-22 13:42:32.613	[34minfo[0m	/Users/a1/data/go/gin-vue-admin/server/service/quant/meilisearch.go:367	Batch synced successfully	{"count": 1000, "taskUID": 1384}
[github.com/flipped-aurora/gin-vue-admin/server]2026-04-22 13:42:32.944	[34minfo[0m	/Users/a1/data/go/gin-vue-admin/server/service/quant/meilisearch.go:367	Batch synced successfully	{"count": 1000, "taskUID": 1385}
[github.com/flipped-aurora/gin-vue-admin/server]2026-04-22 13:42:33.272	[34minfo[0m	/Users/a1/data/go/gin-vue-admin/server/service/quant/meilisearch.go:367	Batch synced successfully	{"count": 1000, "taskUID": 1386}
[github.com/flipped-aurora/gin-vue-admin/server]2026-04-22 13:42:33.563	[34minfo[0m	/Users/a1/data/go/gin-vue-admin/server/service/quant/meilisearch.go:367	Batch synced successfully	{"count": 1000, "taskUID": 1387}
[github.com/flipped-aurora/gin-vue-admin/server]2026-04-22 13:42:33.865	[34minfo[0m	/Users/a1/data/go/gin-vue-admin/server/service/quant/meilisearch.go:367	Batch synced successfully	{"count": 1000, "taskUID": 1388}
[github.com/flipped-aurora/gin-vue-admin/server]2026-04-22 13:42:34.174	[34minfo[0m	/Users/a1/data/go/gin-vue-admin/server/service/quant/meilisearch.go:367	Batch synced successfully	{"count": 1000, "taskUID": 1389}
[github.com/flipped-aurora/gin-vue-admin/server]2026-04-22 13:42:34.493	[34minfo[0m	/Users/a1/data/go/gin-vue-admin/server/service/quant/meilisearch.go:367	Batch synced successfully	{"count": 1000, "taskUID": 1390}
[github.com/flipped-aurora/gin-vue-admin/server]2026-04-22 13:42:34.793	[34minfo[0m	/Users/a1/data/go/gin-vue-admin/server/service/quant/meilisearch.go:367	Batch synced successfully	{"count": 1000, "taskUID": 1391}
[github.com/flipped-aurora/gin-vue-admin/server]2026-04-22 13:42:35.098	[34minfo[0m	/Users/a1/data/go/gin-vue-admin/server/service/quant/meilisearch.go:367	Batch synced successfully	{"count": 1000, "taskUID": 1392}
[github.com/flipped-aurora/gin-vue-admin/server]2026-04-22 13:42:35.387	[34minfo[0m	/Users/a1/data/go/gin-vue-admin/server/service/quant/meilisearch.go:367	Batch synced successfully	{"count": 1000, "taskUID": 1393}
[github.com/flipped-aurora/gin-vue-admin/server]2026-04-22 13:42:35.672	[34minfo[0m	/Users/a1/data/go/gin-vue-admin/server/service/quant/meilisearch.go:367	Batch synced successfully	{"count": 1000, "taskUID": 1394}
[github.com/flipped-aurora/gin-vue-admin/server]2026-04-22 13:42:35.969	[34minfo[0m	/Users/a1/data/go/gin-vue-admin/server/service/quant/meilisearch.go:367	Batch synced successfully	{"count": 1000, "taskUID": 1395}
[github.com/flipped-aurora/gin-vue-admin/server]2026-04-22 13:42:36.291	[34minfo[0m	/Users/a1/data/go/gin-vue-admin/server/service/quant/meilisearch.go:367	Batch synced successfully	{"count": 1000, "taskUID": 1396}
[github.com/flipped-aurora/gin-vue-admin/server]2026-04-22 13:42:36.592	[34minfo[0m	/Users/a1/data/go/gin-vue-admin/server/service/quant/meilisearch.go:367	Batch synced successfully	{"count": 1000, "taskUID": 1397}
[github.com/flipped-aurora/gin-vue-admin/server]2026-04-22 13:42:36.935	[34minfo[0m	/Users/a1/data/go/gin-vue-admin/server/service/quant/meilisearch.go:367	Batch synced successfully	{"count": 1000, "taskUID": 1398}
[github.com/flipped-aurora/gin-vue-admin/server]2026-04-22 13:42:37.224	[34minfo[0m	/Users/a1/data/go/gin-vue-admin/server/service/quant/meilisearch.go:367	Batch synced successfully	{"count": 1000, "taskUID": 1399}
[github.com/flipped-aurora/gin-vue-admin/server]2026-04-22 13:42:37.574	[34minfo[0m	/Users/a1/data/go/gin-vue-admin/server/service/quant/meilisearch.go:367	Batch synced successfully	{"count": 1000, "taskUID": 1400}
[github.com/flipped-aurora/gin-vue-admin/server]2026-04-22 13:42:37.872	[34minfo[0m	/Users/a1/data/go/gin-vue-admin/server/service/quant/meilisearch.go:367	Batch synced successfully	{"count": 1000, "taskUID": 1401}
[github.com/flipped-aurora/gin-vue-admin/server]2026-04-22 13:42:38.167	[34minfo[0m	/Users/a1/data/go/gin-vue-admin/server/service/quant/meilisearch.go:367	Batch synced successfully	{"count": 1000, "taskUID": 1402}
[github.com/flipped-aurora/gin-vue-admin/server]2026-04-22 13:42:38.465	[34minfo[0m	/Users/a1/data/go/gin-vue-admin/server/service/quant/meilisearch.go:367	Batch synced successfully	{"count": 1000, "taskUID": 1403}
[github.com/flipped-aurora/gin-vue-admin/server]2026-04-22 13:42:38.769	[34minfo[0m	/Users/a1/data/go/gin-vue-admin/server/service/quant/meilisearch.go:367	Batch synced successfully	{"count": 1000, "taskUID": 1404}
[github.com/flipped-aurora/gin-vue-admin/server]2026-04-22 13:42:39.088	[34minfo[0m	/Users/a1/data/go/gin-vue-admin/server/service/quant/meilisearch.go:367	Batch synced successfully	{"count": 1000, "taskUID": 1405}
[github.com/flipped-aurora/gin-vue-admin/server]2026-04-22 13:42:39.405	[34minfo[0m	/Users/a1/data/go/gin-vue-admin/server/service/quant/meilisearch.go:367	Batch synced successfully	{"count": 1000, "taskUID": 1406}
[github.com/flipped-aurora/gin-vue-admin/server]2026-04-22 13:42:39.730	[34minfo[0m	/Users/a1/data/go/gin-vue-admin/server/service/quant/meilisearch.go:367	Batch synced successfully	{"count": 1000, "taskUID": 1407}
[github.com/flipped-aurora/gin-vue-admin/server]2026-04-22 13:42:40.023	[34minfo[0m	/Users/a1/data/go/gin-vue-admin/server/service/quant/meilisearch.go:367	Batch synced successfully	{"count": 1000, "taskUID": 1408}
[github.com/flipped-aurora/gin-vue-admin/server]2026-04-22 13:42:40.336	[34minfo[0m	/Users/a1/data/go/gin-vue-admin/server/service/quant/meilisearch.go:367	Batch synced successfully	{"count": 1000, "taskUID": 1409}
[github.com/flipped-aurora/gin-vue-admin/server]2026-04-22 13:42:40.632	[34minfo[0m	/Users/a1/data/go/gin-vue-admin/server/service/quant/meilisearch.go:367	Batch synced successfully	{"count": 1000, "taskUID": 1410}
[github.com/flipped-aurora/gin-vue-admin/server]2026-04-22 13:42:40.965	[34minfo[0m	/Users/a1/data/go/gin-vue-admin/server/service/quant/meilisearch.go:367	Batch synced successfully	{"count": 1000, "taskUID": 1411}
[github.com/flipped-aurora/gin-vue-admin/server]2026-04-22 13:42:41.263	[34minfo[0m	/Users/a1/data/go/gin-vue-admin/server/service/quant/meilisearch.go:367	Batch synced successfully	{"count": 1000, "taskUID": 1412}
[github.com/flipped-aurora/gin-vue-admin/server]2026-04-22 13:42:41.556	[34minfo[0m	/Users/a1/data/go/gin-vue-admin/server/service/quant/meilisearch.go:367	Batch synced successfully	{"count": 1000, "taskUID": 1413}
[github.com/flipped-aurora/gin-vue-admin/server]2026-04-22 13:42:41.865	[34minfo[0m	/Users/a1/data/go/gin-vue-admin/server/service/quant/meilisearch.go:367	Batch synced successfully	{"count": 1000, "taskUID": 1414}
[github.com/flipped-aurora/gin-vue-admin/server]2026-04-22 13:42:42.189	[34minfo[0m	/Users/a1/data/go/gin-vue-admin/server/service/quant/meilisearch.go:367	Batch synced successfully	{"count": 1000, "taskUID": 1415}
[github.com/flipped-aurora/gin-vue-admin/server]2026-04-22 13:42:42.514	[34minfo[0m	/Users/a1/data/go/gin-vue-admin/server/service/quant/meilisearch.go:367	Batch synced successfully	{"count": 1000, "taskUID": 1416}
[github.com/flipped-aurora/gin-vue-admin/server]2026-04-22 13:42:42.824	[34minfo[0m	/Users/a1/data/go/gin-vue-admin/server/service/quant/meilisearch.go:367	Batch synced successfully	{"count": 1000, "taskUID": 1417}
[github.com/flipped-aurora/gin-vue-admin/server]2026-04-22 13:42:43.160	[34minfo[0m	/Users/a1/data/go/gin-vue-admin/server/service/quant/meilisearch.go:367	Batch synced successfully	{"count": 1000, "taskUID": 1418}
[github.com/flipped-aurora/gin-vue-admin/server]2026-04-22 13:42:43.513	[34minfo[0m	/Users/a1/data/go/gin-vue-admin/server/service/quant/meilisearch.go:367	Batch synced successfully	{"count": 1000, "taskUID": 1419}
[github.com/flipped-aurora/gin-vue-admin/server]2026-04-22 13:42:43.827	[34minfo[0m	/Users/a1/data/go/gin-vue-admin/server/service/quant/meilisearch.go:367	Batch synced successfully	{"count": 1000, "taskUID": 1420}
[github.com/flipped-aurora/gin-vue-admin/server]2026-04-22 13:42:44.131	[34minfo[0m	/Users/a1/data/go/gin-vue-admin/server/service/quant/meilisearch.go:367	Batch synced successfully	{"count": 1000, "taskUID": 1421}
[github.com/flipped-aurora/gin-vue-admin/server]2026-04-22 13:42:44.460	[34minfo[0m	/Users/a1/data/go/gin-vue-admin/server/service/quant/meilisearch.go:367	Batch synced successfully	{"count": 1000, "taskUID": 1422}
[github.com/flipped-aurora/gin-vue-admin/server]2026-04-22 13:42:44.776	[34minfo[0m	/Users/a1/data/go/gin-vue-admin/server/service/quant/meilisearch.go:367	Batch synced successfully	{"count": 1000, "taskUID": 1423}
[github.com/flipped-aurora/gin-vue-admin/server]2026-04-22 13:42:45.099	[34minfo[0m	/Users/a1/data/go/gin-vue-admin/server/service/quant/meilisearch.go:367	Batch synced successfully	{"count": 1000, "taskUID": 1424}
[github.com/flipped-aurora/gin-vue-admin/server]2026-04-22 13:42:45.426	[34minfo[0m	/Users/a1/data/go/gin-vue-admin/server/service/quant/meilisearch.go:367	Batch synced successfully	{"count": 1000, "taskUID": 1425}
[github.com/flipped-aurora/gin-vue-admin/server]2026-04-22 13:42:45.772	[34minfo[0m	/Users/a1/data/go/gin-vue-admin/server/service/quant/meilisearch.go:367	Batch synced successfully	{"count": 1000, "taskUID": 1426}
[github.com/flipped-aurora/gin-vue-admin/server]2026-04-22 13:42:46.060	[34minfo[0m	/Users/a1/data/go/gin-vue-admin/server/service/quant/meilisearch.go:367	Batch synced successfully	{"count": 1000, "taskUID": 1427}
[github.com/flipped-aurora/gin-vue-admin/server]2026-04-22 13:42:46.382	[34minfo[0m	/Users/a1/data/go/gin-vue-admin/server/service/quant/meilisearch.go:367	Batch synced successfully	{"count": 1000, "taskUID": 1428}
[github.com/flipped-aurora/gin-vue-admin/server]2026-04-22 13:42:46.672	[34minfo[0m	/Users/a1/data/go/gin-vue-admin/server/service/quant/meilisearch.go:367	Batch synced successfully	{"count": 1000, "taskUID": 1429}
[github.com/flipped-aurora/gin-vue-admin/server]2026-04-22 13:42:46.988	[34minfo[0m	/Users/a1/data/go/gin-vue-admin/server/service/quant/meilisearch.go:367	Batch synced successfully	{"count": 1000, "taskUID": 1430}
[github.com/flipped-aurora/gin-vue-admin/server]2026-04-22 13:42:47.298	[34minfo[0m	/Users/a1/data/go/gin-vue-admin/server/service/quant/meilisearch.go:367	Batch synced successfully	{"count": 1000, "taskUID": 1431}
[github.com/flipped-aurora/gin-vue-admin/server]2026-04-22 13:42:47.580	[34minfo[0m	/Users/a1/data/go/gin-vue-admin/server/service/quant/meilisearch.go:367	Batch synced successfully	{"count": 1000, "taskUID": 1432}
[github.com/flipped-aurora/gin-vue-admin/server]2026-04-22 13:42:47.866	[34minfo[0m	/Users/a1/data/go/gin-vue-admin/server/service/quant/meilisearch.go:367	Batch synced successfully	{"count": 1000, "taskUID": 1433}
[github.com/flipped-aurora/gin-vue-admin/server]2026-04-22 13:42:48.172	[34minfo[0m	/Users/a1/data/go/gin-vue-admin/server/service/quant/meilisearch.go:367	Batch synced successfully	{"count": 1000, "taskUID": 1434}
[github.com/flipped-aurora/gin-vue-admin/server]2026-04-22 13:42:48.463	[34minfo[0m	/Users/a1/data/go/gin-vue-admin/server/service/quant/meilisearch.go:367	Batch synced successfully	{"count": 1000, "taskUID": 1435}
[github.com/flipped-aurora/gin-vue-admin/server]2026-04-22 13:42:48.759	[34minfo[0m	/Users/a1/data/go/gin-vue-admin/server/service/quant/meilisearch.go:367	Batch synced successfully	{"count": 1000, "taskUID": 1436}
[github.com/flipped-aurora/gin-vue-admin/server]2026-04-22 13:42:49.053	[34minfo[0m	/Users/a1/data/go/gin-vue-admin/server/service/quant/meilisearch.go:367	Batch synced successfully	{"count": 1000, "taskUID": 1437}
[github.com/flipped-aurora/gin-vue-admin/server]2026-04-22 13:42:49.368	[34minfo[0m	/Users/a1/data/go/gin-vue-admin/server/service/quant/meilisearch.go:367	Batch synced successfully	{"count": 1000, "taskUID": 1438}
[github.com/flipped-aurora/gin-vue-admin/server]2026-04-22 13:42:49.664	[34minfo[0m	/Users/a1/data/go/gin-vue-admin/server/service/quant/meilisearch.go:367	Batch synced successfully	{"count": 1000, "taskUID": 1439}
[github.com/flipped-aurora/gin-vue-admin/server]2026-04-22 13:42:49.974	[34minfo[0m	/Users/a1/data/go/gin-vue-admin/server/service/quant/meilisearch.go:367	Batch synced successfully	{"count": 1000, "taskUID": 1440}
[github.com/flipped-aurora/gin-vue-admin/server]2026-04-22 13:42:50.271	[34minfo[0m	/Users/a1/data/go/gin-vue-admin/server/service/quant/meilisearch.go:367	Batch synced successfully	{"count": 1000, "taskUID": 1441}
[github.com/flipped-aurora/gin-vue-admin/server]2026-04-22 13:42:50.558	[34minfo[0m	/Users/a1/data/go/gin-vue-admin/server/service/quant/meilisearch.go:367	Batch synced successfully	{"count": 1000, "taskUID": 1442}
[github.com/flipped-aurora/gin-vue-admin/server]2026-04-22 13:42:50.843	[34minfo[0m	/Users/a1/data/go/gin-vue-admin/server/service/quant/meilisearch.go:367	Batch synced successfully	{"count": 1000, "taskUID": 1443}
[github.com/flipped-aurora/gin-vue-admin/server]2026-04-22 13:42:51.130	[34minfo[0m	/Users/a1/data/go/gin-vue-admin/server/service/quant/meilisearch.go:367	Batch synced successfully	{"count": 1000, "taskUID": 1444}
[github.com/flipped-aurora/gin-vue-admin/server]2026-04-22 13:42:51.455	[34minfo[0m	/Users/a1/data/go/gin-vue-admin/server/service/quant/meilisearch.go:367	Batch synced successfully	{"count": 1000, "taskUID": 1445}
[github.com/flipped-aurora/gin-vue-admin/server]2026-04-22 13:42:51.749	[34minfo[0m	/Users/a1/data/go/gin-vue-admin/server/service/quant/meilisearch.go:367	Batch synced successfully	{"count": 1000, "taskUID": 1446}
[github.com/flipped-aurora/gin-vue-admin/server]2026-04-22 13:42:52.030	[34minfo[0m	/Users/a1/data/go/gin-vue-admin/server/service/quant/meilisearch.go:367	Batch synced successfully	{"count": 1000, "taskUID": 1447}
[github.com/flipped-aurora/gin-vue-admin/server]2026-04-22 13:42:52.323	[34minfo[0m	/Users/a1/data/go/gin-vue-admin/server/service/quant/meilisearch.go:367	Batch synced successfully	{"count": 1000, "taskUID": 1448}
[github.com/flipped-aurora/gin-vue-admin/server]2026-04-22 13:42:52.637	[34minfo[0m	/Users/a1/data/go/gin-vue-admin/server/service/quant/meilisearch.go:367	Batch synced successfully	{"count": 1000, "taskUID": 1449}
[github.com/flipped-aurora/gin-vue-admin/server]2026-04-22 13:42:52.931	[34minfo[0m	/Users/a1/data/go/gin-vue-admin/server/service/quant/meilisearch.go:367	Batch synced successfully	{"count": 1000, "taskUID": 1450}
[github.com/flipped-aurora/gin-vue-admin/server]2026-04-22 13:42:53.221	[34minfo[0m	/Users/a1/data/go/gin-vue-admin/server/service/quant/meilisearch.go:367	Batch synced successfully	{"count": 1000, "taskUID": 1451}
[github.com/flipped-aurora/gin-vue-admin/server]2026-04-22 13:42:53.535	[34minfo[0m	/Users/a1/data/go/gin-vue-admin/server/service/quant/meilisearch.go:367	Batch synced successfully	{"count": 1000, "taskUID": 1452}
[github.com/flipped-aurora/gin-vue-admin/server]2026-04-22 13:42:53.856	[34minfo[0m	/Users/a1/data/go/gin-vue-admin/server/service/quant/meilisearch.go:367	Batch synced successfully	{"count": 1000, "taskUID": 1453}
[github.com/flipped-aurora/gin-vue-admin/server]2026-04-22 13:42:54.151	[34minfo[0m	/Users/a1/data/go/gin-vue-admin/server/service/quant/meilisearch.go:367	Batch synced successfully	{"count": 1000, "taskUID": 1454}
[github.com/flipped-aurora/gin-vue-admin/server]2026-04-22 13:42:54.434	[34minfo[0m	/Users/a1/data/go/gin-vue-admin/server/service/quant/meilisearch.go:367	Batch synced successfully	{"count": 1000, "taskUID": 1455}
[github.com/flipped-aurora/gin-vue-admin/server]2026-04-22 13:42:54.739	[34minfo[0m	/Users/a1/data/go/gin-vue-admin/server/service/quant/meilisearch.go:367	Batch synced successfully	{"count": 1000, "taskUID": 1456}
[github.com/flipped-aurora/gin-vue-admin/server]2026-04-22 13:42:55.061	[34minfo[0m	/Users/a1/data/go/gin-vue-admin/server/service/quant/meilisearch.go:367	Batch synced successfully	{"count": 1000, "taskUID": 1457}
[github.com/flipped-aurora/gin-vue-admin/server]2026-04-22 13:42:55.372	[34minfo[0m	/Users/a1/data/go/gin-vue-admin/server/service/quant/meilisearch.go:367	Batch synced successfully	{"count": 1000, "taskUID": 1458}
[github.com/flipped-aurora/gin-vue-admin/server]2026-04-22 13:42:55.704	[34minfo[0m	/Users/a1/data/go/gin-vue-admin/server/service/quant/meilisearch.go:367	Batch synced successfully	{"count": 1000, "taskUID": 1459}
[github.com/flipped-aurora/gin-vue-admin/server]2026-04-22 13:42:56.010	[34minfo[0m	/Users/a1/data/go/gin-vue-admin/server/service/quant/meilisearch.go:367	Batch synced successfully	{"count": 1000, "taskUID": 1460}
[github.com/flipped-aurora/gin-vue-admin/server]2026-04-22 13:42:56.316	[34minfo[0m	/Users/a1/data/go/gin-vue-admin/server/service/quant/meilisearch.go:367	Batch synced successfully	{"count": 1000, "taskUID": 1461}
[github.com/flipped-aurora/gin-vue-admin/server]2026-04-22 13:42:56.612	[34minfo[0m	/Users/a1/data/go/gin-vue-admin/server/service/quant/meilisearch.go:367	Batch synced successfully	{"count": 1000, "taskUID": 1462}
[github.com/flipped-aurora/gin-vue-admin/server]2026-04-22 13:42:56.926	[34minfo[0m	/Users/a1/data/go/gin-vue-admin/server/service/quant/meilisearch.go:367	Batch synced successfully	{"count": 1000, "taskUID": 1463}
[github.com/flipped-aurora/gin-vue-admin/server]2026-04-22 13:42:57.254	[34minfo[0m	/Users/a1/data/go/gin-vue-admin/server/service/quant/meilisearch.go:367	Batch synced successfully	{"count": 1000, "taskUID": 1464}
[github.com/flipped-aurora/gin-vue-admin/server]2026-04-22 13:42:57.585	[34minfo[0m	/Users/a1/data/go/gin-vue-admin/server/service/quant/meilisearch.go:367	Batch synced successfully	{"count": 1000, "taskUID": 1465}
[github.com/flipped-aurora/gin-vue-admin/server]2026-04-22 13:42:57.874	[34minfo[0m	/Users/a1/data/go/gin-vue-admin/server/service/quant/meilisearch.go:367	Batch synced successfully	{"count": 1000, "taskUID": 1466}
[github.com/flipped-aurora/gin-vue-admin/server]2026-04-22 13:42:58.191	[34minfo[0m	/Users/a1/data/go/gin-vue-admin/server/service/quant/meilisearch.go:367	Batch synced successfully	{"count": 1000, "taskUID": 1467}
[github.com/flipped-aurora/gin-vue-admin/server]2026-04-22 13:42:58.508	[34minfo[0m	/Users/a1/data/go/gin-vue-admin/server/service/quant/meilisearch.go:367	Batch synced successfully	{"count": 1000, "taskUID": 1468}
[github.com/flipped-aurora/gin-vue-admin/server]2026-04-22 13:42:58.805	[34minfo[0m	/Users/a1/data/go/gin-vue-admin/server/service/quant/meilisearch.go:367	Batch synced successfully	{"count": 1000, "taskUID": 1469}
[github.com/flipped-aurora/gin-vue-admin/server]2026-04-22 13:42:59.103	[34minfo[0m	/Users/a1/data/go/gin-vue-admin/server/service/quant/meilisearch.go:367	Batch synced successfully	{"count": 1000, "taskUID": 1470}
[github.com/flipped-aurora/gin-vue-admin/server]2026-04-22 13:42:59.417	[34minfo[0m	/Users/a1/data/go/gin-vue-admin/server/service/quant/meilisearch.go:367	Batch synced successfully	{"count": 1000, "taskUID": 1471}
[github.com/flipped-aurora/gin-vue-admin/server]2026-04-22 13:42:59.710	[34minfo[0m	/Users/a1/data/go/gin-vue-admin/server/service/quant/meilisearch.go:367	Batch synced successfully	{"count": 1000, "taskUID": 1472}
[github.com/flipped-aurora/gin-vue-admin/server]2026-04-22 13:43:00.041	[34minfo[0m	/Users/a1/data/go/gin-vue-admin/server/service/quant/meilisearch.go:367	Batch synced successfully	{"count": 1000, "taskUID": 1473}
[github.com/flipped-aurora/gin-vue-admin/server]2026-04-22 13:43:00.348	[34minfo[0m	/Users/a1/data/go/gin-vue-admin/server/service/quant/meilisearch.go:367	Batch synced successfully	{"count": 1000, "taskUID": 1474}
[github.com/flipped-aurora/gin-vue-admin/server]2026-04-22 13:43:00.665	[34minfo[0m	/Users/a1/data/go/gin-vue-admin/server/service/quant/meilisearch.go:367	Batch synced successfully	{"count": 1000, "taskUID": 1475}
[github.com/flipped-aurora/gin-vue-admin/server]2026-04-22 13:43:00.963	[34minfo[0m	/Users/a1/data/go/gin-vue-admin/server/service/quant/meilisearch.go:367	Batch synced successfully	{"count": 1000, "taskUID": 1476}
[github.com/flipped-aurora/gin-vue-admin/server]2026-04-22 13:43:01.289	[34minfo[0m	/Users/a1/data/go/gin-vue-admin/server/service/quant/meilisearch.go:367	Batch synced successfully	{"count": 1000, "taskUID": 1477}
[github.com/flipped-aurora/gin-vue-admin/server]2026-04-22 13:43:01.581	[34minfo[0m	/Users/a1/data/go/gin-vue-admin/server/service/quant/meilisearch.go:367	Batch synced successfully	{"count": 1000, "taskUID": 1478}
[github.com/flipped-aurora/gin-vue-admin/server]2026-04-22 13:43:01.907	[34minfo[0m	/Users/a1/data/go/gin-vue-admin/server/service/quant/meilisearch.go:367	Batch synced successfully	{"count": 1000, "taskUID": 1479}
[github.com/flipped-aurora/gin-vue-admin/server]2026-04-22 13:43:02.206	[34minfo[0m	/Users/a1/data/go/gin-vue-admin/server/service/quant/meilisearch.go:367	Batch synced successfully	{"count": 1000, "taskUID": 1480}
[github.com/flipped-aurora/gin-vue-admin/server]2026-04-22 13:43:02.491	[34minfo[0m	/Users/a1/data/go/gin-vue-admin/server/service/quant/meilisearch.go:367	Batch synced successfully	{"count": 1000, "taskUID": 1481}
[github.com/flipped-aurora/gin-vue-admin/server]2026-04-22 13:43:02.779	[34minfo[0m	/Users/a1/data/go/gin-vue-admin/server/service/quant/meilisearch.go:367	Batch synced successfully	{"count": 1000, "taskUID": 1482}
[github.com/flipped-aurora/gin-vue-admin/server]2026-04-22 13:43:03.085	[34minfo[0m	/Users/a1/data/go/gin-vue-admin/server/service/quant/meilisearch.go:367	Batch synced successfully	{"count": 1000, "taskUID": 1483}
[github.com/flipped-aurora/gin-vue-admin/server]2026-04-22 13:43:03.375	[34minfo[0m	/Users/a1/data/go/gin-vue-admin/server/service/quant/meilisearch.go:367	Batch synced successfully	{"count": 1000, "taskUID": 1484}
[github.com/flipped-aurora/gin-vue-admin/server]2026-04-22 13:43:03.677	[34minfo[0m	/Users/a1/data/go/gin-vue-admin/server/service/quant/meilisearch.go:367	Batch synced successfully	{"count": 1000, "taskUID": 1485}
[github.com/flipped-aurora/gin-vue-admin/server]2026-04-22 13:43:03.988	[34minfo[0m	/Users/a1/data/go/gin-vue-admin/server/service/quant/meilisearch.go:367	Batch synced successfully	{"count": 1000, "taskUID": 1486}
[github.com/flipped-aurora/gin-vue-admin/server]2026-04-22 13:43:04.323	[34minfo[0m	/Users/a1/data/go/gin-vue-admin/server/service/quant/meilisearch.go:367	Batch synced successfully	{"count": 1000, "taskUID": 1487}
[github.com/flipped-aurora/gin-vue-admin/server]2026-04-22 13:43:04.615	[34minfo[0m	/Users/a1/data/go/gin-vue-admin/server/service/quant/meilisearch.go:367	Batch synced successfully	{"count": 1000, "taskUID": 1488}
[github.com/flipped-aurora/gin-vue-admin/server]2026-04-22 13:43:04.919	[34minfo[0m	/Users/a1/data/go/gin-vue-admin/server/service/quant/meilisearch.go:367	Batch synced successfully	{"count": 1000, "taskUID": 1489}
[github.com/flipped-aurora/gin-vue-admin/server]2026-04-22 13:43:09.053	[34minfo[0m	/Users/a1/data/go/gin-vue-admin/server/service/quant/meilisearch.go:367	Batch synced successfully	{"count": 755, "taskUID": 1490}
[github.com/flipped-aurora/gin-vue-admin/server]2026-04-22 13:43:09.053	[34minfo[0m	/Users/a1/data/go/gin-vue-admin/server/service/quant/meilisearch.go:671	Full sync completed	{"total": 362755, "success": 321755, "failure": 41000}
[github.com/flipped-aurora/gin-vue-admin/server]2026-04-22 13:46:00.642	[34minfo[0m	/Users/a1/data/go/gin-vue-admin/server/service/quant/meilisearch.go:563	Search completed	{"engine": "meilisearch", "total": 1000, "elapsed": 0.047316834}
[github.com/flipped-aurora/gin-vue-admin/server]2026-04-22 13:46:10.923	[34minfo[0m	/Users/a1/data/go/gin-vue-admin/server/service/quant/meilisearch.go:563	Search completed	{"engine": "meilisearch", "total": 1000, "elapsed": 0.038252093}
[github.com/flipped-aurora/gin-vue-admin/server]2026-04-22 13:46:19.844	[34minfo[0m	/Users/a1/data/go/gin-vue-admin/server/service/quant/meilisearch.go:563	Search completed	{"engine": "meilisearch", "total": 1000, "elapsed": 0.025778334}
[github.com/flipped-aurora/gin-vue-admin/server]2026-04-22 13:46:20.867	[34minfo[0m	/Users/a1/data/go/gin-vue-admin/server/service/quant/meilisearch.go:563	Search completed	{"engine": "meilisearch", "total": 1000, "elapsed": 0.027514601}
[github.com/flipped-aurora/gin-vue-admin/server]2026-04-22 13:46:22.022	[34minfo[0m	/Users/a1/data/go/gin-vue-admin/server/service/quant/meilisearch.go:563	Search completed	{"engine": "meilisearch", "total": 1000, "elapsed": 0.02672409}
[github.com/flipped-aurora/gin-vue-admin/server]2026-04-22 13:46:35.198	[34minfo[0m	/Users/a1/data/go/gin-vue-admin/server/service/quant/meilisearch.go:563	Search completed	{"engine": "meilisearch", "total": 698, "elapsed": 0.028580102}
[github.com/flipped-aurora/gin-vue-admin/server]2026-04-22 13:47:04.184	[34minfo[0m	/Users/a1/data/go/gin-vue-admin/server/service/quant/meilisearch.go:563	Search completed	{"engine": "meilisearch", "total": 1000, "elapsed": 0.040730341}
[github.com/flipped-aurora/gin-vue-admin/server]2026-04-22 13:48:25.728	[34minfo[0m	/Users/a1/data/go/gin-vue-admin/server/service/quant/meilisearch.go:563	Search completed	{"engine": "meilisearch", "total": 1000, "elapsed": 0.022685711}
[github.com/flipped-aurora/gin-vue-admin/server]2026-04-22 13:48:26.311	[34minfo[0m	/Users/a1/data/go/gin-vue-admin/server/service/quant/meilisearch.go:563	Search completed	{"engine": "meilisearch", "total": 1000, "elapsed": 0.030824924}
[github.com/flipped-aurora/gin-vue-admin/server]2026-04-22 13:48:26.738	[34minfo[0m	/Users/a1/data/go/gin-vue-admin/server/service/quant/meilisearch.go:563	Search completed	{"engine": "meilisearch", "total": 1000, "elapsed": 0.024160262}
[github.com/flipped-aurora/gin-vue-admin/server]2026-04-22 13:48:27.654	[34minfo[0m	/Users/a1/data/go/gin-vue-admin/server/service/quant/meilisearch.go:563	Search completed	{"engine": "meilisearch", "total": 1000, "elapsed": 0.028404634}
[github.com/flipped-aurora/gin-vue-admin/server]2026-04-22 13:48:28.448	[34minfo[0m	/Users/a1/data/go/gin-vue-admin/server/service/quant/meilisearch.go:563	Search completed	{"engine": "meilisearch", "total": 1000, "elapsed": 0.027993576}
[github.com/flipped-aurora/gin-vue-admin/server]2026-04-22 13:48:28.897	[34minfo[0m	/Users/a1/data/go/gin-vue-admin/server/service/quant/meilisearch.go:563	Search completed	{"engine": "meilisearch", "total": 1000, "elapsed": 0.025416413}
[github.com/flipped-aurora/gin-vue-admin/server]2026-04-22 13:48:29.334	[34minfo[0m	/Users/a1/data/go/gin-vue-admin/server/service/quant/meilisearch.go:563	Search completed	{"engine": "meilisearch", "total": 1000, "elapsed": 0.026331917}
[github.com/flipped-aurora/gin-vue-admin/server]2026-04-22 13:48:30.948	[34minfo[0m	/Users/a1/data/go/gin-vue-admin/server/service/quant/meilisearch.go:563	Search completed	{"engine": "meilisearch", "total": 1000, "elapsed": 0.023468242}
[github.com/flipped-aurora/gin-vue-admin/server]2026-04-22 13:48:45.533	[34minfo[0m	/Users/a1/data/go/gin-vue-admin/server/service/quant/meilisearch.go:563	Search completed	{"engine": "meilisearch", "total": 1000, "elapsed": 0.026973118}
[github.com/flipped-aurora/gin-vue-admin/server]2026-04-22 13:49:54.431	[34minfo[0m	/Users/a1/data/go/gin-vue-admin/server/service/quant/meilisearch.go:563	Search completed	{"engine": "meilisearch", "total": 1000, "elapsed": 0.029841184}
[github.com/flipped-aurora/gin-vue-admin/server]2026-04-22 13:49:58.241	[34minfo[0m	/Users/a1/data/go/gin-vue-admin/server/service/quant/meilisearch.go:563	Search completed	{"engine": "meilisearch", "total": 416, "elapsed": 0.028884611}
[github.com/flipped-aurora/gin-vue-admin/server]2026-04-22 13:50:11.580	[34minfo[0m	/Users/a1/data/go/gin-vue-admin/server/service/quant/meilisearch.go:563	Search completed	{"engine": "meilisearch", "total": 1000, "elapsed": 0.026001026}
[github.com/flipped-aurora/gin-vue-admin/server]2026-04-22 13:50:16.276	[34minfo[0m	/Users/a1/data/go/gin-vue-admin/server/service/quant/meilisearch.go:563	Search completed	{"engine": "meilisearch", "total": 0, "elapsed": 0.011773744}
[github.com/flipped-aurora/gin-vue-admin/server]2026-04-22 13:50:19.157	[34minfo[0m	/Users/a1/data/go/gin-vue-admin/server/service/quant/meilisearch.go:563	Search completed	{"engine": "meilisearch", "total": 67, "elapsed": 0.0270335}
[github.com/flipped-aurora/gin-vue-admin/server]2026-04-22 13:50:30.376	[34minfo[0m	/Users/a1/data/go/gin-vue-admin/server/service/quant/meilisearch.go:563	Search completed	{"engine": "meilisearch", "total": 1000, "elapsed": 0.025160325}
[github.com/flipped-aurora/gin-vue-admin/server]2026-04-22 13:50:50.551	[34minfo[0m	/Users/a1/data/go/gin-vue-admin/server/service/quant/meilisearch.go:563	Search completed	{"engine": "meilisearch", "total": 1000, "elapsed": 0.031674182}
[github.com/flipped-aurora/gin-vue-admin/server]2026-04-22 13:51:07.641	[34minfo[0m	/Users/a1/data/go/gin-vue-admin/server/service/quant/meilisearch.go:563	Search completed	{"engine": "meilisearch", "total": 1000, "elapsed": 0.025299527}
[github.com/flipped-aurora/gin-vue-admin/server]2026-04-22 13:51:10.782	[34minfo[0m	/Users/a1/data/go/gin-vue-admin/server/service/quant/meilisearch.go:563	Search completed	{"engine": "meilisearch", "total": 1000, "elapsed": 0.026307183}
[github.com/flipped-aurora/gin-vue-admin/server]2026-04-22 13:53:10.666	[34minfo[0m	/Users/a1/data/go/gin-vue-admin/server/service/quant/meilisearch.go:563	Search completed	{"engine": "meilisearch", "total": 1000, "elapsed": 0.038910676}
[github.com/flipped-aurora/gin-vue-admin/server]2026-04-22 13:55:32.296	[34minfo[0m	/Users/a1/data/go/gin-vue-admin/server/service/quant/meilisearch.go:563	Search completed	{"engine": "meilisearch", "total": 1000, "elapsed": 0.047093608}
[github.com/flipped-aurora/gin-vue-admin/server]2026-04-22 13:55:32.926	[34minfo[0m	/Users/a1/data/go/gin-vue-admin/server/service/quant/meilisearch.go:563	Search completed	{"engine": "meilisearch", "total": 1000, "elapsed": 0.030028685}
[github.com/flipped-aurora/gin-vue-admin/server]2026-04-22 13:55:45.220	[34minfo[0m	/Users/a1/data/go/gin-vue-admin/server/service/quant/meilisearch.go:563	Search completed	{"engine": "meilisearch", "total": 1000, "elapsed": 0.027513454}
[github.com/flipped-aurora/gin-vue-admin/server]2026-04-22 13:56:48.525	[34minfo[0m	/Users/a1/data/go/gin-vue-admin/server/service/quant/meilisearch.go:563	Search completed	{"engine": "meilisearch", "total": 1000, "elapsed": 0.031508891}
[github.com/flipped-aurora/gin-vue-admin/server]2026-04-22 13:56:49.452	[34minfo[0m	/Users/a1/data/go/gin-vue-admin/server/service/quant/meilisearch.go:563	Search completed	{"engine": "meilisearch", "total": 1000, "elapsed": 0.028533354}
[github.com/flipped-aurora/gin-vue-admin/server]2026-04-22 13:56:49.987	[34minfo[0m	/Users/a1/data/go/gin-vue-admin/server/service/quant/meilisearch.go:563	Search completed	{"engine": "meilisearch", "total": 1000, "elapsed": 0.024430777}
[github.com/flipped-aurora/gin-vue-admin/server]2026-04-22 13:56:50.514	[34minfo[0m	/Users/a1/data/go/gin-vue-admin/server/service/quant/meilisearch.go:563	Search completed	{"engine": "meilisearch", "total": 1000, "elapsed": 0.027081513}
[github.com/flipped-aurora/gin-vue-admin/server]2026-04-22 13:56:50.754	[34minfo[0m	/Users/a1/data/go/gin-vue-admin/server/service/quant/meilisearch.go:563	Search completed	{"engine": "meilisearch", "total": 1000, "elapsed": 0.024586869}
[github.com/flipped-aurora/gin-vue-admin/server]2026-04-22 13:56:51.070	[34minfo[0m	/Users/a1/data/go/gin-vue-admin/server/service/quant/meilisearch.go:563	Search completed	{"engine": "meilisearch", "total": 1000, "elapsed": 0.026558067}
[github.com/flipped-aurora/gin-vue-admin/server]2026-04-22 13:56:51.772	[34minfo[0m	/Users/a1/data/go/gin-vue-admin/server/service/quant/meilisearch.go:563	Search completed	{"engine": "meilisearch", "total": 1000, "elapsed": 0.025564043}
[github.com/flipped-aurora/gin-vue-admin/server]2026-04-22 13:56:53.204	[34minfo[0m	/Users/a1/data/go/gin-vue-admin/server/service/quant/meilisearch.go:563	Search completed	{"engine": "meilisearch", "total": 1000, "elapsed": 0.03102892}
[github.com/flipped-aurora/gin-vue-admin/server]2026-04-22 14:11:17.751	[34minfo[0m	/Users/a1/data/go/gin-vue-admin/server/service/quant/meilisearch.go:563	Search completed	{"engine": "meilisearch", "total": 1000, "elapsed": 0.047108258}
[github.com/flipped-aurora/gin-vue-admin/server]2026-04-22 14:11:35.196	[34minfo[0m	/Users/a1/data/go/gin-vue-admin/server/service/quant/meilisearch.go:563	Search completed	{"engine": "meilisearch", "total": 1000, "elapsed": 0.030342488}
[github.com/flipped-aurora/gin-vue-admin/server]2026-04-22 14:18:39.428	[34minfo[0m	/Users/a1/data/go/gin-vue-admin/server/service/quant/meilisearch.go:563	Search completed	{"engine": "meilisearch", "total": 1000, "elapsed": 0.04217927}
[github.com/flipped-aurora/gin-vue-admin/server]2026-04-22 14:18:47.106	[34minfo[0m	/Users/a1/data/go/gin-vue-admin/server/service/quant/meilisearch.go:563	Search completed	{"engine": "meilisearch", "total": 1000, "elapsed": 0.025984505}
[github.com/flipped-aurora/gin-vue-admin/server]2026-04-22 14:18:50.961	[34minfo[0m	/Users/a1/data/go/gin-vue-admin/server/service/quant/meilisearch.go:563	Search completed	{"engine": "meilisearch", "total": 711, "elapsed": 0.022669426}
[github.com/flipped-aurora/gin-vue-admin/server]2026-04-22 14:18:53.281	[34minfo[0m	/Users/a1/data/go/gin-vue-admin/server/service/quant/meilisearch.go:563	Search completed	{"engine": "meilisearch", "total": 711, "elapsed": 0.030320409}
[github.com/flipped-aurora/gin-vue-admin/server]2026-04-22 14:18:53.873	[34minfo[0m	/Users/a1/data/go/gin-vue-admin/server/service/quant/meilisearch.go:563	Search completed	{"engine": "meilisearch", "total": 711, "elapsed": 0.023723264}
[github.com/flipped-aurora/gin-vue-admin/server]2026-04-22 14:18:54.626	[34minfo[0m	/Users/a1/data/go/gin-vue-admin/server/service/quant/meilisearch.go:563	Search completed	{"engine": "meilisearch", "total": 711, "elapsed": 0.02530808}
[github.com/flipped-aurora/gin-vue-admin/server]2026-04-22 14:19:07.754	[34minfo[0m	/Users/a1/data/go/gin-vue-admin/server/service/quant/meilisearch.go:563	Search completed	{"engine": "meilisearch", "total": 2, "elapsed": 0.045469469}
[github.com/flipped-aurora/gin-vue-admin/server]2026-04-22 14:19:32.330	[34minfo[0m	/Users/a1/data/go/gin-vue-admin/server/service/quant/meilisearch.go:563	Search completed	{"engine": "meilisearch", "total": 224, "elapsed": 0.028851993}
[github.com/flipped-aurora/gin-vue-admin/server]2026-04-22 14:19:44.698	[34minfo[0m	/Users/a1/data/go/gin-vue-admin/server/service/quant/meilisearch.go:563	Search completed	{"engine": "meilisearch", "total": 1000, "elapsed": 0.031124985}
[github.com/flipped-aurora/gin-vue-admin/server]2026-04-22 14:19:52.777	[34minfo[0m	/Users/a1/data/go/gin-vue-admin/server/service/quant/meilisearch.go:563	Search completed	{"engine": "meilisearch", "total": 1000, "elapsed": 0.028678826}
[github.com/flipped-aurora/gin-vue-admin/server]2026-04-22 14:20:01.883	[34minfo[0m	/Users/a1/data/go/gin-vue-admin/server/service/quant/meilisearch.go:563	Search completed	{"engine": "meilisearch", "total": 1000, "elapsed": 0.028629889}
[github.com/flipped-aurora/gin-vue-admin/server]2026-04-22 14:20:10.196	[34minfo[0m	/Users/a1/data/go/gin-vue-admin/server/service/quant/meilisearch.go:563	Search completed	{"engine": "meilisearch", "total": 1000, "elapsed": 0.026344448}
[github.com/flipped-aurora/gin-vue-admin/server]2026-04-22 14:20:11.843	[34minfo[0m	/Users/a1/data/go/gin-vue-admin/server/service/quant/meilisearch.go:563	Search completed	{"engine": "meilisearch", "total": 1000, "elapsed": 0.024309935}
[github.com/flipped-aurora/gin-vue-admin/server]2026-04-22 14:20:20.924	[34minfo[0m	/Users/a1/data/go/gin-vue-admin/server/service/quant/meilisearch.go:563	Search completed	{"engine": "meilisearch", "total": 1000, "elapsed": 0.024072797}
[github.com/flipped-aurora/gin-vue-admin/server]2026-04-22 14:20:25.977	[34minfo[0m	/Users/a1/data/go/gin-vue-admin/server/service/quant/meilisearch.go:563	Search completed	{"engine": "meilisearch", "total": 1000, "elapsed": 0.026425512}
[github.com/flipped-aurora/gin-vue-admin/server]2026-04-22 14:20:27.460	[34minfo[0m	/Users/a1/data/go/gin-vue-admin/server/service/quant/meilisearch.go:563	Search completed	{"engine": "meilisearch", "total": 1000, "elapsed": 0.027981312}
[github.com/flipped-aurora/gin-vue-admin/server]2026-04-22 14:20:28.378	[34minfo[0m	/Users/a1/data/go/gin-vue-admin/server/service/quant/meilisearch.go:563	Search completed	{"engine": "meilisearch", "total": 1000, "elapsed": 0.028348445}
[github.com/flipped-aurora/gin-vue-admin/server]2026-04-22 14:20:29.904	[34minfo[0m	/Users/a1/data/go/gin-vue-admin/server/service/quant/meilisearch.go:563	Search completed	{"engine": "meilisearch", "total": 1000, "elapsed": 0.024189951}
[github.com/flipped-aurora/gin-vue-admin/server]2026-04-22 14:20:35.808	[34minfo[0m	/Users/a1/data/go/gin-vue-admin/server/service/quant/meilisearch.go:563	Search completed	{"engine": "meilisearch", "total": 698, "elapsed": 0.032939927}
[github.com/flipped-aurora/gin-vue-admin/server]2026-04-22 14:20:48.612	[34minfo[0m	/Users/a1/data/go/gin-vue-admin/server/service/quant/meilisearch.go:563	Search completed	{"engine": "meilisearch", "total": 1000, "elapsed": 0.056779502}
[github.com/flipped-aurora/gin-vue-admin/server]2026-04-22 14:20:49.188	[34minfo[0m	/Users/a1/data/go/gin-vue-admin/server/service/quant/meilisearch.go:563	Search completed	{"engine": "meilisearch", "total": 1000, "elapsed": 0.026732743}
[github.com/flipped-aurora/gin-vue-admin/server]2026-04-22 14:20:50.186	[34minfo[0m	/Users/a1/data/go/gin-vue-admin/server/service/quant/meilisearch.go:563	Search completed	{"engine": "meilisearch", "total": 1000, "elapsed": 0.029103607}
[github.com/flipped-aurora/gin-vue-admin/server]2026-04-22 14:33:23.328	[34minfo[0m	/Users/a1/data/go/gin-vue-admin/server/initialize/gorm.go:39	auto-migrate is disabled, skipping table registration
[github.com/flipped-aurora/gin-vue-admin/server]2026-04-22 14:33:23.343	[34minfo[0m	/Users/a1/data/go/gin-vue-admin/server/initialize/router.go:62	register swagger handler
[github.com/flipped-aurora/gin-vue-admin/server]2026-04-22 14:33:23.887	[34minfo[0m	/Users/a1/data/go/gin-vue-admin/server/initialize/router.go:115	router register success
[github.com/flipped-aurora/gin-vue-admin/server]2026-04-22 16:13:48.908	[34minfo[0m	/Users/a1/data/go/gin-vue-admin/server/initialize/gorm.go:39	auto-migrate is disabled, skipping table registration
[github.com/flipped-aurora/gin-vue-admin/server]2026-04-22 16:13:48.920	[34minfo[0m	/Users/a1/data/go/gin-vue-admin/server/initialize/router.go:62	register swagger handler
[github.com/flipped-aurora/gin-vue-admin/server]2026-04-22 16:13:49.350	[34minfo[0m	/Users/a1/data/go/gin-vue-admin/server/initialize/router.go:115	router register success
[github.com/flipped-aurora/gin-vue-admin/server]2026-04-22 16:14:56.141	[34minfo[0m	/Users/a1/data/go/gin-vue-admin/server/initialize/gorm.go:39	auto-migrate is disabled, skipping table registration
[github.com/flipped-aurora/gin-vue-admin/server]2026-04-22 16:14:56.153	[34minfo[0m	/Users/a1/data/go/gin-vue-admin/server/initialize/router.go:62	register swagger handler
[github.com/flipped-aurora/gin-vue-admin/server]2026-04-22 16:14:56.597	[34minfo[0m	/Users/a1/data/go/gin-vue-admin/server/initialize/router.go:115	router register success
[github.com/flipped-aurora/gin-vue-admin/server]2026-04-22 16:18:54.102	[34minfo[0m	/Users/a1/data/go/gin-vue-admin/server/initialize/gorm.go:39	auto-migrate is disabled, skipping table registration
[github.com/flipped-aurora/gin-vue-admin/server]2026-04-22 16:18:54.113	[34minfo[0m	/Users/a1/data/go/gin-vue-admin/server/initialize/router.go:62	register swagger handler
[github.com/flipped-aurora/gin-vue-admin/server]2026-04-22 16:18:54.620	[34minfo[0m	/Users/a1/data/go/gin-vue-admin/server/initialize/router.go:115	router register success
[github.com/flipped-aurora/gin-vue-admin/server]2026-04-22 16:19:34.759	[34minfo[0m	/Users/a1/data/go/gin-vue-admin/server/initialize/gorm.go:39	auto-migrate is disabled, skipping table registration
[github.com/flipped-aurora/gin-vue-admin/server]2026-04-22 16:19:34.773	[34minfo[0m	/Users/a1/data/go/gin-vue-admin/server/initialize/router.go:62	register swagger handler
[github.com/flipped-aurora/gin-vue-admin/server]2026-04-22 16:19:35.433	[34minfo[0m	/Users/a1/data/go/gin-vue-admin/server/initialize/router.go:115	router register success
[github.com/flipped-aurora/gin-vue-admin/server]2026-04-22 16:36:49.433	[34minfo[0m	/Users/a1/data/go/gin-vue-admin/server/initialize/gorm.go:39	auto-migrate is disabled, skipping table registration
[github.com/flipped-aurora/gin-vue-admin/server]2026-04-22 16:36:49.453	[34minfo[0m	/Users/a1/data/go/gin-vue-admin/server/initialize/router.go:62	register swagger handler
[github.com/flipped-aurora/gin-vue-admin/server]2026-04-22 16:36:50.011	[34minfo[0m	/Users/a1/data/go/gin-vue-admin/server/initialize/router.go:115	router register success
[github.com/flipped-aurora/gin-vue-admin/server]2026-04-22 16:41:02.467	[34minfo[0m	/Users/a1/data/go/gin-vue-admin/server/service/quant/meilisearch.go:46	Meilisearch client initialized successfully	{"url": "http://47.108.165.155:7700"}
[github.com/flipped-aurora/gin-vue-admin/server]2026-04-22 16:41:02.513	[34minfo[0m	/Users/a1/data/go/gin-vue-admin/server/service/quant/meilisearch.go:89	News index created and configured successfully	{"index": "news"}
[github.com/flipped-aurora/gin-vue-admin/server]2026-04-22 16:41:02.514	[34minfo[0m	/Users/a1/data/go/gin-vue-admin/server/initialize/meilisearch.go:30	Meilisearch initialized successfully
[github.com/flipped-aurora/gin-vue-admin/server]2026-04-22 16:41:02.514	[34minfo[0m	/Users/a1/data/go/gin-vue-admin/server/initialize/gorm.go:39	auto-migrate is disabled, skipping table registration
[github.com/flipped-aurora/gin-vue-admin/server]2026-04-22 16:41:02.531	[34minfo[0m	/Users/a1/data/go/gin-vue-admin/server/initialize/router.go:62	register swagger handler
[github.com/flipped-aurora/gin-vue-admin/server]2026-04-22 16:41:03.130	[34minfo[0m	/Users/a1/data/go/gin-vue-admin/server/initialize/router.go:115	router register success
[github.com/flipped-aurora/gin-vue-admin/server]2026-04-22 16:41:47.346	[34minfo[0m	/Users/a1/data/go/gin-vue-admin/server/service/quant/meilisearch.go:569	Search completed	{"engine": "meilisearch", "total": 1000, "elapsed": 0.029416596}
[github.com/flipped-aurora/gin-vue-admin/server]2026-04-22 16:41:47.915	[34minfo[0m	/Users/a1/data/go/gin-vue-admin/server/service/quant/meilisearch.go:569	Search completed	{"engine": "meilisearch", "total": 1000, "elapsed": 0.040044925}
[github.com/flipped-aurora/gin-vue-admin/server]2026-04-22 16:42:29.300	[34minfo[0m	/Users/a1/data/go/gin-vue-admin/server/service/quant/meilisearch.go:569	Search completed	{"engine": "meilisearch", "total": 1000, "elapsed": 0.039573471}
[github.com/flipped-aurora/gin-vue-admin/server]2026-04-22 16:42:30.119	[34minfo[0m	/Users/a1/data/go/gin-vue-admin/server/service/quant/meilisearch.go:569	Search completed	{"engine": "meilisearch", "total": 1000, "elapsed": 0.03152699}
[github.com/flipped-aurora/gin-vue-admin/server]2026-04-22 16:42:32.429	[34minfo[0m	/Users/a1/data/go/gin-vue-admin/server/service/quant/meilisearch.go:569	Search completed	{"engine": "meilisearch", "total": 1000, "elapsed": 0.033452305}
[github.com/flipped-aurora/gin-vue-admin/server]2026-04-22 16:42:43.789	[34minfo[0m	/Users/a1/data/go/gin-vue-admin/server/service/quant/meilisearch.go:569	Search completed	{"engine": "meilisearch", "total": 855, "elapsed": 0.0302108}
[github.com/flipped-aurora/gin-vue-admin/server]2026-04-22 16:42:53.622	[34minfo[0m	/Users/a1/data/go/gin-vue-admin/server/service/quant/meilisearch.go:569	Search completed	{"engine": "meilisearch", "total": 855, "elapsed": 0.026517531}
[github.com/flipped-aurora/gin-vue-admin/server]2026-04-22 16:43:01.250	[34minfo[0m	/Users/a1/data/go/gin-vue-admin/server/service/quant/meilisearch.go:569	Search completed	{"engine": "meilisearch", "total": 1000, "elapsed": 0.032167658}
[github.com/flipped-aurora/gin-vue-admin/server]2026-04-22 16:43:05.068	[34minfo[0m	/Users/a1/data/go/gin-vue-admin/server/service/quant/meilisearch.go:569	Search completed	{"engine": "meilisearch", "total": 1000, "elapsed": 0.029456019}
[github.com/flipped-aurora/gin-vue-admin/server]2026-04-22 16:43:23.913	[34minfo[0m	/Users/a1/data/go/gin-vue-admin/server/service/quant/meilisearch.go:569	Search completed	{"engine": "meilisearch", "total": 435, "elapsed": 0.032470833}
[github.com/flipped-aurora/gin-vue-admin/server]2026-04-22 16:43:25.354	[34minfo[0m	/Users/a1/data/go/gin-vue-admin/server/service/quant/meilisearch.go:569	Search completed	{"engine": "meilisearch", "total": 1000, "elapsed": 0.033961185}
[github.com/flipped-aurora/gin-vue-admin/server]2026-04-22 16:43:30.171	[34minfo[0m	/Users/a1/data/go/gin-vue-admin/server/service/quant/meilisearch.go:569	Search completed	{"engine": "meilisearch", "total": 1000, "elapsed": 0.030138413}
[github.com/flipped-aurora/gin-vue-admin/server]2026-04-22 16:43:36.891	[34minfo[0m	/Users/a1/data/go/gin-vue-admin/server/service/quant/meilisearch.go:569	Search completed	{"engine": "meilisearch", "total": 1000, "elapsed": 0.028978215}
[github.com/flipped-aurora/gin-vue-admin/server]2026-04-22 16:43:41.821	[34minfo[0m	/Users/a1/data/go/gin-vue-admin/server/service/quant/meilisearch.go:569	Search completed	{"engine": "meilisearch", "total": 1000, "elapsed": 0.030192959}
[github.com/flipped-aurora/gin-vue-admin/server]2026-04-22 17:26:18.880	[34minfo[0m	/Users/a1/data/go/gin-vue-admin/server/service/quant/meilisearch.go:569	Search completed	{"engine": "meilisearch", "total": 1000, "elapsed": 0.046560663}
[github.com/flipped-aurora/gin-vue-admin/server]2026-04-22 17:26:20.113	[34minfo[0m	/Users/a1/data/go/gin-vue-admin/server/service/quant/meilisearch.go:569	Search completed	{"engine": "meilisearch", "total": 1000, "elapsed": 0.066123148}
[github.com/flipped-aurora/gin-vue-admin/server]2026-04-22 17:26:21.299	[34minfo[0m	/Users/a1/data/go/gin-vue-admin/server/service/quant/meilisearch.go:569	Search completed	{"engine": "meilisearch", "total": 1000, "elapsed": 0.025348167}
[github.com/flipped-aurora/gin-vue-admin/server]2026-04-22 17:26:21.819	[34minfo[0m	/Users/a1/data/go/gin-vue-admin/server/service/quant/meilisearch.go:569	Search completed	{"engine": "meilisearch", "total": 1000, "elapsed": 0.029045693}
[github.com/flipped-aurora/gin-vue-admin/server]2026-04-22 17:26:39.942	[34minfo[0m	/Users/a1/data/go/gin-vue-admin/server/service/quant/meilisearch.go:569	Search completed	{"engine": "meilisearch", "total": 1000, "elapsed": 0.028981845}
[github.com/flipped-aurora/gin-vue-admin/server]2026-04-22 17:26:52.783	[34minfo[0m	/Users/a1/data/go/gin-vue-admin/server/service/quant/meilisearch.go:569	Search completed	{"engine": "meilisearch", "total": 80, "elapsed": 0.047043581}
[github.com/flipped-aurora/gin-vue-admin/server]2026-04-22 17:26:55.757	[34minfo[0m	/Users/a1/data/go/gin-vue-admin/server/service/quant/meilisearch.go:569	Search completed	{"engine": "meilisearch", "total": 121, "elapsed": 0.034678528}
[github.com/flipped-aurora/gin-vue-admin/server]2026-04-22 17:26:59.268	[34minfo[0m	/Users/a1/data/go/gin-vue-admin/server/service/quant/meilisearch.go:569	Search completed	{"engine": "meilisearch", "total": 0, "elapsed": 0.013476302}
[github.com/flipped-aurora/gin-vue-admin/server]2026-04-22 17:27:03.133	[34minfo[0m	/Users/a1/data/go/gin-vue-admin/server/service/quant/meilisearch.go:569	Search completed	{"engine": "meilisearch", "total": 0, "elapsed": 0.013954411}
[github.com/flipped-aurora/gin-vue-admin/server]2026-04-22 17:27:05.971	[34minfo[0m	/Users/a1/data/go/gin-vue-admin/server/service/quant/meilisearch.go:569	Search completed	{"engine": "meilisearch", "total": 0, "elapsed": 0.022764715}
[github.com/flipped-aurora/gin-vue-admin/server]2026-04-22 17:27:08.947	[34minfo[0m	/Users/a1/data/go/gin-vue-admin/server/service/quant/meilisearch.go:569	Search completed	{"engine": "meilisearch", "total": 1, "elapsed": 0.016229477}
[github.com/flipped-aurora/gin-vue-admin/server]2026-04-22 17:27:13.149	[34minfo[0m	/Users/a1/data/go/gin-vue-admin/server/service/quant/meilisearch.go:569	Search completed	{"engine": "meilisearch", "total": 946, "elapsed": 0.031383416}
[github.com/flipped-aurora/gin-vue-admin/server]2026-04-22 17:27:16.363	[34minfo[0m	/Users/a1/data/go/gin-vue-admin/server/service/quant/meilisearch.go:569	Search completed	{"engine": "meilisearch", "total": 0, "elapsed": 0.019207741}
[github.com/flipped-aurora/gin-vue-admin/server]2026-04-22 17:41:10.917	[34minfo[0m	/Users/a1/data/go/gin-vue-admin/server/service/quant/meilisearch.go:569	Search completed	{"engine": "meilisearch", "total": 872, "elapsed": 0.028296467}
[github.com/flipped-aurora/gin-vue-admin/server]2026-04-22 17:42:06.767	[34minfo[0m	/Users/a1/data/go/gin-vue-admin/server/service/quant/meilisearch.go:569	Search completed	{"engine": "meilisearch", "total": 1000, "elapsed": 0.02200626}
[github.com/flipped-aurora/gin-vue-admin/server]2026-04-22 17:42:18.393	[34minfo[0m	/Users/a1/data/go/gin-vue-admin/server/service/quant/meilisearch.go:569	Search completed	{"engine": "meilisearch", "total": 1000, "elapsed": 0.03404288}
[github.com/flipped-aurora/gin-vue-admin/server]2026-04-22 17:42:21.314	[34minfo[0m	/Users/a1/data/go/gin-vue-admin/server/service/quant/meilisearch.go:569	Search completed	{"engine": "meilisearch", "total": 1000, "elapsed": 0.030612729}
[github.com/flipped-aurora/gin-vue-admin/server]2026-04-22 17:42:21.998	[34minfo[0m	/Users/a1/data/go/gin-vue-admin/server/service/quant/meilisearch.go:569	Search completed	{"engine": "meilisearch", "total": 1000, "elapsed": 0.036431763}
[github.com/flipped-aurora/gin-vue-admin/server]2026-04-22 17:42:22.777	[34minfo[0m	/Users/a1/data/go/gin-vue-admin/server/service/quant/meilisearch.go:569	Search completed	{"engine": "meilisearch", "total": 1000, "elapsed": 0.024027851}
[github.com/flipped-aurora/gin-vue-admin/server]2026-04-22 17:42:23.406	[34minfo[0m	/Users/a1/data/go/gin-vue-admin/server/service/quant/meilisearch.go:569	Search completed	{"engine": "meilisearch", "total": 1000, "elapsed": 0.023694457}
[github.com/flipped-aurora/gin-vue-admin/server]2026-04-22 17:42:27.906	[34minfo[0m	/Users/a1/data/go/gin-vue-admin/server/service/quant/meilisearch.go:569	Search completed	{"engine": "meilisearch", "total": 1000, "elapsed": 0.022198705}
[github.com/flipped-aurora/gin-vue-admin/server]2026-04-22 17:48:17.289	[34minfo[0m	/Users/a1/data/go/gin-vue-admin/server/service/quant/meilisearch.go:569	Search completed	{"engine": "meilisearch", "total": 1000, "elapsed": 0.048716333}
[github.com/flipped-aurora/gin-vue-admin/server]2026-04-22 17:48:37.571	[34minfo[0m	/Users/a1/data/go/gin-vue-admin/server/service/quant/meilisearch.go:569	Search completed	{"engine": "meilisearch", "total": 1000, "elapsed": 0.033256588}
[github.com/flipped-aurora/gin-vue-admin/server]2026-04-22 17:48:42.389	[34minfo[0m	/Users/a1/data/go/gin-vue-admin/server/service/quant/meilisearch.go:569	Search completed	{"engine": "meilisearch", "total": 585, "elapsed": 0.034539542}
[github.com/flipped-aurora/gin-vue-admin/server]2026-04-22 17:53:49.487	[34minfo[0m	/Users/a1/data/go/gin-vue-admin/server/service/quant/meilisearch.go:569	Search completed	{"engine": "meilisearch", "total": 1000, "elapsed": 0.043863144}
[github.com/flipped-aurora/gin-vue-admin/server]2026-04-22 17:53:57.303	[34minfo[0m	/Users/a1/data/go/gin-vue-admin/server/service/quant/meilisearch.go:569	Search completed	{"engine": "meilisearch", "total": 1000, "elapsed": 0.027931195}
[github.com/flipped-aurora/gin-vue-admin/server]2026-04-22 17:54:01.827	[34minfo[0m	/Users/a1/data/go/gin-vue-admin/server/service/quant/meilisearch.go:569	Search completed	{"engine": "meilisearch", "total": 1000, "elapsed": 0.034588204}
[github.com/flipped-aurora/gin-vue-admin/server]2026-04-22 17:54:11.300	[34minfo[0m	/Users/a1/data/go/gin-vue-admin/server/service/quant/meilisearch.go:569	Search completed	{"engine": "meilisearch", "total": 1000, "elapsed": 0.034436859}
[github.com/flipped-aurora/gin-vue-admin/server]2026-04-22 17:54:14.042	[34minfo[0m	/Users/a1/data/go/gin-vue-admin/server/service/quant/meilisearch.go:569	Search completed	{"engine": "meilisearch", "total": 1000, "elapsed": 0.028549985}
[github.com/flipped-aurora/gin-vue-admin/server]2026-04-22 17:54:20.335	[34minfo[0m	/Users/a1/data/go/gin-vue-admin/server/service/quant/meilisearch.go:569	Search completed	{"engine": "meilisearch", "total": 1000, "elapsed": 0.031645033}
[github.com/flipped-aurora/gin-vue-admin/server]2026-04-22 17:54:24.225	[34minfo[0m	/Users/a1/data/go/gin-vue-admin/server/service/quant/meilisearch.go:569	Search completed	{"engine": "meilisearch", "total": 1000, "elapsed": 0.027721224}
[github.com/flipped-aurora/gin-vue-admin/server]2026-04-22 17:54:33.464	[34minfo[0m	/Users/a1/data/go/gin-vue-admin/server/service/quant/meilisearch.go:569	Search completed	{"engine": "meilisearch", "total": 1000, "elapsed": 0.029478171}
[github.com/flipped-aurora/gin-vue-admin/server]2026-04-22 17:54:44.817	[34minfo[0m	/Users/a1/data/go/gin-vue-admin/server/service/quant/meilisearch.go:569	Search completed	{"engine": "meilisearch", "total": 1000, "elapsed": 0.034041504}
[github.com/flipped-aurora/gin-vue-admin/server]2026-04-22 17:55:14.199	[34minfo[0m	/Users/a1/data/go/gin-vue-admin/server/service/quant/meilisearch.go:569	Search completed	{"engine": "meilisearch", "total": 1000, "elapsed": 0.026920994}
[github.com/flipped-aurora/gin-vue-admin/server]2026-04-22 17:55:40.402	[34minfo[0m	/Users/a1/data/go/gin-vue-admin/server/service/quant/meilisearch.go:569	Search completed	{"engine": "meilisearch", "total": 1000, "elapsed": 0.03365856}
[github.com/flipped-aurora/gin-vue-admin/server]2026-04-22 17:55:46.486	[34minfo[0m	/Users/a1/data/go/gin-vue-admin/server/service/quant/meilisearch.go:569	Search completed	{"engine": "meilisearch", "total": 1000, "elapsed": 0.028234388}
[github.com/flipped-aurora/gin-vue-admin/server]2026-04-22 17:55:47.469	[34minfo[0m	/Users/a1/data/go/gin-vue-admin/server/service/quant/meilisearch.go:569	Search completed	{"engine": "meilisearch", "total": 1000, "elapsed": 0.036963529}
[github.com/flipped-aurora/gin-vue-admin/server]2026-04-22 17:55:48.325	[34minfo[0m	/Users/a1/data/go/gin-vue-admin/server/service/quant/meilisearch.go:569	Search completed	{"engine": "meilisearch", "total": 1000, "elapsed": 0.036990076}
[github.com/flipped-aurora/gin-vue-admin/server]2026-04-22 17:55:49.403	[34minfo[0m	/Users/a1/data/go/gin-vue-admin/server/service/quant/meilisearch.go:569	Search completed	{"engine": "meilisearch", "total": 1000, "elapsed": 0.023865889}
[github.com/flipped-aurora/gin-vue-admin/server]2026-04-22 17:55:50.297	[34minfo[0m	/Users/a1/data/go/gin-vue-admin/server/service/quant/meilisearch.go:569	Search completed	{"engine": "meilisearch", "total": 1000, "elapsed": 0.02798141}
[github.com/flipped-aurora/gin-vue-admin/server]2026-04-22 17:55:51.695	[34minfo[0m	/Users/a1/data/go/gin-vue-admin/server/service/quant/meilisearch.go:569	Search completed	{"engine": "meilisearch", "total": 1000, "elapsed": 0.035261878}
[github.com/flipped-aurora/gin-vue-admin/server]2026-04-22 17:55:52.716	[34minfo[0m	/Users/a1/data/go/gin-vue-admin/server/service/quant/meilisearch.go:569	Search completed	{"engine": "meilisearch", "total": 1000, "elapsed": 0.036126386}
[github.com/flipped-aurora/gin-vue-admin/server]2026-04-22 17:55:53.492	[34minfo[0m	/Users/a1/data/go/gin-vue-admin/server/service/quant/meilisearch.go:569	Search completed	{"engine": "meilisearch", "total": 1000, "elapsed": 0.031906097}
[github.com/flipped-aurora/gin-vue-admin/server]2026-04-22 17:55:54.226	[34minfo[0m	/Users/a1/data/go/gin-vue-admin/server/service/quant/meilisearch.go:569	Search completed	{"engine": "meilisearch", "total": 1000, "elapsed": 0.031129511}
[github.com/flipped-aurora/gin-vue-admin/server]2026-04-22 17:55:55.122	[34minfo[0m	/Users/a1/data/go/gin-vue-admin/server/service/quant/meilisearch.go:569	Search completed	{"engine": "meilisearch", "total": 1000, "elapsed": 0.042970937}
[github.com/flipped-aurora/gin-vue-admin/server]2026-04-22 17:55:55.967	[34minfo[0m	/Users/a1/data/go/gin-vue-admin/server/service/quant/meilisearch.go:569	Search completed	{"engine": "meilisearch", "total": 1000, "elapsed": 0.030079872}
[github.com/flipped-aurora/gin-vue-admin/server]2026-04-22 17:55:56.816	[34minfo[0m	/Users/a1/data/go/gin-vue-admin/server/service/quant/meilisearch.go:569	Search completed	{"engine": "meilisearch", "total": 1000, "elapsed": 0.024051547}
[github.com/flipped-aurora/gin-vue-admin/server]2026-04-22 17:55:57.556	[34minfo[0m	/Users/a1/data/go/gin-vue-admin/server/service/quant/meilisearch.go:569	Search completed	{"engine": "meilisearch", "total": 1000, "elapsed": 0.031502569}
[github.com/flipped-aurora/gin-vue-admin/server]2026-04-22 17:56:00.957	[34minfo[0m	/Users/a1/data/go/gin-vue-admin/server/service/quant/meilisearch.go:569	Search completed	{"engine": "meilisearch", "total": 1000, "elapsed": 0.038161656}
[github.com/flipped-aurora/gin-vue-admin/server]2026-04-22 17:56:04.913	[34minfo[0m	/Users/a1/data/go/gin-vue-admin/server/service/quant/meilisearch.go:569	Search completed	{"engine": "meilisearch", "total": 1000, "elapsed": 0.029526649}
[github.com/flipped-aurora/gin-vue-admin/server]2026-04-22 17:56:08.594	[34minfo[0m	/Users/a1/data/go/gin-vue-admin/server/service/quant/meilisearch.go:569	Search completed	{"engine": "meilisearch", "total": 1000, "elapsed": 0.036960119}
[github.com/flipped-aurora/gin-vue-admin/server]2026-04-22 17:56:22.316	[34minfo[0m	/Users/a1/data/go/gin-vue-admin/server/service/quant/meilisearch.go:569	Search completed	{"engine": "meilisearch", "total": 1000, "elapsed": 0.037481931}
[github.com/flipped-aurora/gin-vue-admin/server]2026-04-22 17:56:38.027	[34minfo[0m	/Users/a1/data/go/gin-vue-admin/server/service/quant/meilisearch.go:569	Search completed	{"engine": "meilisearch", "total": 1000, "elapsed": 0.026539555}
[github.com/flipped-aurora/gin-vue-admin/server]2026-04-22 17:56:41.291	[34minfo[0m	/Users/a1/data/go/gin-vue-admin/server/service/quant/meilisearch.go:569	Search completed	{"engine": "meilisearch", "total": 1000, "elapsed": 0.032422983}
[github.com/flipped-aurora/gin-vue-admin/server]2026-04-22 17:56:44.927	[34minfo[0m	/Users/a1/data/go/gin-vue-admin/server/service/quant/meilisearch.go:569	Search completed	{"engine": "meilisearch", "total": 1000, "elapsed": 0.026329637}
[github.com/flipped-aurora/gin-vue-admin/server]2026-04-22 18:11:57.607	[34minfo[0m	/Users/a1/data/go/gin-vue-admin/server/service/quant/meilisearch.go:569	Search completed	{"engine": "meilisearch", "total": 1000, "elapsed": 0.048090388}
[github.com/flipped-aurora/gin-vue-admin/server]2026-04-22 18:11:58.175	[34minfo[0m	/Users/a1/data/go/gin-vue-admin/server/service/quant/meilisearch.go:569	Search completed	{"engine": "meilisearch", "total": 1000, "elapsed": 0.032899047}
[github.com/flipped-aurora/gin-vue-admin/server]2026-04-22 18:12:01.892	[34minfo[0m	/Users/a1/data/go/gin-vue-admin/server/service/quant/meilisearch.go:569	Search completed	{"engine": "meilisearch", "total": 1000, "elapsed": 0.033618094}
[github.com/flipped-aurora/gin-vue-admin/server]2026-04-22 18:12:02.476	[34minfo[0m	/Users/a1/data/go/gin-vue-admin/server/service/quant/meilisearch.go:569	Search completed	{"engine": "meilisearch", "total": 1000, "elapsed": 0.026005475}
[github.com/flipped-aurora/gin-vue-admin/server]2026-04-22 18:12:02.715	[34minfo[0m	/Users/a1/data/go/gin-vue-admin/server/service/quant/meilisearch.go:569	Search completed	{"engine": "meilisearch", "total": 1000, "elapsed": 0.027661686}
[github.com/flipped-aurora/gin-vue-admin/server]2026-04-22 18:12:07.019	[34minfo[0m	/Users/a1/data/go/gin-vue-admin/server/service/quant/meilisearch.go:569	Search completed	{"engine": "meilisearch", "total": 1000, "elapsed": 0.029654104}
[github.com/flipped-aurora/gin-vue-admin/server]2026-04-22 18:12:07.722	[34minfo[0m	/Users/a1/data/go/gin-vue-admin/server/service/quant/meilisearch.go:569	Search completed	{"engine": "meilisearch", "total": 589, "elapsed": 0.022090117}
[github.com/flipped-aurora/gin-vue-admin/server]2026-04-22 18:12:08.794	[34minfo[0m	/Users/a1/data/go/gin-vue-admin/server/service/quant/meilisearch.go:569	Search completed	{"engine": "meilisearch", "total": 151, "elapsed": 0.032137111}
[github.com/flipped-aurora/gin-vue-admin/server]2026-04-22 18:12:12.718	[34minfo[0m	/Users/a1/data/go/gin-vue-admin/server/service/quant/meilisearch.go:569	Search completed	{"engine": "meilisearch", "total": 151, "elapsed": 0.033241241}
[github.com/flipped-aurora/gin-vue-admin/server]2026-04-22 18:12:14.639	[34minfo[0m	/Users/a1/data/go/gin-vue-admin/server/service/quant/meilisearch.go:569	Search completed	{"engine": "meilisearch", "total": 1000, "elapsed": 0.025780482}
[github.com/flipped-aurora/gin-vue-admin/server]2026-04-22 18:12:16.952	[34minfo[0m	/Users/a1/data/go/gin-vue-admin/server/service/quant/meilisearch.go:569	Search completed	{"engine": "meilisearch", "total": 1000, "elapsed": 0.029985066}
[github.com/flipped-aurora/gin-vue-admin/server]2026-04-22 18:12:18.992	[34minfo[0m	/Users/a1/data/go/gin-vue-admin/server/service/quant/meilisearch.go:569	Search completed	{"engine": "meilisearch", "total": 75, "elapsed": 0.03251537}
[github.com/flipped-aurora/gin-vue-admin/server]2026-04-22 18:12:22.710	[34minfo[0m	/Users/a1/data/go/gin-vue-admin/server/service/quant/meilisearch.go:569	Search completed	{"engine": "meilisearch", "total": 75, "elapsed": 0.025264574}
[github.com/flipped-aurora/gin-vue-admin/server]2026-04-22 18:12:26.371	[34minfo[0m	/Users/a1/data/go/gin-vue-admin/server/service/quant/meilisearch.go:569	Search completed	{"engine": "meilisearch", "total": 1000, "elapsed": 0.029704634}
[github.com/flipped-aurora/gin-vue-admin/server]2026-04-22 18:12:32.715	[34minfo[0m	/Users/a1/data/go/gin-vue-admin/server/service/quant/meilisearch.go:569	Search completed	{"engine": "meilisearch", "total": 1000, "elapsed": 0.029626592}
[github.com/flipped-aurora/gin-vue-admin/server]2026-04-22 18:12:42.716	[34minfo[0m	/Users/a1/data/go/gin-vue-admin/server/service/quant/meilisearch.go:569	Search completed	{"engine": "meilisearch", "total": 1000, "elapsed": 0.032286593}
[github.com/flipped-aurora/gin-vue-admin/server]2026-04-22 18:12:52.720	[34minfo[0m	/Users/a1/data/go/gin-vue-admin/server/service/quant/meilisearch.go:569	Search completed	{"engine": "meilisearch", "total": 1000, "elapsed": 0.036453328}
[github.com/flipped-aurora/gin-vue-admin/server]2026-04-22 18:13:02.708	[34minfo[0m	/Users/a1/data/go/gin-vue-admin/server/service/quant/meilisearch.go:569	Search completed	{"engine": "meilisearch", "total": 1000, "elapsed": 0.024193146}
[github.com/flipped-aurora/gin-vue-admin/server]2026-04-22 18:13:12.714	[34minfo[0m	/Users/a1/data/go/gin-vue-admin/server/service/quant/meilisearch.go:569	Search completed	{"engine": "meilisearch", "total": 1000, "elapsed": 0.030884134}
[github.com/flipped-aurora/gin-vue-admin/server]2026-04-22 18:13:22.708	[34minfo[0m	/Users/a1/data/go/gin-vue-admin/server/service/quant/meilisearch.go:569	Search completed	{"engine": "meilisearch", "total": 1000, "elapsed": 0.024366291}
[github.com/flipped-aurora/gin-vue-admin/server]2026-04-22 18:13:32.711	[34minfo[0m	/Users/a1/data/go/gin-vue-admin/server/service/quant/meilisearch.go:569	Search completed	{"engine": "meilisearch", "total": 1000, "elapsed": 0.026863728}
[github.com/flipped-aurora/gin-vue-admin/server]2026-04-22 18:13:42.709	[34minfo[0m	/Users/a1/data/go/gin-vue-admin/server/service/quant/meilisearch.go:569	Search completed	{"engine": "meilisearch", "total": 1000, "elapsed": 0.026311974}
[github.com/flipped-aurora/gin-vue-admin/server]2026-04-22 18:13:52.718	[34minfo[0m	/Users/a1/data/go/gin-vue-admin/server/service/quant/meilisearch.go:569	Search completed	{"engine": "meilisearch", "total": 1000, "elapsed": 0.033961031}
[github.com/flipped-aurora/gin-vue-admin/server]2026-04-22 18:14:02.717	[34minfo[0m	/Users/a1/data/go/gin-vue-admin/server/service/quant/meilisearch.go:569	Search completed	{"engine": "meilisearch", "total": 1000, "elapsed": 0.034185597}
[github.com/flipped-aurora/gin-vue-admin/server]2026-04-22 18:14:12.710	[34minfo[0m	/Users/a1/data/go/gin-vue-admin/server/service/quant/meilisearch.go:569	Search completed	{"engine": "meilisearch", "total": 1000, "elapsed": 0.026719964}
[github.com/flipped-aurora/gin-vue-admin/server]2026-04-22 18:14:22.705	[34minfo[0m	/Users/a1/data/go/gin-vue-admin/server/service/quant/meilisearch.go:569	Search completed	{"engine": "meilisearch", "total": 1000, "elapsed": 0.022240008}
[github.com/flipped-aurora/gin-vue-admin/server]2026-04-22 18:14:32.712	[34minfo[0m	/Users/a1/data/go/gin-vue-admin/server/service/quant/meilisearch.go:569	Search completed	{"engine": "meilisearch", "total": 1000, "elapsed": 0.028660418}
[github.com/flipped-aurora/gin-vue-admin/server]2026-04-22 18:14:42.711	[34minfo[0m	/Users/a1/data/go/gin-vue-admin/server/service/quant/meilisearch.go:569	Search completed	{"engine": "meilisearch", "total": 1000, "elapsed": 0.028635013}
[github.com/flipped-aurora/gin-vue-admin/server]2026-04-22 18:14:52.708	[34minfo[0m	/Users/a1/data/go/gin-vue-admin/server/service/quant/meilisearch.go:569	Search completed	{"engine": "meilisearch", "total": 1000, "elapsed": 0.025289097}
[github.com/flipped-aurora/gin-vue-admin/server]2026-04-22 18:15:02.717	[34minfo[0m	/Users/a1/data/go/gin-vue-admin/server/service/quant/meilisearch.go:569	Search completed	{"engine": "meilisearch", "total": 1000, "elapsed": 0.035251995}
[github.com/flipped-aurora/gin-vue-admin/server]2026-04-22 18:15:12.724	[34minfo[0m	/Users/a1/data/go/gin-vue-admin/server/service/quant/meilisearch.go:569	Search completed	{"engine": "meilisearch", "total": 1000, "elapsed": 0.041795432}
[github.com/flipped-aurora/gin-vue-admin/server]2026-04-22 18:15:22.704	[34minfo[0m	/Users/a1/data/go/gin-vue-admin/server/service/quant/meilisearch.go:569	Search completed	{"engine": "meilisearch", "total": 1000, "elapsed": 0.022146461}
[github.com/flipped-aurora/gin-vue-admin/server]2026-04-22 18:15:32.774	[34minfo[0m	/Users/a1/data/go/gin-vue-admin/server/service/quant/meilisearch.go:569	Search completed	{"engine": "meilisearch", "total": 1000, "elapsed": 0.091609193}
[github.com/flipped-aurora/gin-vue-admin/server]2026-04-22 18:15:42.719	[34minfo[0m	/Users/a1/data/go/gin-vue-admin/server/service/quant/meilisearch.go:569	Search completed	{"engine": "meilisearch", "total": 1000, "elapsed": 0.026806533}
[github.com/flipped-aurora/gin-vue-admin/server]2026-04-22 18:15:52.710	[34minfo[0m	/Users/a1/data/go/gin-vue-admin/server/service/quant/meilisearch.go:569	Search completed	{"engine": "meilisearch", "total": 1000, "elapsed": 0.027609576}
[github.com/flipped-aurora/gin-vue-admin/server]2026-04-22 18:16:02.740	[34minfo[0m	/Users/a1/data/go/gin-vue-admin/server/service/quant/meilisearch.go:569	Search completed	{"engine": "meilisearch", "total": 1000, "elapsed": 0.034112412}
[github.com/flipped-aurora/gin-vue-admin/server]2026-04-22 18:16:12.739	[34minfo[0m	/Users/a1/data/go/gin-vue-admin/server/service/quant/meilisearch.go:569	Search completed	{"engine": "meilisearch", "total": 1000, "elapsed": 0.025347063}
[github.com/flipped-aurora/gin-vue-admin/server]2026-04-22 18:16:22.706	[34minfo[0m	/Users/a1/data/go/gin-vue-admin/server/service/quant/meilisearch.go:569	Search completed	{"engine": "meilisearch", "total": 1000, "elapsed": 0.025540828}
[github.com/flipped-aurora/gin-vue-admin/server]2026-04-22 18:16:32.711	[34minfo[0m	/Users/a1/data/go/gin-vue-admin/server/service/quant/meilisearch.go:569	Search completed	{"engine": "meilisearch", "total": 1000, "elapsed": 0.031784195}
[github.com/flipped-aurora/gin-vue-admin/server]2026-04-22 18:16:42.708	[34minfo[0m	/Users/a1/data/go/gin-vue-admin/server/service/quant/meilisearch.go:569	Search completed	{"engine": "meilisearch", "total": 1000, "elapsed": 0.026468219}
[github.com/flipped-aurora/gin-vue-admin/server]2026-04-22 18:16:52.708	[34minfo[0m	/Users/a1/data/go/gin-vue-admin/server/service/quant/meilisearch.go:569	Search completed	{"engine": "meilisearch", "total": 1000, "elapsed": 0.026324014}
[github.com/flipped-aurora/gin-vue-admin/server]2026-04-22 18:17:02.715	[34minfo[0m	/Users/a1/data/go/gin-vue-admin/server/service/quant/meilisearch.go:569	Search completed	{"engine": "meilisearch", "total": 1000, "elapsed": 0.032697106}
[github.com/flipped-aurora/gin-vue-admin/server]2026-04-22 18:17:09.510	[34minfo[0m	/Users/a1/data/go/gin-vue-admin/server/service/quant/meilisearch.go:569	Search completed	{"engine": "meilisearch", "total": 1000, "elapsed": 0.026969224}
[github.com/flipped-aurora/gin-vue-admin/server]2026-04-22 18:17:12.705	[34minfo[0m	/Users/a1/data/go/gin-vue-admin/server/service/quant/meilisearch.go:569	Search completed	{"engine": "meilisearch", "total": 1000, "elapsed": 0.023305434}
[github.com/flipped-aurora/gin-vue-admin/server]2026-04-22 18:17:22.707	[34minfo[0m	/Users/a1/data/go/gin-vue-admin/server/service/quant/meilisearch.go:569	Search completed	{"engine": "meilisearch", "total": 1000, "elapsed": 0.026654036}
[github.com/flipped-aurora/gin-vue-admin/server]2026-04-22 18:17:32.710	[34minfo[0m	/Users/a1/data/go/gin-vue-admin/server/service/quant/meilisearch.go:569	Search completed	{"engine": "meilisearch", "total": 1000, "elapsed": 0.028068448}
[github.com/flipped-aurora/gin-vue-admin/server]2026-04-22 18:17:42.709	[34minfo[0m	/Users/a1/data/go/gin-vue-admin/server/service/quant/meilisearch.go:569	Search completed	{"engine": "meilisearch", "total": 1000, "elapsed": 0.028249313}
[github.com/flipped-aurora/gin-vue-admin/server]2026-04-22 18:17:52.709	[34minfo[0m	/Users/a1/data/go/gin-vue-admin/server/service/quant/meilisearch.go:569	Search completed	{"engine": "meilisearch", "total": 1000, "elapsed": 0.027874063}
[github.com/flipped-aurora/gin-vue-admin/server]2026-04-22 18:18:02.711	[34minfo[0m	/Users/a1/data/go/gin-vue-admin/server/service/quant/meilisearch.go:569	Search completed	{"engine": "meilisearch", "total": 1000, "elapsed": 0.031776646}
[github.com/flipped-aurora/gin-vue-admin/server]2026-04-22 18:18:12.711	[34minfo[0m	/Users/a1/data/go/gin-vue-admin/server/service/quant/meilisearch.go:569	Search completed	{"engine": "meilisearch", "total": 1000, "elapsed": 0.030929904}
[github.com/flipped-aurora/gin-vue-admin/server]2026-04-22 18:18:22.708	[34minfo[0m	/Users/a1/data/go/gin-vue-admin/server/service/quant/meilisearch.go:569	Search completed	{"engine": "meilisearch", "total": 1000, "elapsed": 0.028172279}
[github.com/flipped-aurora/gin-vue-admin/server]2026-04-22 18:18:32.707	[34minfo[0m	/Users/a1/data/go/gin-vue-admin/server/service/quant/meilisearch.go:569	Search completed	{"engine": "meilisearch", "total": 1000, "elapsed": 0.024203097}
[github.com/flipped-aurora/gin-vue-admin/server]2026-04-22 18:18:42.706	[34minfo[0m	/Users/a1/data/go/gin-vue-admin/server/service/quant/meilisearch.go:569	Search completed	{"engine": "meilisearch", "total": 1000, "elapsed": 0.027239636}
[github.com/flipped-aurora/gin-vue-admin/server]2026-04-22 18:18:52.704	[34minfo[0m	/Users/a1/data/go/gin-vue-admin/server/service/quant/meilisearch.go:569	Search completed	{"engine": "meilisearch", "total": 1000, "elapsed": 0.028855004}
[github.com/flipped-aurora/gin-vue-admin/server]2026-04-22 18:19:02.701	[34minfo[0m	/Users/a1/data/go/gin-vue-admin/server/service/quant/meilisearch.go:569	Search completed	{"engine": "meilisearch", "total": 1000, "elapsed": 0.026757731}
[github.com/flipped-aurora/gin-vue-admin/server]2026-04-22 18:19:12.704	[34minfo[0m	/Users/a1/data/go/gin-vue-admin/server/service/quant/meilisearch.go:569	Search completed	{"engine": "meilisearch", "total": 1000, "elapsed": 0.028854072}
[github.com/flipped-aurora/gin-vue-admin/server]2026-04-22 18:19:15.287	[34minfo[0m	/Users/a1/data/go/gin-vue-admin/server/service/quant/meilisearch.go:46	Meilisearch client initialized successfully	{"url": "http://47.108.165.155:7700"}
[github.com/flipped-aurora/gin-vue-admin/server]2026-04-22 18:19:15.330	[34minfo[0m	/Users/a1/data/go/gin-vue-admin/server/service/quant/meilisearch.go:89	News index created and configured successfully	{"index": "news"}
[github.com/flipped-aurora/gin-vue-admin/server]2026-04-22 18:19:15.331	[34minfo[0m	/Users/a1/data/go/gin-vue-admin/server/initialize/meilisearch.go:30	Meilisearch initialized successfully
[github.com/flipped-aurora/gin-vue-admin/server]2026-04-22 18:19:15.331	[34minfo[0m	/Users/a1/data/go/gin-vue-admin/server/initialize/gorm.go:39	auto-migrate is disabled, skipping table registration
[github.com/flipped-aurora/gin-vue-admin/server]2026-04-22 18:19:15.347	[34minfo[0m	/Users/a1/data/go/gin-vue-admin/server/initialize/router.go:62	register swagger handler
[github.com/flipped-aurora/gin-vue-admin/server]2026-04-22 18:19:15.812	[34minfo[0m	/Users/a1/data/go/gin-vue-admin/server/initialize/router.go:115	router register success
[github.com/flipped-aurora/gin-vue-admin/server]2026-04-22 18:19:22.982	[34minfo[0m	/Users/a1/data/go/gin-vue-admin/server/service/quant/meilisearch.go:569	Search completed	{"engine": "meilisearch", "total": 1000, "elapsed": 0.030012197}
[github.com/flipped-aurora/gin-vue-admin/server]2026-04-22 18:23:42.697	[34minfo[0m	/Users/a1/data/go/gin-vue-admin/server/service/quant/meilisearch.go:46	Meilisearch client initialized successfully	{"url": "http://47.108.165.155:7700"}
[github.com/flipped-aurora/gin-vue-admin/server]2026-04-22 18:23:42.740	[34minfo[0m	/Users/a1/data/go/gin-vue-admin/server/service/quant/meilisearch.go:89	News index created and configured successfully	{"index": "news"}
[github.com/flipped-aurora/gin-vue-admin/server]2026-04-22 18:23:42.741	[34minfo[0m	/Users/a1/data/go/gin-vue-admin/server/initialize/meilisearch.go:30	Meilisearch initialized successfully
[github.com/flipped-aurora/gin-vue-admin/server]2026-04-22 18:23:42.741	[34minfo[0m	/Users/a1/data/go/gin-vue-admin/server/initialize/gorm.go:39	auto-migrate is disabled, skipping table registration
[github.com/flipped-aurora/gin-vue-admin/server]2026-04-22 18:23:42.754	[34minfo[0m	/Users/a1/data/go/gin-vue-admin/server/initialize/router.go:62	register swagger handler
[github.com/flipped-aurora/gin-vue-admin/server]2026-04-22 18:24:12.655	[34minfo[0m	/Users/a1/data/go/gin-vue-admin/server/service/quant/meilisearch.go:45	Meilisearch client initialized successfully	{"url": "http://47.108.165.155:7700"}
[github.com/flipped-aurora/gin-vue-admin/server]2026-04-22 18:24:12.694	[34minfo[0m	/Users/a1/data/go/gin-vue-admin/server/service/quant/meilisearch.go:88	News index created and configured successfully	{"index": "news"}
[github.com/flipped-aurora/gin-vue-admin/server]2026-04-22 18:24:12.694	[34minfo[0m	/Users/a1/data/go/gin-vue-admin/server/initialize/meilisearch.go:30	Meilisearch initialized successfully
[github.com/flipped-aurora/gin-vue-admin/server]2026-04-22 18:24:12.694	[34minfo[0m	/Users/a1/data/go/gin-vue-admin/server/initialize/gorm.go:39	auto-migrate is disabled, skipping table registration
[github.com/flipped-aurora/gin-vue-admin/server]2026-04-22 18:24:12.705	[34minfo[0m	/Users/a1/data/go/gin-vue-admin/server/initialize/router.go:62	register swagger handler
[github.com/flipped-aurora/gin-vue-admin/server]2026-04-22 18:24:13.157	[34minfo[0m	/Users/a1/data/go/gin-vue-admin/server/initialize/router.go:115	router register success
[github.com/flipped-aurora/gin-vue-admin/server]2026-04-22 18:43:47.876	[34minfo[0m	/Users/a1/data/go/gin-vue-admin/server/service/quant/meilisearch.go:565	Search completed	{"engine": "meilisearch", "total": 1000, "elapsed": 0.061113505}
[github.com/flipped-aurora/gin-vue-admin/server]2026-04-22 18:43:54.527	[34minfo[0m	/Users/a1/data/go/gin-vue-admin/server/service/quant/meilisearch.go:565	Search completed	{"engine": "meilisearch", "total": 1000, "elapsed": 0.025903232}
[github.com/flipped-aurora/gin-vue-admin/server]2026-04-22 18:43:57.561	[34minfo[0m	/Users/a1/data/go/gin-vue-admin/server/service/quant/meilisearch.go:565	Search completed	{"engine": "meilisearch", "total": 1000, "elapsed": 0.029964617}
[github.com/flipped-aurora/gin-vue-admin/server]2026-04-22 18:43:58.369	[34minfo[0m	/Users/a1/data/go/gin-vue-admin/server/service/quant/meilisearch.go:565	Search completed	{"engine": "meilisearch", "total": 1000, "elapsed": 0.038169728}
[github.com/flipped-aurora/gin-vue-admin/server]2026-04-22 18:43:59.491	[34minfo[0m	/Users/a1/data/go/gin-vue-admin/server/service/quant/meilisearch.go:565	Search completed	{"engine": "meilisearch", "total": 1000, "elapsed": 0.025156843}
[github.com/flipped-aurora/gin-vue-admin/server]2026-04-22 20:17:44.589	[34minfo[0m	/Users/a1/data/go/gin-vue-admin/server/service/quant/meilisearch.go:565	Search completed	{"engine": "meilisearch", "total": 84, "elapsed": 0.046691159}
[github.com/flipped-aurora/gin-vue-admin/server]2026-04-22 20:17:48.410	[34minfo[0m	/Users/a1/data/go/gin-vue-admin/server/service/quant/meilisearch.go:565	Search completed	{"engine": "meilisearch", "total": 1000, "elapsed": 0.050492501}
[github.com/flipped-aurora/gin-vue-admin/server]2026-04-22 20:18:39.543	[34minfo[0m	/Users/a1/data/go/gin-vue-admin/server/service/quant/meilisearch.go:565	Search completed	{"engine": "meilisearch", "total": 1000, "elapsed": 0.028782995}
[github.com/flipped-aurora/gin-vue-admin/server]2026-04-22 20:32:06.917	[34minfo[0m	/Users/a1/data/go/gin-vue-admin/server/service/quant/meilisearch.go:565	Search completed	{"engine": "meilisearch", "total": 586, "elapsed": 0.052731624}
[github.com/flipped-aurora/gin-vue-admin/server]2026-04-22 20:39:38.459	[34minfo[0m	/Users/a1/data/go/gin-vue-admin/server/service/quant/meilisearch.go:565	Search completed	{"engine": "meilisearch", "total": 1000, "elapsed": 0.052631689}
[github.com/flipped-aurora/gin-vue-admin/server]2026-04-22 22:06:44.259	[34minfo[0m	/Users/a1/data/go/gin-vue-admin/server/service/quant/meilisearch.go:565	Search completed	{"engine": "meilisearch", "total": 1000, "elapsed": 0.044679467}
[github.com/flipped-aurora/gin-vue-admin/server]2026-04-22 22:06:45.316	[34minfo[0m	/Users/a1/data/go/gin-vue-admin/server/service/quant/meilisearch.go:565	Search completed	{"engine": "meilisearch", "total": 1000, "elapsed": 0.027920636}
[github.com/flipped-aurora/gin-vue-admin/server]2026-04-22 22:06:46.244	[34minfo[0m	/Users/a1/data/go/gin-vue-admin/server/service/quant/meilisearch.go:565	Search completed	{"engine": "meilisearch", "total": 1000, "elapsed": 0.02374439}
[github.com/flipped-aurora/gin-vue-admin/server]2026-04-22 22:06:48.450	[34minfo[0m	/Users/a1/data/go/gin-vue-admin/server/service/quant/meilisearch.go:565	Search completed	{"engine": "meilisearch", "total": 1000, "elapsed": 0.023342655}
[github.com/flipped-aurora/gin-vue-admin/server]2026-04-22 22:06:49.395	[34minfo[0m	/Users/a1/data/go/gin-vue-admin/server/service/quant/meilisearch.go:565	Search completed	{"engine": "meilisearch", "total": 1000, "elapsed": 0.025597248}
[github.com/flipped-aurora/gin-vue-admin/server]2026-04-22 22:06:56.958	[34minfo[0m	/Users/a1/data/go/gin-vue-admin/server/service/quant/meilisearch.go:565	Search completed	{"engine": "meilisearch", "total": 436, "elapsed": 0.031075494}
[github.com/flipped-aurora/gin-vue-admin/server]2026-04-22 22:07:16.844	[34minfo[0m	/Users/a1/data/go/gin-vue-admin/server/service/quant/meilisearch.go:565	Search completed	{"engine": "meilisearch", "total": 1000, "elapsed": 0.248300197}
[github.com/flipped-aurora/gin-vue-admin/server]2026-04-22 22:07:18.600	[34minfo[0m	/Users/a1/data/go/gin-vue-admin/server/service/quant/meilisearch.go:565	Search completed	{"engine": "meilisearch", "total": 1000, "elapsed": 0.025096971}
[github.com/flipped-aurora/gin-vue-admin/server]2026-04-22 23:22:56.109	[34minfo[0m	/Users/a1/data/go/gin-vue-admin/server/service/quant/meilisearch.go:565	Search completed	{"engine": "meilisearch", "total": 1000, "elapsed": 0.043345551}
