[github.com/flipped-aurora/gin-vue-admin/server]2026-08-10 00:33:10.045	[31merror[0m	/Users/a1/data/go/gin-vue-admin/server/api/v1/quant/theme_stock.go:248	AI更新题材股票失败!	{"error": "大模型(豆包)接口返回异常(404): {\"error\":{\"code\":\"InvalidEndpointOrModel.NotFound\",\"message\":\"The model or endpoint doubao-seed-2-0-mini does not exist or you do not have access to it. Request id: 021786293190134f6bbcadc5ac62a9c6cfd677b3d41381514b85c\",\"param\":\"\",\"type\":\"Not Found\"}}"}
github.com/flipped-aurora/gin-vue-admin/server/api/v1/quant.(*ThemeStockApi).AiUpdateThemeStock
	/Users/a1/data/go/gin-vue-admin/server/api/v1/quant/theme_stock.go:248
github.com/gin-gonic/gin.(*Context).Next
	/Users/a1/go/pkg/mod/github.com/gin-gonic/gin@v1.10.0/context.go:185
github.com/flipped-aurora/gin-vue-admin/server/router/quant.(*ThemeStockRouter).InitThemeStockRouter.OperationRecord.func1
	/Users/a1/data/go/gin-vue-admin/server/middleware/operation.go:93
github.com/gin-gonic/gin.(*Context).Next
	/Users/a1/go/pkg/mod/github.com/gin-gonic/gin@v1.10.0/context.go:185
github.com/flipped-aurora/gin-vue-admin/server/initialize.Routers.CasbinHandler.func4
	/Users/a1/data/go/gin-vue-admin/server/middleware/casbin_rbac.go:30
github.com/gin-gonic/gin.(*Context).Next
	/Users/a1/go/pkg/mod/github.com/gin-gonic/gin@v1.10.0/context.go:185
github.com/flipped-aurora/gin-vue-admin/server/initialize.Routers.JWTAuth.func3
	/Users/a1/data/go/gin-vue-admin/server/middleware/jwt.go:69
github.com/gin-gonic/gin.(*Context).Next
	/Users/a1/go/pkg/mod/github.com/gin-gonic/gin@v1.10.0/context.go:185
github.com/gin-gonic/gin.LoggerWithConfig.func1
	/Users/a1/go/pkg/mod/github.com/gin-gonic/gin@v1.10.0/logger.go:249
github.com/gin-gonic/gin.(*Context).Next
	/Users/a1/go/pkg/mod/github.com/gin-gonic/gin@v1.10.0/context.go:185
github.com/flipped-aurora/gin-vue-admin/server/initialize.Routers.GinRecovery.func2
	/Users/a1/data/go/gin-vue-admin/server/middleware/error.go:78
github.com/gin-gonic/gin.(*Context).Next
	/Users/a1/go/pkg/mod/github.com/gin-gonic/gin@v1.10.0/context.go:185
github.com/gin-gonic/gin.(*Engine).handleHTTPRequest
	/Users/a1/go/pkg/mod/github.com/gin-gonic/gin@v1.10.0/gin.go:633
github.com/gin-gonic/gin.(*Engine).ServeHTTP
	/Users/a1/go/pkg/mod/github.com/gin-gonic/gin@v1.10.0/gin.go:589
net/http.serverHandler.ServeHTTP
	/usr/local/go/src/net/http/server.go:3311
net/http.(*conn).serve
	/usr/local/go/src/net/http/server.go:2073
[github.com/flipped-aurora/gin-vue-admin/server]2026-08-10 00:33:15.172	[31merror[0m	/Users/a1/data/go/gin-vue-admin/server/api/v1/quant/theme_stock.go:248	AI更新题材股票失败!	{"error": "大模型(豆包)接口返回异常(404): {\"error\":{\"code\":\"InvalidEndpointOrModel.NotFound\",\"message\":\"The model or endpoint doubao-seed-2-0-mini does not exist or you do not have access to it. Request id: 021786293195278f6bbcadc5ac62a9c6cfd677b3d413815e41549\",\"param\":\"\",\"type\":\"Not Found\"}}"}
github.com/flipped-aurora/gin-vue-admin/server/api/v1/quant.(*ThemeStockApi).AiUpdateThemeStock
	/Users/a1/data/go/gin-vue-admin/server/api/v1/quant/theme_stock.go:248
github.com/gin-gonic/gin.(*Context).Next
	/Users/a1/go/pkg/mod/github.com/gin-gonic/gin@v1.10.0/context.go:185
github.com/flipped-aurora/gin-vue-admin/server/router/quant.(*ThemeStockRouter).InitThemeStockRouter.OperationRecord.func1
	/Users/a1/data/go/gin-vue-admin/server/middleware/operation.go:93
github.com/gin-gonic/gin.(*Context).Next
	/Users/a1/go/pkg/mod/github.com/gin-gonic/gin@v1.10.0/context.go:185
github.com/flipped-aurora/gin-vue-admin/server/initialize.Routers.CasbinHandler.func4
	/Users/a1/data/go/gin-vue-admin/server/middleware/casbin_rbac.go:30
github.com/gin-gonic/gin.(*Context).Next
	/Users/a1/go/pkg/mod/github.com/gin-gonic/gin@v1.10.0/context.go:185
github.com/flipped-aurora/gin-vue-admin/server/initialize.Routers.JWTAuth.func3
	/Users/a1/data/go/gin-vue-admin/server/middleware/jwt.go:69
github.com/gin-gonic/gin.(*Context).Next
	/Users/a1/go/pkg/mod/github.com/gin-gonic/gin@v1.10.0/context.go:185
github.com/gin-gonic/gin.LoggerWithConfig.func1
	/Users/a1/go/pkg/mod/github.com/gin-gonic/gin@v1.10.0/logger.go:249
github.com/gin-gonic/gin.(*Context).Next
	/Users/a1/go/pkg/mod/github.com/gin-gonic/gin@v1.10.0/context.go:185
github.com/flipped-aurora/gin-vue-admin/server/initialize.Routers.GinRecovery.func2
	/Users/a1/data/go/gin-vue-admin/server/middleware/error.go:78
github.com/gin-gonic/gin.(*Context).Next
	/Users/a1/go/pkg/mod/github.com/gin-gonic/gin@v1.10.0/context.go:185
github.com/gin-gonic/gin.(*Engine).handleHTTPRequest
	/Users/a1/go/pkg/mod/github.com/gin-gonic/gin@v1.10.0/gin.go:633
github.com/gin-gonic/gin.(*Engine).ServeHTTP
	/Users/a1/go/pkg/mod/github.com/gin-gonic/gin@v1.10.0/gin.go:589
net/http.serverHandler.ServeHTTP
	/usr/local/go/src/net/http/server.go:3311
net/http.(*conn).serve
	/usr/local/go/src/net/http/server.go:2073
[github.com/flipped-aurora/gin-vue-admin/server]2026-08-10 00:42:04.631	[31merror[0m	/Users/a1/data/go/gin-vue-admin/server/service/quant/meilisearch.go:39	Failed to connect to Meilisearch	{"url": "http://119.29.82.70:7700", "error": "MeilisearchCommunicationError unable to execute request (path \"GET /indexes\" with method \"GetIndexes\"): Get \"http://119.29.82.70:7700/indexes\": dial tcp 119.29.82.70:7700: connect: connection refused"}
github.com/flipped-aurora/gin-vue-admin/server/service/quant.(*MeilisearchService).InitializeMeilisearch
	/Users/a1/data/go/gin-vue-admin/server/service/quant/meilisearch.go:39
github.com/flipped-aurora/gin-vue-admin/server/initialize.InitMeilisearch
	/Users/a1/data/go/gin-vue-admin/server/initialize/meilisearch.go:14
main.initializeSystem
	/Users/a1/data/go/gin-vue-admin/server/main.go:47
main.main
	/Users/a1/data/go/gin-vue-admin/server/main.go:32
runtime.main
	/usr/local/go/src/runtime/proc.go:290
[github.com/flipped-aurora/gin-vue-admin/server]2026-08-10 00:42:04.819	[31merror[0m	/Users/a1/data/go/gin-vue-admin/server/initialize/meilisearch.go:15	Failed to initialize Meilisearch	{"error": "failed to connect to meilisearch: MeilisearchCommunicationError unable to execute request (path \"GET /indexes\" with method \"GetIndexes\"): Get \"http://119.29.82.70:7700/indexes\": dial tcp 119.29.82.70:7700: connect: connection refused"}
github.com/flipped-aurora/gin-vue-admin/server/initialize.InitMeilisearch
	/Users/a1/data/go/gin-vue-admin/server/initialize/meilisearch.go:15
main.initializeSystem
	/Users/a1/data/go/gin-vue-admin/server/main.go:47
main.main
	/Users/a1/data/go/gin-vue-admin/server/main.go:32
runtime.main
	/usr/local/go/src/runtime/proc.go:290
[github.com/flipped-aurora/gin-vue-admin/server]2026-08-10 10:29:17.063	[31merror[0m	/Users/a1/data/go/gin-vue-admin/server/service/quant/meilisearch.go:39	Failed to connect to Meilisearch	{"url": "http://119.29.82.70:7700", "error": "MeilisearchCommunicationError unable to execute request (path \"GET /indexes\" with method \"GetIndexes\"): Get \"http://119.29.82.70:7700/indexes\": dial tcp 119.29.82.70:7700: connect: connection refused"}
github.com/flipped-aurora/gin-vue-admin/server/service/quant.(*MeilisearchService).InitializeMeilisearch
	/Users/a1/data/go/gin-vue-admin/server/service/quant/meilisearch.go:39
github.com/flipped-aurora/gin-vue-admin/server/initialize.InitMeilisearch
	/Users/a1/data/go/gin-vue-admin/server/initialize/meilisearch.go:14
main.initializeSystem
	/Users/a1/data/go/gin-vue-admin/server/main.go:47
main.main
	/Users/a1/data/go/gin-vue-admin/server/main.go:32
runtime.main
	/usr/local/go/src/runtime/proc.go:290
[github.com/flipped-aurora/gin-vue-admin/server]2026-08-10 10:29:17.256	[31merror[0m	/Users/a1/data/go/gin-vue-admin/server/initialize/meilisearch.go:15	Failed to initialize Meilisearch	{"error": "failed to connect to meilisearch: MeilisearchCommunicationError unable to execute request (path \"GET /indexes\" with method \"GetIndexes\"): Get \"http://119.29.82.70:7700/indexes\": dial tcp 119.29.82.70:7700: connect: connection refused"}
github.com/flipped-aurora/gin-vue-admin/server/initialize.InitMeilisearch
	/Users/a1/data/go/gin-vue-admin/server/initialize/meilisearch.go:15
main.initializeSystem
	/Users/a1/data/go/gin-vue-admin/server/main.go:47
main.main
	/Users/a1/data/go/gin-vue-admin/server/main.go:32
runtime.main
	/usr/local/go/src/runtime/proc.go:290
[github.com/flipped-aurora/gin-vue-admin/server]2026-08-10 10:30:56.992	[31merror[0m	/Users/a1/data/go/gin-vue-admin/server/service/quant/meilisearch.go:39	Failed to connect to Meilisearch	{"url": "http://119.29.82.70:7700", "error": "MeilisearchCommunicationError unable to execute request (path \"GET /indexes\" with method \"GetIndexes\"): Get \"http://119.29.82.70:7700/indexes\": dial tcp 119.29.82.70:7700: connect: connection refused"}
github.com/flipped-aurora/gin-vue-admin/server/service/quant.(*MeilisearchService).InitializeMeilisearch
	/Users/a1/data/go/gin-vue-admin/server/service/quant/meilisearch.go:39
github.com/flipped-aurora/gin-vue-admin/server/initialize.InitMeilisearch
	/Users/a1/data/go/gin-vue-admin/server/initialize/meilisearch.go:14
main.initializeSystem
	/Users/a1/data/go/gin-vue-admin/server/main.go:47
main.main
	/Users/a1/data/go/gin-vue-admin/server/main.go:32
runtime.main
	/usr/local/go/src/runtime/proc.go:290
[github.com/flipped-aurora/gin-vue-admin/server]2026-08-10 10:30:57.173	[31merror[0m	/Users/a1/data/go/gin-vue-admin/server/initialize/meilisearch.go:15	Failed to initialize Meilisearch	{"error": "failed to connect to meilisearch: MeilisearchCommunicationError unable to execute request (path \"GET /indexes\" with method \"GetIndexes\"): Get \"http://119.29.82.70:7700/indexes\": dial tcp 119.29.82.70:7700: connect: connection refused"}
github.com/flipped-aurora/gin-vue-admin/server/initialize.InitMeilisearch
	/Users/a1/data/go/gin-vue-admin/server/initialize/meilisearch.go:15
main.initializeSystem
	/Users/a1/data/go/gin-vue-admin/server/main.go:47
main.main
	/Users/a1/data/go/gin-vue-admin/server/main.go:32
runtime.main
	/usr/local/go/src/runtime/proc.go:290
[github.com/flipped-aurora/gin-vue-admin/server]2026-08-10 10:31:12.352	[31merror[0m	/Users/a1/data/go/gin-vue-admin/server/service/quant/meilisearch.go:39	Failed to connect to Meilisearch	{"url": "http://119.29.82.70:7700", "error": "MeilisearchCommunicationError unable to execute request (path \"GET /indexes\" with method \"GetIndexes\"): Get \"http://119.29.82.70:7700/indexes\": dial tcp 119.29.82.70:7700: connect: connection refused"}
github.com/flipped-aurora/gin-vue-admin/server/service/quant.(*MeilisearchService).InitializeMeilisearch
	/Users/a1/data/go/gin-vue-admin/server/service/quant/meilisearch.go:39
github.com/flipped-aurora/gin-vue-admin/server/initialize.InitMeilisearch
	/Users/a1/data/go/gin-vue-admin/server/initialize/meilisearch.go:14
main.initializeSystem
	/Users/a1/data/go/gin-vue-admin/server/main.go:47
main.main
	/Users/a1/data/go/gin-vue-admin/server/main.go:32
runtime.main
	/usr/local/go/src/runtime/proc.go:290
[github.com/flipped-aurora/gin-vue-admin/server]2026-08-10 10:31:12.564	[31merror[0m	/Users/a1/data/go/gin-vue-admin/server/initialize/meilisearch.go:15	Failed to initialize Meilisearch	{"error": "failed to connect to meilisearch: MeilisearchCommunicationError unable to execute request (path \"GET /indexes\" with method \"GetIndexes\"): Get \"http://119.29.82.70:7700/indexes\": dial tcp 119.29.82.70:7700: connect: connection refused"}
github.com/flipped-aurora/gin-vue-admin/server/initialize.InitMeilisearch
	/Users/a1/data/go/gin-vue-admin/server/initialize/meilisearch.go:15
main.initializeSystem
	/Users/a1/data/go/gin-vue-admin/server/main.go:47
main.main
	/Users/a1/data/go/gin-vue-admin/server/main.go:32
runtime.main
	/usr/local/go/src/runtime/proc.go:290
[github.com/flipped-aurora/gin-vue-admin/server]2026-08-10 10:31:22.964	[31merror[0m	/Users/a1/data/go/gin-vue-admin/server/service/quant/meilisearch.go:39	Failed to connect to Meilisearch	{"url": "http://119.29.82.70:7700", "error": "MeilisearchCommunicationError unable to execute request (path \"GET /indexes\" with method \"GetIndexes\"): Get \"http://119.29.82.70:7700/indexes\": dial tcp 119.29.82.70:7700: connect: connection refused"}
github.com/flipped-aurora/gin-vue-admin/server/service/quant.(*MeilisearchService).InitializeMeilisearch
	/Users/a1/data/go/gin-vue-admin/server/service/quant/meilisearch.go:39
github.com/flipped-aurora/gin-vue-admin/server/initialize.InitMeilisearch
	/Users/a1/data/go/gin-vue-admin/server/initialize/meilisearch.go:14
main.initializeSystem
	/Users/a1/data/go/gin-vue-admin/server/main.go:47
main.main
	/Users/a1/data/go/gin-vue-admin/server/main.go:32
runtime.main
	/usr/local/go/src/runtime/proc.go:290
[github.com/flipped-aurora/gin-vue-admin/server]2026-08-10 10:31:23.140	[31merror[0m	/Users/a1/data/go/gin-vue-admin/server/initialize/meilisearch.go:15	Failed to initialize Meilisearch	{"error": "failed to connect to meilisearch: MeilisearchCommunicationError unable to execute request (path \"GET /indexes\" with method \"GetIndexes\"): Get \"http://119.29.82.70:7700/indexes\": dial tcp 119.29.82.70:7700: connect: connection refused"}
github.com/flipped-aurora/gin-vue-admin/server/initialize.InitMeilisearch
	/Users/a1/data/go/gin-vue-admin/server/initialize/meilisearch.go:15
main.initializeSystem
	/Users/a1/data/go/gin-vue-admin/server/main.go:47
main.main
	/Users/a1/data/go/gin-vue-admin/server/main.go:32
runtime.main
	/usr/local/go/src/runtime/proc.go:290
[github.com/flipped-aurora/gin-vue-admin/server]2026-08-10 10:31:28.353	[31merror[0m	/Users/a1/data/go/gin-vue-admin/server/service/quant/meilisearch.go:39	Failed to connect to Meilisearch	{"url": "http://119.29.82.70:7700", "error": "MeilisearchCommunicationError unable to execute request (path \"GET /indexes\" with method \"GetIndexes\"): Get \"http://119.29.82.70:7700/indexes\": dial tcp 119.29.82.70:7700: connect: connection refused"}
github.com/flipped-aurora/gin-vue-admin/server/service/quant.(*MeilisearchService).InitializeMeilisearch
	/Users/a1/data/go/gin-vue-admin/server/service/quant/meilisearch.go:39
github.com/flipped-aurora/gin-vue-admin/server/initialize.InitMeilisearch
	/Users/a1/data/go/gin-vue-admin/server/initialize/meilisearch.go:14
main.initializeSystem
	/Users/a1/data/go/gin-vue-admin/server/main.go:47
main.main
	/Users/a1/data/go/gin-vue-admin/server/main.go:32
runtime.main
	/usr/local/go/src/runtime/proc.go:290
[github.com/flipped-aurora/gin-vue-admin/server]2026-08-10 10:31:28.532	[31merror[0m	/Users/a1/data/go/gin-vue-admin/server/initialize/meilisearch.go:15	Failed to initialize Meilisearch	{"error": "failed to connect to meilisearch: MeilisearchCommunicationError unable to execute request (path \"GET /indexes\" with method \"GetIndexes\"): Get \"http://119.29.82.70:7700/indexes\": dial tcp 119.29.82.70:7700: connect: connection refused"}
github.com/flipped-aurora/gin-vue-admin/server/initialize.InitMeilisearch
	/Users/a1/data/go/gin-vue-admin/server/initialize/meilisearch.go:15
main.initializeSystem
	/Users/a1/data/go/gin-vue-admin/server/main.go:47
main.main
	/Users/a1/data/go/gin-vue-admin/server/main.go:32
runtime.main
	/usr/local/go/src/runtime/proc.go:290
[github.com/flipped-aurora/gin-vue-admin/server]2026-08-10 11:28:36.027	[31merror[0m	/Users/a1/data/go/gin-vue-admin/server/service/quant/meilisearch.go:39	Failed to connect to Meilisearch	{"url": "http://119.29.82.70:7700", "error": "MeilisearchCommunicationError unable to execute request (path \"GET /indexes\" with method \"GetIndexes\"): Get \"http://119.29.82.70:7700/indexes\": dial tcp 119.29.82.70:7700: connect: connection refused"}
github.com/flipped-aurora/gin-vue-admin/server/service/quant.(*MeilisearchService).InitializeMeilisearch
	/Users/a1/data/go/gin-vue-admin/server/service/quant/meilisearch.go:39
github.com/flipped-aurora/gin-vue-admin/server/initialize.InitMeilisearch
	/Users/a1/data/go/gin-vue-admin/server/initialize/meilisearch.go:14
main.initializeSystem
	/Users/a1/data/go/gin-vue-admin/server/main.go:47
main.main
	/Users/a1/data/go/gin-vue-admin/server/main.go:32
runtime.main
	/usr/local/go/src/runtime/proc.go:290
[github.com/flipped-aurora/gin-vue-admin/server]2026-08-10 11:28:36.210	[31merror[0m	/Users/a1/data/go/gin-vue-admin/server/initialize/meilisearch.go:15	Failed to initialize Meilisearch	{"error": "failed to connect to meilisearch: MeilisearchCommunicationError unable to execute request (path \"GET /indexes\" with method \"GetIndexes\"): Get \"http://119.29.82.70:7700/indexes\": dial tcp 119.29.82.70:7700: connect: connection refused"}
github.com/flipped-aurora/gin-vue-admin/server/initialize.InitMeilisearch
	/Users/a1/data/go/gin-vue-admin/server/initialize/meilisearch.go:15
main.initializeSystem
	/Users/a1/data/go/gin-vue-admin/server/main.go:47
main.main
	/Users/a1/data/go/gin-vue-admin/server/main.go:32
runtime.main
	/usr/local/go/src/runtime/proc.go:290
[github.com/flipped-aurora/gin-vue-admin/server]2026-08-10 11:30:03.359	[31merror[0m	/Users/a1/data/go/gin-vue-admin/server/service/quant/meilisearch.go:39	Failed to connect to Meilisearch	{"url": "http://119.29.82.70:7700", "error": "MeilisearchCommunicationError unable to execute request (path \"GET /indexes\" with method \"GetIndexes\"): Get \"http://119.29.82.70:7700/indexes\": dial tcp 119.29.82.70:7700: connect: connection refused"}
github.com/flipped-aurora/gin-vue-admin/server/service/quant.(*MeilisearchService).InitializeMeilisearch
	/Users/a1/data/go/gin-vue-admin/server/service/quant/meilisearch.go:39
github.com/flipped-aurora/gin-vue-admin/server/initialize.InitMeilisearch
	/Users/a1/data/go/gin-vue-admin/server/initialize/meilisearch.go:14
main.initializeSystem
	/Users/a1/data/go/gin-vue-admin/server/main.go:47
main.main
	/Users/a1/data/go/gin-vue-admin/server/main.go:32
runtime.main
	/usr/local/go/src/runtime/proc.go:290
[github.com/flipped-aurora/gin-vue-admin/server]2026-08-10 11:30:03.567	[31merror[0m	/Users/a1/data/go/gin-vue-admin/server/initialize/meilisearch.go:15	Failed to initialize Meilisearch	{"error": "failed to connect to meilisearch: MeilisearchCommunicationError unable to execute request (path \"GET /indexes\" with method \"GetIndexes\"): Get \"http://119.29.82.70:7700/indexes\": dial tcp 119.29.82.70:7700: connect: connection refused"}
github.com/flipped-aurora/gin-vue-admin/server/initialize.InitMeilisearch
	/Users/a1/data/go/gin-vue-admin/server/initialize/meilisearch.go:15
main.initializeSystem
	/Users/a1/data/go/gin-vue-admin/server/main.go:47
main.main
	/Users/a1/data/go/gin-vue-admin/server/main.go:32
runtime.main
	/usr/local/go/src/runtime/proc.go:290
[github.com/flipped-aurora/gin-vue-admin/server]2026-08-10 11:36:05.473	[31merror[0m	/Users/a1/data/go/gin-vue-admin/server/service/quant/meilisearch.go:39	Failed to connect to Meilisearch	{"url": "http://119.29.82.70:7700", "error": "MeilisearchCommunicationError unable to execute request (path \"GET /indexes\" with method \"GetIndexes\"): Get \"http://119.29.82.70:7700/indexes\": dial tcp 119.29.82.70:7700: connect: connection refused"}
github.com/flipped-aurora/gin-vue-admin/server/service/quant.(*MeilisearchService).InitializeMeilisearch
	/Users/a1/data/go/gin-vue-admin/server/service/quant/meilisearch.go:39
github.com/flipped-aurora/gin-vue-admin/server/initialize.InitMeilisearch
	/Users/a1/data/go/gin-vue-admin/server/initialize/meilisearch.go:14
main.initializeSystem
	/Users/a1/data/go/gin-vue-admin/server/main.go:47
main.main
	/Users/a1/data/go/gin-vue-admin/server/main.go:32
runtime.main
	/usr/local/go/src/runtime/proc.go:290
[github.com/flipped-aurora/gin-vue-admin/server]2026-08-10 11:36:05.667	[31merror[0m	/Users/a1/data/go/gin-vue-admin/server/initialize/meilisearch.go:15	Failed to initialize Meilisearch	{"error": "failed to connect to meilisearch: MeilisearchCommunicationError unable to execute request (path \"GET /indexes\" with method \"GetIndexes\"): Get \"http://119.29.82.70:7700/indexes\": dial tcp 119.29.82.70:7700: connect: connection refused"}
github.com/flipped-aurora/gin-vue-admin/server/initialize.InitMeilisearch
	/Users/a1/data/go/gin-vue-admin/server/initialize/meilisearch.go:15
main.initializeSystem
	/Users/a1/data/go/gin-vue-admin/server/main.go:47
main.main
	/Users/a1/data/go/gin-vue-admin/server/main.go:32
runtime.main
	/usr/local/go/src/runtime/proc.go:290
[github.com/flipped-aurora/gin-vue-admin/server]2026-08-10 11:36:26.726	[31merror[0m	/Users/a1/data/go/gin-vue-admin/server/service/quant/meilisearch.go:39	Failed to connect to Meilisearch	{"url": "http://119.29.82.70:7700", "error": "MeilisearchCommunicationError unable to execute request (path \"GET /indexes\" with method \"GetIndexes\"): Get \"http://119.29.82.70:7700/indexes\": dial tcp 119.29.82.70:7700: connect: connection refused"}
github.com/flipped-aurora/gin-vue-admin/server/service/quant.(*MeilisearchService).InitializeMeilisearch
	/Users/a1/data/go/gin-vue-admin/server/service/quant/meilisearch.go:39
github.com/flipped-aurora/gin-vue-admin/server/initialize.InitMeilisearch
	/Users/a1/data/go/gin-vue-admin/server/initialize/meilisearch.go:14
main.initializeSystem
	/Users/a1/data/go/gin-vue-admin/server/main.go:47
main.main
	/Users/a1/data/go/gin-vue-admin/server/main.go:32
runtime.main
	/usr/local/go/src/runtime/proc.go:290
[github.com/flipped-aurora/gin-vue-admin/server]2026-08-10 11:36:26.920	[31merror[0m	/Users/a1/data/go/gin-vue-admin/server/initialize/meilisearch.go:15	Failed to initialize Meilisearch	{"error": "failed to connect to meilisearch: MeilisearchCommunicationError unable to execute request (path \"GET /indexes\" with method \"GetIndexes\"): Get \"http://119.29.82.70:7700/indexes\": dial tcp 119.29.82.70:7700: connect: connection refused"}
github.com/flipped-aurora/gin-vue-admin/server/initialize.InitMeilisearch
	/Users/a1/data/go/gin-vue-admin/server/initialize/meilisearch.go:15
main.initializeSystem
	/Users/a1/data/go/gin-vue-admin/server/main.go:47
main.main
	/Users/a1/data/go/gin-vue-admin/server/main.go:32
runtime.main
	/usr/local/go/src/runtime/proc.go:290
[github.com/flipped-aurora/gin-vue-admin/server]2026-08-10 11:36:45.401	[31merror[0m	/Users/a1/data/go/gin-vue-admin/server/service/quant/meilisearch.go:39	Failed to connect to Meilisearch	{"url": "http://119.29.82.70:7700", "error": "MeilisearchCommunicationError unable to execute request (path \"GET /indexes\" with method \"GetIndexes\"): Get \"http://119.29.82.70:7700/indexes\": dial tcp 119.29.82.70:7700: connect: connection refused"}
github.com/flipped-aurora/gin-vue-admin/server/service/quant.(*MeilisearchService).InitializeMeilisearch
	/Users/a1/data/go/gin-vue-admin/server/service/quant/meilisearch.go:39
github.com/flipped-aurora/gin-vue-admin/server/initialize.InitMeilisearch
	/Users/a1/data/go/gin-vue-admin/server/initialize/meilisearch.go:14
main.initializeSystem
	/Users/a1/data/go/gin-vue-admin/server/main.go:47
main.main
	/Users/a1/data/go/gin-vue-admin/server/main.go:32
runtime.main
	/usr/local/go/src/runtime/proc.go:290
[github.com/flipped-aurora/gin-vue-admin/server]2026-08-10 11:36:45.597	[31merror[0m	/Users/a1/data/go/gin-vue-admin/server/initialize/meilisearch.go:15	Failed to initialize Meilisearch	{"error": "failed to connect to meilisearch: MeilisearchCommunicationError unable to execute request (path \"GET /indexes\" with method \"GetIndexes\"): Get \"http://119.29.82.70:7700/indexes\": dial tcp 119.29.82.70:7700: connect: connection refused"}
github.com/flipped-aurora/gin-vue-admin/server/initialize.InitMeilisearch
	/Users/a1/data/go/gin-vue-admin/server/initialize/meilisearch.go:15
main.initializeSystem
	/Users/a1/data/go/gin-vue-admin/server/main.go:47
main.main
	/Users/a1/data/go/gin-vue-admin/server/main.go:32
runtime.main
	/usr/local/go/src/runtime/proc.go:290
[github.com/flipped-aurora/gin-vue-admin/server]2026-08-10 11:36:59.290	[31merror[0m	/Users/a1/data/go/gin-vue-admin/server/service/quant/meilisearch.go:39	Failed to connect to Meilisearch	{"url": "http://119.29.82.70:7700", "error": "MeilisearchCommunicationError unable to execute request (path \"GET /indexes\" with method \"GetIndexes\"): Get \"http://119.29.82.70:7700/indexes\": dial tcp 119.29.82.70:7700: connect: connection refused"}
github.com/flipped-aurora/gin-vue-admin/server/service/quant.(*MeilisearchService).InitializeMeilisearch
	/Users/a1/data/go/gin-vue-admin/server/service/quant/meilisearch.go:39
github.com/flipped-aurora/gin-vue-admin/server/initialize.InitMeilisearch
	/Users/a1/data/go/gin-vue-admin/server/initialize/meilisearch.go:14
main.initializeSystem
	/Users/a1/data/go/gin-vue-admin/server/main.go:47
main.main
	/Users/a1/data/go/gin-vue-admin/server/main.go:32
runtime.main
	/usr/local/go/src/runtime/proc.go:290
[github.com/flipped-aurora/gin-vue-admin/server]2026-08-10 11:36:59.486	[31merror[0m	/Users/a1/data/go/gin-vue-admin/server/initialize/meilisearch.go:15	Failed to initialize Meilisearch	{"error": "failed to connect to meilisearch: MeilisearchCommunicationError unable to execute request (path \"GET /indexes\" with method \"GetIndexes\"): Get \"http://119.29.82.70:7700/indexes\": dial tcp 119.29.82.70:7700: connect: connection refused"}
github.com/flipped-aurora/gin-vue-admin/server/initialize.InitMeilisearch
	/Users/a1/data/go/gin-vue-admin/server/initialize/meilisearch.go:15
main.initializeSystem
	/Users/a1/data/go/gin-vue-admin/server/main.go:47
main.main
	/Users/a1/data/go/gin-vue-admin/server/main.go:32
runtime.main
	/usr/local/go/src/runtime/proc.go:290
[github.com/flipped-aurora/gin-vue-admin/server]2026-08-10 11:37:09.171	[31merror[0m	/Users/a1/data/go/gin-vue-admin/server/service/quant/meilisearch.go:39	Failed to connect to Meilisearch	{"url": "http://119.29.82.70:7700", "error": "MeilisearchCommunicationError unable to execute request (path \"GET /indexes\" with method \"GetIndexes\"): Get \"http://119.29.82.70:7700/indexes\": dial tcp 119.29.82.70:7700: connect: connection refused"}
github.com/flipped-aurora/gin-vue-admin/server/service/quant.(*MeilisearchService).InitializeMeilisearch
	/Users/a1/data/go/gin-vue-admin/server/service/quant/meilisearch.go:39
github.com/flipped-aurora/gin-vue-admin/server/initialize.InitMeilisearch
	/Users/a1/data/go/gin-vue-admin/server/initialize/meilisearch.go:14
main.initializeSystem
	/Users/a1/data/go/gin-vue-admin/server/main.go:47
main.main
	/Users/a1/data/go/gin-vue-admin/server/main.go:32
runtime.main
	/usr/local/go/src/runtime/proc.go:290
[github.com/flipped-aurora/gin-vue-admin/server]2026-08-10 11:37:09.371	[31merror[0m	/Users/a1/data/go/gin-vue-admin/server/initialize/meilisearch.go:15	Failed to initialize Meilisearch	{"error": "failed to connect to meilisearch: MeilisearchCommunicationError unable to execute request (path \"GET /indexes\" with method \"GetIndexes\"): Get \"http://119.29.82.70:7700/indexes\": dial tcp 119.29.82.70:7700: connect: connection refused"}
github.com/flipped-aurora/gin-vue-admin/server/initialize.InitMeilisearch
	/Users/a1/data/go/gin-vue-admin/server/initialize/meilisearch.go:15
main.initializeSystem
	/Users/a1/data/go/gin-vue-admin/server/main.go:47
main.main
	/Users/a1/data/go/gin-vue-admin/server/main.go:32
runtime.main
	/usr/local/go/src/runtime/proc.go:290
[github.com/flipped-aurora/gin-vue-admin/server]2026-08-10 11:37:28.691	[31merror[0m	/Users/a1/data/go/gin-vue-admin/server/service/quant/meilisearch.go:39	Failed to connect to Meilisearch	{"url": "http://119.29.82.70:7700", "error": "MeilisearchCommunicationError unable to execute request (path \"GET /indexes\" with method \"GetIndexes\"): Get \"http://119.29.82.70:7700/indexes\": dial tcp 119.29.82.70:7700: connect: connection refused"}
github.com/flipped-aurora/gin-vue-admin/server/service/quant.(*MeilisearchService).InitializeMeilisearch
	/Users/a1/data/go/gin-vue-admin/server/service/quant/meilisearch.go:39
github.com/flipped-aurora/gin-vue-admin/server/initialize.InitMeilisearch
	/Users/a1/data/go/gin-vue-admin/server/initialize/meilisearch.go:14
main.initializeSystem
	/Users/a1/data/go/gin-vue-admin/server/main.go:47
main.main
	/Users/a1/data/go/gin-vue-admin/server/main.go:32
runtime.main
	/usr/local/go/src/runtime/proc.go:290
[github.com/flipped-aurora/gin-vue-admin/server]2026-08-10 11:37:28.891	[31merror[0m	/Users/a1/data/go/gin-vue-admin/server/initialize/meilisearch.go:15	Failed to initialize Meilisearch	{"error": "failed to connect to meilisearch: MeilisearchCommunicationError unable to execute request (path \"GET /indexes\" with method \"GetIndexes\"): Get \"http://119.29.82.70:7700/indexes\": dial tcp 119.29.82.70:7700: connect: connection refused"}
github.com/flipped-aurora/gin-vue-admin/server/initialize.InitMeilisearch
	/Users/a1/data/go/gin-vue-admin/server/initialize/meilisearch.go:15
main.initializeSystem
	/Users/a1/data/go/gin-vue-admin/server/main.go:47
main.main
	/Users/a1/data/go/gin-vue-admin/server/main.go:32
runtime.main
	/usr/local/go/src/runtime/proc.go:290
[github.com/flipped-aurora/gin-vue-admin/server]2026-08-10 11:38:33.537	[31merror[0m	/Users/a1/data/go/gin-vue-admin/server/service/quant/meilisearch.go:39	Failed to connect to Meilisearch	{"url": "http://119.29.82.70:7700", "error": "MeilisearchCommunicationError unable to execute request (path \"GET /indexes\" with method \"GetIndexes\"): Get \"http://119.29.82.70:7700/indexes\": dial tcp 119.29.82.70:7700: connect: connection refused"}
github.com/flipped-aurora/gin-vue-admin/server/service/quant.(*MeilisearchService).InitializeMeilisearch
	/Users/a1/data/go/gin-vue-admin/server/service/quant/meilisearch.go:39
github.com/flipped-aurora/gin-vue-admin/server/initialize.InitMeilisearch
	/Users/a1/data/go/gin-vue-admin/server/initialize/meilisearch.go:14
main.initializeSystem
	/Users/a1/data/go/gin-vue-admin/server/main.go:47
main.main
	/Users/a1/data/go/gin-vue-admin/server/main.go:32
runtime.main
	/usr/local/go/src/runtime/proc.go:290
[github.com/flipped-aurora/gin-vue-admin/server]2026-08-10 11:38:33.717	[31merror[0m	/Users/a1/data/go/gin-vue-admin/server/initialize/meilisearch.go:15	Failed to initialize Meilisearch	{"error": "failed to connect to meilisearch: MeilisearchCommunicationError unable to execute request (path \"GET /indexes\" with method \"GetIndexes\"): Get \"http://119.29.82.70:7700/indexes\": dial tcp 119.29.82.70:7700: connect: connection refused"}
github.com/flipped-aurora/gin-vue-admin/server/initialize.InitMeilisearch
	/Users/a1/data/go/gin-vue-admin/server/initialize/meilisearch.go:15
main.initializeSystem
	/Users/a1/data/go/gin-vue-admin/server/main.go:47
main.main
	/Users/a1/data/go/gin-vue-admin/server/main.go:32
runtime.main
	/usr/local/go/src/runtime/proc.go:290
[github.com/flipped-aurora/gin-vue-admin/server]2026-08-10 11:39:09.822	[31merror[0m	/Users/a1/data/go/gin-vue-admin/server/service/quant/meilisearch.go:39	Failed to connect to Meilisearch	{"url": "http://119.29.82.70:7700", "error": "MeilisearchCommunicationError unable to execute request (path \"GET /indexes\" with method \"GetIndexes\"): Get \"http://119.29.82.70:7700/indexes\": dial tcp 119.29.82.70:7700: connect: connection refused"}
github.com/flipped-aurora/gin-vue-admin/server/service/quant.(*MeilisearchService).InitializeMeilisearch
	/Users/a1/data/go/gin-vue-admin/server/service/quant/meilisearch.go:39
github.com/flipped-aurora/gin-vue-admin/server/initialize.InitMeilisearch
	/Users/a1/data/go/gin-vue-admin/server/initialize/meilisearch.go:14
main.initializeSystem
	/Users/a1/data/go/gin-vue-admin/server/main.go:47
main.main
	/Users/a1/data/go/gin-vue-admin/server/main.go:32
runtime.main
	/usr/local/go/src/runtime/proc.go:290
[github.com/flipped-aurora/gin-vue-admin/server]2026-08-10 11:39:10.020	[31merror[0m	/Users/a1/data/go/gin-vue-admin/server/initialize/meilisearch.go:15	Failed to initialize Meilisearch	{"error": "failed to connect to meilisearch: MeilisearchCommunicationError unable to execute request (path \"GET /indexes\" with method \"GetIndexes\"): Get \"http://119.29.82.70:7700/indexes\": dial tcp 119.29.82.70:7700: connect: connection refused"}
github.com/flipped-aurora/gin-vue-admin/server/initialize.InitMeilisearch
	/Users/a1/data/go/gin-vue-admin/server/initialize/meilisearch.go:15
main.initializeSystem
	/Users/a1/data/go/gin-vue-admin/server/main.go:47
main.main
	/Users/a1/data/go/gin-vue-admin/server/main.go:32
runtime.main
	/usr/local/go/src/runtime/proc.go:290
[github.com/flipped-aurora/gin-vue-admin/server]2026-08-10 11:39:21.674	[31merror[0m	/Users/a1/data/go/gin-vue-admin/server/service/quant/meilisearch.go:39	Failed to connect to Meilisearch	{"url": "http://119.29.82.70:7700", "error": "MeilisearchCommunicationError unable to execute request (path \"GET /indexes\" with method \"GetIndexes\"): Get \"http://119.29.82.70:7700/indexes\": dial tcp 119.29.82.70:7700: connect: connection refused"}
github.com/flipped-aurora/gin-vue-admin/server/service/quant.(*MeilisearchService).InitializeMeilisearch
	/Users/a1/data/go/gin-vue-admin/server/service/quant/meilisearch.go:39
github.com/flipped-aurora/gin-vue-admin/server/initialize.InitMeilisearch
	/Users/a1/data/go/gin-vue-admin/server/initialize/meilisearch.go:14
main.initializeSystem
	/Users/a1/data/go/gin-vue-admin/server/main.go:47
main.main
	/Users/a1/data/go/gin-vue-admin/server/main.go:32
runtime.main
	/usr/local/go/src/runtime/proc.go:290
[github.com/flipped-aurora/gin-vue-admin/server]2026-08-10 11:39:21.847	[31merror[0m	/Users/a1/data/go/gin-vue-admin/server/initialize/meilisearch.go:15	Failed to initialize Meilisearch	{"error": "failed to connect to meilisearch: MeilisearchCommunicationError unable to execute request (path \"GET /indexes\" with method \"GetIndexes\"): Get \"http://119.29.82.70:7700/indexes\": dial tcp 119.29.82.70:7700: connect: connection refused"}
github.com/flipped-aurora/gin-vue-admin/server/initialize.InitMeilisearch
	/Users/a1/data/go/gin-vue-admin/server/initialize/meilisearch.go:15
main.initializeSystem
	/Users/a1/data/go/gin-vue-admin/server/main.go:47
main.main
	/Users/a1/data/go/gin-vue-admin/server/main.go:32
runtime.main
	/usr/local/go/src/runtime/proc.go:290
[github.com/flipped-aurora/gin-vue-admin/server]2026-08-10 11:39:34.016	[31merror[0m	/Users/a1/data/go/gin-vue-admin/server/service/quant/meilisearch.go:39	Failed to connect to Meilisearch	{"url": "http://119.29.82.70:7700", "error": "MeilisearchCommunicationError unable to execute request (path \"GET /indexes\" with method \"GetIndexes\"): Get \"http://119.29.82.70:7700/indexes\": dial tcp 119.29.82.70:7700: connect: connection refused"}
github.com/flipped-aurora/gin-vue-admin/server/service/quant.(*MeilisearchService).InitializeMeilisearch
	/Users/a1/data/go/gin-vue-admin/server/service/quant/meilisearch.go:39
github.com/flipped-aurora/gin-vue-admin/server/initialize.InitMeilisearch
	/Users/a1/data/go/gin-vue-admin/server/initialize/meilisearch.go:14
main.initializeSystem
	/Users/a1/data/go/gin-vue-admin/server/main.go:47
main.main
	/Users/a1/data/go/gin-vue-admin/server/main.go:32
runtime.main
	/usr/local/go/src/runtime/proc.go:290
[github.com/flipped-aurora/gin-vue-admin/server]2026-08-10 11:39:34.221	[31merror[0m	/Users/a1/data/go/gin-vue-admin/server/initialize/meilisearch.go:15	Failed to initialize Meilisearch	{"error": "failed to connect to meilisearch: MeilisearchCommunicationError unable to execute request (path \"GET /indexes\" with method \"GetIndexes\"): Get \"http://119.29.82.70:7700/indexes\": dial tcp 119.29.82.70:7700: connect: connection refused"}
github.com/flipped-aurora/gin-vue-admin/server/initialize.InitMeilisearch
	/Users/a1/data/go/gin-vue-admin/server/initialize/meilisearch.go:15
main.initializeSystem
	/Users/a1/data/go/gin-vue-admin/server/main.go:47
main.main
	/Users/a1/data/go/gin-vue-admin/server/main.go:32
runtime.main
	/usr/local/go/src/runtime/proc.go:290
[github.com/flipped-aurora/gin-vue-admin/server]2026-08-10 11:39:45.871	[31merror[0m	/Users/a1/data/go/gin-vue-admin/server/service/quant/meilisearch.go:39	Failed to connect to Meilisearch	{"url": "http://119.29.82.70:7700", "error": "MeilisearchCommunicationError unable to execute request (path \"GET /indexes\" with method \"GetIndexes\"): Get \"http://119.29.82.70:7700/indexes\": dial tcp 119.29.82.70:7700: connect: connection refused"}
github.com/flipped-aurora/gin-vue-admin/server/service/quant.(*MeilisearchService).InitializeMeilisearch
	/Users/a1/data/go/gin-vue-admin/server/service/quant/meilisearch.go:39
github.com/flipped-aurora/gin-vue-admin/server/initialize.InitMeilisearch
	/Users/a1/data/go/gin-vue-admin/server/initialize/meilisearch.go:14
main.initializeSystem
	/Users/a1/data/go/gin-vue-admin/server/main.go:47
main.main
	/Users/a1/data/go/gin-vue-admin/server/main.go:32
runtime.main
	/usr/local/go/src/runtime/proc.go:290
[github.com/flipped-aurora/gin-vue-admin/server]2026-08-10 11:39:46.061	[31merror[0m	/Users/a1/data/go/gin-vue-admin/server/initialize/meilisearch.go:15	Failed to initialize Meilisearch	{"error": "failed to connect to meilisearch: MeilisearchCommunicationError unable to execute request (path \"GET /indexes\" with method \"GetIndexes\"): Get \"http://119.29.82.70:7700/indexes\": dial tcp 119.29.82.70:7700: connect: connection refused"}
github.com/flipped-aurora/gin-vue-admin/server/initialize.InitMeilisearch
	/Users/a1/data/go/gin-vue-admin/server/initialize/meilisearch.go:15
main.initializeSystem
	/Users/a1/data/go/gin-vue-admin/server/main.go:47
main.main
	/Users/a1/data/go/gin-vue-admin/server/main.go:32
runtime.main
	/usr/local/go/src/runtime/proc.go:290
[github.com/flipped-aurora/gin-vue-admin/server]2026-08-10 11:42:04.680	[31merror[0m	/Users/a1/data/go/gin-vue-admin/server/api/v1/quant/theme_stock.go:248	AI更新题材股票失败!	{"error": "大模型(DeepSeek)接口返回异常(400): {\"error\":{\"message\":\"Failed to deserialize the JSON body into the target type: tools[0].type: unknown variant `web_search`, expected `function` at line 1 column 3577\",\"type\":\"invalid_request_error\",\"param\":null,\"code\":\"invalid_request_error\"}}"}
github.com/flipped-aurora/gin-vue-admin/server/api/v1/quant.(*ThemeStockApi).AiUpdateThemeStock
	/Users/a1/data/go/gin-vue-admin/server/api/v1/quant/theme_stock.go:248
github.com/gin-gonic/gin.(*Context).Next
	/Users/a1/go/pkg/mod/github.com/gin-gonic/gin@v1.10.0/context.go:185
github.com/flipped-aurora/gin-vue-admin/server/router/quant.(*ThemeStockRouter).InitThemeStockRouter.OperationRecord.func1
	/Users/a1/data/go/gin-vue-admin/server/middleware/operation.go:93
github.com/gin-gonic/gin.(*Context).Next
	/Users/a1/go/pkg/mod/github.com/gin-gonic/gin@v1.10.0/context.go:185
github.com/flipped-aurora/gin-vue-admin/server/initialize.Routers.CasbinHandler.func4
	/Users/a1/data/go/gin-vue-admin/server/middleware/casbin_rbac.go:30
github.com/gin-gonic/gin.(*Context).Next
	/Users/a1/go/pkg/mod/github.com/gin-gonic/gin@v1.10.0/context.go:185
github.com/flipped-aurora/gin-vue-admin/server/initialize.Routers.JWTAuth.func3
	/Users/a1/data/go/gin-vue-admin/server/middleware/jwt.go:69
github.com/gin-gonic/gin.(*Context).Next
	/Users/a1/go/pkg/mod/github.com/gin-gonic/gin@v1.10.0/context.go:185
github.com/gin-gonic/gin.LoggerWithConfig.func1
	/Users/a1/go/pkg/mod/github.com/gin-gonic/gin@v1.10.0/logger.go:249
github.com/gin-gonic/gin.(*Context).Next
	/Users/a1/go/pkg/mod/github.com/gin-gonic/gin@v1.10.0/context.go:185
github.com/flipped-aurora/gin-vue-admin/server/initialize.Routers.GinRecovery.func2
	/Users/a1/data/go/gin-vue-admin/server/middleware/error.go:78
github.com/gin-gonic/gin.(*Context).Next
	/Users/a1/go/pkg/mod/github.com/gin-gonic/gin@v1.10.0/context.go:185
github.com/gin-gonic/gin.(*Engine).handleHTTPRequest
	/Users/a1/go/pkg/mod/github.com/gin-gonic/gin@v1.10.0/gin.go:633
github.com/gin-gonic/gin.(*Engine).ServeHTTP
	/Users/a1/go/pkg/mod/github.com/gin-gonic/gin@v1.10.0/gin.go:589
net/http.serverHandler.ServeHTTP
	/usr/local/go/src/net/http/server.go:3311
net/http.(*conn).serve
	/usr/local/go/src/net/http/server.go:2073
[github.com/flipped-aurora/gin-vue-admin/server]2026-08-10 11:42:09.983	[31merror[0m	/Users/a1/data/go/gin-vue-admin/server/api/v1/quant/theme_stock.go:248	AI更新题材股票失败!	{"error": "大模型(DeepSeek)接口返回异常(400): {\"error\":{\"message\":\"Failed to deserialize the JSON body into the target type: tools[0].type: unknown variant `web_search`, expected `function` at line 1 column 3577\",\"type\":\"invalid_request_error\",\"param\":null,\"code\":\"invalid_request_error\"}}"}
github.com/flipped-aurora/gin-vue-admin/server/api/v1/quant.(*ThemeStockApi).AiUpdateThemeStock
	/Users/a1/data/go/gin-vue-admin/server/api/v1/quant/theme_stock.go:248
github.com/gin-gonic/gin.(*Context).Next
	/Users/a1/go/pkg/mod/github.com/gin-gonic/gin@v1.10.0/context.go:185
github.com/flipped-aurora/gin-vue-admin/server/router/quant.(*ThemeStockRouter).InitThemeStockRouter.OperationRecord.func1
	/Users/a1/data/go/gin-vue-admin/server/middleware/operation.go:93
github.com/gin-gonic/gin.(*Context).Next
	/Users/a1/go/pkg/mod/github.com/gin-gonic/gin@v1.10.0/context.go:185
github.com/flipped-aurora/gin-vue-admin/server/initialize.Routers.CasbinHandler.func4
	/Users/a1/data/go/gin-vue-admin/server/middleware/casbin_rbac.go:30
github.com/gin-gonic/gin.(*Context).Next
	/Users/a1/go/pkg/mod/github.com/gin-gonic/gin@v1.10.0/context.go:185
github.com/flipped-aurora/gin-vue-admin/server/initialize.Routers.JWTAuth.func3
	/Users/a1/data/go/gin-vue-admin/server/middleware/jwt.go:69
github.com/gin-gonic/gin.(*Context).Next
	/Users/a1/go/pkg/mod/github.com/gin-gonic/gin@v1.10.0/context.go:185
github.com/gin-gonic/gin.LoggerWithConfig.func1
	/Users/a1/go/pkg/mod/github.com/gin-gonic/gin@v1.10.0/logger.go:249
github.com/gin-gonic/gin.(*Context).Next
	/Users/a1/go/pkg/mod/github.com/gin-gonic/gin@v1.10.0/context.go:185
github.com/flipped-aurora/gin-vue-admin/server/initialize.Routers.GinRecovery.func2
	/Users/a1/data/go/gin-vue-admin/server/middleware/error.go:78
github.com/gin-gonic/gin.(*Context).Next
	/Users/a1/go/pkg/mod/github.com/gin-gonic/gin@v1.10.0/context.go:185
github.com/gin-gonic/gin.(*Engine).handleHTTPRequest
	/Users/a1/go/pkg/mod/github.com/gin-gonic/gin@v1.10.0/gin.go:633
github.com/gin-gonic/gin.(*Engine).ServeHTTP
	/Users/a1/go/pkg/mod/github.com/gin-gonic/gin@v1.10.0/gin.go:589
net/http.serverHandler.ServeHTTP
	/usr/local/go/src/net/http/server.go:3311
net/http.(*conn).serve
	/usr/local/go/src/net/http/server.go:2073
[github.com/flipped-aurora/gin-vue-admin/server]2026-08-10 11:43:48.420	[31merror[0m	/Users/a1/data/go/gin-vue-admin/server/service/quant/meilisearch.go:39	Failed to connect to Meilisearch	{"url": "http://119.29.82.70:7700", "error": "MeilisearchCommunicationError unable to execute request (path \"GET /indexes\" with method \"GetIndexes\"): Get \"http://119.29.82.70:7700/indexes\": dial tcp 119.29.82.70:7700: connect: connection refused"}
github.com/flipped-aurora/gin-vue-admin/server/service/quant.(*MeilisearchService).InitializeMeilisearch
	/Users/a1/data/go/gin-vue-admin/server/service/quant/meilisearch.go:39
github.com/flipped-aurora/gin-vue-admin/server/initialize.InitMeilisearch
	/Users/a1/data/go/gin-vue-admin/server/initialize/meilisearch.go:14
main.initializeSystem
	/Users/a1/data/go/gin-vue-admin/server/main.go:47
main.main
	/Users/a1/data/go/gin-vue-admin/server/main.go:32
runtime.main
	/usr/local/go/src/runtime/proc.go:290
[github.com/flipped-aurora/gin-vue-admin/server]2026-08-10 11:43:48.601	[31merror[0m	/Users/a1/data/go/gin-vue-admin/server/initialize/meilisearch.go:15	Failed to initialize Meilisearch	{"error": "failed to connect to meilisearch: MeilisearchCommunicationError unable to execute request (path \"GET /indexes\" with method \"GetIndexes\"): Get \"http://119.29.82.70:7700/indexes\": dial tcp 119.29.82.70:7700: connect: connection refused"}
github.com/flipped-aurora/gin-vue-admin/server/initialize.InitMeilisearch
	/Users/a1/data/go/gin-vue-admin/server/initialize/meilisearch.go:15
main.initializeSystem
	/Users/a1/data/go/gin-vue-admin/server/main.go:47
main.main
	/Users/a1/data/go/gin-vue-admin/server/main.go:32
runtime.main
	/usr/local/go/src/runtime/proc.go:290
[github.com/flipped-aurora/gin-vue-admin/server]2026-08-10 11:44:01.299	[31merror[0m	/Users/a1/data/go/gin-vue-admin/server/service/quant/meilisearch.go:39	Failed to connect to Meilisearch	{"url": "http://119.29.82.70:7700", "error": "MeilisearchCommunicationError unable to execute request (path \"GET /indexes\" with method \"GetIndexes\"): Get \"http://119.29.82.70:7700/indexes\": dial tcp 119.29.82.70:7700: connect: connection refused"}
github.com/flipped-aurora/gin-vue-admin/server/service/quant.(*MeilisearchService).InitializeMeilisearch
	/Users/a1/data/go/gin-vue-admin/server/service/quant/meilisearch.go:39
github.com/flipped-aurora/gin-vue-admin/server/initialize.InitMeilisearch
	/Users/a1/data/go/gin-vue-admin/server/initialize/meilisearch.go:14
main.initializeSystem
	/Users/a1/data/go/gin-vue-admin/server/main.go:47
main.main
	/Users/a1/data/go/gin-vue-admin/server/main.go:32
runtime.main
	/usr/local/go/src/runtime/proc.go:290
[github.com/flipped-aurora/gin-vue-admin/server]2026-08-10 11:44:01.493	[31merror[0m	/Users/a1/data/go/gin-vue-admin/server/initialize/meilisearch.go:15	Failed to initialize Meilisearch	{"error": "failed to connect to meilisearch: MeilisearchCommunicationError unable to execute request (path \"GET /indexes\" with method \"GetIndexes\"): Get \"http://119.29.82.70:7700/indexes\": dial tcp 119.29.82.70:7700: connect: connection refused"}
github.com/flipped-aurora/gin-vue-admin/server/initialize.InitMeilisearch
	/Users/a1/data/go/gin-vue-admin/server/initialize/meilisearch.go:15
main.initializeSystem
	/Users/a1/data/go/gin-vue-admin/server/main.go:47
main.main
	/Users/a1/data/go/gin-vue-admin/server/main.go:32
runtime.main
	/usr/local/go/src/runtime/proc.go:290
[github.com/flipped-aurora/gin-vue-admin/server]2026-08-10 11:44:12.233	[31merror[0m	/Users/a1/data/go/gin-vue-admin/server/service/quant/meilisearch.go:39	Failed to connect to Meilisearch	{"url": "http://119.29.82.70:7700", "error": "MeilisearchCommunicationError unable to execute request (path \"GET /indexes\" with method \"GetIndexes\"): Get \"http://119.29.82.70:7700/indexes\": dial tcp 119.29.82.70:7700: connect: connection refused"}
github.com/flipped-aurora/gin-vue-admin/server/service/quant.(*MeilisearchService).InitializeMeilisearch
	/Users/a1/data/go/gin-vue-admin/server/service/quant/meilisearch.go:39
github.com/flipped-aurora/gin-vue-admin/server/initialize.InitMeilisearch
	/Users/a1/data/go/gin-vue-admin/server/initialize/meilisearch.go:14
main.initializeSystem
	/Users/a1/data/go/gin-vue-admin/server/main.go:47
main.main
	/Users/a1/data/go/gin-vue-admin/server/main.go:32
runtime.main
	/usr/local/go/src/runtime/proc.go:290
[github.com/flipped-aurora/gin-vue-admin/server]2026-08-10 11:44:12.433	[31merror[0m	/Users/a1/data/go/gin-vue-admin/server/initialize/meilisearch.go:15	Failed to initialize Meilisearch	{"error": "failed to connect to meilisearch: MeilisearchCommunicationError unable to execute request (path \"GET /indexes\" with method \"GetIndexes\"): Get \"http://119.29.82.70:7700/indexes\": dial tcp 119.29.82.70:7700: connect: connection refused"}
github.com/flipped-aurora/gin-vue-admin/server/initialize.InitMeilisearch
	/Users/a1/data/go/gin-vue-admin/server/initialize/meilisearch.go:15
main.initializeSystem
	/Users/a1/data/go/gin-vue-admin/server/main.go:47
main.main
	/Users/a1/data/go/gin-vue-admin/server/main.go:32
runtime.main
	/usr/local/go/src/runtime/proc.go:290
[github.com/flipped-aurora/gin-vue-admin/server]2026-08-10 11:44:21.501	[31merror[0m	/Users/a1/data/go/gin-vue-admin/server/service/quant/meilisearch.go:39	Failed to connect to Meilisearch	{"url": "http://119.29.82.70:7700", "error": "MeilisearchCommunicationError unable to execute request (path \"GET /indexes\" with method \"GetIndexes\"): Get \"http://119.29.82.70:7700/indexes\": dial tcp 119.29.82.70:7700: connect: connection refused"}
github.com/flipped-aurora/gin-vue-admin/server/service/quant.(*MeilisearchService).InitializeMeilisearch
	/Users/a1/data/go/gin-vue-admin/server/service/quant/meilisearch.go:39
github.com/flipped-aurora/gin-vue-admin/server/initialize.InitMeilisearch
	/Users/a1/data/go/gin-vue-admin/server/initialize/meilisearch.go:14
main.initializeSystem
	/Users/a1/data/go/gin-vue-admin/server/main.go:47
main.main
	/Users/a1/data/go/gin-vue-admin/server/main.go:32
runtime.main
	/usr/local/go/src/runtime/proc.go:290
[github.com/flipped-aurora/gin-vue-admin/server]2026-08-10 11:44:21.687	[31merror[0m	/Users/a1/data/go/gin-vue-admin/server/initialize/meilisearch.go:15	Failed to initialize Meilisearch	{"error": "failed to connect to meilisearch: MeilisearchCommunicationError unable to execute request (path \"GET /indexes\" with method \"GetIndexes\"): Get \"http://119.29.82.70:7700/indexes\": dial tcp 119.29.82.70:7700: connect: connection refused"}
github.com/flipped-aurora/gin-vue-admin/server/initialize.InitMeilisearch
	/Users/a1/data/go/gin-vue-admin/server/initialize/meilisearch.go:15
main.initializeSystem
	/Users/a1/data/go/gin-vue-admin/server/main.go:47
main.main
	/Users/a1/data/go/gin-vue-admin/server/main.go:32
runtime.main
	/usr/local/go/src/runtime/proc.go:290
[github.com/flipped-aurora/gin-vue-admin/server]2026-08-10 11:44:45.308	[31merror[0m	/Users/a1/data/go/gin-vue-admin/server/service/quant/meilisearch.go:39	Failed to connect to Meilisearch	{"url": "http://119.29.82.70:7700", "error": "MeilisearchCommunicationError unable to execute request (path \"GET /indexes\" with method \"GetIndexes\"): Get \"http://119.29.82.70:7700/indexes\": dial tcp 119.29.82.70:7700: connect: connection refused"}
github.com/flipped-aurora/gin-vue-admin/server/service/quant.(*MeilisearchService).InitializeMeilisearch
	/Users/a1/data/go/gin-vue-admin/server/service/quant/meilisearch.go:39
github.com/flipped-aurora/gin-vue-admin/server/initialize.InitMeilisearch
	/Users/a1/data/go/gin-vue-admin/server/initialize/meilisearch.go:14
main.initializeSystem
	/Users/a1/data/go/gin-vue-admin/server/main.go:47
main.main
	/Users/a1/data/go/gin-vue-admin/server/main.go:32
runtime.main
	/usr/local/go/src/runtime/proc.go:290
[github.com/flipped-aurora/gin-vue-admin/server]2026-08-10 11:44:45.556	[31merror[0m	/Users/a1/data/go/gin-vue-admin/server/initialize/meilisearch.go:15	Failed to initialize Meilisearch	{"error": "failed to connect to meilisearch: MeilisearchCommunicationError unable to execute request (path \"GET /indexes\" with method \"GetIndexes\"): Get \"http://119.29.82.70:7700/indexes\": dial tcp 119.29.82.70:7700: connect: connection refused"}
github.com/flipped-aurora/gin-vue-admin/server/initialize.InitMeilisearch
	/Users/a1/data/go/gin-vue-admin/server/initialize/meilisearch.go:15
main.initializeSystem
	/Users/a1/data/go/gin-vue-admin/server/main.go:47
main.main
	/Users/a1/data/go/gin-vue-admin/server/main.go:32
runtime.main
	/usr/local/go/src/runtime/proc.go:290
[github.com/flipped-aurora/gin-vue-admin/server]2026-08-10 11:44:54.580	[31merror[0m	/Users/a1/data/go/gin-vue-admin/server/service/quant/meilisearch.go:39	Failed to connect to Meilisearch	{"url": "http://119.29.82.70:7700", "error": "MeilisearchCommunicationError unable to execute request (path \"GET /indexes\" with method \"GetIndexes\"): Get \"http://119.29.82.70:7700/indexes\": dial tcp 119.29.82.70:7700: connect: connection refused"}
github.com/flipped-aurora/gin-vue-admin/server/service/quant.(*MeilisearchService).InitializeMeilisearch
	/Users/a1/data/go/gin-vue-admin/server/service/quant/meilisearch.go:39
github.com/flipped-aurora/gin-vue-admin/server/initialize.InitMeilisearch
	/Users/a1/data/go/gin-vue-admin/server/initialize/meilisearch.go:14
main.initializeSystem
	/Users/a1/data/go/gin-vue-admin/server/main.go:47
main.main
	/Users/a1/data/go/gin-vue-admin/server/main.go:32
runtime.main
	/usr/local/go/src/runtime/proc.go:290
[github.com/flipped-aurora/gin-vue-admin/server]2026-08-10 11:44:54.753	[31merror[0m	/Users/a1/data/go/gin-vue-admin/server/initialize/meilisearch.go:15	Failed to initialize Meilisearch	{"error": "failed to connect to meilisearch: MeilisearchCommunicationError unable to execute request (path \"GET /indexes\" with method \"GetIndexes\"): Get \"http://119.29.82.70:7700/indexes\": dial tcp 119.29.82.70:7700: connect: connection refused"}
github.com/flipped-aurora/gin-vue-admin/server/initialize.InitMeilisearch
	/Users/a1/data/go/gin-vue-admin/server/initialize/meilisearch.go:15
main.initializeSystem
	/Users/a1/data/go/gin-vue-admin/server/main.go:47
main.main
	/Users/a1/data/go/gin-vue-admin/server/main.go:32
runtime.main
	/usr/local/go/src/runtime/proc.go:290
[github.com/flipped-aurora/gin-vue-admin/server]2026-08-10 11:44:55.572	[31merror[0m	/Users/a1/data/go/gin-vue-admin/server/service/quant/meilisearch.go:39	Failed to connect to Meilisearch	{"url": "http://119.29.82.70:7700", "error": "MeilisearchCommunicationError unable to execute request (path \"GET /indexes\" with method \"GetIndexes\"): Get \"http://119.29.82.70:7700/indexes\": dial tcp 119.29.82.70:7700: connect: connection refused"}
github.com/flipped-aurora/gin-vue-admin/server/service/quant.(*MeilisearchService).InitializeMeilisearch
	/Users/a1/data/go/gin-vue-admin/server/service/quant/meilisearch.go:39
github.com/flipped-aurora/gin-vue-admin/server/initialize.InitMeilisearch
	/Users/a1/data/go/gin-vue-admin/server/initialize/meilisearch.go:14
main.initializeSystem
	/Users/a1/data/go/gin-vue-admin/server/main.go:47
main.main
	/Users/a1/data/go/gin-vue-admin/server/main.go:32
runtime.main
	/usr/local/go/src/runtime/proc.go:290
[github.com/flipped-aurora/gin-vue-admin/server]2026-08-10 11:44:55.747	[31merror[0m	/Users/a1/data/go/gin-vue-admin/server/initialize/meilisearch.go:15	Failed to initialize Meilisearch	{"error": "failed to connect to meilisearch: MeilisearchCommunicationError unable to execute request (path \"GET /indexes\" with method \"GetIndexes\"): Get \"http://119.29.82.70:7700/indexes\": dial tcp 119.29.82.70:7700: connect: connection refused"}
github.com/flipped-aurora/gin-vue-admin/server/initialize.InitMeilisearch
	/Users/a1/data/go/gin-vue-admin/server/initialize/meilisearch.go:15
main.initializeSystem
	/Users/a1/data/go/gin-vue-admin/server/main.go:47
main.main
	/Users/a1/data/go/gin-vue-admin/server/main.go:32
runtime.main
	/usr/local/go/src/runtime/proc.go:290
[github.com/flipped-aurora/gin-vue-admin/server]2026-08-10 11:45:08.160	[31merror[0m	/Users/a1/data/go/gin-vue-admin/server/service/quant/meilisearch.go:39	Failed to connect to Meilisearch	{"url": "http://119.29.82.70:7700", "error": "MeilisearchCommunicationError unable to execute request (path \"GET /indexes\" with method \"GetIndexes\"): Get \"http://119.29.82.70:7700/indexes\": dial tcp 119.29.82.70:7700: connect: connection refused"}
github.com/flipped-aurora/gin-vue-admin/server/service/quant.(*MeilisearchService).InitializeMeilisearch
	/Users/a1/data/go/gin-vue-admin/server/service/quant/meilisearch.go:39
github.com/flipped-aurora/gin-vue-admin/server/initialize.InitMeilisearch
	/Users/a1/data/go/gin-vue-admin/server/initialize/meilisearch.go:14
main.initializeSystem
	/Users/a1/data/go/gin-vue-admin/server/main.go:47
main.main
	/Users/a1/data/go/gin-vue-admin/server/main.go:32
runtime.main
	/usr/local/go/src/runtime/proc.go:290
[github.com/flipped-aurora/gin-vue-admin/server]2026-08-10 11:45:08.345	[31merror[0m	/Users/a1/data/go/gin-vue-admin/server/initialize/meilisearch.go:15	Failed to initialize Meilisearch	{"error": "failed to connect to meilisearch: MeilisearchCommunicationError unable to execute request (path \"GET /indexes\" with method \"GetIndexes\"): Get \"http://119.29.82.70:7700/indexes\": dial tcp 119.29.82.70:7700: connect: connection refused"}
github.com/flipped-aurora/gin-vue-admin/server/initialize.InitMeilisearch
	/Users/a1/data/go/gin-vue-admin/server/initialize/meilisearch.go:15
main.initializeSystem
	/Users/a1/data/go/gin-vue-admin/server/main.go:47
main.main
	/Users/a1/data/go/gin-vue-admin/server/main.go:32
runtime.main
	/usr/local/go/src/runtime/proc.go:290
[github.com/flipped-aurora/gin-vue-admin/server]2026-08-10 11:45:18.529	[31merror[0m	/Users/a1/data/go/gin-vue-admin/server/service/quant/meilisearch.go:39	Failed to connect to Meilisearch	{"url": "http://119.29.82.70:7700", "error": "MeilisearchCommunicationError unable to execute request (path \"GET /indexes\" with method \"GetIndexes\"): Get \"http://119.29.82.70:7700/indexes\": dial tcp 119.29.82.70:7700: connect: connection refused"}
github.com/flipped-aurora/gin-vue-admin/server/service/quant.(*MeilisearchService).InitializeMeilisearch
	/Users/a1/data/go/gin-vue-admin/server/service/quant/meilisearch.go:39
github.com/flipped-aurora/gin-vue-admin/server/initialize.InitMeilisearch
	/Users/a1/data/go/gin-vue-admin/server/initialize/meilisearch.go:14
main.initializeSystem
	/Users/a1/data/go/gin-vue-admin/server/main.go:47
main.main
	/Users/a1/data/go/gin-vue-admin/server/main.go:32
runtime.main
	/usr/local/go/src/runtime/proc.go:290
[github.com/flipped-aurora/gin-vue-admin/server]2026-08-10 11:45:18.712	[31merror[0m	/Users/a1/data/go/gin-vue-admin/server/initialize/meilisearch.go:15	Failed to initialize Meilisearch	{"error": "failed to connect to meilisearch: MeilisearchCommunicationError unable to execute request (path \"GET /indexes\" with method \"GetIndexes\"): Get \"http://119.29.82.70:7700/indexes\": dial tcp 119.29.82.70:7700: connect: connection refused"}
github.com/flipped-aurora/gin-vue-admin/server/initialize.InitMeilisearch
	/Users/a1/data/go/gin-vue-admin/server/initialize/meilisearch.go:15
main.initializeSystem
	/Users/a1/data/go/gin-vue-admin/server/main.go:47
main.main
	/Users/a1/data/go/gin-vue-admin/server/main.go:32
runtime.main
	/usr/local/go/src/runtime/proc.go:290
[github.com/flipped-aurora/gin-vue-admin/server]2026-08-10 11:45:46.963	[31merror[0m	/Users/a1/data/go/gin-vue-admin/server/service/quant/meilisearch.go:39	Failed to connect to Meilisearch	{"url": "http://119.29.82.70:7700", "error": "MeilisearchCommunicationError unable to execute request (path \"GET /indexes\" with method \"GetIndexes\"): Get \"http://119.29.82.70:7700/indexes\": dial tcp 119.29.82.70:7700: connect: connection refused"}
github.com/flipped-aurora/gin-vue-admin/server/service/quant.(*MeilisearchService).InitializeMeilisearch
	/Users/a1/data/go/gin-vue-admin/server/service/quant/meilisearch.go:39
github.com/flipped-aurora/gin-vue-admin/server/initialize.InitMeilisearch
	/Users/a1/data/go/gin-vue-admin/server/initialize/meilisearch.go:14
main.initializeSystem
	/Users/a1/data/go/gin-vue-admin/server/main.go:47
main.main
	/Users/a1/data/go/gin-vue-admin/server/main.go:32
runtime.main
	/usr/local/go/src/runtime/proc.go:290
[github.com/flipped-aurora/gin-vue-admin/server]2026-08-10 11:45:48.378	[31merror[0m	/Users/a1/data/go/gin-vue-admin/server/service/quant/meilisearch.go:39	Failed to connect to Meilisearch	{"url": "http://119.29.82.70:7700", "error": "MeilisearchCommunicationError unable to execute request (path \"GET /indexes\" with method \"GetIndexes\"): Get \"http://119.29.82.70:7700/indexes\": dial tcp 119.29.82.70:7700: connect: connection refused"}
github.com/flipped-aurora/gin-vue-admin/server/service/quant.(*MeilisearchService).InitializeMeilisearch
	/Users/a1/data/go/gin-vue-admin/server/service/quant/meilisearch.go:39
github.com/flipped-aurora/gin-vue-admin/server/initialize.InitMeilisearch
	/Users/a1/data/go/gin-vue-admin/server/initialize/meilisearch.go:14
main.initializeSystem
	/Users/a1/data/go/gin-vue-admin/server/main.go:47
main.main
	/Users/a1/data/go/gin-vue-admin/server/main.go:32
runtime.main
	/usr/local/go/src/runtime/proc.go:290
[github.com/flipped-aurora/gin-vue-admin/server]2026-08-10 11:45:48.582	[31merror[0m	/Users/a1/data/go/gin-vue-admin/server/initialize/meilisearch.go:15	Failed to initialize Meilisearch	{"error": "failed to connect to meilisearch: MeilisearchCommunicationError unable to execute request (path \"GET /indexes\" with method \"GetIndexes\"): Get \"http://119.29.82.70:7700/indexes\": dial tcp 119.29.82.70:7700: connect: connection refused"}
github.com/flipped-aurora/gin-vue-admin/server/initialize.InitMeilisearch
	/Users/a1/data/go/gin-vue-admin/server/initialize/meilisearch.go:15
main.initializeSystem
	/Users/a1/data/go/gin-vue-admin/server/main.go:47
main.main
	/Users/a1/data/go/gin-vue-admin/server/main.go:32
runtime.main
	/usr/local/go/src/runtime/proc.go:290
[github.com/flipped-aurora/gin-vue-admin/server]2026-08-10 11:46:51.898	[31merror[0m	/Users/a1/data/go/gin-vue-admin/server/service/quant/meilisearch.go:39	Failed to connect to Meilisearch	{"url": "http://119.29.82.70:7700", "error": "MeilisearchCommunicationError unable to execute request (path \"GET /indexes\" with method \"GetIndexes\"): Get \"http://119.29.82.70:7700/indexes\": dial tcp 119.29.82.70:7700: connect: connection refused"}
github.com/flipped-aurora/gin-vue-admin/server/service/quant.(*MeilisearchService).InitializeMeilisearch
	/Users/a1/data/go/gin-vue-admin/server/service/quant/meilisearch.go:39
github.com/flipped-aurora/gin-vue-admin/server/initialize.InitMeilisearch
	/Users/a1/data/go/gin-vue-admin/server/initialize/meilisearch.go:14
main.initializeSystem
	/Users/a1/data/go/gin-vue-admin/server/main.go:47
main.main
	/Users/a1/data/go/gin-vue-admin/server/main.go:32
runtime.main
	/usr/local/go/src/runtime/proc.go:290
[github.com/flipped-aurora/gin-vue-admin/server]2026-08-10 11:46:52.114	[31merror[0m	/Users/a1/data/go/gin-vue-admin/server/initialize/meilisearch.go:15	Failed to initialize Meilisearch	{"error": "failed to connect to meilisearch: MeilisearchCommunicationError unable to execute request (path \"GET /indexes\" with method \"GetIndexes\"): Get \"http://119.29.82.70:7700/indexes\": dial tcp 119.29.82.70:7700: connect: connection refused"}
github.com/flipped-aurora/gin-vue-admin/server/initialize.InitMeilisearch
	/Users/a1/data/go/gin-vue-admin/server/initialize/meilisearch.go:15
main.initializeSystem
	/Users/a1/data/go/gin-vue-admin/server/main.go:47
main.main
	/Users/a1/data/go/gin-vue-admin/server/main.go:32
runtime.main
	/usr/local/go/src/runtime/proc.go:290
[github.com/flipped-aurora/gin-vue-admin/server]2026-08-10 11:46:59.367	[31merror[0m	/Users/a1/data/go/gin-vue-admin/server/service/quant/meilisearch.go:39	Failed to connect to Meilisearch	{"url": "http://119.29.82.70:7700", "error": "MeilisearchCommunicationError unable to execute request (path \"GET /indexes\" with method \"GetIndexes\"): Get \"http://119.29.82.70:7700/indexes\": dial tcp 119.29.82.70:7700: connect: connection refused"}
github.com/flipped-aurora/gin-vue-admin/server/service/quant.(*MeilisearchService).InitializeMeilisearch
	/Users/a1/data/go/gin-vue-admin/server/service/quant/meilisearch.go:39
github.com/flipped-aurora/gin-vue-admin/server/initialize.InitMeilisearch
	/Users/a1/data/go/gin-vue-admin/server/initialize/meilisearch.go:14
main.initializeSystem
	/Users/a1/data/go/gin-vue-admin/server/main.go:47
main.main
	/Users/a1/data/go/gin-vue-admin/server/main.go:32
runtime.main
	/usr/local/go/src/runtime/proc.go:290
[github.com/flipped-aurora/gin-vue-admin/server]2026-08-10 11:46:59.543	[31merror[0m	/Users/a1/data/go/gin-vue-admin/server/initialize/meilisearch.go:15	Failed to initialize Meilisearch	{"error": "failed to connect to meilisearch: MeilisearchCommunicationError unable to execute request (path \"GET /indexes\" with method \"GetIndexes\"): Get \"http://119.29.82.70:7700/indexes\": dial tcp 119.29.82.70:7700: connect: connection refused"}
github.com/flipped-aurora/gin-vue-admin/server/initialize.InitMeilisearch
	/Users/a1/data/go/gin-vue-admin/server/initialize/meilisearch.go:15
main.initializeSystem
	/Users/a1/data/go/gin-vue-admin/server/main.go:47
main.main
	/Users/a1/data/go/gin-vue-admin/server/main.go:32
runtime.main
	/usr/local/go/src/runtime/proc.go:290
[github.com/flipped-aurora/gin-vue-admin/server]2026-08-10 11:57:45.959	[31merror[0m	/Users/a1/data/go/gin-vue-admin/server/service/quant/meilisearch.go:39	Failed to connect to Meilisearch	{"url": "http://119.29.82.70:7700", "error": "MeilisearchCommunicationError unable to execute request (path \"GET /indexes\" with method \"GetIndexes\"): Get \"http://119.29.82.70:7700/indexes\": dial tcp 119.29.82.70:7700: connect: connection refused"}
github.com/flipped-aurora/gin-vue-admin/server/service/quant.(*MeilisearchService).InitializeMeilisearch
	/Users/a1/data/go/gin-vue-admin/server/service/quant/meilisearch.go:39
github.com/flipped-aurora/gin-vue-admin/server/initialize.InitMeilisearch
	/Users/a1/data/go/gin-vue-admin/server/initialize/meilisearch.go:14
main.initializeSystem
	/Users/a1/data/go/gin-vue-admin/server/main.go:47
main.main
	/Users/a1/data/go/gin-vue-admin/server/main.go:32
runtime.main
	/usr/local/go/src/runtime/proc.go:290
[github.com/flipped-aurora/gin-vue-admin/server]2026-08-10 11:57:46.172	[31merror[0m	/Users/a1/data/go/gin-vue-admin/server/initialize/meilisearch.go:15	Failed to initialize Meilisearch	{"error": "failed to connect to meilisearch: MeilisearchCommunicationError unable to execute request (path \"GET /indexes\" with method \"GetIndexes\"): Get \"http://119.29.82.70:7700/indexes\": dial tcp 119.29.82.70:7700: connect: connection refused"}
github.com/flipped-aurora/gin-vue-admin/server/initialize.InitMeilisearch
	/Users/a1/data/go/gin-vue-admin/server/initialize/meilisearch.go:15
main.initializeSystem
	/Users/a1/data/go/gin-vue-admin/server/main.go:47
main.main
	/Users/a1/data/go/gin-vue-admin/server/main.go:32
runtime.main
	/usr/local/go/src/runtime/proc.go:290
[github.com/flipped-aurora/gin-vue-admin/server]2026-08-10 11:57:56.819	[31merror[0m	/Users/a1/data/go/gin-vue-admin/server/service/quant/meilisearch.go:39	Failed to connect to Meilisearch	{"url": "http://119.29.82.70:7700", "error": "MeilisearchCommunicationError unable to execute request (path \"GET /indexes\" with method \"GetIndexes\"): Get \"http://119.29.82.70:7700/indexes\": dial tcp 119.29.82.70:7700: connect: connection refused"}
github.com/flipped-aurora/gin-vue-admin/server/service/quant.(*MeilisearchService).InitializeMeilisearch
	/Users/a1/data/go/gin-vue-admin/server/service/quant/meilisearch.go:39
github.com/flipped-aurora/gin-vue-admin/server/initialize.InitMeilisearch
	/Users/a1/data/go/gin-vue-admin/server/initialize/meilisearch.go:14
main.initializeSystem
	/Users/a1/data/go/gin-vue-admin/server/main.go:47
main.main
	/Users/a1/data/go/gin-vue-admin/server/main.go:32
runtime.main
	/usr/local/go/src/runtime/proc.go:290
[github.com/flipped-aurora/gin-vue-admin/server]2026-08-10 11:57:57.010	[31merror[0m	/Users/a1/data/go/gin-vue-admin/server/initialize/meilisearch.go:15	Failed to initialize Meilisearch	{"error": "failed to connect to meilisearch: MeilisearchCommunicationError unable to execute request (path \"GET /indexes\" with method \"GetIndexes\"): Get \"http://119.29.82.70:7700/indexes\": dial tcp 119.29.82.70:7700: connect: connection refused"}
github.com/flipped-aurora/gin-vue-admin/server/initialize.InitMeilisearch
	/Users/a1/data/go/gin-vue-admin/server/initialize/meilisearch.go:15
main.initializeSystem
	/Users/a1/data/go/gin-vue-admin/server/main.go:47
main.main
	/Users/a1/data/go/gin-vue-admin/server/main.go:32
runtime.main
	/usr/local/go/src/runtime/proc.go:290
[github.com/flipped-aurora/gin-vue-admin/server]2026-08-10 11:58:08.070	[31merror[0m	/Users/a1/data/go/gin-vue-admin/server/service/quant/meilisearch.go:39	Failed to connect to Meilisearch	{"url": "http://119.29.82.70:7700", "error": "MeilisearchCommunicationError unable to execute request (path \"GET /indexes\" with method \"GetIndexes\"): Get \"http://119.29.82.70:7700/indexes\": dial tcp 119.29.82.70:7700: connect: connection refused"}
github.com/flipped-aurora/gin-vue-admin/server/service/quant.(*MeilisearchService).InitializeMeilisearch
	/Users/a1/data/go/gin-vue-admin/server/service/quant/meilisearch.go:39
github.com/flipped-aurora/gin-vue-admin/server/initialize.InitMeilisearch
	/Users/a1/data/go/gin-vue-admin/server/initialize/meilisearch.go:14
main.initializeSystem
	/Users/a1/data/go/gin-vue-admin/server/main.go:47
main.main
	/Users/a1/data/go/gin-vue-admin/server/main.go:32
runtime.main
	/usr/local/go/src/runtime/proc.go:290
[github.com/flipped-aurora/gin-vue-admin/server]2026-08-10 11:58:08.279	[31merror[0m	/Users/a1/data/go/gin-vue-admin/server/initialize/meilisearch.go:15	Failed to initialize Meilisearch	{"error": "failed to connect to meilisearch: MeilisearchCommunicationError unable to execute request (path \"GET /indexes\" with method \"GetIndexes\"): Get \"http://119.29.82.70:7700/indexes\": dial tcp 119.29.82.70:7700: connect: connection refused"}
github.com/flipped-aurora/gin-vue-admin/server/initialize.InitMeilisearch
	/Users/a1/data/go/gin-vue-admin/server/initialize/meilisearch.go:15
main.initializeSystem
	/Users/a1/data/go/gin-vue-admin/server/main.go:47
main.main
	/Users/a1/data/go/gin-vue-admin/server/main.go:32
runtime.main
	/usr/local/go/src/runtime/proc.go:290
[github.com/flipped-aurora/gin-vue-admin/server]2026-08-10 11:58:25.980	[31merror[0m	/Users/a1/data/go/gin-vue-admin/server/service/quant/meilisearch.go:39	Failed to connect to Meilisearch	{"url": "http://119.29.82.70:7700", "error": "MeilisearchCommunicationError unable to execute request (path \"GET /indexes\" with method \"GetIndexes\"): Get \"http://119.29.82.70:7700/indexes\": dial tcp 119.29.82.70:7700: connect: connection refused"}
github.com/flipped-aurora/gin-vue-admin/server/service/quant.(*MeilisearchService).InitializeMeilisearch
	/Users/a1/data/go/gin-vue-admin/server/service/quant/meilisearch.go:39
github.com/flipped-aurora/gin-vue-admin/server/initialize.InitMeilisearch
	/Users/a1/data/go/gin-vue-admin/server/initialize/meilisearch.go:14
main.initializeSystem
	/Users/a1/data/go/gin-vue-admin/server/main.go:47
main.main
	/Users/a1/data/go/gin-vue-admin/server/main.go:32
runtime.main
	/usr/local/go/src/runtime/proc.go:290
[github.com/flipped-aurora/gin-vue-admin/server]2026-08-10 11:58:26.183	[31merror[0m	/Users/a1/data/go/gin-vue-admin/server/initialize/meilisearch.go:15	Failed to initialize Meilisearch	{"error": "failed to connect to meilisearch: MeilisearchCommunicationError unable to execute request (path \"GET /indexes\" with method \"GetIndexes\"): Get \"http://119.29.82.70:7700/indexes\": dial tcp 119.29.82.70:7700: connect: connection refused"}
github.com/flipped-aurora/gin-vue-admin/server/initialize.InitMeilisearch
	/Users/a1/data/go/gin-vue-admin/server/initialize/meilisearch.go:15
main.initializeSystem
	/Users/a1/data/go/gin-vue-admin/server/main.go:47
main.main
	/Users/a1/data/go/gin-vue-admin/server/main.go:32
runtime.main
	/usr/local/go/src/runtime/proc.go:290
[github.com/flipped-aurora/gin-vue-admin/server]2026-08-10 12:00:05.669	[31merror[0m	/Users/a1/data/go/gin-vue-admin/server/service/quant/meilisearch.go:39	Failed to connect to Meilisearch	{"url": "http://119.29.82.70:7700", "error": "MeilisearchCommunicationError unable to execute request (path \"GET /indexes\" with method \"GetIndexes\"): Get \"http://119.29.82.70:7700/indexes\": dial tcp 119.29.82.70:7700: connect: connection refused"}
github.com/flipped-aurora/gin-vue-admin/server/service/quant.(*MeilisearchService).InitializeMeilisearch
	/Users/a1/data/go/gin-vue-admin/server/service/quant/meilisearch.go:39
github.com/flipped-aurora/gin-vue-admin/server/initialize.InitMeilisearch
	/Users/a1/data/go/gin-vue-admin/server/initialize/meilisearch.go:14
main.initializeSystem
	/Users/a1/data/go/gin-vue-admin/server/main.go:47
main.main
	/Users/a1/data/go/gin-vue-admin/server/main.go:32
runtime.main
	/usr/local/go/src/runtime/proc.go:290
[github.com/flipped-aurora/gin-vue-admin/server]2026-08-10 12:00:05.866	[31merror[0m	/Users/a1/data/go/gin-vue-admin/server/initialize/meilisearch.go:15	Failed to initialize Meilisearch	{"error": "failed to connect to meilisearch: MeilisearchCommunicationError unable to execute request (path \"GET /indexes\" with method \"GetIndexes\"): Get \"http://119.29.82.70:7700/indexes\": dial tcp 119.29.82.70:7700: connect: connection refused"}
github.com/flipped-aurora/gin-vue-admin/server/initialize.InitMeilisearch
	/Users/a1/data/go/gin-vue-admin/server/initialize/meilisearch.go:15
main.initializeSystem
	/Users/a1/data/go/gin-vue-admin/server/main.go:47
main.main
	/Users/a1/data/go/gin-vue-admin/server/main.go:32
runtime.main
	/usr/local/go/src/runtime/proc.go:290
[github.com/flipped-aurora/gin-vue-admin/server]2026-08-10 12:00:20.163	[31merror[0m	/Users/a1/data/go/gin-vue-admin/server/service/quant/meilisearch.go:39	Failed to connect to Meilisearch	{"url": "http://119.29.82.70:7700", "error": "MeilisearchCommunicationError unable to execute request (path \"GET /indexes\" with method \"GetIndexes\"): Get \"http://119.29.82.70:7700/indexes\": dial tcp 119.29.82.70:7700: connect: connection refused"}
github.com/flipped-aurora/gin-vue-admin/server/service/quant.(*MeilisearchService).InitializeMeilisearch
	/Users/a1/data/go/gin-vue-admin/server/service/quant/meilisearch.go:39
github.com/flipped-aurora/gin-vue-admin/server/initialize.InitMeilisearch
	/Users/a1/data/go/gin-vue-admin/server/initialize/meilisearch.go:14
main.initializeSystem
	/Users/a1/data/go/gin-vue-admin/server/main.go:47
main.main
	/Users/a1/data/go/gin-vue-admin/server/main.go:32
runtime.main
	/usr/local/go/src/runtime/proc.go:290
[github.com/flipped-aurora/gin-vue-admin/server]2026-08-10 12:00:20.364	[31merror[0m	/Users/a1/data/go/gin-vue-admin/server/initialize/meilisearch.go:15	Failed to initialize Meilisearch	{"error": "failed to connect to meilisearch: MeilisearchCommunicationError unable to execute request (path \"GET /indexes\" with method \"GetIndexes\"): Get \"http://119.29.82.70:7700/indexes\": dial tcp 119.29.82.70:7700: connect: connection refused"}
github.com/flipped-aurora/gin-vue-admin/server/initialize.InitMeilisearch
	/Users/a1/data/go/gin-vue-admin/server/initialize/meilisearch.go:15
main.initializeSystem
	/Users/a1/data/go/gin-vue-admin/server/main.go:47
main.main
	/Users/a1/data/go/gin-vue-admin/server/main.go:32
runtime.main
	/usr/local/go/src/runtime/proc.go:290
[github.com/flipped-aurora/gin-vue-admin/server]2026-08-10 12:02:21.843	[31merror[0m	/Users/a1/data/go/gin-vue-admin/server/service/quant/meilisearch.go:39	Failed to connect to Meilisearch	{"url": "http://119.29.82.70:7700", "error": "MeilisearchCommunicationError unable to execute request (path \"GET /indexes\" with method \"GetIndexes\"): Get \"http://119.29.82.70:7700/indexes\": dial tcp 119.29.82.70:7700: connect: connection refused"}
github.com/flipped-aurora/gin-vue-admin/server/service/quant.(*MeilisearchService).InitializeMeilisearch
	/Users/a1/data/go/gin-vue-admin/server/service/quant/meilisearch.go:39
github.com/flipped-aurora/gin-vue-admin/server/initialize.InitMeilisearch
	/Users/a1/data/go/gin-vue-admin/server/initialize/meilisearch.go:14
main.initializeSystem
	/Users/a1/data/go/gin-vue-admin/server/main.go:47
main.main
	/Users/a1/data/go/gin-vue-admin/server/main.go:32
runtime.main
	/usr/local/go/src/runtime/proc.go:290
[github.com/flipped-aurora/gin-vue-admin/server]2026-08-10 12:02:22.021	[31merror[0m	/Users/a1/data/go/gin-vue-admin/server/initialize/meilisearch.go:15	Failed to initialize Meilisearch	{"error": "failed to connect to meilisearch: MeilisearchCommunicationError unable to execute request (path \"GET /indexes\" with method \"GetIndexes\"): Get \"http://119.29.82.70:7700/indexes\": dial tcp 119.29.82.70:7700: connect: connection refused"}
github.com/flipped-aurora/gin-vue-admin/server/initialize.InitMeilisearch
	/Users/a1/data/go/gin-vue-admin/server/initialize/meilisearch.go:15
main.initializeSystem
	/Users/a1/data/go/gin-vue-admin/server/main.go:47
main.main
	/Users/a1/data/go/gin-vue-admin/server/main.go:32
runtime.main
	/usr/local/go/src/runtime/proc.go:290
[github.com/flipped-aurora/gin-vue-admin/server]2026-08-10 12:02:32.170	[31merror[0m	/Users/a1/data/go/gin-vue-admin/server/service/quant/meilisearch.go:39	Failed to connect to Meilisearch	{"url": "http://119.29.82.70:7700", "error": "MeilisearchCommunicationError unable to execute request (path \"GET /indexes\" with method \"GetIndexes\"): Get \"http://119.29.82.70:7700/indexes\": dial tcp 119.29.82.70:7700: connect: connection refused"}
github.com/flipped-aurora/gin-vue-admin/server/service/quant.(*MeilisearchService).InitializeMeilisearch
	/Users/a1/data/go/gin-vue-admin/server/service/quant/meilisearch.go:39
github.com/flipped-aurora/gin-vue-admin/server/initialize.InitMeilisearch
	/Users/a1/data/go/gin-vue-admin/server/initialize/meilisearch.go:14
main.initializeSystem
	/Users/a1/data/go/gin-vue-admin/server/main.go:47
main.main
	/Users/a1/data/go/gin-vue-admin/server/main.go:32
runtime.main
	/usr/local/go/src/runtime/proc.go:290
[github.com/flipped-aurora/gin-vue-admin/server]2026-08-10 12:02:32.341	[31merror[0m	/Users/a1/data/go/gin-vue-admin/server/initialize/meilisearch.go:15	Failed to initialize Meilisearch	{"error": "failed to connect to meilisearch: MeilisearchCommunicationError unable to execute request (path \"GET /indexes\" with method \"GetIndexes\"): Get \"http://119.29.82.70:7700/indexes\": dial tcp 119.29.82.70:7700: connect: connection refused"}
github.com/flipped-aurora/gin-vue-admin/server/initialize.InitMeilisearch
	/Users/a1/data/go/gin-vue-admin/server/initialize/meilisearch.go:15
main.initializeSystem
	/Users/a1/data/go/gin-vue-admin/server/main.go:47
main.main
	/Users/a1/data/go/gin-vue-admin/server/main.go:32
runtime.main
	/usr/local/go/src/runtime/proc.go:290
[github.com/flipped-aurora/gin-vue-admin/server]2026-08-10 12:33:26.412	[31merror[0m	/Users/a1/data/go/gin-vue-admin/server/api/v1/system/sys_menu.go:29	获取失败!	{"error": "invalid connection"}
github.com/flipped-aurora/gin-vue-admin/server/api/v1/system.(*AuthorityMenuApi).GetMenu
	/Users/a1/data/go/gin-vue-admin/server/api/v1/system/sys_menu.go:29
github.com/gin-gonic/gin.(*Context).Next
	/Users/a1/go/pkg/mod/github.com/gin-gonic/gin@v1.10.0/context.go:185
github.com/flipped-aurora/gin-vue-admin/server/initialize.Routers.CasbinHandler.func4
	/Users/a1/data/go/gin-vue-admin/server/middleware/casbin_rbac.go:30
github.com/gin-gonic/gin.(*Context).Next
	/Users/a1/go/pkg/mod/github.com/gin-gonic/gin@v1.10.0/context.go:185
github.com/flipped-aurora/gin-vue-admin/server/initialize.Routers.JWTAuth.func3
	/Users/a1/data/go/gin-vue-admin/server/middleware/jwt.go:69
github.com/gin-gonic/gin.(*Context).Next
	/Users/a1/go/pkg/mod/github.com/gin-gonic/gin@v1.10.0/context.go:185
github.com/gin-gonic/gin.LoggerWithConfig.func1
	/Users/a1/go/pkg/mod/github.com/gin-gonic/gin@v1.10.0/logger.go:249
github.com/gin-gonic/gin.(*Context).Next
	/Users/a1/go/pkg/mod/github.com/gin-gonic/gin@v1.10.0/context.go:185
github.com/flipped-aurora/gin-vue-admin/server/initialize.Routers.GinRecovery.func2
	/Users/a1/data/go/gin-vue-admin/server/middleware/error.go:78
github.com/gin-gonic/gin.(*Context).Next
	/Users/a1/go/pkg/mod/github.com/gin-gonic/gin@v1.10.0/context.go:185
github.com/gin-gonic/gin.(*Engine).handleHTTPRequest
	/Users/a1/go/pkg/mod/github.com/gin-gonic/gin@v1.10.0/gin.go:633
github.com/gin-gonic/gin.(*Engine).ServeHTTP
	/Users/a1/go/pkg/mod/github.com/gin-gonic/gin@v1.10.0/gin.go:589
net/http.serverHandler.ServeHTTP
	/usr/local/go/src/net/http/server.go:3311
net/http.(*conn).serve
	/usr/local/go/src/net/http/server.go:2073
[github.com/flipped-aurora/gin-vue-admin/server]2026-08-10 12:33:29.292	[31merror[0m	/Users/a1/data/go/gin-vue-admin/server/api/v1/system/sys_user.go:487	获取失败!	{"error": "invalid connection"}
github.com/flipped-aurora/gin-vue-admin/server/api/v1/system.(*BaseApi).GetUserInfo
	/Users/a1/data/go/gin-vue-admin/server/api/v1/system/sys_user.go:487
github.com/gin-gonic/gin.(*Context).Next
	/Users/a1/go/pkg/mod/github.com/gin-gonic/gin@v1.10.0/context.go:185
github.com/flipped-aurora/gin-vue-admin/server/initialize.Routers.CasbinHandler.func4
	/Users/a1/data/go/gin-vue-admin/server/middleware/casbin_rbac.go:30
github.com/gin-gonic/gin.(*Context).Next
	/Users/a1/go/pkg/mod/github.com/gin-gonic/gin@v1.10.0/context.go:185
github.com/flipped-aurora/gin-vue-admin/server/initialize.Routers.JWTAuth.func3
	/Users/a1/data/go/gin-vue-admin/server/middleware/jwt.go:69
github.com/gin-gonic/gin.(*Context).Next
	/Users/a1/go/pkg/mod/github.com/gin-gonic/gin@v1.10.0/context.go:185
github.com/gin-gonic/gin.LoggerWithConfig.func1
	/Users/a1/go/pkg/mod/github.com/gin-gonic/gin@v1.10.0/logger.go:249
github.com/gin-gonic/gin.(*Context).Next
	/Users/a1/go/pkg/mod/github.com/gin-gonic/gin@v1.10.0/context.go:185
github.com/flipped-aurora/gin-vue-admin/server/initialize.Routers.GinRecovery.func2
	/Users/a1/data/go/gin-vue-admin/server/middleware/error.go:78
github.com/gin-gonic/gin.(*Context).Next
	/Users/a1/go/pkg/mod/github.com/gin-gonic/gin@v1.10.0/context.go:185
github.com/gin-gonic/gin.(*Engine).handleHTTPRequest
	/Users/a1/go/pkg/mod/github.com/gin-gonic/gin@v1.10.0/gin.go:633
github.com/gin-gonic/gin.(*Engine).ServeHTTP
	/Users/a1/go/pkg/mod/github.com/gin-gonic/gin@v1.10.0/gin.go:589
net/http.serverHandler.ServeHTTP
	/usr/local/go/src/net/http/server.go:3311
net/http.(*conn).serve
	/usr/local/go/src/net/http/server.go:2073
[github.com/flipped-aurora/gin-vue-admin/server]2026-08-10 12:54:45.142	[31merror[0m	/Users/a1/data/go/gin-vue-admin/server/service/quant/meilisearch.go:39	Failed to connect to Meilisearch	{"url": "http://119.29.82.70:7700", "error": "MeilisearchCommunicationError unable to execute request (path \"GET /indexes\" with method \"GetIndexes\"): Get \"http://119.29.82.70:7700/indexes\": dial tcp 119.29.82.70:7700: connect: connection refused"}
github.com/flipped-aurora/gin-vue-admin/server/service/quant.(*MeilisearchService).InitializeMeilisearch
	/Users/a1/data/go/gin-vue-admin/server/service/quant/meilisearch.go:39
github.com/flipped-aurora/gin-vue-admin/server/initialize.InitMeilisearch
	/Users/a1/data/go/gin-vue-admin/server/initialize/meilisearch.go:14
main.initializeSystem
	/Users/a1/data/go/gin-vue-admin/server/main.go:47
main.main
	/Users/a1/data/go/gin-vue-admin/server/main.go:32
runtime.main
	/usr/local/go/src/runtime/proc.go:290
[github.com/flipped-aurora/gin-vue-admin/server]2026-08-10 12:54:45.343	[31merror[0m	/Users/a1/data/go/gin-vue-admin/server/initialize/meilisearch.go:15	Failed to initialize Meilisearch	{"error": "failed to connect to meilisearch: MeilisearchCommunicationError unable to execute request (path \"GET /indexes\" with method \"GetIndexes\"): Get \"http://119.29.82.70:7700/indexes\": dial tcp 119.29.82.70:7700: connect: connection refused"}
github.com/flipped-aurora/gin-vue-admin/server/initialize.InitMeilisearch
	/Users/a1/data/go/gin-vue-admin/server/initialize/meilisearch.go:15
main.initializeSystem
	/Users/a1/data/go/gin-vue-admin/server/main.go:47
main.main
	/Users/a1/data/go/gin-vue-admin/server/main.go:32
runtime.main
	/usr/local/go/src/runtime/proc.go:290
[github.com/flipped-aurora/gin-vue-admin/server]2026-08-10 12:55:41.011	[31merror[0m	/Users/a1/data/go/gin-vue-admin/server/service/quant/meilisearch.go:39	Failed to connect to Meilisearch	{"url": "http://119.29.82.70:7700", "error": "MeilisearchCommunicationError unable to execute request (path \"GET /indexes\" with method \"GetIndexes\"): Get \"http://119.29.82.70:7700/indexes\": dial tcp 119.29.82.70:7700: connect: connection refused"}
github.com/flipped-aurora/gin-vue-admin/server/service/quant.(*MeilisearchService).InitializeMeilisearch
	/Users/a1/data/go/gin-vue-admin/server/service/quant/meilisearch.go:39
github.com/flipped-aurora/gin-vue-admin/server/initialize.InitMeilisearch
	/Users/a1/data/go/gin-vue-admin/server/initialize/meilisearch.go:14
main.initializeSystem
	/Users/a1/data/go/gin-vue-admin/server/main.go:47
main.main
	/Users/a1/data/go/gin-vue-admin/server/main.go:32
runtime.main
	/usr/local/go/src/runtime/proc.go:290
[github.com/flipped-aurora/gin-vue-admin/server]2026-08-10 12:55:41.211	[31merror[0m	/Users/a1/data/go/gin-vue-admin/server/initialize/meilisearch.go:15	Failed to initialize Meilisearch	{"error": "failed to connect to meilisearch: MeilisearchCommunicationError unable to execute request (path \"GET /indexes\" with method \"GetIndexes\"): Get \"http://119.29.82.70:7700/indexes\": dial tcp 119.29.82.70:7700: connect: connection refused"}
github.com/flipped-aurora/gin-vue-admin/server/initialize.InitMeilisearch
	/Users/a1/data/go/gin-vue-admin/server/initialize/meilisearch.go:15
main.initializeSystem
	/Users/a1/data/go/gin-vue-admin/server/main.go:47
main.main
	/Users/a1/data/go/gin-vue-admin/server/main.go:32
runtime.main
	/usr/local/go/src/runtime/proc.go:290
[github.com/flipped-aurora/gin-vue-admin/server]2026-08-10 12:56:11.843	[31merror[0m	/Users/a1/data/go/gin-vue-admin/server/service/quant/meilisearch.go:39	Failed to connect to Meilisearch	{"url": "http://119.29.82.70:7700", "error": "MeilisearchCommunicationError unable to execute request (path \"GET /indexes\" with method \"GetIndexes\"): Get \"http://119.29.82.70:7700/indexes\": dial tcp 119.29.82.70:7700: connect: connection refused"}
github.com/flipped-aurora/gin-vue-admin/server/service/quant.(*MeilisearchService).InitializeMeilisearch
	/Users/a1/data/go/gin-vue-admin/server/service/quant/meilisearch.go:39
github.com/flipped-aurora/gin-vue-admin/server/initialize.InitMeilisearch
	/Users/a1/data/go/gin-vue-admin/server/initialize/meilisearch.go:14
main.initializeSystem
	/Users/a1/data/go/gin-vue-admin/server/main.go:47
main.main
	/Users/a1/data/go/gin-vue-admin/server/main.go:32
runtime.main
	/usr/local/go/src/runtime/proc.go:290
[github.com/flipped-aurora/gin-vue-admin/server]2026-08-10 12:56:12.031	[31merror[0m	/Users/a1/data/go/gin-vue-admin/server/initialize/meilisearch.go:15	Failed to initialize Meilisearch	{"error": "failed to connect to meilisearch: MeilisearchCommunicationError unable to execute request (path \"GET /indexes\" with method \"GetIndexes\"): Get \"http://119.29.82.70:7700/indexes\": dial tcp 119.29.82.70:7700: connect: connection refused"}
github.com/flipped-aurora/gin-vue-admin/server/initialize.InitMeilisearch
	/Users/a1/data/go/gin-vue-admin/server/initialize/meilisearch.go:15
main.initializeSystem
	/Users/a1/data/go/gin-vue-admin/server/main.go:47
main.main
	/Users/a1/data/go/gin-vue-admin/server/main.go:32
runtime.main
	/usr/local/go/src/runtime/proc.go:290
[github.com/flipped-aurora/gin-vue-admin/server]2026-08-10 12:56:44.517	[31merror[0m	/Users/a1/data/go/gin-vue-admin/server/service/quant/meilisearch.go:39	Failed to connect to Meilisearch	{"url": "http://119.29.82.70:7700", "error": "MeilisearchCommunicationError unable to execute request (path \"GET /indexes\" with method \"GetIndexes\"): Get \"http://119.29.82.70:7700/indexes\": dial tcp 119.29.82.70:7700: connect: connection refused"}
github.com/flipped-aurora/gin-vue-admin/server/service/quant.(*MeilisearchService).InitializeMeilisearch
	/Users/a1/data/go/gin-vue-admin/server/service/quant/meilisearch.go:39
github.com/flipped-aurora/gin-vue-admin/server/initialize.InitMeilisearch
	/Users/a1/data/go/gin-vue-admin/server/initialize/meilisearch.go:14
main.initializeSystem
	/Users/a1/data/go/gin-vue-admin/server/main.go:47
main.main
	/Users/a1/data/go/gin-vue-admin/server/main.go:32
runtime.main
	/usr/local/go/src/runtime/proc.go:290
[github.com/flipped-aurora/gin-vue-admin/server]2026-08-10 12:56:44.758	[31merror[0m	/Users/a1/data/go/gin-vue-admin/server/initialize/meilisearch.go:15	Failed to initialize Meilisearch	{"error": "failed to connect to meilisearch: MeilisearchCommunicationError unable to execute request (path \"GET /indexes\" with method \"GetIndexes\"): Get \"http://119.29.82.70:7700/indexes\": dial tcp 119.29.82.70:7700: connect: connection refused"}
github.com/flipped-aurora/gin-vue-admin/server/initialize.InitMeilisearch
	/Users/a1/data/go/gin-vue-admin/server/initialize/meilisearch.go:15
main.initializeSystem
	/Users/a1/data/go/gin-vue-admin/server/main.go:47
main.main
	/Users/a1/data/go/gin-vue-admin/server/main.go:32
runtime.main
	/usr/local/go/src/runtime/proc.go:290
[github.com/flipped-aurora/gin-vue-admin/server]2026-08-10 13:51:48.749	[31merror[0m	/Users/a1/data/go/gin-vue-admin/server/service/quant/meilisearch.go:39	Failed to connect to Meilisearch	{"url": "http://119.29.82.70:7700", "error": "MeilisearchCommunicationError unable to execute request (path \"GET /indexes\" with method \"GetIndexes\"): Get \"http://119.29.82.70:7700/indexes\": dial tcp 119.29.82.70:7700: connect: connection refused"}
github.com/flipped-aurora/gin-vue-admin/server/service/quant.(*MeilisearchService).InitializeMeilisearch
	/Users/a1/data/go/gin-vue-admin/server/service/quant/meilisearch.go:39
github.com/flipped-aurora/gin-vue-admin/server/initialize.InitMeilisearch
	/Users/a1/data/go/gin-vue-admin/server/initialize/meilisearch.go:14
main.initializeSystem
	/Users/a1/data/go/gin-vue-admin/server/main.go:47
main.main
	/Users/a1/data/go/gin-vue-admin/server/main.go:32
runtime.main
	/usr/local/go/src/runtime/proc.go:290
[github.com/flipped-aurora/gin-vue-admin/server]2026-08-10 13:51:48.937	[31merror[0m	/Users/a1/data/go/gin-vue-admin/server/initialize/meilisearch.go:15	Failed to initialize Meilisearch	{"error": "failed to connect to meilisearch: MeilisearchCommunicationError unable to execute request (path \"GET /indexes\" with method \"GetIndexes\"): Get \"http://119.29.82.70:7700/indexes\": dial tcp 119.29.82.70:7700: connect: connection refused"}
github.com/flipped-aurora/gin-vue-admin/server/initialize.InitMeilisearch
	/Users/a1/data/go/gin-vue-admin/server/initialize/meilisearch.go:15
main.initializeSystem
	/Users/a1/data/go/gin-vue-admin/server/main.go:47
main.main
	/Users/a1/data/go/gin-vue-admin/server/main.go:32
runtime.main
	/usr/local/go/src/runtime/proc.go:290
[github.com/flipped-aurora/gin-vue-admin/server]2026-08-10 13:56:34.606	[31merror[0m	/Users/a1/data/go/gin-vue-admin/server/service/quant/meilisearch.go:39	Failed to connect to Meilisearch	{"url": "http://119.29.82.70:7700", "error": "MeilisearchCommunicationError unable to execute request (path \"GET /indexes\" with method \"GetIndexes\"): Get \"http://119.29.82.70:7700/indexes\": dial tcp 119.29.82.70:7700: connect: connection refused"}
github.com/flipped-aurora/gin-vue-admin/server/service/quant.(*MeilisearchService).InitializeMeilisearch
	/Users/a1/data/go/gin-vue-admin/server/service/quant/meilisearch.go:39
github.com/flipped-aurora/gin-vue-admin/server/initialize.InitMeilisearch
	/Users/a1/data/go/gin-vue-admin/server/initialize/meilisearch.go:14
main.initializeSystem
	/Users/a1/data/go/gin-vue-admin/server/main.go:47
main.main
	/Users/a1/data/go/gin-vue-admin/server/main.go:32
runtime.main
	/usr/local/go/src/runtime/proc.go:290
[github.com/flipped-aurora/gin-vue-admin/server]2026-08-10 13:56:34.799	[31merror[0m	/Users/a1/data/go/gin-vue-admin/server/initialize/meilisearch.go:15	Failed to initialize Meilisearch	{"error": "failed to connect to meilisearch: MeilisearchCommunicationError unable to execute request (path \"GET /indexes\" with method \"GetIndexes\"): Get \"http://119.29.82.70:7700/indexes\": dial tcp 119.29.82.70:7700: connect: connection refused"}
github.com/flipped-aurora/gin-vue-admin/server/initialize.InitMeilisearch
	/Users/a1/data/go/gin-vue-admin/server/initialize/meilisearch.go:15
main.initializeSystem
	/Users/a1/data/go/gin-vue-admin/server/main.go:47
main.main
	/Users/a1/data/go/gin-vue-admin/server/main.go:32
runtime.main
	/usr/local/go/src/runtime/proc.go:290
[github.com/flipped-aurora/gin-vue-admin/server]2026-08-10 13:56:38.872	[31merror[0m	/Users/a1/data/go/gin-vue-admin/server/service/quant/meilisearch.go:39	Failed to connect to Meilisearch	{"url": "http://119.29.82.70:7700", "error": "MeilisearchCommunicationError unable to execute request (path \"GET /indexes\" with method \"GetIndexes\"): Get \"http://119.29.82.70:7700/indexes\": dial tcp 119.29.82.70:7700: connect: connection refused"}
github.com/flipped-aurora/gin-vue-admin/server/service/quant.(*MeilisearchService).InitializeMeilisearch
	/Users/a1/data/go/gin-vue-admin/server/service/quant/meilisearch.go:39
github.com/flipped-aurora/gin-vue-admin/server/initialize.InitMeilisearch
	/Users/a1/data/go/gin-vue-admin/server/initialize/meilisearch.go:14
main.initializeSystem
	/Users/a1/data/go/gin-vue-admin/server/main.go:47
main.main
	/Users/a1/data/go/gin-vue-admin/server/main.go:32
runtime.main
	/usr/local/go/src/runtime/proc.go:290
[github.com/flipped-aurora/gin-vue-admin/server]2026-08-10 13:56:39.041	[31merror[0m	/Users/a1/data/go/gin-vue-admin/server/initialize/meilisearch.go:15	Failed to initialize Meilisearch	{"error": "failed to connect to meilisearch: MeilisearchCommunicationError unable to execute request (path \"GET /indexes\" with method \"GetIndexes\"): Get \"http://119.29.82.70:7700/indexes\": dial tcp 119.29.82.70:7700: connect: connection refused"}
github.com/flipped-aurora/gin-vue-admin/server/initialize.InitMeilisearch
	/Users/a1/data/go/gin-vue-admin/server/initialize/meilisearch.go:15
main.initializeSystem
	/Users/a1/data/go/gin-vue-admin/server/main.go:47
main.main
	/Users/a1/data/go/gin-vue-admin/server/main.go:32
runtime.main
	/usr/local/go/src/runtime/proc.go:290
[github.com/flipped-aurora/gin-vue-admin/server]2026-08-10 13:56:43.957	[31merror[0m	/Users/a1/data/go/gin-vue-admin/server/service/quant/meilisearch.go:39	Failed to connect to Meilisearch	{"url": "http://119.29.82.70:7700", "error": "MeilisearchCommunicationError unable to execute request (path \"GET /indexes\" with method \"GetIndexes\"): Get \"http://119.29.82.70:7700/indexes\": dial tcp 119.29.82.70:7700: connect: connection refused"}
github.com/flipped-aurora/gin-vue-admin/server/service/quant.(*MeilisearchService).InitializeMeilisearch
	/Users/a1/data/go/gin-vue-admin/server/service/quant/meilisearch.go:39
github.com/flipped-aurora/gin-vue-admin/server/initialize.InitMeilisearch
	/Users/a1/data/go/gin-vue-admin/server/initialize/meilisearch.go:14
main.initializeSystem
	/Users/a1/data/go/gin-vue-admin/server/main.go:47
main.main
	/Users/a1/data/go/gin-vue-admin/server/main.go:32
runtime.main
	/usr/local/go/src/runtime/proc.go:290
[github.com/flipped-aurora/gin-vue-admin/server]2026-08-10 13:56:44.140	[31merror[0m	/Users/a1/data/go/gin-vue-admin/server/initialize/meilisearch.go:15	Failed to initialize Meilisearch	{"error": "failed to connect to meilisearch: MeilisearchCommunicationError unable to execute request (path \"GET /indexes\" with method \"GetIndexes\"): Get \"http://119.29.82.70:7700/indexes\": dial tcp 119.29.82.70:7700: connect: connection refused"}
github.com/flipped-aurora/gin-vue-admin/server/initialize.InitMeilisearch
	/Users/a1/data/go/gin-vue-admin/server/initialize/meilisearch.go:15
main.initializeSystem
	/Users/a1/data/go/gin-vue-admin/server/main.go:47
main.main
	/Users/a1/data/go/gin-vue-admin/server/main.go:32
runtime.main
	/usr/local/go/src/runtime/proc.go:290
[github.com/flipped-aurora/gin-vue-admin/server]2026-08-10 13:57:24.691	[31merror[0m	/Users/a1/data/go/gin-vue-admin/server/service/quant/meilisearch.go:39	Failed to connect to Meilisearch	{"url": "http://119.29.82.70:7700", "error": "MeilisearchCommunicationError unable to execute request (path \"GET /indexes\" with method \"GetIndexes\"): Get \"http://119.29.82.70:7700/indexes\": dial tcp 119.29.82.70:7700: connect: connection refused"}
github.com/flipped-aurora/gin-vue-admin/server/service/quant.(*MeilisearchService).InitializeMeilisearch
	/Users/a1/data/go/gin-vue-admin/server/service/quant/meilisearch.go:39
github.com/flipped-aurora/gin-vue-admin/server/initialize.InitMeilisearch
	/Users/a1/data/go/gin-vue-admin/server/initialize/meilisearch.go:14
main.initializeSystem
	/Users/a1/data/go/gin-vue-admin/server/main.go:47
main.main
	/Users/a1/data/go/gin-vue-admin/server/main.go:32
runtime.main
	/usr/local/go/src/runtime/proc.go:290
[github.com/flipped-aurora/gin-vue-admin/server]2026-08-10 13:57:24.891	[31merror[0m	/Users/a1/data/go/gin-vue-admin/server/initialize/meilisearch.go:15	Failed to initialize Meilisearch	{"error": "failed to connect to meilisearch: MeilisearchCommunicationError unable to execute request (path \"GET /indexes\" with method \"GetIndexes\"): Get \"http://119.29.82.70:7700/indexes\": dial tcp 119.29.82.70:7700: connect: connection refused"}
github.com/flipped-aurora/gin-vue-admin/server/initialize.InitMeilisearch
	/Users/a1/data/go/gin-vue-admin/server/initialize/meilisearch.go:15
main.initializeSystem
	/Users/a1/data/go/gin-vue-admin/server/main.go:47
main.main
	/Users/a1/data/go/gin-vue-admin/server/main.go:32
runtime.main
	/usr/local/go/src/runtime/proc.go:290
[github.com/flipped-aurora/gin-vue-admin/server]2026-08-10 14:00:33.225	[31merror[0m	/Users/a1/data/go/gin-vue-admin/server/api/v1/quant/theme_stock.go:248	AI更新题材股票失败!	{"error": "大模型(DeepSeek)接口返回异常(400): {\"error\":{\"message\":\"Codex integration with deepseek-v4-pro will be available starting early August 2026. Please use deepseek-v4-flash\\n  instead for now.\",\"type\":\"invalid_request_error\",\"param\":null,\"code\":\"invalid_request_error\"}}"}
github.com/flipped-aurora/gin-vue-admin/server/api/v1/quant.(*ThemeStockApi).AiUpdateThemeStock
	/Users/a1/data/go/gin-vue-admin/server/api/v1/quant/theme_stock.go:248
github.com/gin-gonic/gin.(*Context).Next
	/Users/a1/go/pkg/mod/github.com/gin-gonic/gin@v1.10.0/context.go:185
github.com/flipped-aurora/gin-vue-admin/server/router/quant.(*ThemeStockRouter).InitThemeStockRouter.OperationRecord.func1
	/Users/a1/data/go/gin-vue-admin/server/middleware/operation.go:93
github.com/gin-gonic/gin.(*Context).Next
	/Users/a1/go/pkg/mod/github.com/gin-gonic/gin@v1.10.0/context.go:185
github.com/flipped-aurora/gin-vue-admin/server/initialize.Routers.CasbinHandler.func4
	/Users/a1/data/go/gin-vue-admin/server/middleware/casbin_rbac.go:30
github.com/gin-gonic/gin.(*Context).Next
	/Users/a1/go/pkg/mod/github.com/gin-gonic/gin@v1.10.0/context.go:185
github.com/flipped-aurora/gin-vue-admin/server/initialize.Routers.JWTAuth.func3
	/Users/a1/data/go/gin-vue-admin/server/middleware/jwt.go:69
github.com/gin-gonic/gin.(*Context).Next
	/Users/a1/go/pkg/mod/github.com/gin-gonic/gin@v1.10.0/context.go:185
github.com/gin-gonic/gin.LoggerWithConfig.func1
	/Users/a1/go/pkg/mod/github.com/gin-gonic/gin@v1.10.0/logger.go:249
github.com/gin-gonic/gin.(*Context).Next
	/Users/a1/go/pkg/mod/github.com/gin-gonic/gin@v1.10.0/context.go:185
github.com/flipped-aurora/gin-vue-admin/server/initialize.Routers.GinRecovery.func2
	/Users/a1/data/go/gin-vue-admin/server/middleware/error.go:78
github.com/gin-gonic/gin.(*Context).Next
	/Users/a1/go/pkg/mod/github.com/gin-gonic/gin@v1.10.0/context.go:185
github.com/gin-gonic/gin.(*Engine).handleHTTPRequest
	/Users/a1/go/pkg/mod/github.com/gin-gonic/gin@v1.10.0/gin.go:633
github.com/gin-gonic/gin.(*Engine).ServeHTTP
	/Users/a1/go/pkg/mod/github.com/gin-gonic/gin@v1.10.0/gin.go:589
net/http.serverHandler.ServeHTTP
	/usr/local/go/src/net/http/server.go:3311
net/http.(*conn).serve
	/usr/local/go/src/net/http/server.go:2073
[github.com/flipped-aurora/gin-vue-admin/server]2026-08-10 14:01:03.093	[31merror[0m	/Users/a1/data/go/gin-vue-admin/server/api/v1/quant/theme_stock.go:248	AI更新题材股票失败!	{"error": "大模型(DeepSeek)接口返回异常(400): {\"error\":{\"message\":\"Codex integration with deepseek-v4-pro will be available starting early August 2026. Please use deepseek-v4-flash\\n  instead for now.\",\"type\":\"invalid_request_error\",\"param\":null,\"code\":\"invalid_request_error\"}}"}
github.com/flipped-aurora/gin-vue-admin/server/api/v1/quant.(*ThemeStockApi).AiUpdateThemeStock
	/Users/a1/data/go/gin-vue-admin/server/api/v1/quant/theme_stock.go:248
github.com/gin-gonic/gin.(*Context).Next
	/Users/a1/go/pkg/mod/github.com/gin-gonic/gin@v1.10.0/context.go:185
github.com/flipped-aurora/gin-vue-admin/server/router/quant.(*ThemeStockRouter).InitThemeStockRouter.OperationRecord.func1
	/Users/a1/data/go/gin-vue-admin/server/middleware/operation.go:93
github.com/gin-gonic/gin.(*Context).Next
	/Users/a1/go/pkg/mod/github.com/gin-gonic/gin@v1.10.0/context.go:185
github.com/flipped-aurora/gin-vue-admin/server/initialize.Routers.CasbinHandler.func4
	/Users/a1/data/go/gin-vue-admin/server/middleware/casbin_rbac.go:30
github.com/gin-gonic/gin.(*Context).Next
	/Users/a1/go/pkg/mod/github.com/gin-gonic/gin@v1.10.0/context.go:185
github.com/flipped-aurora/gin-vue-admin/server/initialize.Routers.JWTAuth.func3
	/Users/a1/data/go/gin-vue-admin/server/middleware/jwt.go:69
github.com/gin-gonic/gin.(*Context).Next
	/Users/a1/go/pkg/mod/github.com/gin-gonic/gin@v1.10.0/context.go:185
github.com/gin-gonic/gin.LoggerWithConfig.func1
	/Users/a1/go/pkg/mod/github.com/gin-gonic/gin@v1.10.0/logger.go:249
github.com/gin-gonic/gin.(*Context).Next
	/Users/a1/go/pkg/mod/github.com/gin-gonic/gin@v1.10.0/context.go:185
github.com/flipped-aurora/gin-vue-admin/server/initialize.Routers.GinRecovery.func2
	/Users/a1/data/go/gin-vue-admin/server/middleware/error.go:78
github.com/gin-gonic/gin.(*Context).Next
	/Users/a1/go/pkg/mod/github.com/gin-gonic/gin@v1.10.0/context.go:185
github.com/gin-gonic/gin.(*Engine).handleHTTPRequest
	/Users/a1/go/pkg/mod/github.com/gin-gonic/gin@v1.10.0/gin.go:633
github.com/gin-gonic/gin.(*Engine).ServeHTTP
	/Users/a1/go/pkg/mod/github.com/gin-gonic/gin@v1.10.0/gin.go:589
net/http.serverHandler.ServeHTTP
	/usr/local/go/src/net/http/server.go:3311
net/http.(*conn).serve
	/usr/local/go/src/net/http/server.go:2073
[github.com/flipped-aurora/gin-vue-admin/server]2026-08-10 14:56:43.602	[31merror[0m	/Users/a1/data/go/gin-vue-admin/server/api/v1/quant/theme_stock.go:248	AI更新题材股票失败!	{"error": "大模型(千问)接口返回异常(400): {\"request_id\":\"86796488-50ea-90e0-9683-26d3853b7e52\",\"code\":\"InvalidParameter\",\"message\":\"<400> InternalError.Algo.InvalidParameter: The tool_choice parameter does not support being set to required or object in thinking mode\"}"}
github.com/flipped-aurora/gin-vue-admin/server/api/v1/quant.(*ThemeStockApi).AiUpdateThemeStock
	/Users/a1/data/go/gin-vue-admin/server/api/v1/quant/theme_stock.go:248
github.com/gin-gonic/gin.(*Context).Next
	/Users/a1/go/pkg/mod/github.com/gin-gonic/gin@v1.10.0/context.go:185
github.com/flipped-aurora/gin-vue-admin/server/router/quant.(*ThemeStockRouter).InitThemeStockRouter.OperationRecord.func1
	/Users/a1/data/go/gin-vue-admin/server/middleware/operation.go:93
github.com/gin-gonic/gin.(*Context).Next
	/Users/a1/go/pkg/mod/github.com/gin-gonic/gin@v1.10.0/context.go:185
github.com/flipped-aurora/gin-vue-admin/server/initialize.Routers.CasbinHandler.func4
	/Users/a1/data/go/gin-vue-admin/server/middleware/casbin_rbac.go:30
github.com/gin-gonic/gin.(*Context).Next
	/Users/a1/go/pkg/mod/github.com/gin-gonic/gin@v1.10.0/context.go:185
github.com/flipped-aurora/gin-vue-admin/server/initialize.Routers.JWTAuth.func3
	/Users/a1/data/go/gin-vue-admin/server/middleware/jwt.go:69
github.com/gin-gonic/gin.(*Context).Next
	/Users/a1/go/pkg/mod/github.com/gin-gonic/gin@v1.10.0/context.go:185
github.com/gin-gonic/gin.LoggerWithConfig.func1
	/Users/a1/go/pkg/mod/github.com/gin-gonic/gin@v1.10.0/logger.go:249
github.com/gin-gonic/gin.(*Context).Next
	/Users/a1/go/pkg/mod/github.com/gin-gonic/gin@v1.10.0/context.go:185
github.com/flipped-aurora/gin-vue-admin/server/initialize.Routers.GinRecovery.func2
	/Users/a1/data/go/gin-vue-admin/server/middleware/error.go:78
github.com/gin-gonic/gin.(*Context).Next
	/Users/a1/go/pkg/mod/github.com/gin-gonic/gin@v1.10.0/context.go:185
github.com/gin-gonic/gin.(*Engine).handleHTTPRequest
	/Users/a1/go/pkg/mod/github.com/gin-gonic/gin@v1.10.0/gin.go:633
github.com/gin-gonic/gin.(*Engine).ServeHTTP
	/Users/a1/go/pkg/mod/github.com/gin-gonic/gin@v1.10.0/gin.go:589
net/http.serverHandler.ServeHTTP
	/usr/local/go/src/net/http/server.go:3311
net/http.(*conn).serve
	/usr/local/go/src/net/http/server.go:2073
[github.com/flipped-aurora/gin-vue-admin/server]2026-08-10 15:56:14.025	[31merror[0m	/Users/a1/data/go/gin-vue-admin/server/service/quant/meilisearch.go:39	Failed to connect to Meilisearch	{"url": "http://119.29.82.70:7700", "error": "MeilisearchCommunicationError unable to execute request (path \"GET /indexes\" with method \"GetIndexes\"): Get \"http://119.29.82.70:7700/indexes\": dial tcp 119.29.82.70:7700: connect: connection refused"}
github.com/flipped-aurora/gin-vue-admin/server/service/quant.(*MeilisearchService).InitializeMeilisearch
	/Users/a1/data/go/gin-vue-admin/server/service/quant/meilisearch.go:39
github.com/flipped-aurora/gin-vue-admin/server/initialize.InitMeilisearch
	/Users/a1/data/go/gin-vue-admin/server/initialize/meilisearch.go:14
main.initializeSystem
	/Users/a1/data/go/gin-vue-admin/server/main.go:47
main.main
	/Users/a1/data/go/gin-vue-admin/server/main.go:32
runtime.main
	/usr/local/go/src/runtime/proc.go:290
[github.com/flipped-aurora/gin-vue-admin/server]2026-08-10 15:56:14.230	[31merror[0m	/Users/a1/data/go/gin-vue-admin/server/initialize/meilisearch.go:15	Failed to initialize Meilisearch	{"error": "failed to connect to meilisearch: MeilisearchCommunicationError unable to execute request (path \"GET /indexes\" with method \"GetIndexes\"): Get \"http://119.29.82.70:7700/indexes\": dial tcp 119.29.82.70:7700: connect: connection refused"}
github.com/flipped-aurora/gin-vue-admin/server/initialize.InitMeilisearch
	/Users/a1/data/go/gin-vue-admin/server/initialize/meilisearch.go:15
main.initializeSystem
	/Users/a1/data/go/gin-vue-admin/server/main.go:47
main.main
	/Users/a1/data/go/gin-vue-admin/server/main.go:32
runtime.main
	/usr/local/go/src/runtime/proc.go:290
[github.com/flipped-aurora/gin-vue-admin/server]2026-08-10 15:56:37.048	[31merror[0m	/Users/a1/data/go/gin-vue-admin/server/service/quant/meilisearch.go:39	Failed to connect to Meilisearch	{"url": "http://119.29.82.70:7700", "error": "MeilisearchCommunicationError unable to execute request (path \"GET /indexes\" with method \"GetIndexes\"): Get \"http://119.29.82.70:7700/indexes\": dial tcp 119.29.82.70:7700: connect: connection refused"}
github.com/flipped-aurora/gin-vue-admin/server/service/quant.(*MeilisearchService).InitializeMeilisearch
	/Users/a1/data/go/gin-vue-admin/server/service/quant/meilisearch.go:39
github.com/flipped-aurora/gin-vue-admin/server/initialize.InitMeilisearch
	/Users/a1/data/go/gin-vue-admin/server/initialize/meilisearch.go:14
main.initializeSystem
	/Users/a1/data/go/gin-vue-admin/server/main.go:47
main.main
	/Users/a1/data/go/gin-vue-admin/server/main.go:32
runtime.main
	/usr/local/go/src/runtime/proc.go:290
[github.com/flipped-aurora/gin-vue-admin/server]2026-08-10 15:56:37.242	[31merror[0m	/Users/a1/data/go/gin-vue-admin/server/initialize/meilisearch.go:15	Failed to initialize Meilisearch	{"error": "failed to connect to meilisearch: MeilisearchCommunicationError unable to execute request (path \"GET /indexes\" with method \"GetIndexes\"): Get \"http://119.29.82.70:7700/indexes\": dial tcp 119.29.82.70:7700: connect: connection refused"}
github.com/flipped-aurora/gin-vue-admin/server/initialize.InitMeilisearch
	/Users/a1/data/go/gin-vue-admin/server/initialize/meilisearch.go:15
main.initializeSystem
	/Users/a1/data/go/gin-vue-admin/server/main.go:47
main.main
	/Users/a1/data/go/gin-vue-admin/server/main.go:32
runtime.main
	/usr/local/go/src/runtime/proc.go:290
[github.com/flipped-aurora/gin-vue-admin/server]2026-08-10 15:56:45.025	[31merror[0m	/Users/a1/data/go/gin-vue-admin/server/service/quant/meilisearch.go:39	Failed to connect to Meilisearch	{"url": "http://119.29.82.70:7700", "error": "MeilisearchCommunicationError unable to execute request (path \"GET /indexes\" with method \"GetIndexes\"): Get \"http://119.29.82.70:7700/indexes\": dial tcp 119.29.82.70:7700: connect: connection refused"}
github.com/flipped-aurora/gin-vue-admin/server/service/quant.(*MeilisearchService).InitializeMeilisearch
	/Users/a1/data/go/gin-vue-admin/server/service/quant/meilisearch.go:39
github.com/flipped-aurora/gin-vue-admin/server/initialize.InitMeilisearch
	/Users/a1/data/go/gin-vue-admin/server/initialize/meilisearch.go:14
main.initializeSystem
	/Users/a1/data/go/gin-vue-admin/server/main.go:47
main.main
	/Users/a1/data/go/gin-vue-admin/server/main.go:32
runtime.main
	/usr/local/go/src/runtime/proc.go:290
[github.com/flipped-aurora/gin-vue-admin/server]2026-08-10 15:56:45.208	[31merror[0m	/Users/a1/data/go/gin-vue-admin/server/initialize/meilisearch.go:15	Failed to initialize Meilisearch	{"error": "failed to connect to meilisearch: MeilisearchCommunicationError unable to execute request (path \"GET /indexes\" with method \"GetIndexes\"): Get \"http://119.29.82.70:7700/indexes\": dial tcp 119.29.82.70:7700: connect: connection refused"}
github.com/flipped-aurora/gin-vue-admin/server/initialize.InitMeilisearch
	/Users/a1/data/go/gin-vue-admin/server/initialize/meilisearch.go:15
main.initializeSystem
	/Users/a1/data/go/gin-vue-admin/server/main.go:47
main.main
	/Users/a1/data/go/gin-vue-admin/server/main.go:32
runtime.main
	/usr/local/go/src/runtime/proc.go:290
[github.com/flipped-aurora/gin-vue-admin/server]2026-08-10 15:56:53.547	[31merror[0m	/Users/a1/data/go/gin-vue-admin/server/service/quant/meilisearch.go:39	Failed to connect to Meilisearch	{"url": "http://119.29.82.70:7700", "error": "MeilisearchCommunicationError unable to execute request (path \"GET /indexes\" with method \"GetIndexes\"): Get \"http://119.29.82.70:7700/indexes\": dial tcp 119.29.82.70:7700: connect: connection refused"}
github.com/flipped-aurora/gin-vue-admin/server/service/quant.(*MeilisearchService).InitializeMeilisearch
	/Users/a1/data/go/gin-vue-admin/server/service/quant/meilisearch.go:39
github.com/flipped-aurora/gin-vue-admin/server/initialize.InitMeilisearch
	/Users/a1/data/go/gin-vue-admin/server/initialize/meilisearch.go:14
main.initializeSystem
	/Users/a1/data/go/gin-vue-admin/server/main.go:47
main.main
	/Users/a1/data/go/gin-vue-admin/server/main.go:32
runtime.main
	/usr/local/go/src/runtime/proc.go:290
[github.com/flipped-aurora/gin-vue-admin/server]2026-08-10 15:56:53.734	[31merror[0m	/Users/a1/data/go/gin-vue-admin/server/initialize/meilisearch.go:15	Failed to initialize Meilisearch	{"error": "failed to connect to meilisearch: MeilisearchCommunicationError unable to execute request (path \"GET /indexes\" with method \"GetIndexes\"): Get \"http://119.29.82.70:7700/indexes\": dial tcp 119.29.82.70:7700: connect: connection refused"}
github.com/flipped-aurora/gin-vue-admin/server/initialize.InitMeilisearch
	/Users/a1/data/go/gin-vue-admin/server/initialize/meilisearch.go:15
main.initializeSystem
	/Users/a1/data/go/gin-vue-admin/server/main.go:47
main.main
	/Users/a1/data/go/gin-vue-admin/server/main.go:32
runtime.main
	/usr/local/go/src/runtime/proc.go:290
[github.com/flipped-aurora/gin-vue-admin/server]2026-08-10 15:57:00.897	[31merror[0m	/Users/a1/data/go/gin-vue-admin/server/service/quant/meilisearch.go:39	Failed to connect to Meilisearch	{"url": "http://119.29.82.70:7700", "error": "MeilisearchCommunicationError unable to execute request (path \"GET /indexes\" with method \"GetIndexes\"): Get \"http://119.29.82.70:7700/indexes\": dial tcp 119.29.82.70:7700: connect: connection refused"}
github.com/flipped-aurora/gin-vue-admin/server/service/quant.(*MeilisearchService).InitializeMeilisearch
	/Users/a1/data/go/gin-vue-admin/server/service/quant/meilisearch.go:39
github.com/flipped-aurora/gin-vue-admin/server/initialize.InitMeilisearch
	/Users/a1/data/go/gin-vue-admin/server/initialize/meilisearch.go:14
main.initializeSystem
	/Users/a1/data/go/gin-vue-admin/server/main.go:47
main.main
	/Users/a1/data/go/gin-vue-admin/server/main.go:32
runtime.main
	/usr/local/go/src/runtime/proc.go:290
[github.com/flipped-aurora/gin-vue-admin/server]2026-08-10 15:57:01.091	[31merror[0m	/Users/a1/data/go/gin-vue-admin/server/initialize/meilisearch.go:15	Failed to initialize Meilisearch	{"error": "failed to connect to meilisearch: MeilisearchCommunicationError unable to execute request (path \"GET /indexes\" with method \"GetIndexes\"): Get \"http://119.29.82.70:7700/indexes\": dial tcp 119.29.82.70:7700: connect: connection refused"}
github.com/flipped-aurora/gin-vue-admin/server/initialize.InitMeilisearch
	/Users/a1/data/go/gin-vue-admin/server/initialize/meilisearch.go:15
main.initializeSystem
	/Users/a1/data/go/gin-vue-admin/server/main.go:47
main.main
	/Users/a1/data/go/gin-vue-admin/server/main.go:32
runtime.main
	/usr/local/go/src/runtime/proc.go:290
[github.com/flipped-aurora/gin-vue-admin/server]2026-08-10 15:57:28.001	[31merror[0m	/Users/a1/data/go/gin-vue-admin/server/service/quant/meilisearch.go:39	Failed to connect to Meilisearch	{"url": "http://119.29.82.70:7700", "error": "MeilisearchCommunicationError unable to execute request (path \"GET /indexes\" with method \"GetIndexes\"): Get \"http://119.29.82.70:7700/indexes\": dial tcp 119.29.82.70:7700: connect: connection refused"}
github.com/flipped-aurora/gin-vue-admin/server/service/quant.(*MeilisearchService).InitializeMeilisearch
	/Users/a1/data/go/gin-vue-admin/server/service/quant/meilisearch.go:39
github.com/flipped-aurora/gin-vue-admin/server/initialize.InitMeilisearch
	/Users/a1/data/go/gin-vue-admin/server/initialize/meilisearch.go:14
main.initializeSystem
	/Users/a1/data/go/gin-vue-admin/server/main.go:47
main.main
	/Users/a1/data/go/gin-vue-admin/server/main.go:32
runtime.main
	/usr/local/go/src/runtime/proc.go:290
[github.com/flipped-aurora/gin-vue-admin/server]2026-08-10 15:57:28.247	[31merror[0m	/Users/a1/data/go/gin-vue-admin/server/initialize/meilisearch.go:15	Failed to initialize Meilisearch	{"error": "failed to connect to meilisearch: MeilisearchCommunicationError unable to execute request (path \"GET /indexes\" with method \"GetIndexes\"): Get \"http://119.29.82.70:7700/indexes\": dial tcp 119.29.82.70:7700: connect: connection refused"}
github.com/flipped-aurora/gin-vue-admin/server/initialize.InitMeilisearch
	/Users/a1/data/go/gin-vue-admin/server/initialize/meilisearch.go:15
main.initializeSystem
	/Users/a1/data/go/gin-vue-admin/server/main.go:47
main.main
	/Users/a1/data/go/gin-vue-admin/server/main.go:32
runtime.main
	/usr/local/go/src/runtime/proc.go:290
[github.com/flipped-aurora/gin-vue-admin/server]2026-08-10 15:57:46.184	[31merror[0m	/Users/a1/data/go/gin-vue-admin/server/service/quant/meilisearch.go:39	Failed to connect to Meilisearch	{"url": "http://119.29.82.70:7700", "error": "MeilisearchCommunicationError unable to execute request (path \"GET /indexes\" with method \"GetIndexes\"): Get \"http://119.29.82.70:7700/indexes\": dial tcp 119.29.82.70:7700: connect: connection refused"}
github.com/flipped-aurora/gin-vue-admin/server/service/quant.(*MeilisearchService).InitializeMeilisearch
	/Users/a1/data/go/gin-vue-admin/server/service/quant/meilisearch.go:39
github.com/flipped-aurora/gin-vue-admin/server/initialize.InitMeilisearch
	/Users/a1/data/go/gin-vue-admin/server/initialize/meilisearch.go:14
main.initializeSystem
	/Users/a1/data/go/gin-vue-admin/server/main.go:47
main.main
	/Users/a1/data/go/gin-vue-admin/server/main.go:32
runtime.main
	/usr/local/go/src/runtime/proc.go:290
[github.com/flipped-aurora/gin-vue-admin/server]2026-08-10 15:57:46.357	[31merror[0m	/Users/a1/data/go/gin-vue-admin/server/initialize/meilisearch.go:15	Failed to initialize Meilisearch	{"error": "failed to connect to meilisearch: MeilisearchCommunicationError unable to execute request (path \"GET /indexes\" with method \"GetIndexes\"): Get \"http://119.29.82.70:7700/indexes\": dial tcp 119.29.82.70:7700: connect: connection refused"}
github.com/flipped-aurora/gin-vue-admin/server/initialize.InitMeilisearch
	/Users/a1/data/go/gin-vue-admin/server/initialize/meilisearch.go:15
main.initializeSystem
	/Users/a1/data/go/gin-vue-admin/server/main.go:47
main.main
	/Users/a1/data/go/gin-vue-admin/server/main.go:32
runtime.main
	/usr/local/go/src/runtime/proc.go:290
[github.com/flipped-aurora/gin-vue-admin/server]2026-08-10 15:57:53.034	[31merror[0m	/Users/a1/data/go/gin-vue-admin/server/service/quant/meilisearch.go:39	Failed to connect to Meilisearch	{"url": "http://119.29.82.70:7700", "error": "MeilisearchCommunicationError unable to execute request (path \"GET /indexes\" with method \"GetIndexes\"): Get \"http://119.29.82.70:7700/indexes\": dial tcp 119.29.82.70:7700: connect: connection refused"}
github.com/flipped-aurora/gin-vue-admin/server/service/quant.(*MeilisearchService).InitializeMeilisearch
	/Users/a1/data/go/gin-vue-admin/server/service/quant/meilisearch.go:39
github.com/flipped-aurora/gin-vue-admin/server/initialize.InitMeilisearch
	/Users/a1/data/go/gin-vue-admin/server/initialize/meilisearch.go:14
main.initializeSystem
	/Users/a1/data/go/gin-vue-admin/server/main.go:47
main.main
	/Users/a1/data/go/gin-vue-admin/server/main.go:32
runtime.main
	/usr/local/go/src/runtime/proc.go:290
[github.com/flipped-aurora/gin-vue-admin/server]2026-08-10 15:57:53.242	[31merror[0m	/Users/a1/data/go/gin-vue-admin/server/initialize/meilisearch.go:15	Failed to initialize Meilisearch	{"error": "failed to connect to meilisearch: MeilisearchCommunicationError unable to execute request (path \"GET /indexes\" with method \"GetIndexes\"): Get \"http://119.29.82.70:7700/indexes\": dial tcp 119.29.82.70:7700: connect: connection refused"}
github.com/flipped-aurora/gin-vue-admin/server/initialize.InitMeilisearch
	/Users/a1/data/go/gin-vue-admin/server/initialize/meilisearch.go:15
main.initializeSystem
	/Users/a1/data/go/gin-vue-admin/server/main.go:47
main.main
	/Users/a1/data/go/gin-vue-admin/server/main.go:32
runtime.main
	/usr/local/go/src/runtime/proc.go:290
[github.com/flipped-aurora/gin-vue-admin/server]2026-08-10 15:58:02.382	[31merror[0m	/Users/a1/data/go/gin-vue-admin/server/service/quant/meilisearch.go:39	Failed to connect to Meilisearch	{"url": "http://119.29.82.70:7700", "error": "MeilisearchCommunicationError unable to execute request (path \"GET /indexes\" with method \"GetIndexes\"): Get \"http://119.29.82.70:7700/indexes\": dial tcp 119.29.82.70:7700: connect: connection refused"}
github.com/flipped-aurora/gin-vue-admin/server/service/quant.(*MeilisearchService).InitializeMeilisearch
	/Users/a1/data/go/gin-vue-admin/server/service/quant/meilisearch.go:39
github.com/flipped-aurora/gin-vue-admin/server/initialize.InitMeilisearch
	/Users/a1/data/go/gin-vue-admin/server/initialize/meilisearch.go:14
main.initializeSystem
	/Users/a1/data/go/gin-vue-admin/server/main.go:47
main.main
	/Users/a1/data/go/gin-vue-admin/server/main.go:32
runtime.main
	/usr/local/go/src/runtime/proc.go:290
[github.com/flipped-aurora/gin-vue-admin/server]2026-08-10 15:58:02.551	[31merror[0m	/Users/a1/data/go/gin-vue-admin/server/initialize/meilisearch.go:15	Failed to initialize Meilisearch	{"error": "failed to connect to meilisearch: MeilisearchCommunicationError unable to execute request (path \"GET /indexes\" with method \"GetIndexes\"): Get \"http://119.29.82.70:7700/indexes\": dial tcp 119.29.82.70:7700: connect: connection refused"}
github.com/flipped-aurora/gin-vue-admin/server/initialize.InitMeilisearch
	/Users/a1/data/go/gin-vue-admin/server/initialize/meilisearch.go:15
main.initializeSystem
	/Users/a1/data/go/gin-vue-admin/server/main.go:47
main.main
	/Users/a1/data/go/gin-vue-admin/server/main.go:32
runtime.main
	/usr/local/go/src/runtime/proc.go:290
[github.com/flipped-aurora/gin-vue-admin/server]2026-08-10 15:58:08.101	[31merror[0m	/Users/a1/data/go/gin-vue-admin/server/service/quant/meilisearch.go:39	Failed to connect to Meilisearch	{"url": "http://119.29.82.70:7700", "error": "MeilisearchCommunicationError unable to execute request (path \"GET /indexes\" with method \"GetIndexes\"): Get \"http://119.29.82.70:7700/indexes\": dial tcp 119.29.82.70:7700: connect: connection refused"}
github.com/flipped-aurora/gin-vue-admin/server/service/quant.(*MeilisearchService).InitializeMeilisearch
	/Users/a1/data/go/gin-vue-admin/server/service/quant/meilisearch.go:39
github.com/flipped-aurora/gin-vue-admin/server/initialize.InitMeilisearch
	/Users/a1/data/go/gin-vue-admin/server/initialize/meilisearch.go:14
main.initializeSystem
	/Users/a1/data/go/gin-vue-admin/server/main.go:47
main.main
	/Users/a1/data/go/gin-vue-admin/server/main.go:32
runtime.main
	/usr/local/go/src/runtime/proc.go:290
[github.com/flipped-aurora/gin-vue-admin/server]2026-08-10 15:58:08.290	[31merror[0m	/Users/a1/data/go/gin-vue-admin/server/initialize/meilisearch.go:15	Failed to initialize Meilisearch	{"error": "failed to connect to meilisearch: MeilisearchCommunicationError unable to execute request (path \"GET /indexes\" with method \"GetIndexes\"): Get \"http://119.29.82.70:7700/indexes\": dial tcp 119.29.82.70:7700: connect: connection refused"}
github.com/flipped-aurora/gin-vue-admin/server/initialize.InitMeilisearch
	/Users/a1/data/go/gin-vue-admin/server/initialize/meilisearch.go:15
main.initializeSystem
	/Users/a1/data/go/gin-vue-admin/server/main.go:47
main.main
	/Users/a1/data/go/gin-vue-admin/server/main.go:32
runtime.main
	/usr/local/go/src/runtime/proc.go:290
[github.com/flipped-aurora/gin-vue-admin/server]2026-08-10 15:58:16.682	[31merror[0m	/Users/a1/data/go/gin-vue-admin/server/service/quant/meilisearch.go:39	Failed to connect to Meilisearch	{"url": "http://119.29.82.70:7700", "error": "MeilisearchCommunicationError unable to execute request (path \"GET /indexes\" with method \"GetIndexes\"): Get \"http://119.29.82.70:7700/indexes\": dial tcp 119.29.82.70:7700: connect: connection refused"}
github.com/flipped-aurora/gin-vue-admin/server/service/quant.(*MeilisearchService).InitializeMeilisearch
	/Users/a1/data/go/gin-vue-admin/server/service/quant/meilisearch.go:39
github.com/flipped-aurora/gin-vue-admin/server/initialize.InitMeilisearch
	/Users/a1/data/go/gin-vue-admin/server/initialize/meilisearch.go:14
main.initializeSystem
	/Users/a1/data/go/gin-vue-admin/server/main.go:47
main.main
	/Users/a1/data/go/gin-vue-admin/server/main.go:32
runtime.main
	/usr/local/go/src/runtime/proc.go:290
[github.com/flipped-aurora/gin-vue-admin/server]2026-08-10 15:58:16.863	[31merror[0m	/Users/a1/data/go/gin-vue-admin/server/initialize/meilisearch.go:15	Failed to initialize Meilisearch	{"error": "failed to connect to meilisearch: MeilisearchCommunicationError unable to execute request (path \"GET /indexes\" with method \"GetIndexes\"): Get \"http://119.29.82.70:7700/indexes\": dial tcp 119.29.82.70:7700: connect: connection refused"}
github.com/flipped-aurora/gin-vue-admin/server/initialize.InitMeilisearch
	/Users/a1/data/go/gin-vue-admin/server/initialize/meilisearch.go:15
main.initializeSystem
	/Users/a1/data/go/gin-vue-admin/server/main.go:47
main.main
	/Users/a1/data/go/gin-vue-admin/server/main.go:32
runtime.main
	/usr/local/go/src/runtime/proc.go:290
[github.com/flipped-aurora/gin-vue-admin/server]2026-08-10 15:58:21.577	[31merror[0m	/Users/a1/data/go/gin-vue-admin/server/service/quant/meilisearch.go:39	Failed to connect to Meilisearch	{"url": "http://119.29.82.70:7700", "error": "MeilisearchCommunicationError unable to execute request (path \"GET /indexes\" with method \"GetIndexes\"): Get \"http://119.29.82.70:7700/indexes\": dial tcp 119.29.82.70:7700: connect: connection refused"}
github.com/flipped-aurora/gin-vue-admin/server/service/quant.(*MeilisearchService).InitializeMeilisearch
	/Users/a1/data/go/gin-vue-admin/server/service/quant/meilisearch.go:39
github.com/flipped-aurora/gin-vue-admin/server/initialize.InitMeilisearch
	/Users/a1/data/go/gin-vue-admin/server/initialize/meilisearch.go:14
main.initializeSystem
	/Users/a1/data/go/gin-vue-admin/server/main.go:47
main.main
	/Users/a1/data/go/gin-vue-admin/server/main.go:32
runtime.main
	/usr/local/go/src/runtime/proc.go:290
[github.com/flipped-aurora/gin-vue-admin/server]2026-08-10 15:58:21.741	[31merror[0m	/Users/a1/data/go/gin-vue-admin/server/initialize/meilisearch.go:15	Failed to initialize Meilisearch	{"error": "failed to connect to meilisearch: MeilisearchCommunicationError unable to execute request (path \"GET /indexes\" with method \"GetIndexes\"): Get \"http://119.29.82.70:7700/indexes\": dial tcp 119.29.82.70:7700: connect: connection refused"}
github.com/flipped-aurora/gin-vue-admin/server/initialize.InitMeilisearch
	/Users/a1/data/go/gin-vue-admin/server/initialize/meilisearch.go:15
main.initializeSystem
	/Users/a1/data/go/gin-vue-admin/server/main.go:47
main.main
	/Users/a1/data/go/gin-vue-admin/server/main.go:32
runtime.main
	/usr/local/go/src/runtime/proc.go:290
[github.com/flipped-aurora/gin-vue-admin/server]2026-08-10 15:58:31.432	[31merror[0m	/Users/a1/data/go/gin-vue-admin/server/service/quant/meilisearch.go:39	Failed to connect to Meilisearch	{"url": "http://119.29.82.70:7700", "error": "MeilisearchCommunicationError unable to execute request (path \"GET /indexes\" with method \"GetIndexes\"): Get \"http://119.29.82.70:7700/indexes\": dial tcp 119.29.82.70:7700: connect: connection refused"}
github.com/flipped-aurora/gin-vue-admin/server/service/quant.(*MeilisearchService).InitializeMeilisearch
	/Users/a1/data/go/gin-vue-admin/server/service/quant/meilisearch.go:39
github.com/flipped-aurora/gin-vue-admin/server/initialize.InitMeilisearch
	/Users/a1/data/go/gin-vue-admin/server/initialize/meilisearch.go:14
main.initializeSystem
	/Users/a1/data/go/gin-vue-admin/server/main.go:47
main.main
	/Users/a1/data/go/gin-vue-admin/server/main.go:32
runtime.main
	/usr/local/go/src/runtime/proc.go:290
[github.com/flipped-aurora/gin-vue-admin/server]2026-08-10 15:58:31.616	[31merror[0m	/Users/a1/data/go/gin-vue-admin/server/initialize/meilisearch.go:15	Failed to initialize Meilisearch	{"error": "failed to connect to meilisearch: MeilisearchCommunicationError unable to execute request (path \"GET /indexes\" with method \"GetIndexes\"): Get \"http://119.29.82.70:7700/indexes\": dial tcp 119.29.82.70:7700: connect: connection refused"}
github.com/flipped-aurora/gin-vue-admin/server/initialize.InitMeilisearch
	/Users/a1/data/go/gin-vue-admin/server/initialize/meilisearch.go:15
main.initializeSystem
	/Users/a1/data/go/gin-vue-admin/server/main.go:47
main.main
	/Users/a1/data/go/gin-vue-admin/server/main.go:32
runtime.main
	/usr/local/go/src/runtime/proc.go:290
[github.com/flipped-aurora/gin-vue-admin/server]2026-08-10 15:58:38.125	[31merror[0m	/Users/a1/data/go/gin-vue-admin/server/service/quant/meilisearch.go:39	Failed to connect to Meilisearch	{"url": "http://119.29.82.70:7700", "error": "MeilisearchCommunicationError unable to execute request (path \"GET /indexes\" with method \"GetIndexes\"): Get \"http://119.29.82.70:7700/indexes\": dial tcp 119.29.82.70:7700: connect: connection refused"}
github.com/flipped-aurora/gin-vue-admin/server/service/quant.(*MeilisearchService).InitializeMeilisearch
	/Users/a1/data/go/gin-vue-admin/server/service/quant/meilisearch.go:39
github.com/flipped-aurora/gin-vue-admin/server/initialize.InitMeilisearch
	/Users/a1/data/go/gin-vue-admin/server/initialize/meilisearch.go:14
main.initializeSystem
	/Users/a1/data/go/gin-vue-admin/server/main.go:47
main.main
	/Users/a1/data/go/gin-vue-admin/server/main.go:32
runtime.main
	/usr/local/go/src/runtime/proc.go:290
[github.com/flipped-aurora/gin-vue-admin/server]2026-08-10 15:58:38.330	[31merror[0m	/Users/a1/data/go/gin-vue-admin/server/initialize/meilisearch.go:15	Failed to initialize Meilisearch	{"error": "failed to connect to meilisearch: MeilisearchCommunicationError unable to execute request (path \"GET /indexes\" with method \"GetIndexes\"): Get \"http://119.29.82.70:7700/indexes\": dial tcp 119.29.82.70:7700: connect: connection refused"}
github.com/flipped-aurora/gin-vue-admin/server/initialize.InitMeilisearch
	/Users/a1/data/go/gin-vue-admin/server/initialize/meilisearch.go:15
main.initializeSystem
	/Users/a1/data/go/gin-vue-admin/server/main.go:47
main.main
	/Users/a1/data/go/gin-vue-admin/server/main.go:32
runtime.main
	/usr/local/go/src/runtime/proc.go:290
[github.com/flipped-aurora/gin-vue-admin/server]2026-08-10 15:59:25.128	[31merror[0m	/Users/a1/data/go/gin-vue-admin/server/service/quant/meilisearch.go:39	Failed to connect to Meilisearch	{"url": "http://119.29.82.70:7700", "error": "MeilisearchCommunicationError unable to execute request (path \"GET /indexes\" with method \"GetIndexes\"): Get \"http://119.29.82.70:7700/indexes\": dial tcp 119.29.82.70:7700: connect: connection refused"}
github.com/flipped-aurora/gin-vue-admin/server/service/quant.(*MeilisearchService).InitializeMeilisearch
	/Users/a1/data/go/gin-vue-admin/server/service/quant/meilisearch.go:39
github.com/flipped-aurora/gin-vue-admin/server/initialize.InitMeilisearch
	/Users/a1/data/go/gin-vue-admin/server/initialize/meilisearch.go:14
main.initializeSystem
	/Users/a1/data/go/gin-vue-admin/server/main.go:47
main.main
	/Users/a1/data/go/gin-vue-admin/server/main.go:32
runtime.main
	/usr/local/go/src/runtime/proc.go:290
[github.com/flipped-aurora/gin-vue-admin/server]2026-08-10 15:59:25.322	[31merror[0m	/Users/a1/data/go/gin-vue-admin/server/initialize/meilisearch.go:15	Failed to initialize Meilisearch	{"error": "failed to connect to meilisearch: MeilisearchCommunicationError unable to execute request (path \"GET /indexes\" with method \"GetIndexes\"): Get \"http://119.29.82.70:7700/indexes\": dial tcp 119.29.82.70:7700: connect: connection refused"}
github.com/flipped-aurora/gin-vue-admin/server/initialize.InitMeilisearch
	/Users/a1/data/go/gin-vue-admin/server/initialize/meilisearch.go:15
main.initializeSystem
	/Users/a1/data/go/gin-vue-admin/server/main.go:47
main.main
	/Users/a1/data/go/gin-vue-admin/server/main.go:32
runtime.main
	/usr/local/go/src/runtime/proc.go:290
[github.com/flipped-aurora/gin-vue-admin/server]2026-08-10 15:59:30.792	[31merror[0m	/Users/a1/data/go/gin-vue-admin/server/service/quant/meilisearch.go:39	Failed to connect to Meilisearch	{"url": "http://119.29.82.70:7700", "error": "MeilisearchCommunicationError unable to execute request (path \"GET /indexes\" with method \"GetIndexes\"): Get \"http://119.29.82.70:7700/indexes\": dial tcp 119.29.82.70:7700: connect: connection refused"}
github.com/flipped-aurora/gin-vue-admin/server/service/quant.(*MeilisearchService).InitializeMeilisearch
	/Users/a1/data/go/gin-vue-admin/server/service/quant/meilisearch.go:39
github.com/flipped-aurora/gin-vue-admin/server/initialize.InitMeilisearch
	/Users/a1/data/go/gin-vue-admin/server/initialize/meilisearch.go:14
main.initializeSystem
	/Users/a1/data/go/gin-vue-admin/server/main.go:47
main.main
	/Users/a1/data/go/gin-vue-admin/server/main.go:32
runtime.main
	/usr/local/go/src/runtime/proc.go:290
[github.com/flipped-aurora/gin-vue-admin/server]2026-08-10 15:59:30.977	[31merror[0m	/Users/a1/data/go/gin-vue-admin/server/initialize/meilisearch.go:15	Failed to initialize Meilisearch	{"error": "failed to connect to meilisearch: MeilisearchCommunicationError unable to execute request (path \"GET /indexes\" with method \"GetIndexes\"): Get \"http://119.29.82.70:7700/indexes\": dial tcp 119.29.82.70:7700: connect: connection refused"}
github.com/flipped-aurora/gin-vue-admin/server/initialize.InitMeilisearch
	/Users/a1/data/go/gin-vue-admin/server/initialize/meilisearch.go:15
main.initializeSystem
	/Users/a1/data/go/gin-vue-admin/server/main.go:47
main.main
	/Users/a1/data/go/gin-vue-admin/server/main.go:32
runtime.main
	/usr/local/go/src/runtime/proc.go:290
[github.com/flipped-aurora/gin-vue-admin/server]2026-08-10 16:00:02.565	[31merror[0m	/Users/a1/data/go/gin-vue-admin/server/service/quant/meilisearch.go:39	Failed to connect to Meilisearch	{"url": "http://119.29.82.70:7700", "error": "MeilisearchCommunicationError unable to execute request (path \"GET /indexes\" with method \"GetIndexes\"): Get \"http://119.29.82.70:7700/indexes\": dial tcp 119.29.82.70:7700: connect: connection refused"}
github.com/flipped-aurora/gin-vue-admin/server/service/quant.(*MeilisearchService).InitializeMeilisearch
	/Users/a1/data/go/gin-vue-admin/server/service/quant/meilisearch.go:39
github.com/flipped-aurora/gin-vue-admin/server/initialize.InitMeilisearch
	/Users/a1/data/go/gin-vue-admin/server/initialize/meilisearch.go:14
main.initializeSystem
	/Users/a1/data/go/gin-vue-admin/server/main.go:47
main.main
	/Users/a1/data/go/gin-vue-admin/server/main.go:32
runtime.main
	/usr/local/go/src/runtime/proc.go:290
[github.com/flipped-aurora/gin-vue-admin/server]2026-08-10 16:00:02.738	[31merror[0m	/Users/a1/data/go/gin-vue-admin/server/initialize/meilisearch.go:15	Failed to initialize Meilisearch	{"error": "failed to connect to meilisearch: MeilisearchCommunicationError unable to execute request (path \"GET /indexes\" with method \"GetIndexes\"): Get \"http://119.29.82.70:7700/indexes\": dial tcp 119.29.82.70:7700: connect: connection refused"}
github.com/flipped-aurora/gin-vue-admin/server/initialize.InitMeilisearch
	/Users/a1/data/go/gin-vue-admin/server/initialize/meilisearch.go:15
main.initializeSystem
	/Users/a1/data/go/gin-vue-admin/server/main.go:47
main.main
	/Users/a1/data/go/gin-vue-admin/server/main.go:32
runtime.main
	/usr/local/go/src/runtime/proc.go:290
[github.com/flipped-aurora/gin-vue-admin/server]2026-08-10 16:02:47.738	[31merror[0m	/Users/a1/data/go/gin-vue-admin/server/service/quant/meilisearch.go:39	Failed to connect to Meilisearch	{"url": "http://119.29.82.70:7700", "error": "MeilisearchCommunicationError unable to execute request (path \"GET /indexes\" with method \"GetIndexes\"): Get \"http://119.29.82.70:7700/indexes\": dial tcp 119.29.82.70:7700: connect: connection refused"}
github.com/flipped-aurora/gin-vue-admin/server/service/quant.(*MeilisearchService).InitializeMeilisearch
	/Users/a1/data/go/gin-vue-admin/server/service/quant/meilisearch.go:39
github.com/flipped-aurora/gin-vue-admin/server/initialize.InitMeilisearch
	/Users/a1/data/go/gin-vue-admin/server/initialize/meilisearch.go:14
main.initializeSystem
	/Users/a1/data/go/gin-vue-admin/server/main.go:47
main.main
	/Users/a1/data/go/gin-vue-admin/server/main.go:32
runtime.main
	/usr/local/go/src/runtime/proc.go:290
[github.com/flipped-aurora/gin-vue-admin/server]2026-08-10 16:02:47.919	[31merror[0m	/Users/a1/data/go/gin-vue-admin/server/initialize/meilisearch.go:15	Failed to initialize Meilisearch	{"error": "failed to connect to meilisearch: MeilisearchCommunicationError unable to execute request (path \"GET /indexes\" with method \"GetIndexes\"): Get \"http://119.29.82.70:7700/indexes\": dial tcp 119.29.82.70:7700: connect: connection refused"}
github.com/flipped-aurora/gin-vue-admin/server/initialize.InitMeilisearch
	/Users/a1/data/go/gin-vue-admin/server/initialize/meilisearch.go:15
main.initializeSystem
	/Users/a1/data/go/gin-vue-admin/server/main.go:47
main.main
	/Users/a1/data/go/gin-vue-admin/server/main.go:32
runtime.main
	/usr/local/go/src/runtime/proc.go:290
[github.com/flipped-aurora/gin-vue-admin/server]2026-08-10 16:05:21.301	[31merror[0m	/Users/a1/data/go/gin-vue-admin/server/service/quant/meilisearch.go:39	Failed to connect to Meilisearch	{"url": "http://119.29.82.70:7700", "error": "MeilisearchCommunicationError unable to execute request (path \"GET /indexes\" with method \"GetIndexes\"): Get \"http://119.29.82.70:7700/indexes\": dial tcp 119.29.82.70:7700: connect: connection refused"}
github.com/flipped-aurora/gin-vue-admin/server/service/quant.(*MeilisearchService).InitializeMeilisearch
	/Users/a1/data/go/gin-vue-admin/server/service/quant/meilisearch.go:39
github.com/flipped-aurora/gin-vue-admin/server/initialize.InitMeilisearch
	/Users/a1/data/go/gin-vue-admin/server/initialize/meilisearch.go:14
main.initializeSystem
	/Users/a1/data/go/gin-vue-admin/server/main.go:47
main.main
	/Users/a1/data/go/gin-vue-admin/server/main.go:32
runtime.main
	/usr/local/go/src/runtime/proc.go:290
[github.com/flipped-aurora/gin-vue-admin/server]2026-08-10 16:05:21.504	[31merror[0m	/Users/a1/data/go/gin-vue-admin/server/initialize/meilisearch.go:15	Failed to initialize Meilisearch	{"error": "failed to connect to meilisearch: MeilisearchCommunicationError unable to execute request (path \"GET /indexes\" with method \"GetIndexes\"): Get \"http://119.29.82.70:7700/indexes\": dial tcp 119.29.82.70:7700: connect: connection refused"}
github.com/flipped-aurora/gin-vue-admin/server/initialize.InitMeilisearch
	/Users/a1/data/go/gin-vue-admin/server/initialize/meilisearch.go:15
main.initializeSystem
	/Users/a1/data/go/gin-vue-admin/server/main.go:47
main.main
	/Users/a1/data/go/gin-vue-admin/server/main.go:32
runtime.main
	/usr/local/go/src/runtime/proc.go:290
[github.com/flipped-aurora/gin-vue-admin/server]2026-08-10 16:05:37.173	[31merror[0m	/Users/a1/data/go/gin-vue-admin/server/service/quant/meilisearch.go:39	Failed to connect to Meilisearch	{"url": "http://119.29.82.70:7700", "error": "MeilisearchCommunicationError unable to execute request (path \"GET /indexes\" with method \"GetIndexes\"): Get \"http://119.29.82.70:7700/indexes\": dial tcp 119.29.82.70:7700: connect: connection refused"}
github.com/flipped-aurora/gin-vue-admin/server/service/quant.(*MeilisearchService).InitializeMeilisearch
	/Users/a1/data/go/gin-vue-admin/server/service/quant/meilisearch.go:39
github.com/flipped-aurora/gin-vue-admin/server/initialize.InitMeilisearch
	/Users/a1/data/go/gin-vue-admin/server/initialize/meilisearch.go:14
main.initializeSystem
	/Users/a1/data/go/gin-vue-admin/server/main.go:47
main.main
	/Users/a1/data/go/gin-vue-admin/server/main.go:32
runtime.main
	/usr/local/go/src/runtime/proc.go:290
[github.com/flipped-aurora/gin-vue-admin/server]2026-08-10 16:05:37.347	[31merror[0m	/Users/a1/data/go/gin-vue-admin/server/initialize/meilisearch.go:15	Failed to initialize Meilisearch	{"error": "failed to connect to meilisearch: MeilisearchCommunicationError unable to execute request (path \"GET /indexes\" with method \"GetIndexes\"): Get \"http://119.29.82.70:7700/indexes\": dial tcp 119.29.82.70:7700: connect: connection refused"}
github.com/flipped-aurora/gin-vue-admin/server/initialize.InitMeilisearch
	/Users/a1/data/go/gin-vue-admin/server/initialize/meilisearch.go:15
main.initializeSystem
	/Users/a1/data/go/gin-vue-admin/server/main.go:47
main.main
	/Users/a1/data/go/gin-vue-admin/server/main.go:32
runtime.main
	/usr/local/go/src/runtime/proc.go:290
[github.com/flipped-aurora/gin-vue-admin/server]2026-08-10 16:05:43.627	[31merror[0m	/Users/a1/data/go/gin-vue-admin/server/service/quant/meilisearch.go:39	Failed to connect to Meilisearch	{"url": "http://119.29.82.70:7700", "error": "MeilisearchCommunicationError unable to execute request (path \"GET /indexes\" with method \"GetIndexes\"): Get \"http://119.29.82.70:7700/indexes\": dial tcp 119.29.82.70:7700: connect: connection refused"}
github.com/flipped-aurora/gin-vue-admin/server/service/quant.(*MeilisearchService).InitializeMeilisearch
	/Users/a1/data/go/gin-vue-admin/server/service/quant/meilisearch.go:39
github.com/flipped-aurora/gin-vue-admin/server/initialize.InitMeilisearch
	/Users/a1/data/go/gin-vue-admin/server/initialize/meilisearch.go:14
main.initializeSystem
	/Users/a1/data/go/gin-vue-admin/server/main.go:47
main.main
	/Users/a1/data/go/gin-vue-admin/server/main.go:32
runtime.main
	/usr/local/go/src/runtime/proc.go:290
[github.com/flipped-aurora/gin-vue-admin/server]2026-08-10 16:05:43.833	[31merror[0m	/Users/a1/data/go/gin-vue-admin/server/initialize/meilisearch.go:15	Failed to initialize Meilisearch	{"error": "failed to connect to meilisearch: MeilisearchCommunicationError unable to execute request (path \"GET /indexes\" with method \"GetIndexes\"): Get \"http://119.29.82.70:7700/indexes\": dial tcp 119.29.82.70:7700: connect: connection refused"}
github.com/flipped-aurora/gin-vue-admin/server/initialize.InitMeilisearch
	/Users/a1/data/go/gin-vue-admin/server/initialize/meilisearch.go:15
main.initializeSystem
	/Users/a1/data/go/gin-vue-admin/server/main.go:47
main.main
	/Users/a1/data/go/gin-vue-admin/server/main.go:32
runtime.main
	/usr/local/go/src/runtime/proc.go:290
[github.com/flipped-aurora/gin-vue-admin/server]2026-08-10 16:05:49.576	[31merror[0m	/Users/a1/data/go/gin-vue-admin/server/service/quant/meilisearch.go:39	Failed to connect to Meilisearch	{"url": "http://119.29.82.70:7700", "error": "MeilisearchCommunicationError unable to execute request (path \"GET /indexes\" with method \"GetIndexes\"): Get \"http://119.29.82.70:7700/indexes\": dial tcp 119.29.82.70:7700: connect: connection refused"}
github.com/flipped-aurora/gin-vue-admin/server/service/quant.(*MeilisearchService).InitializeMeilisearch
	/Users/a1/data/go/gin-vue-admin/server/service/quant/meilisearch.go:39
github.com/flipped-aurora/gin-vue-admin/server/initialize.InitMeilisearch
	/Users/a1/data/go/gin-vue-admin/server/initialize/meilisearch.go:14
main.initializeSystem
	/Users/a1/data/go/gin-vue-admin/server/main.go:47
main.main
	/Users/a1/data/go/gin-vue-admin/server/main.go:32
runtime.main
	/usr/local/go/src/runtime/proc.go:290
[github.com/flipped-aurora/gin-vue-admin/server]2026-08-10 16:05:49.770	[31merror[0m	/Users/a1/data/go/gin-vue-admin/server/initialize/meilisearch.go:15	Failed to initialize Meilisearch	{"error": "failed to connect to meilisearch: MeilisearchCommunicationError unable to execute request (path \"GET /indexes\" with method \"GetIndexes\"): Get \"http://119.29.82.70:7700/indexes\": dial tcp 119.29.82.70:7700: connect: connection refused"}
github.com/flipped-aurora/gin-vue-admin/server/initialize.InitMeilisearch
	/Users/a1/data/go/gin-vue-admin/server/initialize/meilisearch.go:15
main.initializeSystem
	/Users/a1/data/go/gin-vue-admin/server/main.go:47
main.main
	/Users/a1/data/go/gin-vue-admin/server/main.go:32
runtime.main
	/usr/local/go/src/runtime/proc.go:290
[github.com/flipped-aurora/gin-vue-admin/server]2026-08-10 16:08:36.075	[31merror[0m	/Users/a1/data/go/gin-vue-admin/server/service/quant/meilisearch.go:39	Failed to connect to Meilisearch	{"url": "http://119.29.82.70:7700", "error": "MeilisearchCommunicationError unable to execute request (path \"GET /indexes\" with method \"GetIndexes\"): Get \"http://119.29.82.70:7700/indexes\": dial tcp 119.29.82.70:7700: connect: connection refused"}
github.com/flipped-aurora/gin-vue-admin/server/service/quant.(*MeilisearchService).InitializeMeilisearch
	/Users/a1/data/go/gin-vue-admin/server/service/quant/meilisearch.go:39
github.com/flipped-aurora/gin-vue-admin/server/initialize.InitMeilisearch
	/Users/a1/data/go/gin-vue-admin/server/initialize/meilisearch.go:14
main.initializeSystem
	/Users/a1/data/go/gin-vue-admin/server/main.go:47
main.main
	/Users/a1/data/go/gin-vue-admin/server/main.go:32
runtime.main
	/usr/local/go/src/runtime/proc.go:290
[github.com/flipped-aurora/gin-vue-admin/server]2026-08-10 16:08:36.286	[31merror[0m	/Users/a1/data/go/gin-vue-admin/server/initialize/meilisearch.go:15	Failed to initialize Meilisearch	{"error": "failed to connect to meilisearch: MeilisearchCommunicationError unable to execute request (path \"GET /indexes\" with method \"GetIndexes\"): Get \"http://119.29.82.70:7700/indexes\": dial tcp 119.29.82.70:7700: connect: connection refused"}
github.com/flipped-aurora/gin-vue-admin/server/initialize.InitMeilisearch
	/Users/a1/data/go/gin-vue-admin/server/initialize/meilisearch.go:15
main.initializeSystem
	/Users/a1/data/go/gin-vue-admin/server/main.go:47
main.main
	/Users/a1/data/go/gin-vue-admin/server/main.go:32
runtime.main
	/usr/local/go/src/runtime/proc.go:290
[github.com/flipped-aurora/gin-vue-admin/server]2026-08-10 16:08:56.260	[31merror[0m	/Users/a1/data/go/gin-vue-admin/server/service/quant/meilisearch.go:39	Failed to connect to Meilisearch	{"url": "http://119.29.82.70:7700", "error": "MeilisearchCommunicationError unable to execute request (path \"GET /indexes\" with method \"GetIndexes\"): Get \"http://119.29.82.70:7700/indexes\": dial tcp 119.29.82.70:7700: connect: connection refused"}
github.com/flipped-aurora/gin-vue-admin/server/service/quant.(*MeilisearchService).InitializeMeilisearch
	/Users/a1/data/go/gin-vue-admin/server/service/quant/meilisearch.go:39
github.com/flipped-aurora/gin-vue-admin/server/initialize.InitMeilisearch
	/Users/a1/data/go/gin-vue-admin/server/initialize/meilisearch.go:14
main.initializeSystem
	/Users/a1/data/go/gin-vue-admin/server/main.go:47
main.main
	/Users/a1/data/go/gin-vue-admin/server/main.go:32
runtime.main
	/usr/local/go/src/runtime/proc.go:290
[github.com/flipped-aurora/gin-vue-admin/server]2026-08-10 16:08:56.465	[31merror[0m	/Users/a1/data/go/gin-vue-admin/server/initialize/meilisearch.go:15	Failed to initialize Meilisearch	{"error": "failed to connect to meilisearch: MeilisearchCommunicationError unable to execute request (path \"GET /indexes\" with method \"GetIndexes\"): Get \"http://119.29.82.70:7700/indexes\": dial tcp 119.29.82.70:7700: connect: connection refused"}
github.com/flipped-aurora/gin-vue-admin/server/initialize.InitMeilisearch
	/Users/a1/data/go/gin-vue-admin/server/initialize/meilisearch.go:15
main.initializeSystem
	/Users/a1/data/go/gin-vue-admin/server/main.go:47
main.main
	/Users/a1/data/go/gin-vue-admin/server/main.go:32
runtime.main
	/usr/local/go/src/runtime/proc.go:290
[github.com/flipped-aurora/gin-vue-admin/server]2026-08-10 16:09:02.440	[31merror[0m	/Users/a1/data/go/gin-vue-admin/server/service/quant/meilisearch.go:39	Failed to connect to Meilisearch	{"url": "http://119.29.82.70:7700", "error": "MeilisearchCommunicationError unable to execute request (path \"GET /indexes\" with method \"GetIndexes\"): Get \"http://119.29.82.70:7700/indexes\": dial tcp 119.29.82.70:7700: connect: connection refused"}
github.com/flipped-aurora/gin-vue-admin/server/service/quant.(*MeilisearchService).InitializeMeilisearch
	/Users/a1/data/go/gin-vue-admin/server/service/quant/meilisearch.go:39
github.com/flipped-aurora/gin-vue-admin/server/initialize.InitMeilisearch
	/Users/a1/data/go/gin-vue-admin/server/initialize/meilisearch.go:14
main.initializeSystem
	/Users/a1/data/go/gin-vue-admin/server/main.go:47
main.main
	/Users/a1/data/go/gin-vue-admin/server/main.go:32
runtime.main
	/usr/local/go/src/runtime/proc.go:290
[github.com/flipped-aurora/gin-vue-admin/server]2026-08-10 16:09:02.648	[31merror[0m	/Users/a1/data/go/gin-vue-admin/server/initialize/meilisearch.go:15	Failed to initialize Meilisearch	{"error": "failed to connect to meilisearch: MeilisearchCommunicationError unable to execute request (path \"GET /indexes\" with method \"GetIndexes\"): Get \"http://119.29.82.70:7700/indexes\": dial tcp 119.29.82.70:7700: connect: connection refused"}
github.com/flipped-aurora/gin-vue-admin/server/initialize.InitMeilisearch
	/Users/a1/data/go/gin-vue-admin/server/initialize/meilisearch.go:15
main.initializeSystem
	/Users/a1/data/go/gin-vue-admin/server/main.go:47
main.main
	/Users/a1/data/go/gin-vue-admin/server/main.go:32
runtime.main
	/usr/local/go/src/runtime/proc.go:290
[github.com/flipped-aurora/gin-vue-admin/server]2026-08-10 16:09:12.652	[31merror[0m	/Users/a1/data/go/gin-vue-admin/server/service/quant/meilisearch.go:39	Failed to connect to Meilisearch	{"url": "http://119.29.82.70:7700", "error": "MeilisearchCommunicationError unable to execute request (path \"GET /indexes\" with method \"GetIndexes\"): Get \"http://119.29.82.70:7700/indexes\": dial tcp 119.29.82.70:7700: connect: connection refused"}
github.com/flipped-aurora/gin-vue-admin/server/service/quant.(*MeilisearchService).InitializeMeilisearch
	/Users/a1/data/go/gin-vue-admin/server/service/quant/meilisearch.go:39
github.com/flipped-aurora/gin-vue-admin/server/initialize.InitMeilisearch
	/Users/a1/data/go/gin-vue-admin/server/initialize/meilisearch.go:14
main.initializeSystem
	/Users/a1/data/go/gin-vue-admin/server/main.go:47
main.main
	/Users/a1/data/go/gin-vue-admin/server/main.go:32
runtime.main
	/usr/local/go/src/runtime/proc.go:290
[github.com/flipped-aurora/gin-vue-admin/server]2026-08-10 16:09:12.830	[31merror[0m	/Users/a1/data/go/gin-vue-admin/server/initialize/meilisearch.go:15	Failed to initialize Meilisearch	{"error": "failed to connect to meilisearch: MeilisearchCommunicationError unable to execute request (path \"GET /indexes\" with method \"GetIndexes\"): Get \"http://119.29.82.70:7700/indexes\": dial tcp 119.29.82.70:7700: connect: connection refused"}
github.com/flipped-aurora/gin-vue-admin/server/initialize.InitMeilisearch
	/Users/a1/data/go/gin-vue-admin/server/initialize/meilisearch.go:15
main.initializeSystem
	/Users/a1/data/go/gin-vue-admin/server/main.go:47
main.main
	/Users/a1/data/go/gin-vue-admin/server/main.go:32
runtime.main
	/usr/local/go/src/runtime/proc.go:290
[github.com/flipped-aurora/gin-vue-admin/server]2026-08-10 16:09:23.940	[31merror[0m	/Users/a1/data/go/gin-vue-admin/server/service/quant/meilisearch.go:39	Failed to connect to Meilisearch	{"url": "http://119.29.82.70:7700", "error": "MeilisearchCommunicationError unable to execute request (path \"GET /indexes\" with method \"GetIndexes\"): Get \"http://119.29.82.70:7700/indexes\": dial tcp 119.29.82.70:7700: connect: connection refused"}
github.com/flipped-aurora/gin-vue-admin/server/service/quant.(*MeilisearchService).InitializeMeilisearch
	/Users/a1/data/go/gin-vue-admin/server/service/quant/meilisearch.go:39
github.com/flipped-aurora/gin-vue-admin/server/initialize.InitMeilisearch
	/Users/a1/data/go/gin-vue-admin/server/initialize/meilisearch.go:14
main.initializeSystem
	/Users/a1/data/go/gin-vue-admin/server/main.go:47
main.main
	/Users/a1/data/go/gin-vue-admin/server/main.go:32
runtime.main
	/usr/local/go/src/runtime/proc.go:290
[github.com/flipped-aurora/gin-vue-admin/server]2026-08-10 16:09:24.124	[31merror[0m	/Users/a1/data/go/gin-vue-admin/server/initialize/meilisearch.go:15	Failed to initialize Meilisearch	{"error": "failed to connect to meilisearch: MeilisearchCommunicationError unable to execute request (path \"GET /indexes\" with method \"GetIndexes\"): Get \"http://119.29.82.70:7700/indexes\": dial tcp 119.29.82.70:7700: connect: connection refused"}
github.com/flipped-aurora/gin-vue-admin/server/initialize.InitMeilisearch
	/Users/a1/data/go/gin-vue-admin/server/initialize/meilisearch.go:15
main.initializeSystem
	/Users/a1/data/go/gin-vue-admin/server/main.go:47
main.main
	/Users/a1/data/go/gin-vue-admin/server/main.go:32
runtime.main
	/usr/local/go/src/runtime/proc.go:290
[github.com/flipped-aurora/gin-vue-admin/server]2026-08-10 16:09:30.873	[31merror[0m	/Users/a1/data/go/gin-vue-admin/server/service/quant/meilisearch.go:39	Failed to connect to Meilisearch	{"url": "http://119.29.82.70:7700", "error": "MeilisearchCommunicationError unable to execute request (path \"GET /indexes\" with method \"GetIndexes\"): Get \"http://119.29.82.70:7700/indexes\": dial tcp 119.29.82.70:7700: connect: connection refused"}
github.com/flipped-aurora/gin-vue-admin/server/service/quant.(*MeilisearchService).InitializeMeilisearch
	/Users/a1/data/go/gin-vue-admin/server/service/quant/meilisearch.go:39
github.com/flipped-aurora/gin-vue-admin/server/initialize.InitMeilisearch
	/Users/a1/data/go/gin-vue-admin/server/initialize/meilisearch.go:14
main.initializeSystem
	/Users/a1/data/go/gin-vue-admin/server/main.go:47
main.main
	/Users/a1/data/go/gin-vue-admin/server/main.go:32
runtime.main
	/usr/local/go/src/runtime/proc.go:290
[github.com/flipped-aurora/gin-vue-admin/server]2026-08-10 16:09:31.079	[31merror[0m	/Users/a1/data/go/gin-vue-admin/server/initialize/meilisearch.go:15	Failed to initialize Meilisearch	{"error": "failed to connect to meilisearch: MeilisearchCommunicationError unable to execute request (path \"GET /indexes\" with method \"GetIndexes\"): Get \"http://119.29.82.70:7700/indexes\": dial tcp 119.29.82.70:7700: connect: connection refused"}
github.com/flipped-aurora/gin-vue-admin/server/initialize.InitMeilisearch
	/Users/a1/data/go/gin-vue-admin/server/initialize/meilisearch.go:15
main.initializeSystem
	/Users/a1/data/go/gin-vue-admin/server/main.go:47
main.main
	/Users/a1/data/go/gin-vue-admin/server/main.go:32
runtime.main
	/usr/local/go/src/runtime/proc.go:290
[github.com/flipped-aurora/gin-vue-admin/server]2026-08-10 16:09:37.825	[31merror[0m	/Users/a1/data/go/gin-vue-admin/server/service/quant/meilisearch.go:39	Failed to connect to Meilisearch	{"url": "http://119.29.82.70:7700", "error": "MeilisearchCommunicationError unable to execute request (path \"GET /indexes\" with method \"GetIndexes\"): Get \"http://119.29.82.70:7700/indexes\": dial tcp 119.29.82.70:7700: connect: connection refused"}
github.com/flipped-aurora/gin-vue-admin/server/service/quant.(*MeilisearchService).InitializeMeilisearch
	/Users/a1/data/go/gin-vue-admin/server/service/quant/meilisearch.go:39
github.com/flipped-aurora/gin-vue-admin/server/initialize.InitMeilisearch
	/Users/a1/data/go/gin-vue-admin/server/initialize/meilisearch.go:14
main.initializeSystem
	/Users/a1/data/go/gin-vue-admin/server/main.go:47
main.main
	/Users/a1/data/go/gin-vue-admin/server/main.go:32
runtime.main
	/usr/local/go/src/runtime/proc.go:290
[github.com/flipped-aurora/gin-vue-admin/server]2026-08-10 16:09:38.026	[31merror[0m	/Users/a1/data/go/gin-vue-admin/server/initialize/meilisearch.go:15	Failed to initialize Meilisearch	{"error": "failed to connect to meilisearch: MeilisearchCommunicationError unable to execute request (path \"GET /indexes\" with method \"GetIndexes\"): Get \"http://119.29.82.70:7700/indexes\": dial tcp 119.29.82.70:7700: connect: connection refused"}
github.com/flipped-aurora/gin-vue-admin/server/initialize.InitMeilisearch
	/Users/a1/data/go/gin-vue-admin/server/initialize/meilisearch.go:15
main.initializeSystem
	/Users/a1/data/go/gin-vue-admin/server/main.go:47
main.main
	/Users/a1/data/go/gin-vue-admin/server/main.go:32
runtime.main
	/usr/local/go/src/runtime/proc.go:290
[github.com/flipped-aurora/gin-vue-admin/server]2026-08-10 16:09:56.865	[31merror[0m	/Users/a1/data/go/gin-vue-admin/server/service/quant/meilisearch.go:39	Failed to connect to Meilisearch	{"url": "http://119.29.82.70:7700", "error": "MeilisearchCommunicationError unable to execute request (path \"GET /indexes\" with method \"GetIndexes\"): Get \"http://119.29.82.70:7700/indexes\": dial tcp 119.29.82.70:7700: connect: connection refused"}
github.com/flipped-aurora/gin-vue-admin/server/service/quant.(*MeilisearchService).InitializeMeilisearch
	/Users/a1/data/go/gin-vue-admin/server/service/quant/meilisearch.go:39
github.com/flipped-aurora/gin-vue-admin/server/initialize.InitMeilisearch
	/Users/a1/data/go/gin-vue-admin/server/initialize/meilisearch.go:14
main.initializeSystem
	/Users/a1/data/go/gin-vue-admin/server/main.go:47
main.main
	/Users/a1/data/go/gin-vue-admin/server/main.go:32
runtime.main
	/usr/local/go/src/runtime/proc.go:290
[github.com/flipped-aurora/gin-vue-admin/server]2026-08-10 16:09:57.042	[31merror[0m	/Users/a1/data/go/gin-vue-admin/server/initialize/meilisearch.go:15	Failed to initialize Meilisearch	{"error": "failed to connect to meilisearch: MeilisearchCommunicationError unable to execute request (path \"GET /indexes\" with method \"GetIndexes\"): Get \"http://119.29.82.70:7700/indexes\": dial tcp 119.29.82.70:7700: connect: connection refused"}
github.com/flipped-aurora/gin-vue-admin/server/initialize.InitMeilisearch
	/Users/a1/data/go/gin-vue-admin/server/initialize/meilisearch.go:15
main.initializeSystem
	/Users/a1/data/go/gin-vue-admin/server/main.go:47
main.main
	/Users/a1/data/go/gin-vue-admin/server/main.go:32
runtime.main
	/usr/local/go/src/runtime/proc.go:290
[github.com/flipped-aurora/gin-vue-admin/server]2026-08-10 16:10:59.060	[31merror[0m	/Users/a1/data/go/gin-vue-admin/server/service/quant/meilisearch.go:39	Failed to connect to Meilisearch	{"url": "http://119.29.82.70:7700", "error": "MeilisearchCommunicationError unable to execute request (path \"GET /indexes\" with method \"GetIndexes\"): Get \"http://119.29.82.70:7700/indexes\": dial tcp 119.29.82.70:7700: connect: connection refused"}
github.com/flipped-aurora/gin-vue-admin/server/service/quant.(*MeilisearchService).InitializeMeilisearch
	/Users/a1/data/go/gin-vue-admin/server/service/quant/meilisearch.go:39
github.com/flipped-aurora/gin-vue-admin/server/initialize.InitMeilisearch
	/Users/a1/data/go/gin-vue-admin/server/initialize/meilisearch.go:14
main.initializeSystem
	/Users/a1/data/go/gin-vue-admin/server/main.go:47
main.main
	/Users/a1/data/go/gin-vue-admin/server/main.go:32
runtime.main
	/usr/local/go/src/runtime/proc.go:290
[github.com/flipped-aurora/gin-vue-admin/server]2026-08-10 16:10:59.237	[31merror[0m	/Users/a1/data/go/gin-vue-admin/server/initialize/meilisearch.go:15	Failed to initialize Meilisearch	{"error": "failed to connect to meilisearch: MeilisearchCommunicationError unable to execute request (path \"GET /indexes\" with method \"GetIndexes\"): Get \"http://119.29.82.70:7700/indexes\": dial tcp 119.29.82.70:7700: connect: connection refused"}
github.com/flipped-aurora/gin-vue-admin/server/initialize.InitMeilisearch
	/Users/a1/data/go/gin-vue-admin/server/initialize/meilisearch.go:15
main.initializeSystem
	/Users/a1/data/go/gin-vue-admin/server/main.go:47
main.main
	/Users/a1/data/go/gin-vue-admin/server/main.go:32
runtime.main
	/usr/local/go/src/runtime/proc.go:290
[github.com/flipped-aurora/gin-vue-admin/server]2026-08-10 16:54:01.587	[31merror[0m	/Users/a1/data/go/gin-vue-admin/server/service/quant/meilisearch.go:39	Failed to connect to Meilisearch	{"url": "http://119.29.82.70:7700", "error": "MeilisearchCommunicationError unable to execute request (path \"GET /indexes\" with method \"GetIndexes\"): Get \"http://119.29.82.70:7700/indexes\": dial tcp 119.29.82.70:7700: connect: connection refused"}
github.com/flipped-aurora/gin-vue-admin/server/service/quant.(*MeilisearchService).InitializeMeilisearch
	/Users/a1/data/go/gin-vue-admin/server/service/quant/meilisearch.go:39
github.com/flipped-aurora/gin-vue-admin/server/initialize.InitMeilisearch
	/Users/a1/data/go/gin-vue-admin/server/initialize/meilisearch.go:14
main.initializeSystem
	/Users/a1/data/go/gin-vue-admin/server/main.go:47
main.main
	/Users/a1/data/go/gin-vue-admin/server/main.go:32
runtime.main
	/usr/local/go/src/runtime/proc.go:290
[github.com/flipped-aurora/gin-vue-admin/server]2026-08-10 16:54:01.780	[31merror[0m	/Users/a1/data/go/gin-vue-admin/server/initialize/meilisearch.go:15	Failed to initialize Meilisearch	{"error": "failed to connect to meilisearch: MeilisearchCommunicationError unable to execute request (path \"GET /indexes\" with method \"GetIndexes\"): Get \"http://119.29.82.70:7700/indexes\": dial tcp 119.29.82.70:7700: connect: connection refused"}
github.com/flipped-aurora/gin-vue-admin/server/initialize.InitMeilisearch
	/Users/a1/data/go/gin-vue-admin/server/initialize/meilisearch.go:15
main.initializeSystem
	/Users/a1/data/go/gin-vue-admin/server/main.go:47
main.main
	/Users/a1/data/go/gin-vue-admin/server/main.go:32
runtime.main
	/usr/local/go/src/runtime/proc.go:290
[github.com/flipped-aurora/gin-vue-admin/server]2026-08-10 16:54:47.087	[31merror[0m	/Users/a1/data/go/gin-vue-admin/server/service/quant/meilisearch.go:39	Failed to connect to Meilisearch	{"url": "http://119.29.82.70:7700", "error": "MeilisearchCommunicationError unable to execute request (path \"GET /indexes\" with method \"GetIndexes\"): Get \"http://119.29.82.70:7700/indexes\": dial tcp 119.29.82.70:7700: connect: connection refused"}
github.com/flipped-aurora/gin-vue-admin/server/service/quant.(*MeilisearchService).InitializeMeilisearch
	/Users/a1/data/go/gin-vue-admin/server/service/quant/meilisearch.go:39
github.com/flipped-aurora/gin-vue-admin/server/initialize.InitMeilisearch
	/Users/a1/data/go/gin-vue-admin/server/initialize/meilisearch.go:14
main.initializeSystem
	/Users/a1/data/go/gin-vue-admin/server/main.go:47
main.main
	/Users/a1/data/go/gin-vue-admin/server/main.go:32
runtime.main
	/usr/local/go/src/runtime/proc.go:290
[github.com/flipped-aurora/gin-vue-admin/server]2026-08-10 16:54:47.279	[31merror[0m	/Users/a1/data/go/gin-vue-admin/server/initialize/meilisearch.go:15	Failed to initialize Meilisearch	{"error": "failed to connect to meilisearch: MeilisearchCommunicationError unable to execute request (path \"GET /indexes\" with method \"GetIndexes\"): Get \"http://119.29.82.70:7700/indexes\": dial tcp 119.29.82.70:7700: connect: connection refused"}
github.com/flipped-aurora/gin-vue-admin/server/initialize.InitMeilisearch
	/Users/a1/data/go/gin-vue-admin/server/initialize/meilisearch.go:15
main.initializeSystem
	/Users/a1/data/go/gin-vue-admin/server/main.go:47
main.main
	/Users/a1/data/go/gin-vue-admin/server/main.go:32
runtime.main
	/usr/local/go/src/runtime/proc.go:290
[github.com/flipped-aurora/gin-vue-admin/server]2026-08-10 16:55:58.976	[31merror[0m	/Users/a1/data/go/gin-vue-admin/server/service/quant/meilisearch.go:39	Failed to connect to Meilisearch	{"url": "http://119.29.82.70:7700", "error": "MeilisearchCommunicationError unable to execute request (path \"GET /indexes\" with method \"GetIndexes\"): Get \"http://119.29.82.70:7700/indexes\": dial tcp 119.29.82.70:7700: connect: connection refused"}
github.com/flipped-aurora/gin-vue-admin/server/service/quant.(*MeilisearchService).InitializeMeilisearch
	/Users/a1/data/go/gin-vue-admin/server/service/quant/meilisearch.go:39
github.com/flipped-aurora/gin-vue-admin/server/initialize.InitMeilisearch
	/Users/a1/data/go/gin-vue-admin/server/initialize/meilisearch.go:14
main.initializeSystem
	/Users/a1/data/go/gin-vue-admin/server/main.go:47
main.main
	/Users/a1/data/go/gin-vue-admin/server/main.go:32
runtime.main
	/usr/local/go/src/runtime/proc.go:290
[github.com/flipped-aurora/gin-vue-admin/server]2026-08-10 16:55:59.164	[31merror[0m	/Users/a1/data/go/gin-vue-admin/server/initialize/meilisearch.go:15	Failed to initialize Meilisearch	{"error": "failed to connect to meilisearch: MeilisearchCommunicationError unable to execute request (path \"GET /indexes\" with method \"GetIndexes\"): Get \"http://119.29.82.70:7700/indexes\": dial tcp 119.29.82.70:7700: connect: connection refused"}
github.com/flipped-aurora/gin-vue-admin/server/initialize.InitMeilisearch
	/Users/a1/data/go/gin-vue-admin/server/initialize/meilisearch.go:15
main.initializeSystem
	/Users/a1/data/go/gin-vue-admin/server/main.go:47
main.main
	/Users/a1/data/go/gin-vue-admin/server/main.go:32
runtime.main
	/usr/local/go/src/runtime/proc.go:290
[github.com/flipped-aurora/gin-vue-admin/server]2026-08-10 16:56:03.728	[31merror[0m	/Users/a1/data/go/gin-vue-admin/server/service/quant/meilisearch.go:39	Failed to connect to Meilisearch	{"url": "http://119.29.82.70:7700", "error": "MeilisearchCommunicationError unable to execute request (path \"GET /indexes\" with method \"GetIndexes\"): Get \"http://119.29.82.70:7700/indexes\": dial tcp 119.29.82.70:7700: connect: connection refused"}
github.com/flipped-aurora/gin-vue-admin/server/service/quant.(*MeilisearchService).InitializeMeilisearch
	/Users/a1/data/go/gin-vue-admin/server/service/quant/meilisearch.go:39
github.com/flipped-aurora/gin-vue-admin/server/initialize.InitMeilisearch
	/Users/a1/data/go/gin-vue-admin/server/initialize/meilisearch.go:14
main.initializeSystem
	/Users/a1/data/go/gin-vue-admin/server/main.go:47
main.main
	/Users/a1/data/go/gin-vue-admin/server/main.go:32
runtime.main
	/usr/local/go/src/runtime/proc.go:290
[github.com/flipped-aurora/gin-vue-admin/server]2026-08-10 16:56:03.920	[31merror[0m	/Users/a1/data/go/gin-vue-admin/server/initialize/meilisearch.go:15	Failed to initialize Meilisearch	{"error": "failed to connect to meilisearch: MeilisearchCommunicationError unable to execute request (path \"GET /indexes\" with method \"GetIndexes\"): Get \"http://119.29.82.70:7700/indexes\": dial tcp 119.29.82.70:7700: connect: connection refused"}
github.com/flipped-aurora/gin-vue-admin/server/initialize.InitMeilisearch
	/Users/a1/data/go/gin-vue-admin/server/initialize/meilisearch.go:15
main.initializeSystem
	/Users/a1/data/go/gin-vue-admin/server/main.go:47
main.main
	/Users/a1/data/go/gin-vue-admin/server/main.go:32
runtime.main
	/usr/local/go/src/runtime/proc.go:290
[github.com/flipped-aurora/gin-vue-admin/server]2026-08-10 16:57:19.240	[31merror[0m	/Users/a1/data/go/gin-vue-admin/server/service/quant/meilisearch.go:39	Failed to connect to Meilisearch	{"url": "http://119.29.82.70:7700", "error": "MeilisearchCommunicationError unable to execute request (path \"GET /indexes\" with method \"GetIndexes\"): Get \"http://119.29.82.70:7700/indexes\": dial tcp 119.29.82.70:7700: connect: connection refused"}
github.com/flipped-aurora/gin-vue-admin/server/service/quant.(*MeilisearchService).InitializeMeilisearch
	/Users/a1/data/go/gin-vue-admin/server/service/quant/meilisearch.go:39
github.com/flipped-aurora/gin-vue-admin/server/initialize.InitMeilisearch
	/Users/a1/data/go/gin-vue-admin/server/initialize/meilisearch.go:14
main.initializeSystem
	/Users/a1/data/go/gin-vue-admin/server/main.go:47
main.main
	/Users/a1/data/go/gin-vue-admin/server/main.go:32
runtime.main
	/usr/local/go/src/runtime/proc.go:290
[github.com/flipped-aurora/gin-vue-admin/server]2026-08-10 16:57:19.439	[31merror[0m	/Users/a1/data/go/gin-vue-admin/server/initialize/meilisearch.go:15	Failed to initialize Meilisearch	{"error": "failed to connect to meilisearch: MeilisearchCommunicationError unable to execute request (path \"GET /indexes\" with method \"GetIndexes\"): Get \"http://119.29.82.70:7700/indexes\": dial tcp 119.29.82.70:7700: connect: connection refused"}
github.com/flipped-aurora/gin-vue-admin/server/initialize.InitMeilisearch
	/Users/a1/data/go/gin-vue-admin/server/initialize/meilisearch.go:15
main.initializeSystem
	/Users/a1/data/go/gin-vue-admin/server/main.go:47
main.main
	/Users/a1/data/go/gin-vue-admin/server/main.go:32
runtime.main
	/usr/local/go/src/runtime/proc.go:290
[github.com/flipped-aurora/gin-vue-admin/server]2026-08-10 16:59:21.124	[31merror[0m	/Users/a1/data/go/gin-vue-admin/server/service/quant/meilisearch.go:39	Failed to connect to Meilisearch	{"url": "http://119.29.82.70:7700", "error": "MeilisearchCommunicationError unable to execute request (path \"GET /indexes\" with method \"GetIndexes\"): Get \"http://119.29.82.70:7700/indexes\": dial tcp 119.29.82.70:7700: connect: connection refused"}
github.com/flipped-aurora/gin-vue-admin/server/service/quant.(*MeilisearchService).InitializeMeilisearch
	/Users/a1/data/go/gin-vue-admin/server/service/quant/meilisearch.go:39
github.com/flipped-aurora/gin-vue-admin/server/initialize.InitMeilisearch
	/Users/a1/data/go/gin-vue-admin/server/initialize/meilisearch.go:14
main.initializeSystem
	/Users/a1/data/go/gin-vue-admin/server/main.go:47
main.main
	/Users/a1/data/go/gin-vue-admin/server/main.go:32
runtime.main
	/usr/local/go/src/runtime/proc.go:290
[github.com/flipped-aurora/gin-vue-admin/server]2026-08-10 16:59:21.308	[31merror[0m	/Users/a1/data/go/gin-vue-admin/server/initialize/meilisearch.go:15	Failed to initialize Meilisearch	{"error": "failed to connect to meilisearch: MeilisearchCommunicationError unable to execute request (path \"GET /indexes\" with method \"GetIndexes\"): Get \"http://119.29.82.70:7700/indexes\": dial tcp 119.29.82.70:7700: connect: connection refused"}
github.com/flipped-aurora/gin-vue-admin/server/initialize.InitMeilisearch
	/Users/a1/data/go/gin-vue-admin/server/initialize/meilisearch.go:15
main.initializeSystem
	/Users/a1/data/go/gin-vue-admin/server/main.go:47
main.main
	/Users/a1/data/go/gin-vue-admin/server/main.go:32
runtime.main
	/usr/local/go/src/runtime/proc.go:290
[github.com/flipped-aurora/gin-vue-admin/server]2026-08-10 17:44:38.167	[31merror[0m	/Users/a1/data/go/gin-vue-admin/server/service/quant/meilisearch.go:39	Failed to connect to Meilisearch	{"url": "http://119.29.82.70:7700", "error": "MeilisearchCommunicationError unable to execute request (path \"GET /indexes\" with method \"GetIndexes\"): Get \"http://119.29.82.70:7700/indexes\": dial tcp 119.29.82.70:7700: connect: connection refused"}
github.com/flipped-aurora/gin-vue-admin/server/service/quant.(*MeilisearchService).InitializeMeilisearch
	/Users/a1/data/go/gin-vue-admin/server/service/quant/meilisearch.go:39
github.com/flipped-aurora/gin-vue-admin/server/initialize.InitMeilisearch
	/Users/a1/data/go/gin-vue-admin/server/initialize/meilisearch.go:14
main.initializeSystem
	/Users/a1/data/go/gin-vue-admin/server/main.go:47
main.main
	/Users/a1/data/go/gin-vue-admin/server/main.go:32
runtime.main
	/usr/local/go/src/runtime/proc.go:290
[github.com/flipped-aurora/gin-vue-admin/server]2026-08-10 17:44:38.354	[31merror[0m	/Users/a1/data/go/gin-vue-admin/server/initialize/meilisearch.go:15	Failed to initialize Meilisearch	{"error": "failed to connect to meilisearch: MeilisearchCommunicationError unable to execute request (path \"GET /indexes\" with method \"GetIndexes\"): Get \"http://119.29.82.70:7700/indexes\": dial tcp 119.29.82.70:7700: connect: connection refused"}
github.com/flipped-aurora/gin-vue-admin/server/initialize.InitMeilisearch
	/Users/a1/data/go/gin-vue-admin/server/initialize/meilisearch.go:15
main.initializeSystem
	/Users/a1/data/go/gin-vue-admin/server/main.go:47
main.main
	/Users/a1/data/go/gin-vue-admin/server/main.go:32
runtime.main
	/usr/local/go/src/runtime/proc.go:290
[github.com/flipped-aurora/gin-vue-admin/server]2026-08-10 17:49:55.964	[31merror[0m	/Users/a1/data/go/gin-vue-admin/server/api/v1/quant/theme_stock.go:248	AI更新题材股票失败!	{"error": "读取大模型响应失败: read tcp 192.168.101.35:54049->111.51.158.194:443: read: operation timed out"}
github.com/flipped-aurora/gin-vue-admin/server/api/v1/quant.(*ThemeStockApi).AiUpdateThemeStock
	/Users/a1/data/go/gin-vue-admin/server/api/v1/quant/theme_stock.go:248
github.com/gin-gonic/gin.(*Context).Next
	/Users/a1/go/pkg/mod/github.com/gin-gonic/gin@v1.10.0/context.go:185
github.com/flipped-aurora/gin-vue-admin/server/router/quant.(*ThemeStockRouter).InitThemeStockRouter.OperationRecord.func1
	/Users/a1/data/go/gin-vue-admin/server/middleware/operation.go:93
github.com/gin-gonic/gin.(*Context).Next
	/Users/a1/go/pkg/mod/github.com/gin-gonic/gin@v1.10.0/context.go:185
github.com/flipped-aurora/gin-vue-admin/server/initialize.Routers.CasbinHandler.func4
	/Users/a1/data/go/gin-vue-admin/server/middleware/casbin_rbac.go:30
github.com/gin-gonic/gin.(*Context).Next
	/Users/a1/go/pkg/mod/github.com/gin-gonic/gin@v1.10.0/context.go:185
github.com/flipped-aurora/gin-vue-admin/server/initialize.Routers.JWTAuth.func3
	/Users/a1/data/go/gin-vue-admin/server/middleware/jwt.go:69
github.com/gin-gonic/gin.(*Context).Next
	/Users/a1/go/pkg/mod/github.com/gin-gonic/gin@v1.10.0/context.go:185
github.com/gin-gonic/gin.LoggerWithConfig.func1
	/Users/a1/go/pkg/mod/github.com/gin-gonic/gin@v1.10.0/logger.go:249
github.com/gin-gonic/gin.(*Context).Next
	/Users/a1/go/pkg/mod/github.com/gin-gonic/gin@v1.10.0/context.go:185
github.com/flipped-aurora/gin-vue-admin/server/initialize.Routers.GinRecovery.func2
	/Users/a1/data/go/gin-vue-admin/server/middleware/error.go:78
github.com/gin-gonic/gin.(*Context).Next
	/Users/a1/go/pkg/mod/github.com/gin-gonic/gin@v1.10.0/context.go:185
github.com/gin-gonic/gin.(*Engine).handleHTTPRequest
	/Users/a1/go/pkg/mod/github.com/gin-gonic/gin@v1.10.0/gin.go:633
github.com/gin-gonic/gin.(*Engine).ServeHTTP
	/Users/a1/go/pkg/mod/github.com/gin-gonic/gin@v1.10.0/gin.go:589
net/http.serverHandler.ServeHTTP
	/usr/local/go/src/net/http/server.go:3311
net/http.(*conn).serve
	/usr/local/go/src/net/http/server.go:2073
[github.com/flipped-aurora/gin-vue-admin/server]2026-08-10 18:39:25.363	[31merror[0m	/Users/a1/data/go/gin-vue-admin/server/service/quant/meilisearch.go:39	Failed to connect to Meilisearch	{"url": "http://119.29.82.70:7700", "error": "MeilisearchCommunicationError unable to execute request (path \"GET /indexes\" with method \"GetIndexes\"): Get \"http://119.29.82.70:7700/indexes\": dial tcp 119.29.82.70:7700: connect: connection refused"}
github.com/flipped-aurora/gin-vue-admin/server/service/quant.(*MeilisearchService).InitializeMeilisearch
	/Users/a1/data/go/gin-vue-admin/server/service/quant/meilisearch.go:39
github.com/flipped-aurora/gin-vue-admin/server/initialize.InitMeilisearch
	/Users/a1/data/go/gin-vue-admin/server/initialize/meilisearch.go:14
main.initializeSystem
	/Users/a1/data/go/gin-vue-admin/server/main.go:47
main.main
	/Users/a1/data/go/gin-vue-admin/server/main.go:32
runtime.main
	/usr/local/go/src/runtime/proc.go:290
[github.com/flipped-aurora/gin-vue-admin/server]2026-08-10 18:39:25.551	[31merror[0m	/Users/a1/data/go/gin-vue-admin/server/initialize/meilisearch.go:15	Failed to initialize Meilisearch	{"error": "failed to connect to meilisearch: MeilisearchCommunicationError unable to execute request (path \"GET /indexes\" with method \"GetIndexes\"): Get \"http://119.29.82.70:7700/indexes\": dial tcp 119.29.82.70:7700: connect: connection refused"}
github.com/flipped-aurora/gin-vue-admin/server/initialize.InitMeilisearch
	/Users/a1/data/go/gin-vue-admin/server/initialize/meilisearch.go:15
main.initializeSystem
	/Users/a1/data/go/gin-vue-admin/server/main.go:47
main.main
	/Users/a1/data/go/gin-vue-admin/server/main.go:32
runtime.main
	/usr/local/go/src/runtime/proc.go:290
[github.com/flipped-aurora/gin-vue-admin/server]2026-08-10 18:45:27.286	[31merror[0m	/Users/a1/data/go/gin-vue-admin/server/service/quant/meilisearch.go:39	Failed to connect to Meilisearch	{"url": "http://119.29.82.70:7700", "error": "MeilisearchCommunicationError unable to execute request (path \"GET /indexes\" with method \"GetIndexes\"): Get \"http://119.29.82.70:7700/indexes\": dial tcp 119.29.82.70:7700: connect: connection refused"}
github.com/flipped-aurora/gin-vue-admin/server/service/quant.(*MeilisearchService).InitializeMeilisearch
	/Users/a1/data/go/gin-vue-admin/server/service/quant/meilisearch.go:39
github.com/flipped-aurora/gin-vue-admin/server/initialize.InitMeilisearch
	/Users/a1/data/go/gin-vue-admin/server/initialize/meilisearch.go:14
main.initializeSystem
	/Users/a1/data/go/gin-vue-admin/server/main.go:47
main.main
	/Users/a1/data/go/gin-vue-admin/server/main.go:32
runtime.main
	/usr/local/go/src/runtime/proc.go:290
[github.com/flipped-aurora/gin-vue-admin/server]2026-08-10 18:45:27.464	[31merror[0m	/Users/a1/data/go/gin-vue-admin/server/initialize/meilisearch.go:15	Failed to initialize Meilisearch	{"error": "failed to connect to meilisearch: MeilisearchCommunicationError unable to execute request (path \"GET /indexes\" with method \"GetIndexes\"): Get \"http://119.29.82.70:7700/indexes\": dial tcp 119.29.82.70:7700: connect: connection refused"}
github.com/flipped-aurora/gin-vue-admin/server/initialize.InitMeilisearch
	/Users/a1/data/go/gin-vue-admin/server/initialize/meilisearch.go:15
main.initializeSystem
	/Users/a1/data/go/gin-vue-admin/server/main.go:47
main.main
	/Users/a1/data/go/gin-vue-admin/server/main.go:32
runtime.main
	/usr/local/go/src/runtime/proc.go:290
[github.com/flipped-aurora/gin-vue-admin/server]2026-08-10 18:57:20.829	[31merror[0m	/Users/a1/data/go/gin-vue-admin/server/service/quant/meilisearch.go:39	Failed to connect to Meilisearch	{"url": "http://119.29.82.70:7700", "error": "MeilisearchCommunicationError unable to execute request (path \"GET /indexes\" with method \"GetIndexes\"): Get \"http://119.29.82.70:7700/indexes\": dial tcp 119.29.82.70:7700: connect: connection refused"}
github.com/flipped-aurora/gin-vue-admin/server/service/quant.(*MeilisearchService).InitializeMeilisearch
	/Users/a1/data/go/gin-vue-admin/server/service/quant/meilisearch.go:39
github.com/flipped-aurora/gin-vue-admin/server/initialize.InitMeilisearch
	/Users/a1/data/go/gin-vue-admin/server/initialize/meilisearch.go:14
main.initializeSystem
	/Users/a1/data/go/gin-vue-admin/server/main.go:47
main.main
	/Users/a1/data/go/gin-vue-admin/server/main.go:32
runtime.main
	/usr/local/go/src/runtime/proc.go:290
[github.com/flipped-aurora/gin-vue-admin/server]2026-08-10 18:57:20.995	[31merror[0m	/Users/a1/data/go/gin-vue-admin/server/initialize/meilisearch.go:15	Failed to initialize Meilisearch	{"error": "failed to connect to meilisearch: MeilisearchCommunicationError unable to execute request (path \"GET /indexes\" with method \"GetIndexes\"): Get \"http://119.29.82.70:7700/indexes\": dial tcp 119.29.82.70:7700: connect: connection refused"}
github.com/flipped-aurora/gin-vue-admin/server/initialize.InitMeilisearch
	/Users/a1/data/go/gin-vue-admin/server/initialize/meilisearch.go:15
main.initializeSystem
	/Users/a1/data/go/gin-vue-admin/server/main.go:47
main.main
	/Users/a1/data/go/gin-vue-admin/server/main.go:32
runtime.main
	/usr/local/go/src/runtime/proc.go:290
[github.com/flipped-aurora/gin-vue-admin/server]2026-08-10 18:59:17.558	[31merror[0m	/Users/a1/data/go/gin-vue-admin/server/service/quant/meilisearch.go:39	Failed to connect to Meilisearch	{"url": "http://119.29.82.70:7700", "error": "MeilisearchCommunicationError unable to execute request (path \"GET /indexes\" with method \"GetIndexes\"): Get \"http://119.29.82.70:7700/indexes\": dial tcp 119.29.82.70:7700: connect: connection refused"}
github.com/flipped-aurora/gin-vue-admin/server/service/quant.(*MeilisearchService).InitializeMeilisearch
	/Users/a1/data/go/gin-vue-admin/server/service/quant/meilisearch.go:39
github.com/flipped-aurora/gin-vue-admin/server/initialize.InitMeilisearch
	/Users/a1/data/go/gin-vue-admin/server/initialize/meilisearch.go:14
main.initializeSystem
	/Users/a1/data/go/gin-vue-admin/server/main.go:47
main.main
	/Users/a1/data/go/gin-vue-admin/server/main.go:32
runtime.main
	/usr/local/go/src/runtime/proc.go:290
[github.com/flipped-aurora/gin-vue-admin/server]2026-08-10 18:59:17.736	[31merror[0m	/Users/a1/data/go/gin-vue-admin/server/initialize/meilisearch.go:15	Failed to initialize Meilisearch	{"error": "failed to connect to meilisearch: MeilisearchCommunicationError unable to execute request (path \"GET /indexes\" with method \"GetIndexes\"): Get \"http://119.29.82.70:7700/indexes\": dial tcp 119.29.82.70:7700: connect: connection refused"}
github.com/flipped-aurora/gin-vue-admin/server/initialize.InitMeilisearch
	/Users/a1/data/go/gin-vue-admin/server/initialize/meilisearch.go:15
main.initializeSystem
	/Users/a1/data/go/gin-vue-admin/server/main.go:47
main.main
	/Users/a1/data/go/gin-vue-admin/server/main.go:32
runtime.main
	/usr/local/go/src/runtime/proc.go:290
[github.com/flipped-aurora/gin-vue-admin/server]2026-08-10 19:00:16.560	[31merror[0m	/Users/a1/data/go/gin-vue-admin/server/service/quant/meilisearch.go:39	Failed to connect to Meilisearch	{"url": "http://119.29.82.70:7700", "error": "MeilisearchCommunicationError unable to execute request (path \"GET /indexes\" with method \"GetIndexes\"): Get \"http://119.29.82.70:7700/indexes\": dial tcp 119.29.82.70:7700: connect: connection refused"}
github.com/flipped-aurora/gin-vue-admin/server/service/quant.(*MeilisearchService).InitializeMeilisearch
	/Users/a1/data/go/gin-vue-admin/server/service/quant/meilisearch.go:39
github.com/flipped-aurora/gin-vue-admin/server/initialize.InitMeilisearch
	/Users/a1/data/go/gin-vue-admin/server/initialize/meilisearch.go:14
main.initializeSystem
	/Users/a1/data/go/gin-vue-admin/server/main.go:47
main.main
	/Users/a1/data/go/gin-vue-admin/server/main.go:32
runtime.main
	/usr/local/go/src/runtime/proc.go:290
[github.com/flipped-aurora/gin-vue-admin/server]2026-08-10 19:00:16.736	[31merror[0m	/Users/a1/data/go/gin-vue-admin/server/initialize/meilisearch.go:15	Failed to initialize Meilisearch	{"error": "failed to connect to meilisearch: MeilisearchCommunicationError unable to execute request (path \"GET /indexes\" with method \"GetIndexes\"): Get \"http://119.29.82.70:7700/indexes\": dial tcp 119.29.82.70:7700: connect: connection refused"}
github.com/flipped-aurora/gin-vue-admin/server/initialize.InitMeilisearch
	/Users/a1/data/go/gin-vue-admin/server/initialize/meilisearch.go:15
main.initializeSystem
	/Users/a1/data/go/gin-vue-admin/server/main.go:47
main.main
	/Users/a1/data/go/gin-vue-admin/server/main.go:32
runtime.main
	/usr/local/go/src/runtime/proc.go:290
[github.com/flipped-aurora/gin-vue-admin/server]2026-08-10 19:02:06.389	[31merror[0m	/Users/a1/data/go/gin-vue-admin/server/service/quant/meilisearch.go:39	Failed to connect to Meilisearch	{"url": "http://119.29.82.70:7700", "error": "MeilisearchCommunicationError unable to execute request (path \"GET /indexes\" with method \"GetIndexes\"): Get \"http://119.29.82.70:7700/indexes\": dial tcp 119.29.82.70:7700: connect: connection refused"}
github.com/flipped-aurora/gin-vue-admin/server/service/quant.(*MeilisearchService).InitializeMeilisearch
	/Users/a1/data/go/gin-vue-admin/server/service/quant/meilisearch.go:39
github.com/flipped-aurora/gin-vue-admin/server/initialize.InitMeilisearch
	/Users/a1/data/go/gin-vue-admin/server/initialize/meilisearch.go:14
main.initializeSystem
	/Users/a1/data/go/gin-vue-admin/server/main.go:47
main.main
	/Users/a1/data/go/gin-vue-admin/server/main.go:32
runtime.main
	/usr/local/go/src/runtime/proc.go:290
[github.com/flipped-aurora/gin-vue-admin/server]2026-08-10 19:02:06.551	[31merror[0m	/Users/a1/data/go/gin-vue-admin/server/initialize/meilisearch.go:15	Failed to initialize Meilisearch	{"error": "failed to connect to meilisearch: MeilisearchCommunicationError unable to execute request (path \"GET /indexes\" with method \"GetIndexes\"): Get \"http://119.29.82.70:7700/indexes\": dial tcp 119.29.82.70:7700: connect: connection refused"}
github.com/flipped-aurora/gin-vue-admin/server/initialize.InitMeilisearch
	/Users/a1/data/go/gin-vue-admin/server/initialize/meilisearch.go:15
main.initializeSystem
	/Users/a1/data/go/gin-vue-admin/server/main.go:47
main.main
	/Users/a1/data/go/gin-vue-admin/server/main.go:32
runtime.main
	/usr/local/go/src/runtime/proc.go:290
[github.com/flipped-aurora/gin-vue-admin/server]2026-08-10 19:04:10.594	[31merror[0m	/Users/a1/data/go/gin-vue-admin/server/service/quant/meilisearch.go:39	Failed to connect to Meilisearch	{"url": "http://119.29.82.70:7700", "error": "MeilisearchCommunicationError unable to execute request (path \"GET /indexes\" with method \"GetIndexes\"): Get \"http://119.29.82.70:7700/indexes\": dial tcp 119.29.82.70:7700: connect: connection refused"}
github.com/flipped-aurora/gin-vue-admin/server/service/quant.(*MeilisearchService).InitializeMeilisearch
	/Users/a1/data/go/gin-vue-admin/server/service/quant/meilisearch.go:39
github.com/flipped-aurora/gin-vue-admin/server/initialize.InitMeilisearch
	/Users/a1/data/go/gin-vue-admin/server/initialize/meilisearch.go:14
main.initializeSystem
	/Users/a1/data/go/gin-vue-admin/server/main.go:47
main.main
	/Users/a1/data/go/gin-vue-admin/server/main.go:32
runtime.main
	/usr/local/go/src/runtime/proc.go:290
[github.com/flipped-aurora/gin-vue-admin/server]2026-08-10 19:04:10.799	[31merror[0m	/Users/a1/data/go/gin-vue-admin/server/initialize/meilisearch.go:15	Failed to initialize Meilisearch	{"error": "failed to connect to meilisearch: MeilisearchCommunicationError unable to execute request (path \"GET /indexes\" with method \"GetIndexes\"): Get \"http://119.29.82.70:7700/indexes\": dial tcp 119.29.82.70:7700: connect: connection refused"}
github.com/flipped-aurora/gin-vue-admin/server/initialize.InitMeilisearch
	/Users/a1/data/go/gin-vue-admin/server/initialize/meilisearch.go:15
main.initializeSystem
	/Users/a1/data/go/gin-vue-admin/server/main.go:47
main.main
	/Users/a1/data/go/gin-vue-admin/server/main.go:32
runtime.main
	/usr/local/go/src/runtime/proc.go:290
[github.com/flipped-aurora/gin-vue-admin/server]2026-08-10 19:05:50.466	[31merror[0m	/Users/a1/data/go/gin-vue-admin/server/service/quant/meilisearch.go:39	Failed to connect to Meilisearch	{"url": "http://119.29.82.70:7700", "error": "MeilisearchCommunicationError unable to execute request (path \"GET /indexes\" with method \"GetIndexes\"): Get \"http://119.29.82.70:7700/indexes\": dial tcp 119.29.82.70:7700: connect: connection refused"}
github.com/flipped-aurora/gin-vue-admin/server/service/quant.(*MeilisearchService).InitializeMeilisearch
	/Users/a1/data/go/gin-vue-admin/server/service/quant/meilisearch.go:39
github.com/flipped-aurora/gin-vue-admin/server/initialize.InitMeilisearch
	/Users/a1/data/go/gin-vue-admin/server/initialize/meilisearch.go:14
main.initializeSystem
	/Users/a1/data/go/gin-vue-admin/server/main.go:47
main.main
	/Users/a1/data/go/gin-vue-admin/server/main.go:32
runtime.main
	/usr/local/go/src/runtime/proc.go:290
[github.com/flipped-aurora/gin-vue-admin/server]2026-08-10 19:05:50.656	[31merror[0m	/Users/a1/data/go/gin-vue-admin/server/initialize/meilisearch.go:15	Failed to initialize Meilisearch	{"error": "failed to connect to meilisearch: MeilisearchCommunicationError unable to execute request (path \"GET /indexes\" with method \"GetIndexes\"): Get \"http://119.29.82.70:7700/indexes\": dial tcp 119.29.82.70:7700: connect: connection refused"}
github.com/flipped-aurora/gin-vue-admin/server/initialize.InitMeilisearch
	/Users/a1/data/go/gin-vue-admin/server/initialize/meilisearch.go:15
main.initializeSystem
	/Users/a1/data/go/gin-vue-admin/server/main.go:47
main.main
	/Users/a1/data/go/gin-vue-admin/server/main.go:32
runtime.main
	/usr/local/go/src/runtime/proc.go:290
[github.com/flipped-aurora/gin-vue-admin/server]2026-08-10 19:10:07.305	[31merror[0m	/Users/a1/data/go/gin-vue-admin/server/service/quant/meilisearch.go:39	Failed to connect to Meilisearch	{"url": "http://119.29.82.70:7700", "error": "MeilisearchCommunicationError unable to execute request (path \"GET /indexes\" with method \"GetIndexes\"): Get \"http://119.29.82.70:7700/indexes\": dial tcp 119.29.82.70:7700: connect: connection refused"}
github.com/flipped-aurora/gin-vue-admin/server/service/quant.(*MeilisearchService).InitializeMeilisearch
	/Users/a1/data/go/gin-vue-admin/server/service/quant/meilisearch.go:39
github.com/flipped-aurora/gin-vue-admin/server/initialize.InitMeilisearch
	/Users/a1/data/go/gin-vue-admin/server/initialize/meilisearch.go:14
main.initializeSystem
	/Users/a1/data/go/gin-vue-admin/server/main.go:47
main.main
	/Users/a1/data/go/gin-vue-admin/server/main.go:32
runtime.main
	/usr/local/go/src/runtime/proc.go:290
[github.com/flipped-aurora/gin-vue-admin/server]2026-08-10 19:10:07.492	[31merror[0m	/Users/a1/data/go/gin-vue-admin/server/initialize/meilisearch.go:15	Failed to initialize Meilisearch	{"error": "failed to connect to meilisearch: MeilisearchCommunicationError unable to execute request (path \"GET /indexes\" with method \"GetIndexes\"): Get \"http://119.29.82.70:7700/indexes\": dial tcp 119.29.82.70:7700: connect: connection refused"}
github.com/flipped-aurora/gin-vue-admin/server/initialize.InitMeilisearch
	/Users/a1/data/go/gin-vue-admin/server/initialize/meilisearch.go:15
main.initializeSystem
	/Users/a1/data/go/gin-vue-admin/server/main.go:47
main.main
	/Users/a1/data/go/gin-vue-admin/server/main.go:32
runtime.main
	/usr/local/go/src/runtime/proc.go:290
[github.com/flipped-aurora/gin-vue-admin/server]2026-08-10 19:15:02.493	[31merror[0m	/Users/a1/data/go/gin-vue-admin/server/service/quant/meilisearch.go:39	Failed to connect to Meilisearch	{"url": "http://119.29.82.70:7700", "error": "MeilisearchCommunicationError unable to execute request (path \"GET /indexes\" with method \"GetIndexes\"): Get \"http://119.29.82.70:7700/indexes\": dial tcp 119.29.82.70:7700: connect: connection refused"}
github.com/flipped-aurora/gin-vue-admin/server/service/quant.(*MeilisearchService).InitializeMeilisearch
	/Users/a1/data/go/gin-vue-admin/server/service/quant/meilisearch.go:39
github.com/flipped-aurora/gin-vue-admin/server/initialize.InitMeilisearch
	/Users/a1/data/go/gin-vue-admin/server/initialize/meilisearch.go:14
main.initializeSystem
	/Users/a1/data/go/gin-vue-admin/server/main.go:47
main.main
	/Users/a1/data/go/gin-vue-admin/server/main.go:32
runtime.main
	/usr/local/go/src/runtime/proc.go:290
[github.com/flipped-aurora/gin-vue-admin/server]2026-08-10 19:15:02.692	[31merror[0m	/Users/a1/data/go/gin-vue-admin/server/initialize/meilisearch.go:15	Failed to initialize Meilisearch	{"error": "failed to connect to meilisearch: MeilisearchCommunicationError unable to execute request (path \"GET /indexes\" with method \"GetIndexes\"): Get \"http://119.29.82.70:7700/indexes\": dial tcp 119.29.82.70:7700: connect: connection refused"}
github.com/flipped-aurora/gin-vue-admin/server/initialize.InitMeilisearch
	/Users/a1/data/go/gin-vue-admin/server/initialize/meilisearch.go:15
main.initializeSystem
	/Users/a1/data/go/gin-vue-admin/server/main.go:47
main.main
	/Users/a1/data/go/gin-vue-admin/server/main.go:32
runtime.main
	/usr/local/go/src/runtime/proc.go:290
[github.com/flipped-aurora/gin-vue-admin/server]2026-08-10 19:16:00.912	[31merror[0m	/Users/a1/data/go/gin-vue-admin/server/service/quant/meilisearch.go:39	Failed to connect to Meilisearch	{"url": "http://119.29.82.70:7700", "error": "MeilisearchCommunicationError unable to execute request (path \"GET /indexes\" with method \"GetIndexes\"): Get \"http://119.29.82.70:7700/indexes\": dial tcp 119.29.82.70:7700: connect: connection refused"}
github.com/flipped-aurora/gin-vue-admin/server/service/quant.(*MeilisearchService).InitializeMeilisearch
	/Users/a1/data/go/gin-vue-admin/server/service/quant/meilisearch.go:39
github.com/flipped-aurora/gin-vue-admin/server/initialize.InitMeilisearch
	/Users/a1/data/go/gin-vue-admin/server/initialize/meilisearch.go:14
main.initializeSystem
	/Users/a1/data/go/gin-vue-admin/server/main.go:47
main.main
	/Users/a1/data/go/gin-vue-admin/server/main.go:32
runtime.main
	/usr/local/go/src/runtime/proc.go:290
[github.com/flipped-aurora/gin-vue-admin/server]2026-08-10 19:16:01.102	[31merror[0m	/Users/a1/data/go/gin-vue-admin/server/initialize/meilisearch.go:15	Failed to initialize Meilisearch	{"error": "failed to connect to meilisearch: MeilisearchCommunicationError unable to execute request (path \"GET /indexes\" with method \"GetIndexes\"): Get \"http://119.29.82.70:7700/indexes\": dial tcp 119.29.82.70:7700: connect: connection refused"}
github.com/flipped-aurora/gin-vue-admin/server/initialize.InitMeilisearch
	/Users/a1/data/go/gin-vue-admin/server/initialize/meilisearch.go:15
main.initializeSystem
	/Users/a1/data/go/gin-vue-admin/server/main.go:47
main.main
	/Users/a1/data/go/gin-vue-admin/server/main.go:32
runtime.main
	/usr/local/go/src/runtime/proc.go:290
[github.com/flipped-aurora/gin-vue-admin/server]2026-08-10 19:16:04.578	[31merror[0m	/Users/a1/data/go/gin-vue-admin/server/service/quant/meilisearch.go:39	Failed to connect to Meilisearch	{"url": "http://119.29.82.70:7700", "error": "MeilisearchCommunicationError unable to execute request (path \"GET /indexes\" with method \"GetIndexes\"): Get \"http://119.29.82.70:7700/indexes\": dial tcp 119.29.82.70:7700: connect: connection refused"}
github.com/flipped-aurora/gin-vue-admin/server/service/quant.(*MeilisearchService).InitializeMeilisearch
	/Users/a1/data/go/gin-vue-admin/server/service/quant/meilisearch.go:39
github.com/flipped-aurora/gin-vue-admin/server/initialize.InitMeilisearch
	/Users/a1/data/go/gin-vue-admin/server/initialize/meilisearch.go:14
main.initializeSystem
	/Users/a1/data/go/gin-vue-admin/server/main.go:47
main.main
	/Users/a1/data/go/gin-vue-admin/server/main.go:32
runtime.main
	/usr/local/go/src/runtime/proc.go:290
[github.com/flipped-aurora/gin-vue-admin/server]2026-08-10 19:16:04.752	[31merror[0m	/Users/a1/data/go/gin-vue-admin/server/initialize/meilisearch.go:15	Failed to initialize Meilisearch	{"error": "failed to connect to meilisearch: MeilisearchCommunicationError unable to execute request (path \"GET /indexes\" with method \"GetIndexes\"): Get \"http://119.29.82.70:7700/indexes\": dial tcp 119.29.82.70:7700: connect: connection refused"}
github.com/flipped-aurora/gin-vue-admin/server/initialize.InitMeilisearch
	/Users/a1/data/go/gin-vue-admin/server/initialize/meilisearch.go:15
main.initializeSystem
	/Users/a1/data/go/gin-vue-admin/server/main.go:47
main.main
	/Users/a1/data/go/gin-vue-admin/server/main.go:32
runtime.main
	/usr/local/go/src/runtime/proc.go:290
[github.com/flipped-aurora/gin-vue-admin/server]2026-08-10 19:17:34.811	[31merror[0m	/Users/a1/data/go/gin-vue-admin/server/service/quant/meilisearch.go:39	Failed to connect to Meilisearch	{"url": "http://119.29.82.70:7700", "error": "MeilisearchCommunicationError unable to execute request (path \"GET /indexes\" with method \"GetIndexes\"): Get \"http://119.29.82.70:7700/indexes\": dial tcp 119.29.82.70:7700: connect: connection refused"}
github.com/flipped-aurora/gin-vue-admin/server/service/quant.(*MeilisearchService).InitializeMeilisearch
	/Users/a1/data/go/gin-vue-admin/server/service/quant/meilisearch.go:39
github.com/flipped-aurora/gin-vue-admin/server/initialize.InitMeilisearch
	/Users/a1/data/go/gin-vue-admin/server/initialize/meilisearch.go:14
main.initializeSystem
	/Users/a1/data/go/gin-vue-admin/server/main.go:47
main.main
	/Users/a1/data/go/gin-vue-admin/server/main.go:32
runtime.main
	/usr/local/go/src/runtime/proc.go:290
[github.com/flipped-aurora/gin-vue-admin/server]2026-08-10 19:17:34.992	[31merror[0m	/Users/a1/data/go/gin-vue-admin/server/initialize/meilisearch.go:15	Failed to initialize Meilisearch	{"error": "failed to connect to meilisearch: MeilisearchCommunicationError unable to execute request (path \"GET /indexes\" with method \"GetIndexes\"): Get \"http://119.29.82.70:7700/indexes\": dial tcp 119.29.82.70:7700: connect: connection refused"}
github.com/flipped-aurora/gin-vue-admin/server/initialize.InitMeilisearch
	/Users/a1/data/go/gin-vue-admin/server/initialize/meilisearch.go:15
main.initializeSystem
	/Users/a1/data/go/gin-vue-admin/server/main.go:47
main.main
	/Users/a1/data/go/gin-vue-admin/server/main.go:32
runtime.main
	/usr/local/go/src/runtime/proc.go:290
[github.com/flipped-aurora/gin-vue-admin/server]2026-08-10 23:10:50.434	[31merror[0m	/Users/a1/data/go/gin-vue-admin/server/api/v1/quant/theme_stock.go:216	AI添加题材股票失败!	{"error": "大模型(千问)接口返回异常(400): {\"request_id\":\"0cdbb255-69c3-9818-b30d-bb04944d6708\",\"code\":\"InvalidParameter\",\"message\":\"<400> InternalError.Algo.InvalidParameter: The tool_choice parameter does not support being set to required or object in thinking mode\"}"}
github.com/flipped-aurora/gin-vue-admin/server/api/v1/quant.(*ThemeStockApi).AiAddThemeStocks
	/Users/a1/data/go/gin-vue-admin/server/api/v1/quant/theme_stock.go:216
github.com/gin-gonic/gin.(*Context).Next
	/Users/a1/go/pkg/mod/github.com/gin-gonic/gin@v1.10.0/context.go:185
github.com/flipped-aurora/gin-vue-admin/server/router/quant.(*ThemeStockRouter).InitThemeStockRouter.OperationRecord.func1
	/Users/a1/data/go/gin-vue-admin/server/middleware/operation.go:93
github.com/gin-gonic/gin.(*Context).Next
	/Users/a1/go/pkg/mod/github.com/gin-gonic/gin@v1.10.0/context.go:185
github.com/flipped-aurora/gin-vue-admin/server/initialize.Routers.CasbinHandler.func4
	/Users/a1/data/go/gin-vue-admin/server/middleware/casbin_rbac.go:30
github.com/gin-gonic/gin.(*Context).Next
	/Users/a1/go/pkg/mod/github.com/gin-gonic/gin@v1.10.0/context.go:185
github.com/flipped-aurora/gin-vue-admin/server/initialize.Routers.JWTAuth.func3
	/Users/a1/data/go/gin-vue-admin/server/middleware/jwt.go:69
github.com/gin-gonic/gin.(*Context).Next
	/Users/a1/go/pkg/mod/github.com/gin-gonic/gin@v1.10.0/context.go:185
github.com/gin-gonic/gin.LoggerWithConfig.func1
	/Users/a1/go/pkg/mod/github.com/gin-gonic/gin@v1.10.0/logger.go:249
github.com/gin-gonic/gin.(*Context).Next
	/Users/a1/go/pkg/mod/github.com/gin-gonic/gin@v1.10.0/context.go:185
github.com/flipped-aurora/gin-vue-admin/server/initialize.Routers.GinRecovery.func2
	/Users/a1/data/go/gin-vue-admin/server/middleware/error.go:78
github.com/gin-gonic/gin.(*Context).Next
	/Users/a1/go/pkg/mod/github.com/gin-gonic/gin@v1.10.0/context.go:185
github.com/gin-gonic/gin.(*Engine).handleHTTPRequest
	/Users/a1/go/pkg/mod/github.com/gin-gonic/gin@v1.10.0/gin.go:633
github.com/gin-gonic/gin.(*Engine).ServeHTTP
	/Users/a1/go/pkg/mod/github.com/gin-gonic/gin@v1.10.0/gin.go:589
net/http.serverHandler.ServeHTTP
	/usr/local/go/src/net/http/server.go:3311
net/http.(*conn).serve
	/usr/local/go/src/net/http/server.go:2073
