[github.com/flipped-aurora/gin-vue-admin/server]2026-09-10 01:36:22.873	[31merror[0m	/Users/a1/data/go/gin-vue-admin/server/initialize/internal/gorm_logger_writer.go:54	SQL 执行错误	{"node": "", "app_id": "", "env": "", "sql": "SELECT * FROM `addon_quant_ai_task` WHERE (status = 4 AND scheduled_at IS NOT NULL AND scheduled_at <= '2026-09-10 01:11:32.362') AND `addon_quant_ai_task`.`deleted_at` IS NULL", "rows": 0, "elapsed_ms": 103904, "mod": "sql", "request_id": "", "trace_id": "", "device_id": "", "client_ip": "", "http_method": "", "http_path": "", "error_msg": "invalid connection", "error_stack": "github.com/flipped-aurora/gin-vue-admin/server/utils/logger.(*Builder).assemble\n\t/Users/a1/data/go/gin-vue-admin/server/utils/logger/builder.go:64\ngithub.com/flipped-aurora/gin-vue-admin/server/utils/logger.(*Builder).log\n\t/Users/a1/data/go/gin-vue-admin/server/utils/logger/builder.go:75\ngithub.com/flipped-aurora/gin-vue-admin/server/utils/logger.(*Builder).Error\n\t/Users/a1/data/go/gin-vue-admin/server/utils/logger/builder.go:81\ngithub.com/flipped-aurora/gin-vue-admin/server/initialize/internal.(*GormLogger).Trace\n\t/Users/a1/data/go/gin-vue-admin/server/initialize/internal/gorm_logger_writer.go:54\ngorm.io/gorm.(*processor).Execute\n\t/Users/a1/go/pkg/mod/gorm.io/gorm@v1.31.1/callbacks.go:140\ngorm.io/gorm.(*DB).Find\n\t/Users/a1/go/pkg/mod/gorm.io/gorm@v1.31.1/finisher_api.go:172\ngithub.com/flipped-aurora/gin-vue-admin/server/service/quant.(*AiTaskService).dispatchScheduledTasks\n\t/Users/a1/data/go/gin-vue-admin/server/service/quant/ai_task_service.go:421\ngithub.com/flipped-aurora/gin-vue-admin/server/service/quant.StartAiTaskScheduler.func1.1\n\t/Users/a1/data/go/gin-vue-admin/server/service/quant/ai_task_service.go:410"}
github.com/flipped-aurora/gin-vue-admin/server/initialize/internal.(*GormLogger).Trace
	/Users/a1/data/go/gin-vue-admin/server/initialize/internal/gorm_logger_writer.go:54
gorm.io/gorm.(*processor).Execute
	/Users/a1/go/pkg/mod/gorm.io/gorm@v1.31.1/callbacks.go:140
gorm.io/gorm.(*DB).Find
	/Users/a1/go/pkg/mod/gorm.io/gorm@v1.31.1/finisher_api.go:172
github.com/flipped-aurora/gin-vue-admin/server/service/quant.(*AiTaskService).dispatchScheduledTasks
	/Users/a1/data/go/gin-vue-admin/server/service/quant/ai_task_service.go:421
github.com/flipped-aurora/gin-vue-admin/server/service/quant.StartAiTaskScheduler.func1.1
	/Users/a1/data/go/gin-vue-admin/server/service/quant/ai_task_service.go:410
[github.com/flipped-aurora/gin-vue-admin/server]2026-09-10 01:36:22.874	[31merror[0m	/Users/a1/data/go/gin-vue-admin/server/service/quant/ai_task_service.go:422	查询待调度AI任务失败	{"node": "", "app_id": "", "env": "", "error": "invalid connection"}
github.com/flipped-aurora/gin-vue-admin/server/service/quant.(*AiTaskService).dispatchScheduledTasks
	/Users/a1/data/go/gin-vue-admin/server/service/quant/ai_task_service.go:422
github.com/flipped-aurora/gin-vue-admin/server/service/quant.StartAiTaskScheduler.func1.1
	/Users/a1/data/go/gin-vue-admin/server/service/quant/ai_task_service.go:410
[github.com/flipped-aurora/gin-vue-admin/server]2026-09-10 01:37:00.334	[31merror[0m	/Users/a1/data/go/gin-vue-admin/server/initialize/internal/gorm_logger_writer.go:54	SQL 执行错误	{"node": "", "app_id": "", "env": "", "sql": "SELECT * FROM `addon_quant_ai_task` WHERE (status = 4 AND scheduled_at IS NOT NULL AND scheduled_at <= '2026-09-10 01:36:55.055') AND `addon_quant_ai_task`.`deleted_at` IS NULL", "rows": 0, "elapsed_ms": 5277, "mod": "sql", "request_id": "", "trace_id": "", "device_id": "", "client_ip": "", "http_method": "", "http_path": "", "error_msg": "invalid connection", "error_stack": "github.com/flipped-aurora/gin-vue-admin/server/utils/logger.(*Builder).assemble\n\t/Users/a1/data/go/gin-vue-admin/server/utils/logger/builder.go:64\ngithub.com/flipped-aurora/gin-vue-admin/server/utils/logger.(*Builder).log\n\t/Users/a1/data/go/gin-vue-admin/server/utils/logger/builder.go:75\ngithub.com/flipped-aurora/gin-vue-admin/server/utils/logger.(*Builder).Error\n\t/Users/a1/data/go/gin-vue-admin/server/utils/logger/builder.go:81\ngithub.com/flipped-aurora/gin-vue-admin/server/initialize/internal.(*GormLogger).Trace\n\t/Users/a1/data/go/gin-vue-admin/server/initialize/internal/gorm_logger_writer.go:54\ngorm.io/gorm.(*processor).Execute\n\t/Users/a1/go/pkg/mod/gorm.io/gorm@v1.31.1/callbacks.go:140\ngorm.io/gorm.(*DB).Find\n\t/Users/a1/go/pkg/mod/gorm.io/gorm@v1.31.1/finisher_api.go:172\ngithub.com/flipped-aurora/gin-vue-admin/server/service/quant.(*AiTaskService).dispatchScheduledTasks\n\t/Users/a1/data/go/gin-vue-admin/server/service/quant/ai_task_service.go:421\ngithub.com/flipped-aurora/gin-vue-admin/server/service/quant.StartAiTaskScheduler.func1.1\n\t/Users/a1/data/go/gin-vue-admin/server/service/quant/ai_task_service.go:410"}
github.com/flipped-aurora/gin-vue-admin/server/initialize/internal.(*GormLogger).Trace
	/Users/a1/data/go/gin-vue-admin/server/initialize/internal/gorm_logger_writer.go:54
gorm.io/gorm.(*processor).Execute
	/Users/a1/go/pkg/mod/gorm.io/gorm@v1.31.1/callbacks.go:140
gorm.io/gorm.(*DB).Find
	/Users/a1/go/pkg/mod/gorm.io/gorm@v1.31.1/finisher_api.go:172
github.com/flipped-aurora/gin-vue-admin/server/service/quant.(*AiTaskService).dispatchScheduledTasks
	/Users/a1/data/go/gin-vue-admin/server/service/quant/ai_task_service.go:421
github.com/flipped-aurora/gin-vue-admin/server/service/quant.StartAiTaskScheduler.func1.1
	/Users/a1/data/go/gin-vue-admin/server/service/quant/ai_task_service.go:410
[github.com/flipped-aurora/gin-vue-admin/server]2026-09-10 01:37:00.338	[31merror[0m	/Users/a1/data/go/gin-vue-admin/server/service/quant/ai_task_service.go:422	查询待调度AI任务失败	{"node": "", "app_id": "", "env": "", "error": "invalid connection"}
github.com/flipped-aurora/gin-vue-admin/server/service/quant.(*AiTaskService).dispatchScheduledTasks
	/Users/a1/data/go/gin-vue-admin/server/service/quant/ai_task_service.go:422
github.com/flipped-aurora/gin-vue-admin/server/service/quant.StartAiTaskScheduler.func1.1
	/Users/a1/data/go/gin-vue-admin/server/service/quant/ai_task_service.go:410
[github.com/flipped-aurora/gin-vue-admin/server]2026-09-10 01:52:56.090	[31merror[0m	/Users/a1/data/go/gin-vue-admin/server/initialize/internal/gorm_logger_writer.go:54	SQL 执行错误	{"node": "", "app_id": "", "env": "", "sql": "SELECT * FROM `addon_quant_ai_task` WHERE (status = 4 AND scheduled_at IS NOT NULL AND scheduled_at <= '2026-09-10 01:52:34.88') AND `addon_quant_ai_task`.`deleted_at` IS NULL", "rows": 0, "elapsed_ms": 21197, "mod": "sql", "request_id": "", "trace_id": "", "device_id": "", "client_ip": "", "http_method": "", "http_path": "", "error_msg": "invalid connection", "error_stack": "github.com/flipped-aurora/gin-vue-admin/server/utils/logger.(*Builder).assemble\n\t/Users/a1/data/go/gin-vue-admin/server/utils/logger/builder.go:64\ngithub.com/flipped-aurora/gin-vue-admin/server/utils/logger.(*Builder).log\n\t/Users/a1/data/go/gin-vue-admin/server/utils/logger/builder.go:75\ngithub.com/flipped-aurora/gin-vue-admin/server/utils/logger.(*Builder).Error\n\t/Users/a1/data/go/gin-vue-admin/server/utils/logger/builder.go:81\ngithub.com/flipped-aurora/gin-vue-admin/server/initialize/internal.(*GormLogger).Trace\n\t/Users/a1/data/go/gin-vue-admin/server/initialize/internal/gorm_logger_writer.go:54\ngorm.io/gorm.(*processor).Execute\n\t/Users/a1/go/pkg/mod/gorm.io/gorm@v1.31.1/callbacks.go:140\ngorm.io/gorm.(*DB).Find\n\t/Users/a1/go/pkg/mod/gorm.io/gorm@v1.31.1/finisher_api.go:172\ngithub.com/flipped-aurora/gin-vue-admin/server/service/quant.(*AiTaskService).dispatchScheduledTasks\n\t/Users/a1/data/go/gin-vue-admin/server/service/quant/ai_task_service.go:421\ngithub.com/flipped-aurora/gin-vue-admin/server/service/quant.StartAiTaskScheduler.func1.1\n\t/Users/a1/data/go/gin-vue-admin/server/service/quant/ai_task_service.go:410"}
github.com/flipped-aurora/gin-vue-admin/server/initialize/internal.(*GormLogger).Trace
	/Users/a1/data/go/gin-vue-admin/server/initialize/internal/gorm_logger_writer.go:54
gorm.io/gorm.(*processor).Execute
	/Users/a1/go/pkg/mod/gorm.io/gorm@v1.31.1/callbacks.go:140
gorm.io/gorm.(*DB).Find
	/Users/a1/go/pkg/mod/gorm.io/gorm@v1.31.1/finisher_api.go:172
github.com/flipped-aurora/gin-vue-admin/server/service/quant.(*AiTaskService).dispatchScheduledTasks
	/Users/a1/data/go/gin-vue-admin/server/service/quant/ai_task_service.go:421
github.com/flipped-aurora/gin-vue-admin/server/service/quant.StartAiTaskScheduler.func1.1
	/Users/a1/data/go/gin-vue-admin/server/service/quant/ai_task_service.go:410
[github.com/flipped-aurora/gin-vue-admin/server]2026-09-10 01:52:56.093	[31merror[0m	/Users/a1/data/go/gin-vue-admin/server/service/quant/ai_task_service.go:422	查询待调度AI任务失败	{"node": "", "app_id": "", "env": "", "error": "invalid connection"}
github.com/flipped-aurora/gin-vue-admin/server/service/quant.(*AiTaskService).dispatchScheduledTasks
	/Users/a1/data/go/gin-vue-admin/server/service/quant/ai_task_service.go:422
github.com/flipped-aurora/gin-vue-admin/server/service/quant.StartAiTaskScheduler.func1.1
	/Users/a1/data/go/gin-vue-admin/server/service/quant/ai_task_service.go:410
[github.com/flipped-aurora/gin-vue-admin/server]2026-09-10 02:25:39.400	[31merror[0m	/Users/a1/data/go/gin-vue-admin/server/initialize/internal/gorm_logger_writer.go:54	SQL 执行错误	{"node": "", "app_id": "", "env": "", "sql": "SELECT * FROM `addon_quant_ai_task` WHERE (status = 4 AND scheduled_at IS NOT NULL AND scheduled_at <= '2026-09-10 02:10:02.673') AND `addon_quant_ai_task`.`deleted_at` IS NULL", "rows": 0, "elapsed_ms": 31966, "mod": "sql", "request_id": "", "trace_id": "", "device_id": "", "client_ip": "", "http_method": "", "http_path": "", "error_msg": "invalid connection", "error_stack": "github.com/flipped-aurora/gin-vue-admin/server/utils/logger.(*Builder).assemble\n\t/Users/a1/data/go/gin-vue-admin/server/utils/logger/builder.go:64\ngithub.com/flipped-aurora/gin-vue-admin/server/utils/logger.(*Builder).log\n\t/Users/a1/data/go/gin-vue-admin/server/utils/logger/builder.go:75\ngithub.com/flipped-aurora/gin-vue-admin/server/utils/logger.(*Builder).Error\n\t/Users/a1/data/go/gin-vue-admin/server/utils/logger/builder.go:81\ngithub.com/flipped-aurora/gin-vue-admin/server/initialize/internal.(*GormLogger).Trace\n\t/Users/a1/data/go/gin-vue-admin/server/initialize/internal/gorm_logger_writer.go:54\ngorm.io/gorm.(*processor).Execute\n\t/Users/a1/go/pkg/mod/gorm.io/gorm@v1.31.1/callbacks.go:140\ngorm.io/gorm.(*DB).Find\n\t/Users/a1/go/pkg/mod/gorm.io/gorm@v1.31.1/finisher_api.go:172\ngithub.com/flipped-aurora/gin-vue-admin/server/service/quant.(*AiTaskService).dispatchScheduledTasks\n\t/Users/a1/data/go/gin-vue-admin/server/service/quant/ai_task_service.go:421\ngithub.com/flipped-aurora/gin-vue-admin/server/service/quant.StartAiTaskScheduler.func1.1\n\t/Users/a1/data/go/gin-vue-admin/server/service/quant/ai_task_service.go:410"}
github.com/flipped-aurora/gin-vue-admin/server/initialize/internal.(*GormLogger).Trace
	/Users/a1/data/go/gin-vue-admin/server/initialize/internal/gorm_logger_writer.go:54
gorm.io/gorm.(*processor).Execute
	/Users/a1/go/pkg/mod/gorm.io/gorm@v1.31.1/callbacks.go:140
gorm.io/gorm.(*DB).Find
	/Users/a1/go/pkg/mod/gorm.io/gorm@v1.31.1/finisher_api.go:172
github.com/flipped-aurora/gin-vue-admin/server/service/quant.(*AiTaskService).dispatchScheduledTasks
	/Users/a1/data/go/gin-vue-admin/server/service/quant/ai_task_service.go:421
github.com/flipped-aurora/gin-vue-admin/server/service/quant.StartAiTaskScheduler.func1.1
	/Users/a1/data/go/gin-vue-admin/server/service/quant/ai_task_service.go:410
[github.com/flipped-aurora/gin-vue-admin/server]2026-09-10 02:25:39.401	[31merror[0m	/Users/a1/data/go/gin-vue-admin/server/service/quant/ai_task_service.go:422	查询待调度AI任务失败	{"node": "", "app_id": "", "env": "", "error": "invalid connection"}
github.com/flipped-aurora/gin-vue-admin/server/service/quant.(*AiTaskService).dispatchScheduledTasks
	/Users/a1/data/go/gin-vue-admin/server/service/quant/ai_task_service.go:422
github.com/flipped-aurora/gin-vue-admin/server/service/quant.StartAiTaskScheduler.func1.1
	/Users/a1/data/go/gin-vue-admin/server/service/quant/ai_task_service.go:410
[github.com/flipped-aurora/gin-vue-admin/server]2026-09-10 02:55:36.917	[31merror[0m	/Users/a1/data/go/gin-vue-admin/server/initialize/internal/gorm_logger_writer.go:54	SQL 执行错误	{"node": "", "app_id": "", "env": "", "sql": "SELECT * FROM `addon_quant_ai_task` WHERE (status = 4 AND scheduled_at IS NOT NULL AND scheduled_at <= '2026-09-10 02:42:33.079') AND `addon_quant_ai_task`.`deleted_at` IS NULL", "rows": 0, "elapsed_ms": 27938, "mod": "sql", "request_id": "", "trace_id": "", "device_id": "", "client_ip": "", "http_method": "", "http_path": "", "error_msg": "invalid connection", "error_stack": "github.com/flipped-aurora/gin-vue-admin/server/utils/logger.(*Builder).assemble\n\t/Users/a1/data/go/gin-vue-admin/server/utils/logger/builder.go:64\ngithub.com/flipped-aurora/gin-vue-admin/server/utils/logger.(*Builder).log\n\t/Users/a1/data/go/gin-vue-admin/server/utils/logger/builder.go:75\ngithub.com/flipped-aurora/gin-vue-admin/server/utils/logger.(*Builder).Error\n\t/Users/a1/data/go/gin-vue-admin/server/utils/logger/builder.go:81\ngithub.com/flipped-aurora/gin-vue-admin/server/initialize/internal.(*GormLogger).Trace\n\t/Users/a1/data/go/gin-vue-admin/server/initialize/internal/gorm_logger_writer.go:54\ngorm.io/gorm.(*processor).Execute\n\t/Users/a1/go/pkg/mod/gorm.io/gorm@v1.31.1/callbacks.go:140\ngorm.io/gorm.(*DB).Find\n\t/Users/a1/go/pkg/mod/gorm.io/gorm@v1.31.1/finisher_api.go:172\ngithub.com/flipped-aurora/gin-vue-admin/server/service/quant.(*AiTaskService).dispatchScheduledTasks\n\t/Users/a1/data/go/gin-vue-admin/server/service/quant/ai_task_service.go:421\ngithub.com/flipped-aurora/gin-vue-admin/server/service/quant.StartAiTaskScheduler.func1.1\n\t/Users/a1/data/go/gin-vue-admin/server/service/quant/ai_task_service.go:410"}
github.com/flipped-aurora/gin-vue-admin/server/initialize/internal.(*GormLogger).Trace
	/Users/a1/data/go/gin-vue-admin/server/initialize/internal/gorm_logger_writer.go:54
gorm.io/gorm.(*processor).Execute
	/Users/a1/go/pkg/mod/gorm.io/gorm@v1.31.1/callbacks.go:140
gorm.io/gorm.(*DB).Find
	/Users/a1/go/pkg/mod/gorm.io/gorm@v1.31.1/finisher_api.go:172
github.com/flipped-aurora/gin-vue-admin/server/service/quant.(*AiTaskService).dispatchScheduledTasks
	/Users/a1/data/go/gin-vue-admin/server/service/quant/ai_task_service.go:421
github.com/flipped-aurora/gin-vue-admin/server/service/quant.StartAiTaskScheduler.func1.1
	/Users/a1/data/go/gin-vue-admin/server/service/quant/ai_task_service.go:410
[github.com/flipped-aurora/gin-vue-admin/server]2026-09-10 02:55:37.004	[31merror[0m	/Users/a1/data/go/gin-vue-admin/server/service/quant/ai_task_service.go:422	查询待调度AI任务失败	{"node": "", "app_id": "", "env": "", "error": "invalid connection"}
github.com/flipped-aurora/gin-vue-admin/server/service/quant.(*AiTaskService).dispatchScheduledTasks
	/Users/a1/data/go/gin-vue-admin/server/service/quant/ai_task_service.go:422
github.com/flipped-aurora/gin-vue-admin/server/service/quant.StartAiTaskScheduler.func1.1
	/Users/a1/data/go/gin-vue-admin/server/service/quant/ai_task_service.go:410
[github.com/flipped-aurora/gin-vue-admin/server]2026-09-10 03:28:13.203	[31merror[0m	/Users/a1/data/go/gin-vue-admin/server/initialize/internal/gorm_logger_writer.go:54	SQL 执行错误	{"node": "", "app_id": "", "env": "", "sql": "SELECT * FROM `addon_quant_ai_task` WHERE (status = 4 AND scheduled_at IS NOT NULL AND scheduled_at <= '2026-09-10 03:12:04.715') AND `addon_quant_ai_task`.`deleted_at` IS NULL", "rows": 0, "elapsed_ms": 42824, "mod": "sql", "request_id": "", "trace_id": "", "device_id": "", "client_ip": "", "http_method": "", "http_path": "", "error_msg": "invalid connection", "error_stack": "github.com/flipped-aurora/gin-vue-admin/server/utils/logger.(*Builder).assemble\n\t/Users/a1/data/go/gin-vue-admin/server/utils/logger/builder.go:64\ngithub.com/flipped-aurora/gin-vue-admin/server/utils/logger.(*Builder).log\n\t/Users/a1/data/go/gin-vue-admin/server/utils/logger/builder.go:75\ngithub.com/flipped-aurora/gin-vue-admin/server/utils/logger.(*Builder).Error\n\t/Users/a1/data/go/gin-vue-admin/server/utils/logger/builder.go:81\ngithub.com/flipped-aurora/gin-vue-admin/server/initialize/internal.(*GormLogger).Trace\n\t/Users/a1/data/go/gin-vue-admin/server/initialize/internal/gorm_logger_writer.go:54\ngorm.io/gorm.(*processor).Execute\n\t/Users/a1/go/pkg/mod/gorm.io/gorm@v1.31.1/callbacks.go:140\ngorm.io/gorm.(*DB).Find\n\t/Users/a1/go/pkg/mod/gorm.io/gorm@v1.31.1/finisher_api.go:172\ngithub.com/flipped-aurora/gin-vue-admin/server/service/quant.(*AiTaskService).dispatchScheduledTasks\n\t/Users/a1/data/go/gin-vue-admin/server/service/quant/ai_task_service.go:421\ngithub.com/flipped-aurora/gin-vue-admin/server/service/quant.StartAiTaskScheduler.func1.1\n\t/Users/a1/data/go/gin-vue-admin/server/service/quant/ai_task_service.go:410"}
github.com/flipped-aurora/gin-vue-admin/server/initialize/internal.(*GormLogger).Trace
	/Users/a1/data/go/gin-vue-admin/server/initialize/internal/gorm_logger_writer.go:54
gorm.io/gorm.(*processor).Execute
	/Users/a1/go/pkg/mod/gorm.io/gorm@v1.31.1/callbacks.go:140
gorm.io/gorm.(*DB).Find
	/Users/a1/go/pkg/mod/gorm.io/gorm@v1.31.1/finisher_api.go:172
github.com/flipped-aurora/gin-vue-admin/server/service/quant.(*AiTaskService).dispatchScheduledTasks
	/Users/a1/data/go/gin-vue-admin/server/service/quant/ai_task_service.go:421
github.com/flipped-aurora/gin-vue-admin/server/service/quant.StartAiTaskScheduler.func1.1
	/Users/a1/data/go/gin-vue-admin/server/service/quant/ai_task_service.go:410
[github.com/flipped-aurora/gin-vue-admin/server]2026-09-10 03:28:13.203	[31merror[0m	/Users/a1/data/go/gin-vue-admin/server/service/quant/ai_task_service.go:422	查询待调度AI任务失败	{"node": "", "app_id": "", "env": "", "error": "invalid connection"}
github.com/flipped-aurora/gin-vue-admin/server/service/quant.(*AiTaskService).dispatchScheduledTasks
	/Users/a1/data/go/gin-vue-admin/server/service/quant/ai_task_service.go:422
github.com/flipped-aurora/gin-vue-admin/server/service/quant.StartAiTaskScheduler.func1.1
	/Users/a1/data/go/gin-vue-admin/server/service/quant/ai_task_service.go:410
[github.com/flipped-aurora/gin-vue-admin/server]2026-09-10 04:00:41.020	[31merror[0m	/Users/a1/data/go/gin-vue-admin/server/initialize/internal/gorm_logger_writer.go:54	SQL 执行错误	{"node": "", "app_id": "", "env": "", "sql": "SELECT * FROM `addon_quant_ai_task` WHERE (status = 4 AND scheduled_at IS NOT NULL AND scheduled_at <= '2026-09-10 03:44:26.125') AND `addon_quant_ai_task`.`deleted_at` IS NULL", "rows": 0, "elapsed_ms": 49269, "mod": "sql", "request_id": "", "trace_id": "", "device_id": "", "client_ip": "", "http_method": "", "http_path": "", "error_msg": "invalid connection", "error_stack": "github.com/flipped-aurora/gin-vue-admin/server/utils/logger.(*Builder).assemble\n\t/Users/a1/data/go/gin-vue-admin/server/utils/logger/builder.go:64\ngithub.com/flipped-aurora/gin-vue-admin/server/utils/logger.(*Builder).log\n\t/Users/a1/data/go/gin-vue-admin/server/utils/logger/builder.go:75\ngithub.com/flipped-aurora/gin-vue-admin/server/utils/logger.(*Builder).Error\n\t/Users/a1/data/go/gin-vue-admin/server/utils/logger/builder.go:81\ngithub.com/flipped-aurora/gin-vue-admin/server/initialize/internal.(*GormLogger).Trace\n\t/Users/a1/data/go/gin-vue-admin/server/initialize/internal/gorm_logger_writer.go:54\ngorm.io/gorm.(*processor).Execute\n\t/Users/a1/go/pkg/mod/gorm.io/gorm@v1.31.1/callbacks.go:140\ngorm.io/gorm.(*DB).Find\n\t/Users/a1/go/pkg/mod/gorm.io/gorm@v1.31.1/finisher_api.go:172\ngithub.com/flipped-aurora/gin-vue-admin/server/service/quant.(*AiTaskService).dispatchScheduledTasks\n\t/Users/a1/data/go/gin-vue-admin/server/service/quant/ai_task_service.go:421\ngithub.com/flipped-aurora/gin-vue-admin/server/service/quant.StartAiTaskScheduler.func1.1\n\t/Users/a1/data/go/gin-vue-admin/server/service/quant/ai_task_service.go:410"}
github.com/flipped-aurora/gin-vue-admin/server/initialize/internal.(*GormLogger).Trace
	/Users/a1/data/go/gin-vue-admin/server/initialize/internal/gorm_logger_writer.go:54
gorm.io/gorm.(*processor).Execute
	/Users/a1/go/pkg/mod/gorm.io/gorm@v1.31.1/callbacks.go:140
gorm.io/gorm.(*DB).Find
	/Users/a1/go/pkg/mod/gorm.io/gorm@v1.31.1/finisher_api.go:172
github.com/flipped-aurora/gin-vue-admin/server/service/quant.(*AiTaskService).dispatchScheduledTasks
	/Users/a1/data/go/gin-vue-admin/server/service/quant/ai_task_service.go:421
github.com/flipped-aurora/gin-vue-admin/server/service/quant.StartAiTaskScheduler.func1.1
	/Users/a1/data/go/gin-vue-admin/server/service/quant/ai_task_service.go:410
[github.com/flipped-aurora/gin-vue-admin/server]2026-09-10 04:00:41.021	[31merror[0m	/Users/a1/data/go/gin-vue-admin/server/service/quant/ai_task_service.go:422	查询待调度AI任务失败	{"node": "", "app_id": "", "env": "", "error": "invalid connection"}
github.com/flipped-aurora/gin-vue-admin/server/service/quant.(*AiTaskService).dispatchScheduledTasks
	/Users/a1/data/go/gin-vue-admin/server/service/quant/ai_task_service.go:422
github.com/flipped-aurora/gin-vue-admin/server/service/quant.StartAiTaskScheduler.func1.1
	/Users/a1/data/go/gin-vue-admin/server/service/quant/ai_task_service.go:410
[github.com/flipped-aurora/gin-vue-admin/server]2026-09-10 04:33:14.982	[31merror[0m	/Users/a1/data/go/gin-vue-admin/server/initialize/internal/gorm_logger_writer.go:54	SQL 执行错误	{"node": "", "app_id": "", "env": "", "sql": "SELECT * FROM `addon_quant_ai_task` WHERE (status = 4 AND scheduled_at IS NOT NULL AND scheduled_at <= '2026-09-10 04:17:17.24') AND `addon_quant_ai_task`.`deleted_at` IS NULL", "rows": 0, "elapsed_ms": 32078, "mod": "sql", "request_id": "", "trace_id": "", "device_id": "", "client_ip": "", "http_method": "", "http_path": "", "error_msg": "invalid connection", "error_stack": "github.com/flipped-aurora/gin-vue-admin/server/utils/logger.(*Builder).assemble\n\t/Users/a1/data/go/gin-vue-admin/server/utils/logger/builder.go:64\ngithub.com/flipped-aurora/gin-vue-admin/server/utils/logger.(*Builder).log\n\t/Users/a1/data/go/gin-vue-admin/server/utils/logger/builder.go:75\ngithub.com/flipped-aurora/gin-vue-admin/server/utils/logger.(*Builder).Error\n\t/Users/a1/data/go/gin-vue-admin/server/utils/logger/builder.go:81\ngithub.com/flipped-aurora/gin-vue-admin/server/initialize/internal.(*GormLogger).Trace\n\t/Users/a1/data/go/gin-vue-admin/server/initialize/internal/gorm_logger_writer.go:54\ngorm.io/gorm.(*processor).Execute\n\t/Users/a1/go/pkg/mod/gorm.io/gorm@v1.31.1/callbacks.go:140\ngorm.io/gorm.(*DB).Find\n\t/Users/a1/go/pkg/mod/gorm.io/gorm@v1.31.1/finisher_api.go:172\ngithub.com/flipped-aurora/gin-vue-admin/server/service/quant.(*AiTaskService).dispatchScheduledTasks\n\t/Users/a1/data/go/gin-vue-admin/server/service/quant/ai_task_service.go:421\ngithub.com/flipped-aurora/gin-vue-admin/server/service/quant.StartAiTaskScheduler.func1.1\n\t/Users/a1/data/go/gin-vue-admin/server/service/quant/ai_task_service.go:410"}
github.com/flipped-aurora/gin-vue-admin/server/initialize/internal.(*GormLogger).Trace
	/Users/a1/data/go/gin-vue-admin/server/initialize/internal/gorm_logger_writer.go:54
gorm.io/gorm.(*processor).Execute
	/Users/a1/go/pkg/mod/gorm.io/gorm@v1.31.1/callbacks.go:140
gorm.io/gorm.(*DB).Find
	/Users/a1/go/pkg/mod/gorm.io/gorm@v1.31.1/finisher_api.go:172
github.com/flipped-aurora/gin-vue-admin/server/service/quant.(*AiTaskService).dispatchScheduledTasks
	/Users/a1/data/go/gin-vue-admin/server/service/quant/ai_task_service.go:421
github.com/flipped-aurora/gin-vue-admin/server/service/quant.StartAiTaskScheduler.func1.1
	/Users/a1/data/go/gin-vue-admin/server/service/quant/ai_task_service.go:410
[github.com/flipped-aurora/gin-vue-admin/server]2026-09-10 04:33:14.982	[31merror[0m	/Users/a1/data/go/gin-vue-admin/server/service/quant/ai_task_service.go:422	查询待调度AI任务失败	{"node": "", "app_id": "", "env": "", "error": "invalid connection"}
github.com/flipped-aurora/gin-vue-admin/server/service/quant.(*AiTaskService).dispatchScheduledTasks
	/Users/a1/data/go/gin-vue-admin/server/service/quant/ai_task_service.go:422
github.com/flipped-aurora/gin-vue-admin/server/service/quant.StartAiTaskScheduler.func1.1
	/Users/a1/data/go/gin-vue-admin/server/service/quant/ai_task_service.go:410
[github.com/flipped-aurora/gin-vue-admin/server]2026-09-10 04:59:45.500	[31merror[0m	/Users/a1/data/go/gin-vue-admin/server/initialize/internal/gorm_logger_writer.go:54	SQL 执行错误	{"node": "", "app_id": "", "env": "", "sql": "SELECT * FROM `addon_quant_ai_task` WHERE (status = 4 AND scheduled_at IS NOT NULL AND scheduled_at <= '2026-09-10 04:49:38.521') AND `addon_quant_ai_task`.`deleted_at` IS NULL", "rows": 0, "elapsed_ms": 136329, "mod": "sql", "request_id": "", "trace_id": "", "device_id": "", "client_ip": "", "http_method": "", "http_path": "", "error_msg": "invalid connection", "error_stack": "github.com/flipped-aurora/gin-vue-admin/server/utils/logger.(*Builder).assemble\n\t/Users/a1/data/go/gin-vue-admin/server/utils/logger/builder.go:64\ngithub.com/flipped-aurora/gin-vue-admin/server/utils/logger.(*Builder).log\n\t/Users/a1/data/go/gin-vue-admin/server/utils/logger/builder.go:75\ngithub.com/flipped-aurora/gin-vue-admin/server/utils/logger.(*Builder).Error\n\t/Users/a1/data/go/gin-vue-admin/server/utils/logger/builder.go:81\ngithub.com/flipped-aurora/gin-vue-admin/server/initialize/internal.(*GormLogger).Trace\n\t/Users/a1/data/go/gin-vue-admin/server/initialize/internal/gorm_logger_writer.go:54\ngorm.io/gorm.(*processor).Execute\n\t/Users/a1/go/pkg/mod/gorm.io/gorm@v1.31.1/callbacks.go:140\ngorm.io/gorm.(*DB).Find\n\t/Users/a1/go/pkg/mod/gorm.io/gorm@v1.31.1/finisher_api.go:172\ngithub.com/flipped-aurora/gin-vue-admin/server/service/quant.(*AiTaskService).dispatchScheduledTasks\n\t/Users/a1/data/go/gin-vue-admin/server/service/quant/ai_task_service.go:421\ngithub.com/flipped-aurora/gin-vue-admin/server/service/quant.StartAiTaskScheduler.func1.1\n\t/Users/a1/data/go/gin-vue-admin/server/service/quant/ai_task_service.go:410"}
github.com/flipped-aurora/gin-vue-admin/server/initialize/internal.(*GormLogger).Trace
	/Users/a1/data/go/gin-vue-admin/server/initialize/internal/gorm_logger_writer.go:54
gorm.io/gorm.(*processor).Execute
	/Users/a1/go/pkg/mod/gorm.io/gorm@v1.31.1/callbacks.go:140
gorm.io/gorm.(*DB).Find
	/Users/a1/go/pkg/mod/gorm.io/gorm@v1.31.1/finisher_api.go:172
github.com/flipped-aurora/gin-vue-admin/server/service/quant.(*AiTaskService).dispatchScheduledTasks
	/Users/a1/data/go/gin-vue-admin/server/service/quant/ai_task_service.go:421
github.com/flipped-aurora/gin-vue-admin/server/service/quant.StartAiTaskScheduler.func1.1
	/Users/a1/data/go/gin-vue-admin/server/service/quant/ai_task_service.go:410
[github.com/flipped-aurora/gin-vue-admin/server]2026-09-10 04:59:45.501	[31merror[0m	/Users/a1/data/go/gin-vue-admin/server/service/quant/ai_task_service.go:422	查询待调度AI任务失败	{"node": "", "app_id": "", "env": "", "error": "invalid connection"}
github.com/flipped-aurora/gin-vue-admin/server/service/quant.(*AiTaskService).dispatchScheduledTasks
	/Users/a1/data/go/gin-vue-admin/server/service/quant/ai_task_service.go:422
github.com/flipped-aurora/gin-vue-admin/server/service/quant.StartAiTaskScheduler.func1.1
	/Users/a1/data/go/gin-vue-admin/server/service/quant/ai_task_service.go:410
[github.com/flipped-aurora/gin-vue-admin/server]2026-09-10 05:32:07.364	[31merror[0m	/Users/a1/data/go/gin-vue-admin/server/initialize/internal/gorm_logger_writer.go:54	SQL 执行错误	{"node": "", "app_id": "", "env": "", "sql": "SELECT * FROM `addon_quant_ai_task` WHERE (status = 4 AND scheduled_at IS NOT NULL AND scheduled_at <= '2026-09-10 05:15:54.887') AND `addon_quant_ai_task`.`deleted_at` IS NULL", "rows": 0, "elapsed_ms": 46917, "mod": "sql", "request_id": "", "trace_id": "", "device_id": "", "client_ip": "", "http_method": "", "http_path": "", "error_msg": "invalid connection", "error_stack": "github.com/flipped-aurora/gin-vue-admin/server/utils/logger.(*Builder).assemble\n\t/Users/a1/data/go/gin-vue-admin/server/utils/logger/builder.go:64\ngithub.com/flipped-aurora/gin-vue-admin/server/utils/logger.(*Builder).log\n\t/Users/a1/data/go/gin-vue-admin/server/utils/logger/builder.go:75\ngithub.com/flipped-aurora/gin-vue-admin/server/utils/logger.(*Builder).Error\n\t/Users/a1/data/go/gin-vue-admin/server/utils/logger/builder.go:81\ngithub.com/flipped-aurora/gin-vue-admin/server/initialize/internal.(*GormLogger).Trace\n\t/Users/a1/data/go/gin-vue-admin/server/initialize/internal/gorm_logger_writer.go:54\ngorm.io/gorm.(*processor).Execute\n\t/Users/a1/go/pkg/mod/gorm.io/gorm@v1.31.1/callbacks.go:140\ngorm.io/gorm.(*DB).Find\n\t/Users/a1/go/pkg/mod/gorm.io/gorm@v1.31.1/finisher_api.go:172\ngithub.com/flipped-aurora/gin-vue-admin/server/service/quant.(*AiTaskService).dispatchScheduledTasks\n\t/Users/a1/data/go/gin-vue-admin/server/service/quant/ai_task_service.go:421\ngithub.com/flipped-aurora/gin-vue-admin/server/service/quant.StartAiTaskScheduler.func1.1\n\t/Users/a1/data/go/gin-vue-admin/server/service/quant/ai_task_service.go:410"}
github.com/flipped-aurora/gin-vue-admin/server/initialize/internal.(*GormLogger).Trace
	/Users/a1/data/go/gin-vue-admin/server/initialize/internal/gorm_logger_writer.go:54
gorm.io/gorm.(*processor).Execute
	/Users/a1/go/pkg/mod/gorm.io/gorm@v1.31.1/callbacks.go:140
gorm.io/gorm.(*DB).Find
	/Users/a1/go/pkg/mod/gorm.io/gorm@v1.31.1/finisher_api.go:172
github.com/flipped-aurora/gin-vue-admin/server/service/quant.(*AiTaskService).dispatchScheduledTasks
	/Users/a1/data/go/gin-vue-admin/server/service/quant/ai_task_service.go:421
github.com/flipped-aurora/gin-vue-admin/server/service/quant.StartAiTaskScheduler.func1.1
	/Users/a1/data/go/gin-vue-admin/server/service/quant/ai_task_service.go:410
[github.com/flipped-aurora/gin-vue-admin/server]2026-09-10 05:32:07.364	[31merror[0m	/Users/a1/data/go/gin-vue-admin/server/service/quant/ai_task_service.go:422	查询待调度AI任务失败	{"node": "", "app_id": "", "env": "", "error": "invalid connection"}
github.com/flipped-aurora/gin-vue-admin/server/service/quant.(*AiTaskService).dispatchScheduledTasks
	/Users/a1/data/go/gin-vue-admin/server/service/quant/ai_task_service.go:422
github.com/flipped-aurora/gin-vue-admin/server/service/quant.StartAiTaskScheduler.func1.1
	/Users/a1/data/go/gin-vue-admin/server/service/quant/ai_task_service.go:410
[github.com/flipped-aurora/gin-vue-admin/server]2026-09-10 06:04:25.944	[31merror[0m	/Users/a1/data/go/gin-vue-admin/server/initialize/internal/gorm_logger_writer.go:54	SQL 执行错误	{"node": "", "app_id": "", "env": "", "sql": "SELECT * FROM `addon_quant_ai_task` WHERE (status = 4 AND scheduled_at IS NOT NULL AND scheduled_at <= '2026-09-10 05:48:46.17') AND `addon_quant_ai_task`.`deleted_at` IS NULL", "rows": 0, "elapsed_ms": 34986, "mod": "sql", "request_id": "", "trace_id": "", "device_id": "", "client_ip": "", "http_method": "", "http_path": "", "error_msg": "invalid connection", "error_stack": "github.com/flipped-aurora/gin-vue-admin/server/utils/logger.(*Builder).assemble\n\t/Users/a1/data/go/gin-vue-admin/server/utils/logger/builder.go:64\ngithub.com/flipped-aurora/gin-vue-admin/server/utils/logger.(*Builder).log\n\t/Users/a1/data/go/gin-vue-admin/server/utils/logger/builder.go:75\ngithub.com/flipped-aurora/gin-vue-admin/server/utils/logger.(*Builder).Error\n\t/Users/a1/data/go/gin-vue-admin/server/utils/logger/builder.go:81\ngithub.com/flipped-aurora/gin-vue-admin/server/initialize/internal.(*GormLogger).Trace\n\t/Users/a1/data/go/gin-vue-admin/server/initialize/internal/gorm_logger_writer.go:54\ngorm.io/gorm.(*processor).Execute\n\t/Users/a1/go/pkg/mod/gorm.io/gorm@v1.31.1/callbacks.go:140\ngorm.io/gorm.(*DB).Find\n\t/Users/a1/go/pkg/mod/gorm.io/gorm@v1.31.1/finisher_api.go:172\ngithub.com/flipped-aurora/gin-vue-admin/server/service/quant.(*AiTaskService).dispatchScheduledTasks\n\t/Users/a1/data/go/gin-vue-admin/server/service/quant/ai_task_service.go:421\ngithub.com/flipped-aurora/gin-vue-admin/server/service/quant.StartAiTaskScheduler.func1.1\n\t/Users/a1/data/go/gin-vue-admin/server/service/quant/ai_task_service.go:410"}
github.com/flipped-aurora/gin-vue-admin/server/initialize/internal.(*GormLogger).Trace
	/Users/a1/data/go/gin-vue-admin/server/initialize/internal/gorm_logger_writer.go:54
gorm.io/gorm.(*processor).Execute
	/Users/a1/go/pkg/mod/gorm.io/gorm@v1.31.1/callbacks.go:140
gorm.io/gorm.(*DB).Find
	/Users/a1/go/pkg/mod/gorm.io/gorm@v1.31.1/finisher_api.go:172
github.com/flipped-aurora/gin-vue-admin/server/service/quant.(*AiTaskService).dispatchScheduledTasks
	/Users/a1/data/go/gin-vue-admin/server/service/quant/ai_task_service.go:421
github.com/flipped-aurora/gin-vue-admin/server/service/quant.StartAiTaskScheduler.func1.1
	/Users/a1/data/go/gin-vue-admin/server/service/quant/ai_task_service.go:410
[github.com/flipped-aurora/gin-vue-admin/server]2026-09-10 06:04:25.962	[31merror[0m	/Users/a1/data/go/gin-vue-admin/server/service/quant/ai_task_service.go:422	查询待调度AI任务失败	{"node": "", "app_id": "", "env": "", "error": "invalid connection"}
github.com/flipped-aurora/gin-vue-admin/server/service/quant.(*AiTaskService).dispatchScheduledTasks
	/Users/a1/data/go/gin-vue-admin/server/service/quant/ai_task_service.go:422
github.com/flipped-aurora/gin-vue-admin/server/service/quant.StartAiTaskScheduler.func1.1
	/Users/a1/data/go/gin-vue-admin/server/service/quant/ai_task_service.go:410
[github.com/flipped-aurora/gin-vue-admin/server]2026-09-10 07:04:34.536	[31merror[0m	/Users/a1/data/go/gin-vue-admin/server/initialize/internal/gorm_logger_writer.go:54	SQL 执行错误	{"node": "", "app_id": "", "env": "", "sql": "SELECT * FROM `addon_quant_ai_task` WHERE (status = 4 AND scheduled_at IS NOT NULL AND scheduled_at <= '2026-09-10 06:48:20.035') AND `addon_quant_ai_task`.`deleted_at` IS NULL", "rows": 0, "elapsed_ms": 48720, "mod": "sql", "request_id": "", "trace_id": "", "device_id": "", "client_ip": "", "http_method": "", "http_path": "", "error_msg": "invalid connection", "error_stack": "github.com/flipped-aurora/gin-vue-admin/server/utils/logger.(*Builder).assemble\n\t/Users/a1/data/go/gin-vue-admin/server/utils/logger/builder.go:64\ngithub.com/flipped-aurora/gin-vue-admin/server/utils/logger.(*Builder).log\n\t/Users/a1/data/go/gin-vue-admin/server/utils/logger/builder.go:75\ngithub.com/flipped-aurora/gin-vue-admin/server/utils/logger.(*Builder).Error\n\t/Users/a1/data/go/gin-vue-admin/server/utils/logger/builder.go:81\ngithub.com/flipped-aurora/gin-vue-admin/server/initialize/internal.(*GormLogger).Trace\n\t/Users/a1/data/go/gin-vue-admin/server/initialize/internal/gorm_logger_writer.go:54\ngorm.io/gorm.(*processor).Execute\n\t/Users/a1/go/pkg/mod/gorm.io/gorm@v1.31.1/callbacks.go:140\ngorm.io/gorm.(*DB).Find\n\t/Users/a1/go/pkg/mod/gorm.io/gorm@v1.31.1/finisher_api.go:172\ngithub.com/flipped-aurora/gin-vue-admin/server/service/quant.(*AiTaskService).dispatchScheduledTasks\n\t/Users/a1/data/go/gin-vue-admin/server/service/quant/ai_task_service.go:421\ngithub.com/flipped-aurora/gin-vue-admin/server/service/quant.StartAiTaskScheduler.func1.1\n\t/Users/a1/data/go/gin-vue-admin/server/service/quant/ai_task_service.go:410"}
github.com/flipped-aurora/gin-vue-admin/server/initialize/internal.(*GormLogger).Trace
	/Users/a1/data/go/gin-vue-admin/server/initialize/internal/gorm_logger_writer.go:54
gorm.io/gorm.(*processor).Execute
	/Users/a1/go/pkg/mod/gorm.io/gorm@v1.31.1/callbacks.go:140
gorm.io/gorm.(*DB).Find
	/Users/a1/go/pkg/mod/gorm.io/gorm@v1.31.1/finisher_api.go:172
github.com/flipped-aurora/gin-vue-admin/server/service/quant.(*AiTaskService).dispatchScheduledTasks
	/Users/a1/data/go/gin-vue-admin/server/service/quant/ai_task_service.go:421
github.com/flipped-aurora/gin-vue-admin/server/service/quant.StartAiTaskScheduler.func1.1
	/Users/a1/data/go/gin-vue-admin/server/service/quant/ai_task_service.go:410
[github.com/flipped-aurora/gin-vue-admin/server]2026-09-10 07:04:34.537	[31merror[0m	/Users/a1/data/go/gin-vue-admin/server/service/quant/ai_task_service.go:422	查询待调度AI任务失败	{"node": "", "app_id": "", "env": "", "error": "invalid connection"}
github.com/flipped-aurora/gin-vue-admin/server/service/quant.(*AiTaskService).dispatchScheduledTasks
	/Users/a1/data/go/gin-vue-admin/server/service/quant/ai_task_service.go:422
github.com/flipped-aurora/gin-vue-admin/server/service/quant.StartAiTaskScheduler.func1.1
	/Users/a1/data/go/gin-vue-admin/server/service/quant/ai_task_service.go:410
[github.com/flipped-aurora/gin-vue-admin/server]2026-09-10 07:31:44.553	[31merror[0m	/Users/a1/data/go/gin-vue-admin/server/initialize/internal/gorm_logger_writer.go:54	SQL 执行错误	{"node": "", "app_id": "", "env": "", "sql": "SELECT * FROM `addon_quant_ai_task` WHERE (status = 4 AND scheduled_at IS NOT NULL AND scheduled_at <= '2026-09-10 07:21:11.55') AND `addon_quant_ai_task`.`deleted_at` IS NULL", "rows": 0, "elapsed_ms": 52098, "mod": "sql", "request_id": "", "trace_id": "", "device_id": "", "client_ip": "", "http_method": "", "http_path": "", "error_msg": "invalid connection", "error_stack": "github.com/flipped-aurora/gin-vue-admin/server/utils/logger.(*Builder).assemble\n\t/Users/a1/data/go/gin-vue-admin/server/utils/logger/builder.go:64\ngithub.com/flipped-aurora/gin-vue-admin/server/utils/logger.(*Builder).log\n\t/Users/a1/data/go/gin-vue-admin/server/utils/logger/builder.go:75\ngithub.com/flipped-aurora/gin-vue-admin/server/utils/logger.(*Builder).Error\n\t/Users/a1/data/go/gin-vue-admin/server/utils/logger/builder.go:81\ngithub.com/flipped-aurora/gin-vue-admin/server/initialize/internal.(*GormLogger).Trace\n\t/Users/a1/data/go/gin-vue-admin/server/initialize/internal/gorm_logger_writer.go:54\ngorm.io/gorm.(*processor).Execute\n\t/Users/a1/go/pkg/mod/gorm.io/gorm@v1.31.1/callbacks.go:140\ngorm.io/gorm.(*DB).Find\n\t/Users/a1/go/pkg/mod/gorm.io/gorm@v1.31.1/finisher_api.go:172\ngithub.com/flipped-aurora/gin-vue-admin/server/service/quant.(*AiTaskService).dispatchScheduledTasks\n\t/Users/a1/data/go/gin-vue-admin/server/service/quant/ai_task_service.go:421\ngithub.com/flipped-aurora/gin-vue-admin/server/service/quant.StartAiTaskScheduler.func1.1\n\t/Users/a1/data/go/gin-vue-admin/server/service/quant/ai_task_service.go:410"}
github.com/flipped-aurora/gin-vue-admin/server/initialize/internal.(*GormLogger).Trace
	/Users/a1/data/go/gin-vue-admin/server/initialize/internal/gorm_logger_writer.go:54
gorm.io/gorm.(*processor).Execute
	/Users/a1/go/pkg/mod/gorm.io/gorm@v1.31.1/callbacks.go:140
gorm.io/gorm.(*DB).Find
	/Users/a1/go/pkg/mod/gorm.io/gorm@v1.31.1/finisher_api.go:172
github.com/flipped-aurora/gin-vue-admin/server/service/quant.(*AiTaskService).dispatchScheduledTasks
	/Users/a1/data/go/gin-vue-admin/server/service/quant/ai_task_service.go:421
github.com/flipped-aurora/gin-vue-admin/server/service/quant.StartAiTaskScheduler.func1.1
	/Users/a1/data/go/gin-vue-admin/server/service/quant/ai_task_service.go:410
[github.com/flipped-aurora/gin-vue-admin/server]2026-09-10 07:31:44.572	[31merror[0m	/Users/a1/data/go/gin-vue-admin/server/service/quant/ai_task_service.go:422	查询待调度AI任务失败	{"node": "", "app_id": "", "env": "", "error": "invalid connection"}
github.com/flipped-aurora/gin-vue-admin/server/service/quant.(*AiTaskService).dispatchScheduledTasks
	/Users/a1/data/go/gin-vue-admin/server/service/quant/ai_task_service.go:422
github.com/flipped-aurora/gin-vue-admin/server/service/quant.StartAiTaskScheduler.func1.1
	/Users/a1/data/go/gin-vue-admin/server/service/quant/ai_task_service.go:410
[github.com/flipped-aurora/gin-vue-admin/server]2026-09-10 08:04:06.481	[31merror[0m	/Users/a1/data/go/gin-vue-admin/server/initialize/internal/gorm_logger_writer.go:54	SQL 执行错误	{"node": "", "app_id": "", "env": "", "sql": "SELECT * FROM `addon_quant_ai_task` WHERE (status = 4 AND scheduled_at IS NOT NULL AND scheduled_at <= '2026-09-10 07:47:48.171') AND `addon_quant_ai_task`.`deleted_at` IS NULL", "rows": 0, "elapsed_ms": 52629, "mod": "sql", "request_id": "", "trace_id": "", "device_id": "", "client_ip": "", "http_method": "", "http_path": "", "error_msg": "invalid connection", "error_stack": "github.com/flipped-aurora/gin-vue-admin/server/utils/logger.(*Builder).assemble\n\t/Users/a1/data/go/gin-vue-admin/server/utils/logger/builder.go:64\ngithub.com/flipped-aurora/gin-vue-admin/server/utils/logger.(*Builder).log\n\t/Users/a1/data/go/gin-vue-admin/server/utils/logger/builder.go:75\ngithub.com/flipped-aurora/gin-vue-admin/server/utils/logger.(*Builder).Error\n\t/Users/a1/data/go/gin-vue-admin/server/utils/logger/builder.go:81\ngithub.com/flipped-aurora/gin-vue-admin/server/initialize/internal.(*GormLogger).Trace\n\t/Users/a1/data/go/gin-vue-admin/server/initialize/internal/gorm_logger_writer.go:54\ngorm.io/gorm.(*processor).Execute\n\t/Users/a1/go/pkg/mod/gorm.io/gorm@v1.31.1/callbacks.go:140\ngorm.io/gorm.(*DB).Find\n\t/Users/a1/go/pkg/mod/gorm.io/gorm@v1.31.1/finisher_api.go:172\ngithub.com/flipped-aurora/gin-vue-admin/server/service/quant.(*AiTaskService).dispatchScheduledTasks\n\t/Users/a1/data/go/gin-vue-admin/server/service/quant/ai_task_service.go:421\ngithub.com/flipped-aurora/gin-vue-admin/server/service/quant.StartAiTaskScheduler.func1.1\n\t/Users/a1/data/go/gin-vue-admin/server/service/quant/ai_task_service.go:410"}
github.com/flipped-aurora/gin-vue-admin/server/initialize/internal.(*GormLogger).Trace
	/Users/a1/data/go/gin-vue-admin/server/initialize/internal/gorm_logger_writer.go:54
gorm.io/gorm.(*processor).Execute
	/Users/a1/go/pkg/mod/gorm.io/gorm@v1.31.1/callbacks.go:140
gorm.io/gorm.(*DB).Find
	/Users/a1/go/pkg/mod/gorm.io/gorm@v1.31.1/finisher_api.go:172
github.com/flipped-aurora/gin-vue-admin/server/service/quant.(*AiTaskService).dispatchScheduledTasks
	/Users/a1/data/go/gin-vue-admin/server/service/quant/ai_task_service.go:421
github.com/flipped-aurora/gin-vue-admin/server/service/quant.StartAiTaskScheduler.func1.1
	/Users/a1/data/go/gin-vue-admin/server/service/quant/ai_task_service.go:410
[github.com/flipped-aurora/gin-vue-admin/server]2026-09-10 08:04:06.485	[31merror[0m	/Users/a1/data/go/gin-vue-admin/server/service/quant/ai_task_service.go:422	查询待调度AI任务失败	{"node": "", "app_id": "", "env": "", "error": "invalid connection"}
github.com/flipped-aurora/gin-vue-admin/server/service/quant.(*AiTaskService).dispatchScheduledTasks
	/Users/a1/data/go/gin-vue-admin/server/service/quant/ai_task_service.go:422
github.com/flipped-aurora/gin-vue-admin/server/service/quant.StartAiTaskScheduler.func1.1
	/Users/a1/data/go/gin-vue-admin/server/service/quant/ai_task_service.go:410
[github.com/flipped-aurora/gin-vue-admin/server]2026-09-10 08:28:25.773	[31merror[0m	/Users/a1/data/go/gin-vue-admin/server/initialize/internal/gorm_logger_writer.go:54	SQL 执行错误	{"node": "", "app_id": "", "env": "", "sql": "SELECT * FROM `addon_quant_ai_task` WHERE (status = 4 AND scheduled_at IS NOT NULL AND scheduled_at <= '2026-09-10 08:20:09.513') AND `addon_quant_ai_task`.`deleted_at` IS NULL", "rows": 0, "elapsed_ms": 115960, "mod": "sql", "request_id": "", "trace_id": "", "device_id": "", "client_ip": "", "http_method": "", "http_path": "", "error_msg": "invalid connection", "error_stack": "github.com/flipped-aurora/gin-vue-admin/server/utils/logger.(*Builder).assemble\n\t/Users/a1/data/go/gin-vue-admin/server/utils/logger/builder.go:64\ngithub.com/flipped-aurora/gin-vue-admin/server/utils/logger.(*Builder).log\n\t/Users/a1/data/go/gin-vue-admin/server/utils/logger/builder.go:75\ngithub.com/flipped-aurora/gin-vue-admin/server/utils/logger.(*Builder).Error\n\t/Users/a1/data/go/gin-vue-admin/server/utils/logger/builder.go:81\ngithub.com/flipped-aurora/gin-vue-admin/server/initialize/internal.(*GormLogger).Trace\n\t/Users/a1/data/go/gin-vue-admin/server/initialize/internal/gorm_logger_writer.go:54\ngorm.io/gorm.(*processor).Execute\n\t/Users/a1/go/pkg/mod/gorm.io/gorm@v1.31.1/callbacks.go:140\ngorm.io/gorm.(*DB).Find\n\t/Users/a1/go/pkg/mod/gorm.io/gorm@v1.31.1/finisher_api.go:172\ngithub.com/flipped-aurora/gin-vue-admin/server/service/quant.(*AiTaskService).dispatchScheduledTasks\n\t/Users/a1/data/go/gin-vue-admin/server/service/quant/ai_task_service.go:421\ngithub.com/flipped-aurora/gin-vue-admin/server/service/quant.StartAiTaskScheduler.func1.1\n\t/Users/a1/data/go/gin-vue-admin/server/service/quant/ai_task_service.go:410"}
github.com/flipped-aurora/gin-vue-admin/server/initialize/internal.(*GormLogger).Trace
	/Users/a1/data/go/gin-vue-admin/server/initialize/internal/gorm_logger_writer.go:54
gorm.io/gorm.(*processor).Execute
	/Users/a1/go/pkg/mod/gorm.io/gorm@v1.31.1/callbacks.go:140
gorm.io/gorm.(*DB).Find
	/Users/a1/go/pkg/mod/gorm.io/gorm@v1.31.1/finisher_api.go:172
github.com/flipped-aurora/gin-vue-admin/server/service/quant.(*AiTaskService).dispatchScheduledTasks
	/Users/a1/data/go/gin-vue-admin/server/service/quant/ai_task_service.go:421
github.com/flipped-aurora/gin-vue-admin/server/service/quant.StartAiTaskScheduler.func1.1
	/Users/a1/data/go/gin-vue-admin/server/service/quant/ai_task_service.go:410
[github.com/flipped-aurora/gin-vue-admin/server]2026-09-10 08:28:25.781	[31merror[0m	/Users/a1/data/go/gin-vue-admin/server/service/quant/ai_task_service.go:422	查询待调度AI任务失败	{"node": "", "app_id": "", "env": "", "error": "invalid connection"}
github.com/flipped-aurora/gin-vue-admin/server/service/quant.(*AiTaskService).dispatchScheduledTasks
	/Users/a1/data/go/gin-vue-admin/server/service/quant/ai_task_service.go:422
github.com/flipped-aurora/gin-vue-admin/server/service/quant.StartAiTaskScheduler.func1.1
	/Users/a1/data/go/gin-vue-admin/server/service/quant/ai_task_service.go:410
[github.com/flipped-aurora/gin-vue-admin/server]2026-09-10 12:39:54.072	[31merror[0m	/Users/a1/data/go/gin-vue-admin/server/initialize/internal/gorm_logger_writer.go:54	SQL 执行错误	{"node": "", "app_id": "", "env": "", "sql": "SELECT * FROM `addon_quant_ai_task` WHERE (status = 4 AND scheduled_at IS NOT NULL AND scheduled_at <= '2026-09-10 12:39:09.021') AND `addon_quant_ai_task`.`deleted_at` IS NULL", "rows": 0, "elapsed_ms": 45049, "mod": "sql", "request_id": "", "trace_id": "", "device_id": "", "client_ip": "", "http_method": "", "http_path": "", "error_msg": "invalid connection", "error_stack": "github.com/flipped-aurora/gin-vue-admin/server/utils/logger.(*Builder).assemble\n\t/Users/a1/data/go/gin-vue-admin/server/utils/logger/builder.go:64\ngithub.com/flipped-aurora/gin-vue-admin/server/utils/logger.(*Builder).log\n\t/Users/a1/data/go/gin-vue-admin/server/utils/logger/builder.go:75\ngithub.com/flipped-aurora/gin-vue-admin/server/utils/logger.(*Builder).Error\n\t/Users/a1/data/go/gin-vue-admin/server/utils/logger/builder.go:81\ngithub.com/flipped-aurora/gin-vue-admin/server/initialize/internal.(*GormLogger).Trace\n\t/Users/a1/data/go/gin-vue-admin/server/initialize/internal/gorm_logger_writer.go:54\ngorm.io/gorm.(*processor).Execute\n\t/Users/a1/go/pkg/mod/gorm.io/gorm@v1.31.1/callbacks.go:140\ngorm.io/gorm.(*DB).Find\n\t/Users/a1/go/pkg/mod/gorm.io/gorm@v1.31.1/finisher_api.go:172\ngithub.com/flipped-aurora/gin-vue-admin/server/service/quant.(*AiTaskService).dispatchScheduledTasks\n\t/Users/a1/data/go/gin-vue-admin/server/service/quant/ai_task_service.go:421\ngithub.com/flipped-aurora/gin-vue-admin/server/service/quant.StartAiTaskScheduler.func1.1\n\t/Users/a1/data/go/gin-vue-admin/server/service/quant/ai_task_service.go:410"}
github.com/flipped-aurora/gin-vue-admin/server/initialize/internal.(*GormLogger).Trace
	/Users/a1/data/go/gin-vue-admin/server/initialize/internal/gorm_logger_writer.go:54
gorm.io/gorm.(*processor).Execute
	/Users/a1/go/pkg/mod/gorm.io/gorm@v1.31.1/callbacks.go:140
gorm.io/gorm.(*DB).Find
	/Users/a1/go/pkg/mod/gorm.io/gorm@v1.31.1/finisher_api.go:172
github.com/flipped-aurora/gin-vue-admin/server/service/quant.(*AiTaskService).dispatchScheduledTasks
	/Users/a1/data/go/gin-vue-admin/server/service/quant/ai_task_service.go:421
github.com/flipped-aurora/gin-vue-admin/server/service/quant.StartAiTaskScheduler.func1.1
	/Users/a1/data/go/gin-vue-admin/server/service/quant/ai_task_service.go:410
[github.com/flipped-aurora/gin-vue-admin/server]2026-09-10 12:39:54.074	[31merror[0m	/Users/a1/data/go/gin-vue-admin/server/service/quant/ai_task_service.go:422	查询待调度AI任务失败	{"node": "", "app_id": "", "env": "", "error": "invalid connection"}
github.com/flipped-aurora/gin-vue-admin/server/service/quant.(*AiTaskService).dispatchScheduledTasks
	/Users/a1/data/go/gin-vue-admin/server/service/quant/ai_task_service.go:422
github.com/flipped-aurora/gin-vue-admin/server/service/quant.StartAiTaskScheduler.func1.1
	/Users/a1/data/go/gin-vue-admin/server/service/quant/ai_task_service.go:410
[github.com/flipped-aurora/gin-vue-admin/server]2026-09-10 12:47:33.516	[31merror[0m	/Users/a1/data/go/gin-vue-admin/server/initialize/internal/gorm_logger_writer.go:54	SQL 执行错误	{"node": "", "app_id": "", "env": "", "sql": "SELECT * FROM `addon_quant_ai_task` WHERE (status = 4 AND scheduled_at IS NOT NULL AND scheduled_at <= '2026-09-10 12:46:52.977') AND `addon_quant_ai_task`.`deleted_at` IS NULL", "rows": 0, "elapsed_ms": 40535, "mod": "sql", "request_id": "", "trace_id": "", "device_id": "", "client_ip": "", "http_method": "", "http_path": "", "error_msg": "invalid connection", "error_stack": "github.com/flipped-aurora/gin-vue-admin/server/utils/logger.(*Builder).assemble\n\t/Users/a1/data/go/gin-vue-admin/server/utils/logger/builder.go:64\ngithub.com/flipped-aurora/gin-vue-admin/server/utils/logger.(*Builder).log\n\t/Users/a1/data/go/gin-vue-admin/server/utils/logger/builder.go:75\ngithub.com/flipped-aurora/gin-vue-admin/server/utils/logger.(*Builder).Error\n\t/Users/a1/data/go/gin-vue-admin/server/utils/logger/builder.go:81\ngithub.com/flipped-aurora/gin-vue-admin/server/initialize/internal.(*GormLogger).Trace\n\t/Users/a1/data/go/gin-vue-admin/server/initialize/internal/gorm_logger_writer.go:54\ngorm.io/gorm.(*processor).Execute\n\t/Users/a1/go/pkg/mod/gorm.io/gorm@v1.31.1/callbacks.go:140\ngorm.io/gorm.(*DB).Find\n\t/Users/a1/go/pkg/mod/gorm.io/gorm@v1.31.1/finisher_api.go:172\ngithub.com/flipped-aurora/gin-vue-admin/server/service/quant.(*AiTaskService).dispatchScheduledTasks\n\t/Users/a1/data/go/gin-vue-admin/server/service/quant/ai_task_service.go:421\ngithub.com/flipped-aurora/gin-vue-admin/server/service/quant.StartAiTaskScheduler.func1.1\n\t/Users/a1/data/go/gin-vue-admin/server/service/quant/ai_task_service.go:410"}
github.com/flipped-aurora/gin-vue-admin/server/initialize/internal.(*GormLogger).Trace
	/Users/a1/data/go/gin-vue-admin/server/initialize/internal/gorm_logger_writer.go:54
gorm.io/gorm.(*processor).Execute
	/Users/a1/go/pkg/mod/gorm.io/gorm@v1.31.1/callbacks.go:140
gorm.io/gorm.(*DB).Find
	/Users/a1/go/pkg/mod/gorm.io/gorm@v1.31.1/finisher_api.go:172
github.com/flipped-aurora/gin-vue-admin/server/service/quant.(*AiTaskService).dispatchScheduledTasks
	/Users/a1/data/go/gin-vue-admin/server/service/quant/ai_task_service.go:421
github.com/flipped-aurora/gin-vue-admin/server/service/quant.StartAiTaskScheduler.func1.1
	/Users/a1/data/go/gin-vue-admin/server/service/quant/ai_task_service.go:410
[github.com/flipped-aurora/gin-vue-admin/server]2026-09-10 12:47:33.517	[31merror[0m	/Users/a1/data/go/gin-vue-admin/server/service/quant/ai_task_service.go:422	查询待调度AI任务失败	{"node": "", "app_id": "", "env": "", "error": "invalid connection"}
github.com/flipped-aurora/gin-vue-admin/server/service/quant.(*AiTaskService).dispatchScheduledTasks
	/Users/a1/data/go/gin-vue-admin/server/service/quant/ai_task_service.go:422
github.com/flipped-aurora/gin-vue-admin/server/service/quant.StartAiTaskScheduler.func1.1
	/Users/a1/data/go/gin-vue-admin/server/service/quant/ai_task_service.go:410
[github.com/flipped-aurora/gin-vue-admin/server]2026-09-10 13:04:26.470	[31merror[0m	/Users/a1/data/go/gin-vue-admin/server/initialize/internal/gorm_logger_writer.go:54	SQL 执行错误	{"node": "", "app_id": "", "env": "", "sql": "SELECT * FROM `addon_quant_ai_task` WHERE (status = 4 AND scheduled_at IS NOT NULL AND scheduled_at <= '2026-09-10 13:03:49.32') AND `addon_quant_ai_task`.`deleted_at` IS NULL", "rows": 0, "elapsed_ms": 37174, "mod": "sql", "request_id": "", "trace_id": "", "device_id": "", "client_ip": "", "http_method": "", "http_path": "", "error_msg": "invalid connection", "error_stack": "github.com/flipped-aurora/gin-vue-admin/server/utils/logger.(*Builder).assemble\n\t/Users/a1/data/go/gin-vue-admin/server/utils/logger/builder.go:64\ngithub.com/flipped-aurora/gin-vue-admin/server/utils/logger.(*Builder).log\n\t/Users/a1/data/go/gin-vue-admin/server/utils/logger/builder.go:75\ngithub.com/flipped-aurora/gin-vue-admin/server/utils/logger.(*Builder).Error\n\t/Users/a1/data/go/gin-vue-admin/server/utils/logger/builder.go:81\ngithub.com/flipped-aurora/gin-vue-admin/server/initialize/internal.(*GormLogger).Trace\n\t/Users/a1/data/go/gin-vue-admin/server/initialize/internal/gorm_logger_writer.go:54\ngorm.io/gorm.(*processor).Execute\n\t/Users/a1/go/pkg/mod/gorm.io/gorm@v1.31.1/callbacks.go:140\ngorm.io/gorm.(*DB).Find\n\t/Users/a1/go/pkg/mod/gorm.io/gorm@v1.31.1/finisher_api.go:172\ngithub.com/flipped-aurora/gin-vue-admin/server/service/quant.(*AiTaskService).dispatchScheduledTasks\n\t/Users/a1/data/go/gin-vue-admin/server/service/quant/ai_task_service.go:421\ngithub.com/flipped-aurora/gin-vue-admin/server/service/quant.StartAiTaskScheduler.func1.1\n\t/Users/a1/data/go/gin-vue-admin/server/service/quant/ai_task_service.go:410"}
github.com/flipped-aurora/gin-vue-admin/server/initialize/internal.(*GormLogger).Trace
	/Users/a1/data/go/gin-vue-admin/server/initialize/internal/gorm_logger_writer.go:54
gorm.io/gorm.(*processor).Execute
	/Users/a1/go/pkg/mod/gorm.io/gorm@v1.31.1/callbacks.go:140
gorm.io/gorm.(*DB).Find
	/Users/a1/go/pkg/mod/gorm.io/gorm@v1.31.1/finisher_api.go:172
github.com/flipped-aurora/gin-vue-admin/server/service/quant.(*AiTaskService).dispatchScheduledTasks
	/Users/a1/data/go/gin-vue-admin/server/service/quant/ai_task_service.go:421
github.com/flipped-aurora/gin-vue-admin/server/service/quant.StartAiTaskScheduler.func1.1
	/Users/a1/data/go/gin-vue-admin/server/service/quant/ai_task_service.go:410
[github.com/flipped-aurora/gin-vue-admin/server]2026-09-10 13:04:26.472	[31merror[0m	/Users/a1/data/go/gin-vue-admin/server/service/quant/ai_task_service.go:422	查询待调度AI任务失败	{"node": "", "app_id": "", "env": "", "error": "invalid connection"}
github.com/flipped-aurora/gin-vue-admin/server/service/quant.(*AiTaskService).dispatchScheduledTasks
	/Users/a1/data/go/gin-vue-admin/server/service/quant/ai_task_service.go:422
github.com/flipped-aurora/gin-vue-admin/server/service/quant.StartAiTaskScheduler.func1.1
	/Users/a1/data/go/gin-vue-admin/server/service/quant/ai_task_service.go:410
[github.com/flipped-aurora/gin-vue-admin/server]2026-09-10 13:13:01.563	[31merror[0m	/Users/a1/data/go/gin-vue-admin/server/initialize/internal/gorm_logger_writer.go:54	SQL 执行错误	{"node": "", "app_id": "", "env": "", "sql": "SELECT * FROM `addon_quant_ai_task` WHERE (status = 4 AND scheduled_at IS NOT NULL AND scheduled_at <= '2026-09-10 13:12:25.513') AND `addon_quant_ai_task`.`deleted_at` IS NULL", "rows": 0, "elapsed_ms": 36044, "mod": "sql", "request_id": "", "trace_id": "", "device_id": "", "client_ip": "", "http_method": "", "http_path": "", "error_msg": "invalid connection", "error_stack": "github.com/flipped-aurora/gin-vue-admin/server/utils/logger.(*Builder).assemble\n\t/Users/a1/data/go/gin-vue-admin/server/utils/logger/builder.go:64\ngithub.com/flipped-aurora/gin-vue-admin/server/utils/logger.(*Builder).log\n\t/Users/a1/data/go/gin-vue-admin/server/utils/logger/builder.go:75\ngithub.com/flipped-aurora/gin-vue-admin/server/utils/logger.(*Builder).Error\n\t/Users/a1/data/go/gin-vue-admin/server/utils/logger/builder.go:81\ngithub.com/flipped-aurora/gin-vue-admin/server/initialize/internal.(*GormLogger).Trace\n\t/Users/a1/data/go/gin-vue-admin/server/initialize/internal/gorm_logger_writer.go:54\ngorm.io/gorm.(*processor).Execute\n\t/Users/a1/go/pkg/mod/gorm.io/gorm@v1.31.1/callbacks.go:140\ngorm.io/gorm.(*DB).Find\n\t/Users/a1/go/pkg/mod/gorm.io/gorm@v1.31.1/finisher_api.go:172\ngithub.com/flipped-aurora/gin-vue-admin/server/service/quant.(*AiTaskService).dispatchScheduledTasks\n\t/Users/a1/data/go/gin-vue-admin/server/service/quant/ai_task_service.go:421\ngithub.com/flipped-aurora/gin-vue-admin/server/service/quant.StartAiTaskScheduler.func1.1\n\t/Users/a1/data/go/gin-vue-admin/server/service/quant/ai_task_service.go:410"}
github.com/flipped-aurora/gin-vue-admin/server/initialize/internal.(*GormLogger).Trace
	/Users/a1/data/go/gin-vue-admin/server/initialize/internal/gorm_logger_writer.go:54
gorm.io/gorm.(*processor).Execute
	/Users/a1/go/pkg/mod/gorm.io/gorm@v1.31.1/callbacks.go:140
gorm.io/gorm.(*DB).Find
	/Users/a1/go/pkg/mod/gorm.io/gorm@v1.31.1/finisher_api.go:172
github.com/flipped-aurora/gin-vue-admin/server/service/quant.(*AiTaskService).dispatchScheduledTasks
	/Users/a1/data/go/gin-vue-admin/server/service/quant/ai_task_service.go:421
github.com/flipped-aurora/gin-vue-admin/server/service/quant.StartAiTaskScheduler.func1.1
	/Users/a1/data/go/gin-vue-admin/server/service/quant/ai_task_service.go:410
[github.com/flipped-aurora/gin-vue-admin/server]2026-09-10 13:13:01.569	[31merror[0m	/Users/a1/data/go/gin-vue-admin/server/service/quant/ai_task_service.go:422	查询待调度AI任务失败	{"node": "", "app_id": "", "env": "", "error": "invalid connection"}
github.com/flipped-aurora/gin-vue-admin/server/service/quant.(*AiTaskService).dispatchScheduledTasks
	/Users/a1/data/go/gin-vue-admin/server/service/quant/ai_task_service.go:422
github.com/flipped-aurora/gin-vue-admin/server/service/quant.StartAiTaskScheduler.func1.1
	/Users/a1/data/go/gin-vue-admin/server/service/quant/ai_task_service.go:410
[github.com/flipped-aurora/gin-vue-admin/server]2026-09-10 13:46:00.735	[31merror[0m	/Users/a1/data/go/gin-vue-admin/server/initialize/internal/gorm_logger_writer.go:54	SQL 执行错误	{"node": "", "app_id": "", "env": "", "sql": "SELECT * FROM `addon_quant_ai_task` WHERE (status = 4 AND scheduled_at IS NOT NULL AND scheduled_at <= '2026-09-10 13:43:38.729') AND `addon_quant_ai_task`.`deleted_at` IS NULL", "rows": 0, "elapsed_ms": 135212, "mod": "sql", "request_id": "", "trace_id": "", "device_id": "", "client_ip": "", "http_method": "", "http_path": "", "error_msg": "invalid connection", "error_stack": "github.com/flipped-aurora/gin-vue-admin/server/utils/logger.(*Builder).assemble\n\t/Users/a1/data/go/gin-vue-admin/server/utils/logger/builder.go:64\ngithub.com/flipped-aurora/gin-vue-admin/server/utils/logger.(*Builder).log\n\t/Users/a1/data/go/gin-vue-admin/server/utils/logger/builder.go:75\ngithub.com/flipped-aurora/gin-vue-admin/server/utils/logger.(*Builder).Error\n\t/Users/a1/data/go/gin-vue-admin/server/utils/logger/builder.go:81\ngithub.com/flipped-aurora/gin-vue-admin/server/initialize/internal.(*GormLogger).Trace\n\t/Users/a1/data/go/gin-vue-admin/server/initialize/internal/gorm_logger_writer.go:54\ngorm.io/gorm.(*processor).Execute\n\t/Users/a1/go/pkg/mod/gorm.io/gorm@v1.31.1/callbacks.go:140\ngorm.io/gorm.(*DB).Find\n\t/Users/a1/go/pkg/mod/gorm.io/gorm@v1.31.1/finisher_api.go:172\ngithub.com/flipped-aurora/gin-vue-admin/server/service/quant.(*AiTaskService).dispatchScheduledTasks\n\t/Users/a1/data/go/gin-vue-admin/server/service/quant/ai_task_service.go:421\ngithub.com/flipped-aurora/gin-vue-admin/server/service/quant.StartAiTaskScheduler.func1.1\n\t/Users/a1/data/go/gin-vue-admin/server/service/quant/ai_task_service.go:410"}
github.com/flipped-aurora/gin-vue-admin/server/initialize/internal.(*GormLogger).Trace
	/Users/a1/data/go/gin-vue-admin/server/initialize/internal/gorm_logger_writer.go:54
gorm.io/gorm.(*processor).Execute
	/Users/a1/go/pkg/mod/gorm.io/gorm@v1.31.1/callbacks.go:140
gorm.io/gorm.(*DB).Find
	/Users/a1/go/pkg/mod/gorm.io/gorm@v1.31.1/finisher_api.go:172
github.com/flipped-aurora/gin-vue-admin/server/service/quant.(*AiTaskService).dispatchScheduledTasks
	/Users/a1/data/go/gin-vue-admin/server/service/quant/ai_task_service.go:421
github.com/flipped-aurora/gin-vue-admin/server/service/quant.StartAiTaskScheduler.func1.1
	/Users/a1/data/go/gin-vue-admin/server/service/quant/ai_task_service.go:410
[github.com/flipped-aurora/gin-vue-admin/server]2026-09-10 13:46:00.736	[31merror[0m	/Users/a1/data/go/gin-vue-admin/server/service/quant/ai_task_service.go:422	查询待调度AI任务失败	{"node": "", "app_id": "", "env": "", "error": "invalid connection"}
github.com/flipped-aurora/gin-vue-admin/server/service/quant.(*AiTaskService).dispatchScheduledTasks
	/Users/a1/data/go/gin-vue-admin/server/service/quant/ai_task_service.go:422
github.com/flipped-aurora/gin-vue-admin/server/service/quant.StartAiTaskScheduler.func1.1
	/Users/a1/data/go/gin-vue-admin/server/service/quant/ai_task_service.go:410
[github.com/flipped-aurora/gin-vue-admin/server]2026-09-10 16:45:34.152	[31merror[0m	/Users/a1/data/go/gin-vue-admin/server/initialize/internal/gorm_logger_writer.go:54	SQL 执行错误	{"node": "", "app_id": "", "env": "", "sql": "SELECT * FROM `addon_quant_ai_task` WHERE (status = 4 AND scheduled_at IS NOT NULL AND scheduled_at <= '2026-09-10 16:29:33.697') AND `addon_quant_ai_task`.`deleted_at` IS NULL", "rows": 0, "elapsed_ms": 35179, "mod": "sql", "request_id": "", "trace_id": "", "device_id": "", "client_ip": "", "http_method": "", "http_path": "", "error_msg": "invalid connection", "error_stack": "github.com/flipped-aurora/gin-vue-admin/server/utils/logger.(*Builder).assemble\n\t/Users/a1/data/go/gin-vue-admin/server/utils/logger/builder.go:64\ngithub.com/flipped-aurora/gin-vue-admin/server/utils/logger.(*Builder).log\n\t/Users/a1/data/go/gin-vue-admin/server/utils/logger/builder.go:75\ngithub.com/flipped-aurora/gin-vue-admin/server/utils/logger.(*Builder).Error\n\t/Users/a1/data/go/gin-vue-admin/server/utils/logger/builder.go:81\ngithub.com/flipped-aurora/gin-vue-admin/server/initialize/internal.(*GormLogger).Trace\n\t/Users/a1/data/go/gin-vue-admin/server/initialize/internal/gorm_logger_writer.go:54\ngorm.io/gorm.(*processor).Execute\n\t/Users/a1/go/pkg/mod/gorm.io/gorm@v1.31.1/callbacks.go:140\ngorm.io/gorm.(*DB).Find\n\t/Users/a1/go/pkg/mod/gorm.io/gorm@v1.31.1/finisher_api.go:172\ngithub.com/flipped-aurora/gin-vue-admin/server/service/quant.(*AiTaskService).dispatchScheduledTasks\n\t/Users/a1/data/go/gin-vue-admin/server/service/quant/ai_task_service.go:421\ngithub.com/flipped-aurora/gin-vue-admin/server/service/quant.StartAiTaskScheduler.func1.1\n\t/Users/a1/data/go/gin-vue-admin/server/service/quant/ai_task_service.go:410"}
github.com/flipped-aurora/gin-vue-admin/server/initialize/internal.(*GormLogger).Trace
	/Users/a1/data/go/gin-vue-admin/server/initialize/internal/gorm_logger_writer.go:54
gorm.io/gorm.(*processor).Execute
	/Users/a1/go/pkg/mod/gorm.io/gorm@v1.31.1/callbacks.go:140
gorm.io/gorm.(*DB).Find
	/Users/a1/go/pkg/mod/gorm.io/gorm@v1.31.1/finisher_api.go:172
github.com/flipped-aurora/gin-vue-admin/server/service/quant.(*AiTaskService).dispatchScheduledTasks
	/Users/a1/data/go/gin-vue-admin/server/service/quant/ai_task_service.go:421
github.com/flipped-aurora/gin-vue-admin/server/service/quant.StartAiTaskScheduler.func1.1
	/Users/a1/data/go/gin-vue-admin/server/service/quant/ai_task_service.go:410
[github.com/flipped-aurora/gin-vue-admin/server]2026-09-10 16:45:34.153	[31merror[0m	/Users/a1/data/go/gin-vue-admin/server/service/quant/ai_task_service.go:422	查询待调度AI任务失败	{"node": "", "app_id": "", "env": "", "error": "invalid connection"}
github.com/flipped-aurora/gin-vue-admin/server/service/quant.(*AiTaskService).dispatchScheduledTasks
	/Users/a1/data/go/gin-vue-admin/server/service/quant/ai_task_service.go:422
github.com/flipped-aurora/gin-vue-admin/server/service/quant.StartAiTaskScheduler.func1.1
	/Users/a1/data/go/gin-vue-admin/server/service/quant/ai_task_service.go:410
[github.com/flipped-aurora/gin-vue-admin/server]2026-09-10 17:01:48.307	[31merror[0m	/Users/a1/data/go/gin-vue-admin/server/initialize/internal/gorm_logger_writer.go:54	SQL 执行错误	{"node": "", "app_id": "", "env": "", "sql": "SELECT * FROM `addon_quant_ai_task` WHERE (status = 4 AND scheduled_at IS NOT NULL AND scheduled_at <= '2026-09-10 16:45:53.097') AND `addon_quant_ai_task`.`deleted_at` IS NULL", "rows": 0, "elapsed_ms": 29585, "mod": "sql", "request_id": "", "trace_id": "", "device_id": "", "client_ip": "", "http_method": "", "http_path": "", "error_msg": "invalid connection", "error_stack": "github.com/flipped-aurora/gin-vue-admin/server/utils/logger.(*Builder).assemble\n\t/Users/a1/data/go/gin-vue-admin/server/utils/logger/builder.go:64\ngithub.com/flipped-aurora/gin-vue-admin/server/utils/logger.(*Builder).log\n\t/Users/a1/data/go/gin-vue-admin/server/utils/logger/builder.go:75\ngithub.com/flipped-aurora/gin-vue-admin/server/utils/logger.(*Builder).Error\n\t/Users/a1/data/go/gin-vue-admin/server/utils/logger/builder.go:81\ngithub.com/flipped-aurora/gin-vue-admin/server/initialize/internal.(*GormLogger).Trace\n\t/Users/a1/data/go/gin-vue-admin/server/initialize/internal/gorm_logger_writer.go:54\ngorm.io/gorm.(*processor).Execute\n\t/Users/a1/go/pkg/mod/gorm.io/gorm@v1.31.1/callbacks.go:140\ngorm.io/gorm.(*DB).Find\n\t/Users/a1/go/pkg/mod/gorm.io/gorm@v1.31.1/finisher_api.go:172\ngithub.com/flipped-aurora/gin-vue-admin/server/service/quant.(*AiTaskService).dispatchScheduledTasks\n\t/Users/a1/data/go/gin-vue-admin/server/service/quant/ai_task_service.go:421\ngithub.com/flipped-aurora/gin-vue-admin/server/service/quant.StartAiTaskScheduler.func1.1\n\t/Users/a1/data/go/gin-vue-admin/server/service/quant/ai_task_service.go:410"}
github.com/flipped-aurora/gin-vue-admin/server/initialize/internal.(*GormLogger).Trace
	/Users/a1/data/go/gin-vue-admin/server/initialize/internal/gorm_logger_writer.go:54
gorm.io/gorm.(*processor).Execute
	/Users/a1/go/pkg/mod/gorm.io/gorm@v1.31.1/callbacks.go:140
gorm.io/gorm.(*DB).Find
	/Users/a1/go/pkg/mod/gorm.io/gorm@v1.31.1/finisher_api.go:172
github.com/flipped-aurora/gin-vue-admin/server/service/quant.(*AiTaskService).dispatchScheduledTasks
	/Users/a1/data/go/gin-vue-admin/server/service/quant/ai_task_service.go:421
github.com/flipped-aurora/gin-vue-admin/server/service/quant.StartAiTaskScheduler.func1.1
	/Users/a1/data/go/gin-vue-admin/server/service/quant/ai_task_service.go:410
[github.com/flipped-aurora/gin-vue-admin/server]2026-09-10 17:01:48.308	[31merror[0m	/Users/a1/data/go/gin-vue-admin/server/service/quant/ai_task_service.go:422	查询待调度AI任务失败	{"node": "", "app_id": "", "env": "", "error": "invalid connection"}
github.com/flipped-aurora/gin-vue-admin/server/service/quant.(*AiTaskService).dispatchScheduledTasks
	/Users/a1/data/go/gin-vue-admin/server/service/quant/ai_task_service.go:422
github.com/flipped-aurora/gin-vue-admin/server/service/quant.StartAiTaskScheduler.func1.1
	/Users/a1/data/go/gin-vue-admin/server/service/quant/ai_task_service.go:410
[github.com/flipped-aurora/gin-vue-admin/server]2026-09-10 17:34:24.506	[31merror[0m	/Users/a1/data/go/gin-vue-admin/server/initialize/internal/gorm_logger_writer.go:54	SQL 执行错误	{"node": "", "app_id": "", "env": "", "sql": "SELECT * FROM `addon_quant_ai_task` WHERE (status = 4 AND scheduled_at IS NOT NULL AND scheduled_at <= '2026-09-10 17:18:20.172') AND `addon_quant_ai_task`.`deleted_at` IS NULL", "rows": 0, "elapsed_ms": 38778, "mod": "sql", "request_id": "", "trace_id": "", "device_id": "", "client_ip": "", "http_method": "", "http_path": "", "error_msg": "invalid connection", "error_stack": "github.com/flipped-aurora/gin-vue-admin/server/utils/logger.(*Builder).assemble\n\t/Users/a1/data/go/gin-vue-admin/server/utils/logger/builder.go:64\ngithub.com/flipped-aurora/gin-vue-admin/server/utils/logger.(*Builder).log\n\t/Users/a1/data/go/gin-vue-admin/server/utils/logger/builder.go:75\ngithub.com/flipped-aurora/gin-vue-admin/server/utils/logger.(*Builder).Error\n\t/Users/a1/data/go/gin-vue-admin/server/utils/logger/builder.go:81\ngithub.com/flipped-aurora/gin-vue-admin/server/initialize/internal.(*GormLogger).Trace\n\t/Users/a1/data/go/gin-vue-admin/server/initialize/internal/gorm_logger_writer.go:54\ngorm.io/gorm.(*processor).Execute\n\t/Users/a1/go/pkg/mod/gorm.io/gorm@v1.31.1/callbacks.go:140\ngorm.io/gorm.(*DB).Find\n\t/Users/a1/go/pkg/mod/gorm.io/gorm@v1.31.1/finisher_api.go:172\ngithub.com/flipped-aurora/gin-vue-admin/server/service/quant.(*AiTaskService).dispatchScheduledTasks\n\t/Users/a1/data/go/gin-vue-admin/server/service/quant/ai_task_service.go:421\ngithub.com/flipped-aurora/gin-vue-admin/server/service/quant.StartAiTaskScheduler.func1.1\n\t/Users/a1/data/go/gin-vue-admin/server/service/quant/ai_task_service.go:410"}
github.com/flipped-aurora/gin-vue-admin/server/initialize/internal.(*GormLogger).Trace
	/Users/a1/data/go/gin-vue-admin/server/initialize/internal/gorm_logger_writer.go:54
gorm.io/gorm.(*processor).Execute
	/Users/a1/go/pkg/mod/gorm.io/gorm@v1.31.1/callbacks.go:140
gorm.io/gorm.(*DB).Find
	/Users/a1/go/pkg/mod/gorm.io/gorm@v1.31.1/finisher_api.go:172
github.com/flipped-aurora/gin-vue-admin/server/service/quant.(*AiTaskService).dispatchScheduledTasks
	/Users/a1/data/go/gin-vue-admin/server/service/quant/ai_task_service.go:421
github.com/flipped-aurora/gin-vue-admin/server/service/quant.StartAiTaskScheduler.func1.1
	/Users/a1/data/go/gin-vue-admin/server/service/quant/ai_task_service.go:410
[github.com/flipped-aurora/gin-vue-admin/server]2026-09-10 17:34:24.506	[31merror[0m	/Users/a1/data/go/gin-vue-admin/server/service/quant/ai_task_service.go:422	查询待调度AI任务失败	{"node": "", "app_id": "", "env": "", "error": "invalid connection"}
github.com/flipped-aurora/gin-vue-admin/server/service/quant.(*AiTaskService).dispatchScheduledTasks
	/Users/a1/data/go/gin-vue-admin/server/service/quant/ai_task_service.go:422
github.com/flipped-aurora/gin-vue-admin/server/service/quant.StartAiTaskScheduler.func1.1
	/Users/a1/data/go/gin-vue-admin/server/service/quant/ai_task_service.go:410
[github.com/flipped-aurora/gin-vue-admin/server]2026-09-10 17:47:18.771	[31merror[0m	/Users/a1/data/go/gin-vue-admin/server/initialize/internal/gorm_logger_writer.go:54	SQL 执行错误	{"node": "", "app_id": "", "env": "", "sql": "SELECT * FROM `addon_quant_ai_task` WHERE (status = 4 AND scheduled_at IS NOT NULL AND scheduled_at <= '2026-09-10 17:46:11.889') AND `addon_quant_ai_task`.`deleted_at` IS NULL", "rows": 0, "elapsed_ms": 66868, "mod": "sql", "request_id": "", "trace_id": "", "device_id": "", "client_ip": "", "http_method": "", "http_path": "", "error_msg": "invalid connection", "error_stack": "github.com/flipped-aurora/gin-vue-admin/server/utils/logger.(*Builder).assemble\n\t/Users/a1/data/go/gin-vue-admin/server/utils/logger/builder.go:64\ngithub.com/flipped-aurora/gin-vue-admin/server/utils/logger.(*Builder).log\n\t/Users/a1/data/go/gin-vue-admin/server/utils/logger/builder.go:75\ngithub.com/flipped-aurora/gin-vue-admin/server/utils/logger.(*Builder).Error\n\t/Users/a1/data/go/gin-vue-admin/server/utils/logger/builder.go:81\ngithub.com/flipped-aurora/gin-vue-admin/server/initialize/internal.(*GormLogger).Trace\n\t/Users/a1/data/go/gin-vue-admin/server/initialize/internal/gorm_logger_writer.go:54\ngorm.io/gorm.(*processor).Execute\n\t/Users/a1/go/pkg/mod/gorm.io/gorm@v1.31.1/callbacks.go:140\ngorm.io/gorm.(*DB).Find\n\t/Users/a1/go/pkg/mod/gorm.io/gorm@v1.31.1/finisher_api.go:172\ngithub.com/flipped-aurora/gin-vue-admin/server/service/quant.(*AiTaskService).dispatchScheduledTasks\n\t/Users/a1/data/go/gin-vue-admin/server/service/quant/ai_task_service.go:421\ngithub.com/flipped-aurora/gin-vue-admin/server/service/quant.StartAiTaskScheduler.func1.1\n\t/Users/a1/data/go/gin-vue-admin/server/service/quant/ai_task_service.go:410"}
github.com/flipped-aurora/gin-vue-admin/server/initialize/internal.(*GormLogger).Trace
	/Users/a1/data/go/gin-vue-admin/server/initialize/internal/gorm_logger_writer.go:54
gorm.io/gorm.(*processor).Execute
	/Users/a1/go/pkg/mod/gorm.io/gorm@v1.31.1/callbacks.go:140
gorm.io/gorm.(*DB).Find
	/Users/a1/go/pkg/mod/gorm.io/gorm@v1.31.1/finisher_api.go:172
github.com/flipped-aurora/gin-vue-admin/server/service/quant.(*AiTaskService).dispatchScheduledTasks
	/Users/a1/data/go/gin-vue-admin/server/service/quant/ai_task_service.go:421
github.com/flipped-aurora/gin-vue-admin/server/service/quant.StartAiTaskScheduler.func1.1
	/Users/a1/data/go/gin-vue-admin/server/service/quant/ai_task_service.go:410
[github.com/flipped-aurora/gin-vue-admin/server]2026-09-10 17:47:18.772	[31merror[0m	/Users/a1/data/go/gin-vue-admin/server/service/quant/ai_task_service.go:422	查询待调度AI任务失败	{"node": "", "app_id": "", "env": "", "error": "invalid connection"}
github.com/flipped-aurora/gin-vue-admin/server/service/quant.(*AiTaskService).dispatchScheduledTasks
	/Users/a1/data/go/gin-vue-admin/server/service/quant/ai_task_service.go:422
github.com/flipped-aurora/gin-vue-admin/server/service/quant.StartAiTaskScheduler.func1.1
	/Users/a1/data/go/gin-vue-admin/server/service/quant/ai_task_service.go:410
[github.com/flipped-aurora/gin-vue-admin/server]2026-09-10 19:02:45.653	[31merror[0m	/Users/a1/data/go/gin-vue-admin/server/initialize/internal/gorm_logger_writer.go:54	SQL 执行错误	{"node": "", "app_id": "", "env": "", "sql": "ALTER TABLE `addon_quant_ad` MODIFY COLUMN `created_at` datetime(3) NULL", "rows": 0, "elapsed_ms": 45, "mod": "sql", "request_id": "", "trace_id": "", "device_id": "", "client_ip": "", "http_method": "", "http_path": "", "error_msg": "Error 1292 (22007): Incorrect datetime value: '1650018453' for column 'created_at' at row 1", "error_stack": "github.com/flipped-aurora/gin-vue-admin/server/utils/logger.(*Builder).assemble\n\t/Users/a1/data/go/gin-vue-admin/server/utils/logger/builder.go:64\ngithub.com/flipped-aurora/gin-vue-admin/server/utils/logger.(*Builder).log\n\t/Users/a1/data/go/gin-vue-admin/server/utils/logger/builder.go:75\ngithub.com/flipped-aurora/gin-vue-admin/server/utils/logger.(*Builder).Error\n\t/Users/a1/data/go/gin-vue-admin/server/utils/logger/builder.go:81\ngithub.com/flipped-aurora/gin-vue-admin/server/initialize/internal.(*GormLogger).Trace\n\t/Users/a1/data/go/gin-vue-admin/server/initialize/internal/gorm_logger_writer.go:54\ngorm.io/gorm.(*processor).Execute\n\t/Users/a1/go/pkg/mod/gorm.io/gorm@v1.31.1/callbacks.go:140\ngorm.io/gorm.(*DB).Exec\n\t/Users/a1/go/pkg/mod/gorm.io/gorm@v1.31.1/finisher_api.go:779\ngorm.io/driver/mysql.(*Migrator).AlterColumn.Migrator.AlterColumn.func1\n\t/Users/a1/go/pkg/mod/gorm.io/driver/mysql@v1.6.0/migrator.go:156\ngorm.io/gorm/migrator.Migrator.RunWithValue\n\t/Users/a1/go/pkg/mod/gorm.io/gorm@v1.31.1/migrator/migrator.go:74\ngorm.io/driver/mysql.Migrator.AlterColumn\n\t/Users/a1/go/pkg/mod/gorm.io/driver/mysql@v1.6.0/migrator.go:148\ngorm.io/gorm/migrator.Migrator.MigrateColumn\n\t/Users/a1/go/pkg/mod/gorm.io/gorm@v1.31.1/migrator/migrator.go:582\ngorm.io/gorm/migrator.Migrator.AutoMigrate.func1\n\t/Users/a1/go/pkg/mod/gorm.io/gorm@v1.31.1/migrator/migrator.go:161\ngorm.io/gorm/migrator.Migrator.RunWithValue\n\t/Users/a1/go/pkg/mod/gorm.io/gorm@v1.31.1/migrator/migrator.go:74\ngorm.io/gorm/migrator.Migrator.AutoMigrate\n\t/Users/a1/go/pkg/mod/gorm.io/gorm@v1.31.1/migrator/migrator.go:129\ngorm.io/gorm.(*DB).AutoMigrate\n\t/Users/a1/go/pkg/mod/gorm.io/gorm@v1.31.1/migrator.go:24\ngithub.com/flipped-aurora/gin-vue-admin/server/initialize.bizModel\n\t/Users/a1/data/go/gin-vue-admin/server/initialize/gorm_biz.go:13\ngithub.com/flipped-aurora/gin-vue-admin/server/initialize.RegisterTables\n\t/Users/a1/data/go/gin-vue-admin/server/initialize/gorm.go:89\nmain.initializeSystem\n\t/Users/a1/data/go/gin-vue-admin/server/main.go:51\nmain.main\n\t/Users/a1/data/go/gin-vue-admin/server/main.go:32\nruntime.main\n\t/usr/local/go/src/runtime/proc.go:290"}
github.com/flipped-aurora/gin-vue-admin/server/initialize/internal.(*GormLogger).Trace
	/Users/a1/data/go/gin-vue-admin/server/initialize/internal/gorm_logger_writer.go:54
gorm.io/gorm.(*processor).Execute
	/Users/a1/go/pkg/mod/gorm.io/gorm@v1.31.1/callbacks.go:140
gorm.io/gorm.(*DB).Exec
	/Users/a1/go/pkg/mod/gorm.io/gorm@v1.31.1/finisher_api.go:779
gorm.io/driver/mysql.(*Migrator).AlterColumn.Migrator.AlterColumn.func1
	/Users/a1/go/pkg/mod/gorm.io/driver/mysql@v1.6.0/migrator.go:156
gorm.io/gorm/migrator.Migrator.RunWithValue
	/Users/a1/go/pkg/mod/gorm.io/gorm@v1.31.1/migrator/migrator.go:74
gorm.io/driver/mysql.Migrator.AlterColumn
	/Users/a1/go/pkg/mod/gorm.io/driver/mysql@v1.6.0/migrator.go:148
gorm.io/gorm/migrator.Migrator.MigrateColumn
	/Users/a1/go/pkg/mod/gorm.io/gorm@v1.31.1/migrator/migrator.go:582
gorm.io/gorm/migrator.Migrator.AutoMigrate.func1
	/Users/a1/go/pkg/mod/gorm.io/gorm@v1.31.1/migrator/migrator.go:161
gorm.io/gorm/migrator.Migrator.RunWithValue
	/Users/a1/go/pkg/mod/gorm.io/gorm@v1.31.1/migrator/migrator.go:74
gorm.io/gorm/migrator.Migrator.AutoMigrate
	/Users/a1/go/pkg/mod/gorm.io/gorm@v1.31.1/migrator/migrator.go:129
gorm.io/gorm.(*DB).AutoMigrate
	/Users/a1/go/pkg/mod/gorm.io/gorm@v1.31.1/migrator.go:24
github.com/flipped-aurora/gin-vue-admin/server/initialize.bizModel
	/Users/a1/data/go/gin-vue-admin/server/initialize/gorm_biz.go:13
github.com/flipped-aurora/gin-vue-admin/server/initialize.RegisterTables
	/Users/a1/data/go/gin-vue-admin/server/initialize/gorm.go:89
main.initializeSystem
	/Users/a1/data/go/gin-vue-admin/server/main.go:51
main.main
	/Users/a1/data/go/gin-vue-admin/server/main.go:32
runtime.main
	/usr/local/go/src/runtime/proc.go:290
[github.com/flipped-aurora/gin-vue-admin/server]2026-09-10 19:02:45.655	[31merror[0m	/Users/a1/data/go/gin-vue-admin/server/initialize/gorm.go:92	register biz_table failed	{"node": "", "app_id": "", "env": "", "mod": "system", "request_id": "", "trace_id": "", "device_id": "", "client_ip": "", "http_method": "", "http_path": "", "error_msg": "Error 1292 (22007): Incorrect datetime value: '1650018453' for column 'created_at' at row 1", "error_stack": "github.com/flipped-aurora/gin-vue-admin/server/utils/logger.(*Builder).assemble\n\t/Users/a1/data/go/gin-vue-admin/server/utils/logger/builder.go:64\ngithub.com/flipped-aurora/gin-vue-admin/server/utils/logger.(*Builder).log\n\t/Users/a1/data/go/gin-vue-admin/server/utils/logger/builder.go:75\ngithub.com/flipped-aurora/gin-vue-admin/server/utils/logger.(*Builder).Error\n\t/Users/a1/data/go/gin-vue-admin/server/utils/logger/builder.go:81\ngithub.com/flipped-aurora/gin-vue-admin/server/initialize.RegisterTables\n\t/Users/a1/data/go/gin-vue-admin/server/initialize/gorm.go:92\nmain.initializeSystem\n\t/Users/a1/data/go/gin-vue-admin/server/main.go:51\nmain.main\n\t/Users/a1/data/go/gin-vue-admin/server/main.go:32\nruntime.main\n\t/usr/local/go/src/runtime/proc.go:290"}
github.com/flipped-aurora/gin-vue-admin/server/initialize.RegisterTables
	/Users/a1/data/go/gin-vue-admin/server/initialize/gorm.go:92
main.initializeSystem
	/Users/a1/data/go/gin-vue-admin/server/main.go:51
main.main
	/Users/a1/data/go/gin-vue-admin/server/main.go:32
runtime.main
	/usr/local/go/src/runtime/proc.go:290
[github.com/flipped-aurora/gin-vue-admin/server]2026-09-10 19:11:58.778	[31merror[0m	/Users/a1/data/go/gin-vue-admin/server/initialize/internal/gorm_logger_writer.go:54	SQL 执行错误	{"node": "", "app_id": "", "env": "", "sql": "ALTER TABLE `addon_quant_article` MODIFY COLUMN `content` varchar(191) COMMENT '内容'", "rows": 0, "elapsed_ms": 63, "mod": "sql", "request_id": "", "trace_id": "", "device_id": "", "client_ip": "", "http_method": "", "http_path": "", "error_msg": "Error 1406 (22001): Data too long for column 'content' at row 1", "error_stack": "github.com/flipped-aurora/gin-vue-admin/server/utils/logger.(*Builder).assemble\n\t/Users/a1/data/go/gin-vue-admin/server/utils/logger/builder.go:64\ngithub.com/flipped-aurora/gin-vue-admin/server/utils/logger.(*Builder).log\n\t/Users/a1/data/go/gin-vue-admin/server/utils/logger/builder.go:75\ngithub.com/flipped-aurora/gin-vue-admin/server/utils/logger.(*Builder).Error\n\t/Users/a1/data/go/gin-vue-admin/server/utils/logger/builder.go:81\ngithub.com/flipped-aurora/gin-vue-admin/server/initialize/internal.(*GormLogger).Trace\n\t/Users/a1/data/go/gin-vue-admin/server/initialize/internal/gorm_logger_writer.go:54\ngorm.io/gorm.(*processor).Execute\n\t/Users/a1/go/pkg/mod/gorm.io/gorm@v1.31.1/callbacks.go:140\ngorm.io/gorm.(*DB).Exec\n\t/Users/a1/go/pkg/mod/gorm.io/gorm@v1.31.1/finisher_api.go:779\ngorm.io/driver/mysql.(*Migrator).AlterColumn.Migrator.AlterColumn.func1\n\t/Users/a1/go/pkg/mod/gorm.io/driver/mysql@v1.6.0/migrator.go:156\ngorm.io/gorm/migrator.Migrator.RunWithValue\n\t/Users/a1/go/pkg/mod/gorm.io/gorm@v1.31.1/migrator/migrator.go:74\ngorm.io/driver/mysql.Migrator.AlterColumn\n\t/Users/a1/go/pkg/mod/gorm.io/driver/mysql@v1.6.0/migrator.go:148\ngorm.io/gorm/migrator.Migrator.MigrateColumn\n\t/Users/a1/go/pkg/mod/gorm.io/gorm@v1.31.1/migrator/migrator.go:582\ngorm.io/gorm/migrator.Migrator.AutoMigrate.func1\n\t/Users/a1/go/pkg/mod/gorm.io/gorm@v1.31.1/migrator/migrator.go:161\ngorm.io/gorm/migrator.Migrator.RunWithValue\n\t/Users/a1/go/pkg/mod/gorm.io/gorm@v1.31.1/migrator/migrator.go:74\ngorm.io/gorm/migrator.Migrator.AutoMigrate\n\t/Users/a1/go/pkg/mod/gorm.io/gorm@v1.31.1/migrator/migrator.go:129\ngorm.io/gorm.(*DB).AutoMigrate\n\t/Users/a1/go/pkg/mod/gorm.io/gorm@v1.31.1/migrator.go:24\ngithub.com/flipped-aurora/gin-vue-admin/server/initialize.bizModel\n\t/Users/a1/data/go/gin-vue-admin/server/initialize/gorm_biz.go:13\ngithub.com/flipped-aurora/gin-vue-admin/server/initialize.RegisterTables\n\t/Users/a1/data/go/gin-vue-admin/server/initialize/gorm.go:89\nmain.initializeSystem\n\t/Users/a1/data/go/gin-vue-admin/server/main.go:51\nmain.main\n\t/Users/a1/data/go/gin-vue-admin/server/main.go:32\nruntime.main\n\t/usr/local/go/src/runtime/proc.go:290"}
github.com/flipped-aurora/gin-vue-admin/server/initialize/internal.(*GormLogger).Trace
	/Users/a1/data/go/gin-vue-admin/server/initialize/internal/gorm_logger_writer.go:54
gorm.io/gorm.(*processor).Execute
	/Users/a1/go/pkg/mod/gorm.io/gorm@v1.31.1/callbacks.go:140
gorm.io/gorm.(*DB).Exec
	/Users/a1/go/pkg/mod/gorm.io/gorm@v1.31.1/finisher_api.go:779
gorm.io/driver/mysql.(*Migrator).AlterColumn.Migrator.AlterColumn.func1
	/Users/a1/go/pkg/mod/gorm.io/driver/mysql@v1.6.0/migrator.go:156
gorm.io/gorm/migrator.Migrator.RunWithValue
	/Users/a1/go/pkg/mod/gorm.io/gorm@v1.31.1/migrator/migrator.go:74
gorm.io/driver/mysql.Migrator.AlterColumn
	/Users/a1/go/pkg/mod/gorm.io/driver/mysql@v1.6.0/migrator.go:148
gorm.io/gorm/migrator.Migrator.MigrateColumn
	/Users/a1/go/pkg/mod/gorm.io/gorm@v1.31.1/migrator/migrator.go:582
gorm.io/gorm/migrator.Migrator.AutoMigrate.func1
	/Users/a1/go/pkg/mod/gorm.io/gorm@v1.31.1/migrator/migrator.go:161
gorm.io/gorm/migrator.Migrator.RunWithValue
	/Users/a1/go/pkg/mod/gorm.io/gorm@v1.31.1/migrator/migrator.go:74
gorm.io/gorm/migrator.Migrator.AutoMigrate
	/Users/a1/go/pkg/mod/gorm.io/gorm@v1.31.1/migrator/migrator.go:129
gorm.io/gorm.(*DB).AutoMigrate
	/Users/a1/go/pkg/mod/gorm.io/gorm@v1.31.1/migrator.go:24
github.com/flipped-aurora/gin-vue-admin/server/initialize.bizModel
	/Users/a1/data/go/gin-vue-admin/server/initialize/gorm_biz.go:13
github.com/flipped-aurora/gin-vue-admin/server/initialize.RegisterTables
	/Users/a1/data/go/gin-vue-admin/server/initialize/gorm.go:89
main.initializeSystem
	/Users/a1/data/go/gin-vue-admin/server/main.go:51
main.main
	/Users/a1/data/go/gin-vue-admin/server/main.go:32
runtime.main
	/usr/local/go/src/runtime/proc.go:290
[github.com/flipped-aurora/gin-vue-admin/server]2026-09-10 19:11:58.780	[31merror[0m	/Users/a1/data/go/gin-vue-admin/server/initialize/gorm.go:92	register biz_table failed	{"node": "", "app_id": "", "env": "", "mod": "system", "request_id": "", "trace_id": "", "device_id": "", "client_ip": "", "http_method": "", "http_path": "", "error_msg": "Error 1406 (22001): Data too long for column 'content' at row 1", "error_stack": "github.com/flipped-aurora/gin-vue-admin/server/utils/logger.(*Builder).assemble\n\t/Users/a1/data/go/gin-vue-admin/server/utils/logger/builder.go:64\ngithub.com/flipped-aurora/gin-vue-admin/server/utils/logger.(*Builder).log\n\t/Users/a1/data/go/gin-vue-admin/server/utils/logger/builder.go:75\ngithub.com/flipped-aurora/gin-vue-admin/server/utils/logger.(*Builder).Error\n\t/Users/a1/data/go/gin-vue-admin/server/utils/logger/builder.go:81\ngithub.com/flipped-aurora/gin-vue-admin/server/initialize.RegisterTables\n\t/Users/a1/data/go/gin-vue-admin/server/initialize/gorm.go:92\nmain.initializeSystem\n\t/Users/a1/data/go/gin-vue-admin/server/main.go:51\nmain.main\n\t/Users/a1/data/go/gin-vue-admin/server/main.go:32\nruntime.main\n\t/usr/local/go/src/runtime/proc.go:290"}
github.com/flipped-aurora/gin-vue-admin/server/initialize.RegisterTables
	/Users/a1/data/go/gin-vue-admin/server/initialize/gorm.go:92
main.initializeSystem
	/Users/a1/data/go/gin-vue-admin/server/main.go:51
main.main
	/Users/a1/data/go/gin-vue-admin/server/main.go:32
runtime.main
	/usr/local/go/src/runtime/proc.go:290
[github.com/flipped-aurora/gin-vue-admin/server]2026-09-10 20:14:49.935	[31merror[0m	/Users/a1/data/go/gin-vue-admin/server/initialize/internal/gorm_logger_writer.go:54	SQL 执行错误	{"node": "", "app_id": "", "env": "", "sql": "SELECT * FROM `addon_quant_ai_task` WHERE (status = 4 AND scheduled_at IS NOT NULL AND scheduled_at <= '2026-09-10 20:01:31.271') AND `addon_quant_ai_task`.`deleted_at` IS NULL", "rows": 0, "elapsed_ms": 34426, "mod": "sql", "request_id": "", "trace_id": "", "device_id": "", "client_ip": "", "http_method": "", "http_path": "", "error_msg": "invalid connection", "error_stack": "github.com/flipped-aurora/gin-vue-admin/server/utils/logger.(*Builder).assemble\n\t/Users/a1/data/go/gin-vue-admin/server/utils/logger/builder.go:64\ngithub.com/flipped-aurora/gin-vue-admin/server/utils/logger.(*Builder).log\n\t/Users/a1/data/go/gin-vue-admin/server/utils/logger/builder.go:75\ngithub.com/flipped-aurora/gin-vue-admin/server/utils/logger.(*Builder).Error\n\t/Users/a1/data/go/gin-vue-admin/server/utils/logger/builder.go:81\ngithub.com/flipped-aurora/gin-vue-admin/server/initialize/internal.(*GormLogger).Trace\n\t/Users/a1/data/go/gin-vue-admin/server/initialize/internal/gorm_logger_writer.go:54\ngorm.io/gorm.(*processor).Execute\n\t/Users/a1/go/pkg/mod/gorm.io/gorm@v1.31.1/callbacks.go:140\ngorm.io/gorm.(*DB).Find\n\t/Users/a1/go/pkg/mod/gorm.io/gorm@v1.31.1/finisher_api.go:172\ngithub.com/flipped-aurora/gin-vue-admin/server/service/quant.(*AiTaskService).dispatchScheduledTasks\n\t/Users/a1/data/go/gin-vue-admin/server/service/quant/ai_task_service.go:421\ngithub.com/flipped-aurora/gin-vue-admin/server/service/quant.StartAiTaskScheduler.func1.1\n\t/Users/a1/data/go/gin-vue-admin/server/service/quant/ai_task_service.go:410"}
github.com/flipped-aurora/gin-vue-admin/server/initialize/internal.(*GormLogger).Trace
	/Users/a1/data/go/gin-vue-admin/server/initialize/internal/gorm_logger_writer.go:54
gorm.io/gorm.(*processor).Execute
	/Users/a1/go/pkg/mod/gorm.io/gorm@v1.31.1/callbacks.go:140
gorm.io/gorm.(*DB).Find
	/Users/a1/go/pkg/mod/gorm.io/gorm@v1.31.1/finisher_api.go:172
github.com/flipped-aurora/gin-vue-admin/server/service/quant.(*AiTaskService).dispatchScheduledTasks
	/Users/a1/data/go/gin-vue-admin/server/service/quant/ai_task_service.go:421
github.com/flipped-aurora/gin-vue-admin/server/service/quant.StartAiTaskScheduler.func1.1
	/Users/a1/data/go/gin-vue-admin/server/service/quant/ai_task_service.go:410
[github.com/flipped-aurora/gin-vue-admin/server]2026-09-10 20:14:50.080	[31merror[0m	/Users/a1/data/go/gin-vue-admin/server/service/quant/ai_task_service.go:422	查询待调度AI任务失败	{"node": "", "app_id": "", "env": "", "error": "invalid connection"}
github.com/flipped-aurora/gin-vue-admin/server/service/quant.(*AiTaskService).dispatchScheduledTasks
	/Users/a1/data/go/gin-vue-admin/server/service/quant/ai_task_service.go:422
github.com/flipped-aurora/gin-vue-admin/server/service/quant.StartAiTaskScheduler.func1.1
	/Users/a1/data/go/gin-vue-admin/server/service/quant/ai_task_service.go:410
[github.com/flipped-aurora/gin-vue-admin/server]2026-09-10 21:49:28.572	[31merror[0m	/Users/a1/data/go/gin-vue-admin/server/api/v1/cms/page.go:138	查询失败!	{"node": "", "app_id": "", "env": "", "mod": "biz", "request_id": "084c4b12-1979-4a1c-aef7-f4d3d935b73b", "trace_id": "39b4cb8980fef4e3b64c9163b9adbc86", "device_id": "", "client_ip": "127.0.0.1", "http_method": "GET", "http_path": "/cms/page/findPage", "span_id": "425db3f07d1bbcfa", "error_msg": "record not found", "error_stack": "github.com/flipped-aurora/gin-vue-admin/server/utils/logger.(*Builder).assemble\n\t/Users/a1/data/go/gin-vue-admin/server/utils/logger/builder.go:64\ngithub.com/flipped-aurora/gin-vue-admin/server/utils/logger.(*Builder).log\n\t/Users/a1/data/go/gin-vue-admin/server/utils/logger/builder.go:75\ngithub.com/flipped-aurora/gin-vue-admin/server/utils/logger.(*Builder).Error\n\t/Users/a1/data/go/gin-vue-admin/server/utils/logger/builder.go:81\ngithub.com/flipped-aurora/gin-vue-admin/server/api/v1/cms.(*PageApi).FindPage\n\t/Users/a1/data/go/gin-vue-admin/server/api/v1/cms/page.go:138\ngithub.com/gin-gonic/gin.(*Context).Next\n\t/Users/a1/go/pkg/mod/github.com/gin-gonic/gin@v1.10.0/context.go:185\ngithub.com/flipped-aurora/gin-vue-admin/server/initialize.Routers.DataScope.func9\n\t/Users/a1/data/go/gin-vue-admin/server/middleware/data_scope.go:26\ngithub.com/gin-gonic/gin.(*Context).Next\n\t/Users/a1/go/pkg/mod/github.com/gin-gonic/gin@v1.10.0/context.go:185\ngithub.com/flipped-aurora/gin-vue-admin/server/initialize.Routers.CasbinHandler.func8\n\t/Users/a1/data/go/gin-vue-admin/server/middleware/casbin_rbac.go:30\ngithub.com/gin-gonic/gin.(*Context).Next\n\t/Users/a1/go/pkg/mod/github.com/gin-gonic/gin@v1.10.0/context.go:185\ngithub.com/flipped-aurora/gin-vue-admin/server/initialize.Routers.MustChangePwdGuard.func7\n\t/Users/a1/data/go/gin-vue-admin/server/middleware/must_change_pwd.go:29\ngithub.com/gin-gonic/gin.(*Context).Next\n\t/Users/a1/go/pkg/mod/github.com/gin-gonic/gin@v1.10.0/context.go:185\ngithub.com/flipped-aurora/gin-vue-admin/server/initialize.Routers.JWTAuth.func6\n\t/Users/a1/data/go/gin-vue-admin/server/middleware/jwt.go:69\ngithub.com/gin-gonic/gin.(*Context).Next\n\t/Users/a1/go/pkg/mod/github.com/gin-gonic/gin@v1.10.0/context.go:185\ngithub.com/flipped-aurora/gin-vue-admin/server/initialize.Routers.Cors.func5\n\t/Users/a1/data/go/gin-vue-admin/server/middleware/cors.go:26\ngithub.com/gin-gonic/gin.(*Context).Next\n\t/Users/a1/go/pkg/mod/github.com/gin-gonic/gin@v1.10.0/context.go:185\ngithub.com/flipped-aurora/gin-vue-admin/server/middleware.UploadResponseHeaders.func1\n\t/Users/a1/data/go/gin-vue-admin/server/middleware/upload_security.go:25\ngithub.com/gin-gonic/gin.(*Context).Next\n\t/Users/a1/go/pkg/mod/github.com/gin-gonic/gin@v1.10.0/context.go:185\ngithub.com/gin-gonic/gin.LoggerWithConfig.func1\n\t/Users/a1/go/pkg/mod/github.com/gin-gonic/gin@v1.10.0/logger.go:249\ngithub.com/gin-gonic/gin.(*Context).Next\n\t/Users/a1/go/pkg/mod/github.com/gin-gonic/gin@v1.10.0/context.go:185\ngithub.com/flipped-aurora/gin-vue-admin/server/initialize.Routers.AccessLog.func4\n\t/Users/a1/data/go/gin-vue-admin/server/middleware/access_log.go:73\ngithub.com/gin-gonic/gin.(*Context).Next\n\t/Users/a1/go/pkg/mod/github.com/gin-gonic/gin@v1.10.0/context.go:185\ngithub.com/flipped-aurora/gin-vue-admin/server/initialize.Routers.GinRecovery.func3\n\t/Users/a1/data/go/gin-vue-admin/server/middleware/error.go:56\ngithub.com/gin-gonic/gin.(*Context).Next\n\t/Users/a1/go/pkg/mod/github.com/gin-gonic/gin@v1.10.0/context.go:185\ngithub.com/flipped-aurora/gin-vue-admin/server/initialize.Routers.RequestMeta.func2\n\t/Users/a1/data/go/gin-vue-admin/server/middleware/request_meta.go:39\ngithub.com/gin-gonic/gin.(*Context).Next\n\t/Users/a1/go/pkg/mod/github.com/gin-gonic/gin@v1.10.0/context.go:185\ngithub.com/gin-gonic/gin.(*Engine).handleHTTPRequest\n\t/Users/a1/go/pkg/mod/github.com/gin-gonic/gin@v1.10.0/gin.go:633\ngithub.com/gin-gonic/gin.(*Engine).ServeHTTP\n\t/Users/a1/go/pkg/mod/github.com/gin-gonic/gin@v1.10.0/gin.go:589\nnet/http.serverHandler.ServeHTTP\n\t/usr/local/go/src/net/http/server.go:3311\nnet/http.(*conn).serve\n\t/usr/local/go/src/net/http/server.go:2073"}
github.com/flipped-aurora/gin-vue-admin/server/api/v1/cms.(*PageApi).FindPage
	/Users/a1/data/go/gin-vue-admin/server/api/v1/cms/page.go:138
github.com/gin-gonic/gin.(*Context).Next
	/Users/a1/go/pkg/mod/github.com/gin-gonic/gin@v1.10.0/context.go:185
github.com/flipped-aurora/gin-vue-admin/server/initialize.Routers.DataScope.func9
	/Users/a1/data/go/gin-vue-admin/server/middleware/data_scope.go:26
github.com/gin-gonic/gin.(*Context).Next
	/Users/a1/go/pkg/mod/github.com/gin-gonic/gin@v1.10.0/context.go:185
github.com/flipped-aurora/gin-vue-admin/server/initialize.Routers.CasbinHandler.func8
	/Users/a1/data/go/gin-vue-admin/server/middleware/casbin_rbac.go:30
github.com/gin-gonic/gin.(*Context).Next
	/Users/a1/go/pkg/mod/github.com/gin-gonic/gin@v1.10.0/context.go:185
github.com/flipped-aurora/gin-vue-admin/server/initialize.Routers.MustChangePwdGuard.func7
	/Users/a1/data/go/gin-vue-admin/server/middleware/must_change_pwd.go:29
github.com/gin-gonic/gin.(*Context).Next
	/Users/a1/go/pkg/mod/github.com/gin-gonic/gin@v1.10.0/context.go:185
github.com/flipped-aurora/gin-vue-admin/server/initialize.Routers.JWTAuth.func6
	/Users/a1/data/go/gin-vue-admin/server/middleware/jwt.go:69
github.com/gin-gonic/gin.(*Context).Next
	/Users/a1/go/pkg/mod/github.com/gin-gonic/gin@v1.10.0/context.go:185
github.com/flipped-aurora/gin-vue-admin/server/initialize.Routers.Cors.func5
	/Users/a1/data/go/gin-vue-admin/server/middleware/cors.go:26
github.com/gin-gonic/gin.(*Context).Next
	/Users/a1/go/pkg/mod/github.com/gin-gonic/gin@v1.10.0/context.go:185
github.com/flipped-aurora/gin-vue-admin/server/middleware.UploadResponseHeaders.func1
	/Users/a1/data/go/gin-vue-admin/server/middleware/upload_security.go:25
github.com/gin-gonic/gin.(*Context).Next
	/Users/a1/go/pkg/mod/github.com/gin-gonic/gin@v1.10.0/context.go:185
github.com/gin-gonic/gin.LoggerWithConfig.func1
	/Users/a1/go/pkg/mod/github.com/gin-gonic/gin@v1.10.0/logger.go:249
github.com/gin-gonic/gin.(*Context).Next
	/Users/a1/go/pkg/mod/github.com/gin-gonic/gin@v1.10.0/context.go:185
github.com/flipped-aurora/gin-vue-admin/server/initialize.Routers.AccessLog.func4
	/Users/a1/data/go/gin-vue-admin/server/middleware/access_log.go:73
github.com/gin-gonic/gin.(*Context).Next
	/Users/a1/go/pkg/mod/github.com/gin-gonic/gin@v1.10.0/context.go:185
github.com/flipped-aurora/gin-vue-admin/server/initialize.Routers.GinRecovery.func3
	/Users/a1/data/go/gin-vue-admin/server/middleware/error.go:56
github.com/gin-gonic/gin.(*Context).Next
	/Users/a1/go/pkg/mod/github.com/gin-gonic/gin@v1.10.0/context.go:185
github.com/flipped-aurora/gin-vue-admin/server/initialize.Routers.RequestMeta.func2
	/Users/a1/data/go/gin-vue-admin/server/middleware/request_meta.go:39
github.com/gin-gonic/gin.(*Context).Next
	/Users/a1/go/pkg/mod/github.com/gin-gonic/gin@v1.10.0/context.go:185
github.com/gin-gonic/gin.(*Engine).handleHTTPRequest
	/Users/a1/go/pkg/mod/github.com/gin-gonic/gin@v1.10.0/gin.go:633
github.com/gin-gonic/gin.(*Engine).ServeHTTP
	/Users/a1/go/pkg/mod/github.com/gin-gonic/gin@v1.10.0/gin.go:589
net/http.serverHandler.ServeHTTP
	/usr/local/go/src/net/http/server.go:3311
net/http.(*conn).serve
	/usr/local/go/src/net/http/server.go:2073
[github.com/flipped-aurora/gin-vue-admin/server]2026-09-10 21:49:31.795	[31merror[0m	/Users/a1/data/go/gin-vue-admin/server/api/v1/cms/page.go:138	查询失败!	{"node": "", "app_id": "", "env": "", "mod": "biz", "request_id": "ef7f46c3-4620-4fac-9254-1a6320977a96", "trace_id": "2dfefe3223f6bd0fcf64dab7906cb2bb", "device_id": "", "client_ip": "127.0.0.1", "http_method": "GET", "http_path": "/cms/page/findPage", "span_id": "9965475bc94da5f4", "error_msg": "record not found", "error_stack": "github.com/flipped-aurora/gin-vue-admin/server/utils/logger.(*Builder).assemble\n\t/Users/a1/data/go/gin-vue-admin/server/utils/logger/builder.go:64\ngithub.com/flipped-aurora/gin-vue-admin/server/utils/logger.(*Builder).log\n\t/Users/a1/data/go/gin-vue-admin/server/utils/logger/builder.go:75\ngithub.com/flipped-aurora/gin-vue-admin/server/utils/logger.(*Builder).Error\n\t/Users/a1/data/go/gin-vue-admin/server/utils/logger/builder.go:81\ngithub.com/flipped-aurora/gin-vue-admin/server/api/v1/cms.(*PageApi).FindPage\n\t/Users/a1/data/go/gin-vue-admin/server/api/v1/cms/page.go:138\ngithub.com/gin-gonic/gin.(*Context).Next\n\t/Users/a1/go/pkg/mod/github.com/gin-gonic/gin@v1.10.0/context.go:185\ngithub.com/flipped-aurora/gin-vue-admin/server/initialize.Routers.DataScope.func9\n\t/Users/a1/data/go/gin-vue-admin/server/middleware/data_scope.go:26\ngithub.com/gin-gonic/gin.(*Context).Next\n\t/Users/a1/go/pkg/mod/github.com/gin-gonic/gin@v1.10.0/context.go:185\ngithub.com/flipped-aurora/gin-vue-admin/server/initialize.Routers.CasbinHandler.func8\n\t/Users/a1/data/go/gin-vue-admin/server/middleware/casbin_rbac.go:30\ngithub.com/gin-gonic/gin.(*Context).Next\n\t/Users/a1/go/pkg/mod/github.com/gin-gonic/gin@v1.10.0/context.go:185\ngithub.com/flipped-aurora/gin-vue-admin/server/initialize.Routers.MustChangePwdGuard.func7\n\t/Users/a1/data/go/gin-vue-admin/server/middleware/must_change_pwd.go:29\ngithub.com/gin-gonic/gin.(*Context).Next\n\t/Users/a1/go/pkg/mod/github.com/gin-gonic/gin@v1.10.0/context.go:185\ngithub.com/flipped-aurora/gin-vue-admin/server/initialize.Routers.JWTAuth.func6\n\t/Users/a1/data/go/gin-vue-admin/server/middleware/jwt.go:69\ngithub.com/gin-gonic/gin.(*Context).Next\n\t/Users/a1/go/pkg/mod/github.com/gin-gonic/gin@v1.10.0/context.go:185\ngithub.com/flipped-aurora/gin-vue-admin/server/initialize.Routers.Cors.func5\n\t/Users/a1/data/go/gin-vue-admin/server/middleware/cors.go:26\ngithub.com/gin-gonic/gin.(*Context).Next\n\t/Users/a1/go/pkg/mod/github.com/gin-gonic/gin@v1.10.0/context.go:185\ngithub.com/flipped-aurora/gin-vue-admin/server/middleware.UploadResponseHeaders.func1\n\t/Users/a1/data/go/gin-vue-admin/server/middleware/upload_security.go:25\ngithub.com/gin-gonic/gin.(*Context).Next\n\t/Users/a1/go/pkg/mod/github.com/gin-gonic/gin@v1.10.0/context.go:185\ngithub.com/gin-gonic/gin.LoggerWithConfig.func1\n\t/Users/a1/go/pkg/mod/github.com/gin-gonic/gin@v1.10.0/logger.go:249\ngithub.com/gin-gonic/gin.(*Context).Next\n\t/Users/a1/go/pkg/mod/github.com/gin-gonic/gin@v1.10.0/context.go:185\ngithub.com/flipped-aurora/gin-vue-admin/server/initialize.Routers.AccessLog.func4\n\t/Users/a1/data/go/gin-vue-admin/server/middleware/access_log.go:73\ngithub.com/gin-gonic/gin.(*Context).Next\n\t/Users/a1/go/pkg/mod/github.com/gin-gonic/gin@v1.10.0/context.go:185\ngithub.com/flipped-aurora/gin-vue-admin/server/initialize.Routers.GinRecovery.func3\n\t/Users/a1/data/go/gin-vue-admin/server/middleware/error.go:56\ngithub.com/gin-gonic/gin.(*Context).Next\n\t/Users/a1/go/pkg/mod/github.com/gin-gonic/gin@v1.10.0/context.go:185\ngithub.com/flipped-aurora/gin-vue-admin/server/initialize.Routers.RequestMeta.func2\n\t/Users/a1/data/go/gin-vue-admin/server/middleware/request_meta.go:39\ngithub.com/gin-gonic/gin.(*Context).Next\n\t/Users/a1/go/pkg/mod/github.com/gin-gonic/gin@v1.10.0/context.go:185\ngithub.com/gin-gonic/gin.(*Engine).handleHTTPRequest\n\t/Users/a1/go/pkg/mod/github.com/gin-gonic/gin@v1.10.0/gin.go:633\ngithub.com/gin-gonic/gin.(*Engine).ServeHTTP\n\t/Users/a1/go/pkg/mod/github.com/gin-gonic/gin@v1.10.0/gin.go:589\nnet/http.serverHandler.ServeHTTP\n\t/usr/local/go/src/net/http/server.go:3311\nnet/http.(*conn).serve\n\t/usr/local/go/src/net/http/server.go:2073"}
github.com/flipped-aurora/gin-vue-admin/server/api/v1/cms.(*PageApi).FindPage
	/Users/a1/data/go/gin-vue-admin/server/api/v1/cms/page.go:138
github.com/gin-gonic/gin.(*Context).Next
	/Users/a1/go/pkg/mod/github.com/gin-gonic/gin@v1.10.0/context.go:185
github.com/flipped-aurora/gin-vue-admin/server/initialize.Routers.DataScope.func9
	/Users/a1/data/go/gin-vue-admin/server/middleware/data_scope.go:26
github.com/gin-gonic/gin.(*Context).Next
	/Users/a1/go/pkg/mod/github.com/gin-gonic/gin@v1.10.0/context.go:185
github.com/flipped-aurora/gin-vue-admin/server/initialize.Routers.CasbinHandler.func8
	/Users/a1/data/go/gin-vue-admin/server/middleware/casbin_rbac.go:30
github.com/gin-gonic/gin.(*Context).Next
	/Users/a1/go/pkg/mod/github.com/gin-gonic/gin@v1.10.0/context.go:185
github.com/flipped-aurora/gin-vue-admin/server/initialize.Routers.MustChangePwdGuard.func7
	/Users/a1/data/go/gin-vue-admin/server/middleware/must_change_pwd.go:29
github.com/gin-gonic/gin.(*Context).Next
	/Users/a1/go/pkg/mod/github.com/gin-gonic/gin@v1.10.0/context.go:185
github.com/flipped-aurora/gin-vue-admin/server/initialize.Routers.JWTAuth.func6
	/Users/a1/data/go/gin-vue-admin/server/middleware/jwt.go:69
github.com/gin-gonic/gin.(*Context).Next
	/Users/a1/go/pkg/mod/github.com/gin-gonic/gin@v1.10.0/context.go:185
github.com/flipped-aurora/gin-vue-admin/server/initialize.Routers.Cors.func5
	/Users/a1/data/go/gin-vue-admin/server/middleware/cors.go:26
github.com/gin-gonic/gin.(*Context).Next
	/Users/a1/go/pkg/mod/github.com/gin-gonic/gin@v1.10.0/context.go:185
github.com/flipped-aurora/gin-vue-admin/server/middleware.UploadResponseHeaders.func1
	/Users/a1/data/go/gin-vue-admin/server/middleware/upload_security.go:25
github.com/gin-gonic/gin.(*Context).Next
	/Users/a1/go/pkg/mod/github.com/gin-gonic/gin@v1.10.0/context.go:185
github.com/gin-gonic/gin.LoggerWithConfig.func1
	/Users/a1/go/pkg/mod/github.com/gin-gonic/gin@v1.10.0/logger.go:249
github.com/gin-gonic/gin.(*Context).Next
	/Users/a1/go/pkg/mod/github.com/gin-gonic/gin@v1.10.0/context.go:185
github.com/flipped-aurora/gin-vue-admin/server/initialize.Routers.AccessLog.func4
	/Users/a1/data/go/gin-vue-admin/server/middleware/access_log.go:73
github.com/gin-gonic/gin.(*Context).Next
	/Users/a1/go/pkg/mod/github.com/gin-gonic/gin@v1.10.0/context.go:185
github.com/flipped-aurora/gin-vue-admin/server/initialize.Routers.GinRecovery.func3
	/Users/a1/data/go/gin-vue-admin/server/middleware/error.go:56
github.com/gin-gonic/gin.(*Context).Next
	/Users/a1/go/pkg/mod/github.com/gin-gonic/gin@v1.10.0/context.go:185
github.com/flipped-aurora/gin-vue-admin/server/initialize.Routers.RequestMeta.func2
	/Users/a1/data/go/gin-vue-admin/server/middleware/request_meta.go:39
github.com/gin-gonic/gin.(*Context).Next
	/Users/a1/go/pkg/mod/github.com/gin-gonic/gin@v1.10.0/context.go:185
github.com/gin-gonic/gin.(*Engine).handleHTTPRequest
	/Users/a1/go/pkg/mod/github.com/gin-gonic/gin@v1.10.0/gin.go:633
github.com/gin-gonic/gin.(*Engine).ServeHTTP
	/Users/a1/go/pkg/mod/github.com/gin-gonic/gin@v1.10.0/gin.go:589
net/http.serverHandler.ServeHTTP
	/usr/local/go/src/net/http/server.go:3311
net/http.(*conn).serve
	/usr/local/go/src/net/http/server.go:2073
[github.com/flipped-aurora/gin-vue-admin/server]2026-09-10 23:04:25.423	[31merror[0m	/Users/a1/data/go/gin-vue-admin/server/initialize/internal/gorm_logger_writer.go:54	SQL 执行错误	{"node": "", "app_id": "", "env": "", "sql": "SELECT * FROM `addon_quant_ai_task` WHERE (status = 4 AND scheduled_at IS NOT NULL AND scheduled_at <= '2026-09-10 23:03:41.971') AND `addon_quant_ai_task`.`deleted_at` IS NULL", "rows": 0, "elapsed_ms": 43378, "mod": "sql", "request_id": "", "trace_id": "", "device_id": "", "client_ip": "", "http_method": "", "http_path": "", "error_msg": "invalid connection", "error_stack": "github.com/flipped-aurora/gin-vue-admin/server/utils/logger.(*Builder).assemble\n\t/Users/a1/data/go/gin-vue-admin/server/utils/logger/builder.go:64\ngithub.com/flipped-aurora/gin-vue-admin/server/utils/logger.(*Builder).log\n\t/Users/a1/data/go/gin-vue-admin/server/utils/logger/builder.go:75\ngithub.com/flipped-aurora/gin-vue-admin/server/utils/logger.(*Builder).Error\n\t/Users/a1/data/go/gin-vue-admin/server/utils/logger/builder.go:81\ngithub.com/flipped-aurora/gin-vue-admin/server/initialize/internal.(*GormLogger).Trace\n\t/Users/a1/data/go/gin-vue-admin/server/initialize/internal/gorm_logger_writer.go:54\ngorm.io/gorm.(*processor).Execute\n\t/Users/a1/go/pkg/mod/gorm.io/gorm@v1.31.1/callbacks.go:140\ngorm.io/gorm.(*DB).Find\n\t/Users/a1/go/pkg/mod/gorm.io/gorm@v1.31.1/finisher_api.go:172\ngithub.com/flipped-aurora/gin-vue-admin/server/service/quant.(*AiTaskService).dispatchScheduledTasks\n\t/Users/a1/data/go/gin-vue-admin/server/service/quant/ai_task_service.go:421\ngithub.com/flipped-aurora/gin-vue-admin/server/service/quant.StartAiTaskScheduler.func1.1\n\t/Users/a1/data/go/gin-vue-admin/server/service/quant/ai_task_service.go:410"}
github.com/flipped-aurora/gin-vue-admin/server/initialize/internal.(*GormLogger).Trace
	/Users/a1/data/go/gin-vue-admin/server/initialize/internal/gorm_logger_writer.go:54
gorm.io/gorm.(*processor).Execute
	/Users/a1/go/pkg/mod/gorm.io/gorm@v1.31.1/callbacks.go:140
gorm.io/gorm.(*DB).Find
	/Users/a1/go/pkg/mod/gorm.io/gorm@v1.31.1/finisher_api.go:172
github.com/flipped-aurora/gin-vue-admin/server/service/quant.(*AiTaskService).dispatchScheduledTasks
	/Users/a1/data/go/gin-vue-admin/server/service/quant/ai_task_service.go:421
github.com/flipped-aurora/gin-vue-admin/server/service/quant.StartAiTaskScheduler.func1.1
	/Users/a1/data/go/gin-vue-admin/server/service/quant/ai_task_service.go:410
[github.com/flipped-aurora/gin-vue-admin/server]2026-09-10 23:04:25.449	[31merror[0m	/Users/a1/data/go/gin-vue-admin/server/service/quant/ai_task_service.go:422	查询待调度AI任务失败	{"node": "", "app_id": "", "env": "", "error": "invalid connection"}
github.com/flipped-aurora/gin-vue-admin/server/service/quant.(*AiTaskService).dispatchScheduledTasks
	/Users/a1/data/go/gin-vue-admin/server/service/quant/ai_task_service.go:422
github.com/flipped-aurora/gin-vue-admin/server/service/quant.StartAiTaskScheduler.func1.1
	/Users/a1/data/go/gin-vue-admin/server/service/quant/ai_task_service.go:410
[github.com/flipped-aurora/gin-vue-admin/server]2026-09-10 23:20:39.151	[31merror[0m	/Users/a1/data/go/gin-vue-admin/server/initialize/internal/gorm_logger_writer.go:54	SQL 执行错误	{"node": "", "app_id": "", "env": "", "sql": "SELECT * FROM `addon_quant_ai_task` WHERE (status = 4 AND scheduled_at IS NOT NULL AND scheduled_at <= '2026-09-10 23:20:00.955') AND `addon_quant_ai_task`.`deleted_at` IS NULL", "rows": 0, "elapsed_ms": 38165, "mod": "sql", "request_id": "", "trace_id": "", "device_id": "", "client_ip": "", "http_method": "", "http_path": "", "error_msg": "invalid connection", "error_stack": "github.com/flipped-aurora/gin-vue-admin/server/utils/logger.(*Builder).assemble\n\t/Users/a1/data/go/gin-vue-admin/server/utils/logger/builder.go:64\ngithub.com/flipped-aurora/gin-vue-admin/server/utils/logger.(*Builder).log\n\t/Users/a1/data/go/gin-vue-admin/server/utils/logger/builder.go:75\ngithub.com/flipped-aurora/gin-vue-admin/server/utils/logger.(*Builder).Error\n\t/Users/a1/data/go/gin-vue-admin/server/utils/logger/builder.go:81\ngithub.com/flipped-aurora/gin-vue-admin/server/initialize/internal.(*GormLogger).Trace\n\t/Users/a1/data/go/gin-vue-admin/server/initialize/internal/gorm_logger_writer.go:54\ngorm.io/gorm.(*processor).Execute\n\t/Users/a1/go/pkg/mod/gorm.io/gorm@v1.31.1/callbacks.go:140\ngorm.io/gorm.(*DB).Find\n\t/Users/a1/go/pkg/mod/gorm.io/gorm@v1.31.1/finisher_api.go:172\ngithub.com/flipped-aurora/gin-vue-admin/server/service/quant.(*AiTaskService).dispatchScheduledTasks\n\t/Users/a1/data/go/gin-vue-admin/server/service/quant/ai_task_service.go:421\ngithub.com/flipped-aurora/gin-vue-admin/server/service/quant.StartAiTaskScheduler.func1.1\n\t/Users/a1/data/go/gin-vue-admin/server/service/quant/ai_task_service.go:410"}
github.com/flipped-aurora/gin-vue-admin/server/initialize/internal.(*GormLogger).Trace
	/Users/a1/data/go/gin-vue-admin/server/initialize/internal/gorm_logger_writer.go:54
gorm.io/gorm.(*processor).Execute
	/Users/a1/go/pkg/mod/gorm.io/gorm@v1.31.1/callbacks.go:140
gorm.io/gorm.(*DB).Find
	/Users/a1/go/pkg/mod/gorm.io/gorm@v1.31.1/finisher_api.go:172
github.com/flipped-aurora/gin-vue-admin/server/service/quant.(*AiTaskService).dispatchScheduledTasks
	/Users/a1/data/go/gin-vue-admin/server/service/quant/ai_task_service.go:421
github.com/flipped-aurora/gin-vue-admin/server/service/quant.StartAiTaskScheduler.func1.1
	/Users/a1/data/go/gin-vue-admin/server/service/quant/ai_task_service.go:410
[github.com/flipped-aurora/gin-vue-admin/server]2026-09-10 23:20:39.185	[31merror[0m	/Users/a1/data/go/gin-vue-admin/server/service/quant/ai_task_service.go:422	查询待调度AI任务失败	{"node": "", "app_id": "", "env": "", "error": "invalid connection"}
github.com/flipped-aurora/gin-vue-admin/server/service/quant.(*AiTaskService).dispatchScheduledTasks
	/Users/a1/data/go/gin-vue-admin/server/service/quant/ai_task_service.go:422
github.com/flipped-aurora/gin-vue-admin/server/service/quant.StartAiTaskScheduler.func1.1
	/Users/a1/data/go/gin-vue-admin/server/service/quant/ai_task_service.go:410
