[github.com/flipped-aurora/gin-vue-admin/server]2026-09-04 00:56:13.035	[31merror[0m	/Users/a1/data/go/gin-vue-admin/server/initialize/internal/gorm_logger_writer.go:54	SQL 执行错误	{"node": "", "app_id": "", "env": "", "sql": "SELECT * FROM `addon_quant_ai_task` WHERE (status = 4 AND scheduled_at IS NOT NULL AND scheduled_at <= '2026-09-04 00:55:29.758') AND `addon_quant_ai_task`.`deleted_at` IS NULL", "rows": 0, "elapsed_ms": 43266, "mod": "sql", "request_id": "", "trace_id": "", "device_id": "", "client_ip": "", "http_method": "", "http_path": "", "error_msg": "invalid connection", "error_stack": "github.com/flipped-aurora/gin-vue-admin/server/utils/logger.(*Builder).assemble\n\t/Users/a1/data/go/gin-vue-admin/server/utils/logger/builder.go:64\ngithub.com/flipped-aurora/gin-vue-admin/server/utils/logger.(*Builder).log\n\t/Users/a1/data/go/gin-vue-admin/server/utils/logger/builder.go:75\ngithub.com/flipped-aurora/gin-vue-admin/server/utils/logger.(*Builder).Error\n\t/Users/a1/data/go/gin-vue-admin/server/utils/logger/builder.go:81\ngithub.com/flipped-aurora/gin-vue-admin/server/initialize/internal.(*GormLogger).Trace\n\t/Users/a1/data/go/gin-vue-admin/server/initialize/internal/gorm_logger_writer.go:54\ngorm.io/gorm.(*processor).Execute\n\t/Users/a1/go/pkg/mod/gorm.io/gorm@v1.31.1/callbacks.go:140\ngorm.io/gorm.(*DB).Find\n\t/Users/a1/go/pkg/mod/gorm.io/gorm@v1.31.1/finisher_api.go:172\ngithub.com/flipped-aurora/gin-vue-admin/server/service/quant.(*AiTaskService).dispatchScheduledTasks\n\t/Users/a1/data/go/gin-vue-admin/server/service/quant/ai_task_service.go:421\ngithub.com/flipped-aurora/gin-vue-admin/server/service/quant.StartAiTaskScheduler.func1.1\n\t/Users/a1/data/go/gin-vue-admin/server/service/quant/ai_task_service.go:410"}
github.com/flipped-aurora/gin-vue-admin/server/initialize/internal.(*GormLogger).Trace
	/Users/a1/data/go/gin-vue-admin/server/initialize/internal/gorm_logger_writer.go:54
gorm.io/gorm.(*processor).Execute
	/Users/a1/go/pkg/mod/gorm.io/gorm@v1.31.1/callbacks.go:140
gorm.io/gorm.(*DB).Find
	/Users/a1/go/pkg/mod/gorm.io/gorm@v1.31.1/finisher_api.go:172
github.com/flipped-aurora/gin-vue-admin/server/service/quant.(*AiTaskService).dispatchScheduledTasks
	/Users/a1/data/go/gin-vue-admin/server/service/quant/ai_task_service.go:421
github.com/flipped-aurora/gin-vue-admin/server/service/quant.StartAiTaskScheduler.func1.1
	/Users/a1/data/go/gin-vue-admin/server/service/quant/ai_task_service.go:410
[github.com/flipped-aurora/gin-vue-admin/server]2026-09-04 00:56:13.036	[31merror[0m	/Users/a1/data/go/gin-vue-admin/server/service/quant/ai_task_service.go:422	查询待调度AI任务失败	{"node": "", "app_id": "", "env": "", "error": "invalid connection"}
github.com/flipped-aurora/gin-vue-admin/server/service/quant.(*AiTaskService).dispatchScheduledTasks
	/Users/a1/data/go/gin-vue-admin/server/service/quant/ai_task_service.go:422
github.com/flipped-aurora/gin-vue-admin/server/service/quant.StartAiTaskScheduler.func1.1
	/Users/a1/data/go/gin-vue-admin/server/service/quant/ai_task_service.go:410
[github.com/flipped-aurora/gin-vue-admin/server]2026-09-04 00:57:10.753	[31merror[0m	/Users/a1/data/go/gin-vue-admin/server/initialize/internal/gorm_logger_writer.go:54	SQL 执行错误	{"node": "", "app_id": "", "env": "", "sql": "SELECT * FROM `addon_quant_ai_task` WHERE (status = 4 AND scheduled_at IS NOT NULL AND scheduled_at <= '2026-09-04 00:56:44.929') AND `addon_quant_ai_task`.`deleted_at` IS NULL", "rows": 0, "elapsed_ms": 25824, "mod": "sql", "request_id": "", "trace_id": "", "device_id": "", "client_ip": "", "http_method": "", "http_path": "", "error_msg": "invalid connection", "error_stack": "github.com/flipped-aurora/gin-vue-admin/server/utils/logger.(*Builder).assemble\n\t/Users/a1/data/go/gin-vue-admin/server/utils/logger/builder.go:64\ngithub.com/flipped-aurora/gin-vue-admin/server/utils/logger.(*Builder).log\n\t/Users/a1/data/go/gin-vue-admin/server/utils/logger/builder.go:75\ngithub.com/flipped-aurora/gin-vue-admin/server/utils/logger.(*Builder).Error\n\t/Users/a1/data/go/gin-vue-admin/server/utils/logger/builder.go:81\ngithub.com/flipped-aurora/gin-vue-admin/server/initialize/internal.(*GormLogger).Trace\n\t/Users/a1/data/go/gin-vue-admin/server/initialize/internal/gorm_logger_writer.go:54\ngorm.io/gorm.(*processor).Execute\n\t/Users/a1/go/pkg/mod/gorm.io/gorm@v1.31.1/callbacks.go:140\ngorm.io/gorm.(*DB).Find\n\t/Users/a1/go/pkg/mod/gorm.io/gorm@v1.31.1/finisher_api.go:172\ngithub.com/flipped-aurora/gin-vue-admin/server/service/quant.(*AiTaskService).dispatchScheduledTasks\n\t/Users/a1/data/go/gin-vue-admin/server/service/quant/ai_task_service.go:421\ngithub.com/flipped-aurora/gin-vue-admin/server/service/quant.StartAiTaskScheduler.func1.1\n\t/Users/a1/data/go/gin-vue-admin/server/service/quant/ai_task_service.go:410"}
github.com/flipped-aurora/gin-vue-admin/server/initialize/internal.(*GormLogger).Trace
	/Users/a1/data/go/gin-vue-admin/server/initialize/internal/gorm_logger_writer.go:54
gorm.io/gorm.(*processor).Execute
	/Users/a1/go/pkg/mod/gorm.io/gorm@v1.31.1/callbacks.go:140
gorm.io/gorm.(*DB).Find
	/Users/a1/go/pkg/mod/gorm.io/gorm@v1.31.1/finisher_api.go:172
github.com/flipped-aurora/gin-vue-admin/server/service/quant.(*AiTaskService).dispatchScheduledTasks
	/Users/a1/data/go/gin-vue-admin/server/service/quant/ai_task_service.go:421
github.com/flipped-aurora/gin-vue-admin/server/service/quant.StartAiTaskScheduler.func1.1
	/Users/a1/data/go/gin-vue-admin/server/service/quant/ai_task_service.go:410
[github.com/flipped-aurora/gin-vue-admin/server]2026-09-04 00:57:10.753	[31merror[0m	/Users/a1/data/go/gin-vue-admin/server/service/quant/ai_task_service.go:422	查询待调度AI任务失败	{"node": "", "app_id": "", "env": "", "error": "invalid connection"}
github.com/flipped-aurora/gin-vue-admin/server/service/quant.(*AiTaskService).dispatchScheduledTasks
	/Users/a1/data/go/gin-vue-admin/server/service/quant/ai_task_service.go:422
github.com/flipped-aurora/gin-vue-admin/server/service/quant.StartAiTaskScheduler.func1.1
	/Users/a1/data/go/gin-vue-admin/server/service/quant/ai_task_service.go:410
[github.com/flipped-aurora/gin-vue-admin/server]2026-09-04 01:34:47.682	[31merror[0m	/Users/a1/data/go/gin-vue-admin/server/initialize/internal/gorm_logger_writer.go:54	SQL 执行错误	{"node": "", "app_id": "", "env": "", "sql": "SELECT * FROM `addon_quant_ai_task` WHERE (status = 4 AND scheduled_at IS NOT NULL AND scheduled_at <= '2026-09-04 01:19:27.266') AND `addon_quant_ai_task`.`deleted_at` IS NULL", "rows": 0, "elapsed_ms": 26071, "mod": "sql", "request_id": "", "trace_id": "", "device_id": "", "client_ip": "", "http_method": "", "http_path": "", "error_msg": "invalid connection", "error_stack": "github.com/flipped-aurora/gin-vue-admin/server/utils/logger.(*Builder).assemble\n\t/Users/a1/data/go/gin-vue-admin/server/utils/logger/builder.go:64\ngithub.com/flipped-aurora/gin-vue-admin/server/utils/logger.(*Builder).log\n\t/Users/a1/data/go/gin-vue-admin/server/utils/logger/builder.go:75\ngithub.com/flipped-aurora/gin-vue-admin/server/utils/logger.(*Builder).Error\n\t/Users/a1/data/go/gin-vue-admin/server/utils/logger/builder.go:81\ngithub.com/flipped-aurora/gin-vue-admin/server/initialize/internal.(*GormLogger).Trace\n\t/Users/a1/data/go/gin-vue-admin/server/initialize/internal/gorm_logger_writer.go:54\ngorm.io/gorm.(*processor).Execute\n\t/Users/a1/go/pkg/mod/gorm.io/gorm@v1.31.1/callbacks.go:140\ngorm.io/gorm.(*DB).Find\n\t/Users/a1/go/pkg/mod/gorm.io/gorm@v1.31.1/finisher_api.go:172\ngithub.com/flipped-aurora/gin-vue-admin/server/service/quant.(*AiTaskService).dispatchScheduledTasks\n\t/Users/a1/data/go/gin-vue-admin/server/service/quant/ai_task_service.go:421\ngithub.com/flipped-aurora/gin-vue-admin/server/service/quant.StartAiTaskScheduler.func1.1\n\t/Users/a1/data/go/gin-vue-admin/server/service/quant/ai_task_service.go:410"}
github.com/flipped-aurora/gin-vue-admin/server/initialize/internal.(*GormLogger).Trace
	/Users/a1/data/go/gin-vue-admin/server/initialize/internal/gorm_logger_writer.go:54
gorm.io/gorm.(*processor).Execute
	/Users/a1/go/pkg/mod/gorm.io/gorm@v1.31.1/callbacks.go:140
gorm.io/gorm.(*DB).Find
	/Users/a1/go/pkg/mod/gorm.io/gorm@v1.31.1/finisher_api.go:172
github.com/flipped-aurora/gin-vue-admin/server/service/quant.(*AiTaskService).dispatchScheduledTasks
	/Users/a1/data/go/gin-vue-admin/server/service/quant/ai_task_service.go:421
github.com/flipped-aurora/gin-vue-admin/server/service/quant.StartAiTaskScheduler.func1.1
	/Users/a1/data/go/gin-vue-admin/server/service/quant/ai_task_service.go:410
[github.com/flipped-aurora/gin-vue-admin/server]2026-09-04 01:34:47.683	[31merror[0m	/Users/a1/data/go/gin-vue-admin/server/service/quant/ai_task_service.go:422	查询待调度AI任务失败	{"node": "", "app_id": "", "env": "", "error": "invalid connection"}
github.com/flipped-aurora/gin-vue-admin/server/service/quant.(*AiTaskService).dispatchScheduledTasks
	/Users/a1/data/go/gin-vue-admin/server/service/quant/ai_task_service.go:422
github.com/flipped-aurora/gin-vue-admin/server/service/quant.StartAiTaskScheduler.func1.1
	/Users/a1/data/go/gin-vue-admin/server/service/quant/ai_task_service.go:410
[github.com/flipped-aurora/gin-vue-admin/server]2026-09-04 01:36:09.728	[31merror[0m	/Users/a1/data/go/gin-vue-admin/server/initialize/internal/gorm_logger_writer.go:54	SQL 执行错误	{"node": "", "app_id": "", "env": "", "sql": "SELECT * FROM `addon_quant_ai_task` WHERE (status = 4 AND scheduled_at IS NOT NULL AND scheduled_at <= '2026-09-04 01:35:20.834') AND `addon_quant_ai_task`.`deleted_at` IS NULL", "rows": 0, "elapsed_ms": 48895, "mod": "sql", "request_id": "", "trace_id": "", "device_id": "", "client_ip": "", "http_method": "", "http_path": "", "error_msg": "invalid connection", "error_stack": "github.com/flipped-aurora/gin-vue-admin/server/utils/logger.(*Builder).assemble\n\t/Users/a1/data/go/gin-vue-admin/server/utils/logger/builder.go:64\ngithub.com/flipped-aurora/gin-vue-admin/server/utils/logger.(*Builder).log\n\t/Users/a1/data/go/gin-vue-admin/server/utils/logger/builder.go:75\ngithub.com/flipped-aurora/gin-vue-admin/server/utils/logger.(*Builder).Error\n\t/Users/a1/data/go/gin-vue-admin/server/utils/logger/builder.go:81\ngithub.com/flipped-aurora/gin-vue-admin/server/initialize/internal.(*GormLogger).Trace\n\t/Users/a1/data/go/gin-vue-admin/server/initialize/internal/gorm_logger_writer.go:54\ngorm.io/gorm.(*processor).Execute\n\t/Users/a1/go/pkg/mod/gorm.io/gorm@v1.31.1/callbacks.go:140\ngorm.io/gorm.(*DB).Find\n\t/Users/a1/go/pkg/mod/gorm.io/gorm@v1.31.1/finisher_api.go:172\ngithub.com/flipped-aurora/gin-vue-admin/server/service/quant.(*AiTaskService).dispatchScheduledTasks\n\t/Users/a1/data/go/gin-vue-admin/server/service/quant/ai_task_service.go:421\ngithub.com/flipped-aurora/gin-vue-admin/server/service/quant.StartAiTaskScheduler.func1.1\n\t/Users/a1/data/go/gin-vue-admin/server/service/quant/ai_task_service.go:410"}
github.com/flipped-aurora/gin-vue-admin/server/initialize/internal.(*GormLogger).Trace
	/Users/a1/data/go/gin-vue-admin/server/initialize/internal/gorm_logger_writer.go:54
gorm.io/gorm.(*processor).Execute
	/Users/a1/go/pkg/mod/gorm.io/gorm@v1.31.1/callbacks.go:140
gorm.io/gorm.(*DB).Find
	/Users/a1/go/pkg/mod/gorm.io/gorm@v1.31.1/finisher_api.go:172
github.com/flipped-aurora/gin-vue-admin/server/service/quant.(*AiTaskService).dispatchScheduledTasks
	/Users/a1/data/go/gin-vue-admin/server/service/quant/ai_task_service.go:421
github.com/flipped-aurora/gin-vue-admin/server/service/quant.StartAiTaskScheduler.func1.1
	/Users/a1/data/go/gin-vue-admin/server/service/quant/ai_task_service.go:410
[github.com/flipped-aurora/gin-vue-admin/server]2026-09-04 01:36:09.733	[31merror[0m	/Users/a1/data/go/gin-vue-admin/server/service/quant/ai_task_service.go:422	查询待调度AI任务失败	{"node": "", "app_id": "", "env": "", "error": "invalid connection"}
github.com/flipped-aurora/gin-vue-admin/server/service/quant.(*AiTaskService).dispatchScheduledTasks
	/Users/a1/data/go/gin-vue-admin/server/service/quant/ai_task_service.go:422
github.com/flipped-aurora/gin-vue-admin/server/service/quant.StartAiTaskScheduler.func1.1
	/Users/a1/data/go/gin-vue-admin/server/service/quant/ai_task_service.go:410
[github.com/flipped-aurora/gin-vue-admin/server]2026-09-04 02:13:33.280	[31merror[0m	/Users/a1/data/go/gin-vue-admin/server/initialize/internal/gorm_logger_writer.go:54	SQL 执行错误	{"node": "", "app_id": "", "env": "", "sql": "SELECT * FROM `addon_quant_ai_task` WHERE (status = 4 AND scheduled_at IS NOT NULL AND scheduled_at <= '2026-09-04 01:57:43.569') AND `addon_quant_ai_task`.`deleted_at` IS NULL", "rows": 0, "elapsed_ms": 47821, "mod": "sql", "request_id": "", "trace_id": "", "device_id": "", "client_ip": "", "http_method": "", "http_path": "", "error_msg": "invalid connection", "error_stack": "github.com/flipped-aurora/gin-vue-admin/server/utils/logger.(*Builder).assemble\n\t/Users/a1/data/go/gin-vue-admin/server/utils/logger/builder.go:64\ngithub.com/flipped-aurora/gin-vue-admin/server/utils/logger.(*Builder).log\n\t/Users/a1/data/go/gin-vue-admin/server/utils/logger/builder.go:75\ngithub.com/flipped-aurora/gin-vue-admin/server/utils/logger.(*Builder).Error\n\t/Users/a1/data/go/gin-vue-admin/server/utils/logger/builder.go:81\ngithub.com/flipped-aurora/gin-vue-admin/server/initialize/internal.(*GormLogger).Trace\n\t/Users/a1/data/go/gin-vue-admin/server/initialize/internal/gorm_logger_writer.go:54\ngorm.io/gorm.(*processor).Execute\n\t/Users/a1/go/pkg/mod/gorm.io/gorm@v1.31.1/callbacks.go:140\ngorm.io/gorm.(*DB).Find\n\t/Users/a1/go/pkg/mod/gorm.io/gorm@v1.31.1/finisher_api.go:172\ngithub.com/flipped-aurora/gin-vue-admin/server/service/quant.(*AiTaskService).dispatchScheduledTasks\n\t/Users/a1/data/go/gin-vue-admin/server/service/quant/ai_task_service.go:421\ngithub.com/flipped-aurora/gin-vue-admin/server/service/quant.StartAiTaskScheduler.func1.1\n\t/Users/a1/data/go/gin-vue-admin/server/service/quant/ai_task_service.go:410"}
github.com/flipped-aurora/gin-vue-admin/server/initialize/internal.(*GormLogger).Trace
	/Users/a1/data/go/gin-vue-admin/server/initialize/internal/gorm_logger_writer.go:54
gorm.io/gorm.(*processor).Execute
	/Users/a1/go/pkg/mod/gorm.io/gorm@v1.31.1/callbacks.go:140
gorm.io/gorm.(*DB).Find
	/Users/a1/go/pkg/mod/gorm.io/gorm@v1.31.1/finisher_api.go:172
github.com/flipped-aurora/gin-vue-admin/server/service/quant.(*AiTaskService).dispatchScheduledTasks
	/Users/a1/data/go/gin-vue-admin/server/service/quant/ai_task_service.go:421
github.com/flipped-aurora/gin-vue-admin/server/service/quant.StartAiTaskScheduler.func1.1
	/Users/a1/data/go/gin-vue-admin/server/service/quant/ai_task_service.go:410
[github.com/flipped-aurora/gin-vue-admin/server]2026-09-04 02:13:33.280	[31merror[0m	/Users/a1/data/go/gin-vue-admin/server/service/quant/ai_task_service.go:422	查询待调度AI任务失败	{"node": "", "app_id": "", "env": "", "error": "invalid connection"}
github.com/flipped-aurora/gin-vue-admin/server/service/quant.(*AiTaskService).dispatchScheduledTasks
	/Users/a1/data/go/gin-vue-admin/server/service/quant/ai_task_service.go:422
github.com/flipped-aurora/gin-vue-admin/server/service/quant.StartAiTaskScheduler.func1.1
	/Users/a1/data/go/gin-vue-admin/server/service/quant/ai_task_service.go:410
[github.com/flipped-aurora/gin-vue-admin/server]2026-09-04 02:54:32.808	[31merror[0m	/Users/a1/data/go/gin-vue-admin/server/initialize/internal/gorm_logger_writer.go:54	SQL 执行错误	{"node": "", "app_id": "", "env": "", "sql": "SELECT * FROM `addon_quant_ai_task` WHERE (status = 4 AND scheduled_at IS NOT NULL AND scheduled_at <= '2026-09-04 02:38:35.851') AND `addon_quant_ai_task`.`deleted_at` IS NULL", "rows": 0, "elapsed_ms": 31221, "mod": "sql", "request_id": "", "trace_id": "", "device_id": "", "client_ip": "", "http_method": "", "http_path": "", "error_msg": "invalid connection", "error_stack": "github.com/flipped-aurora/gin-vue-admin/server/utils/logger.(*Builder).assemble\n\t/Users/a1/data/go/gin-vue-admin/server/utils/logger/builder.go:64\ngithub.com/flipped-aurora/gin-vue-admin/server/utils/logger.(*Builder).log\n\t/Users/a1/data/go/gin-vue-admin/server/utils/logger/builder.go:75\ngithub.com/flipped-aurora/gin-vue-admin/server/utils/logger.(*Builder).Error\n\t/Users/a1/data/go/gin-vue-admin/server/utils/logger/builder.go:81\ngithub.com/flipped-aurora/gin-vue-admin/server/initialize/internal.(*GormLogger).Trace\n\t/Users/a1/data/go/gin-vue-admin/server/initialize/internal/gorm_logger_writer.go:54\ngorm.io/gorm.(*processor).Execute\n\t/Users/a1/go/pkg/mod/gorm.io/gorm@v1.31.1/callbacks.go:140\ngorm.io/gorm.(*DB).Find\n\t/Users/a1/go/pkg/mod/gorm.io/gorm@v1.31.1/finisher_api.go:172\ngithub.com/flipped-aurora/gin-vue-admin/server/service/quant.(*AiTaskService).dispatchScheduledTasks\n\t/Users/a1/data/go/gin-vue-admin/server/service/quant/ai_task_service.go:421\ngithub.com/flipped-aurora/gin-vue-admin/server/service/quant.StartAiTaskScheduler.func1.1\n\t/Users/a1/data/go/gin-vue-admin/server/service/quant/ai_task_service.go:410"}
github.com/flipped-aurora/gin-vue-admin/server/initialize/internal.(*GormLogger).Trace
	/Users/a1/data/go/gin-vue-admin/server/initialize/internal/gorm_logger_writer.go:54
gorm.io/gorm.(*processor).Execute
	/Users/a1/go/pkg/mod/gorm.io/gorm@v1.31.1/callbacks.go:140
gorm.io/gorm.(*DB).Find
	/Users/a1/go/pkg/mod/gorm.io/gorm@v1.31.1/finisher_api.go:172
github.com/flipped-aurora/gin-vue-admin/server/service/quant.(*AiTaskService).dispatchScheduledTasks
	/Users/a1/data/go/gin-vue-admin/server/service/quant/ai_task_service.go:421
github.com/flipped-aurora/gin-vue-admin/server/service/quant.StartAiTaskScheduler.func1.1
	/Users/a1/data/go/gin-vue-admin/server/service/quant/ai_task_service.go:410
[github.com/flipped-aurora/gin-vue-admin/server]2026-09-04 02:54:32.809	[31merror[0m	/Users/a1/data/go/gin-vue-admin/server/service/quant/ai_task_service.go:422	查询待调度AI任务失败	{"node": "", "app_id": "", "env": "", "error": "invalid connection"}
github.com/flipped-aurora/gin-vue-admin/server/service/quant.(*AiTaskService).dispatchScheduledTasks
	/Users/a1/data/go/gin-vue-admin/server/service/quant/ai_task_service.go:422
github.com/flipped-aurora/gin-vue-admin/server/service/quant.StartAiTaskScheduler.func1.1
	/Users/a1/data/go/gin-vue-admin/server/service/quant/ai_task_service.go:410
[github.com/flipped-aurora/gin-vue-admin/server]2026-09-04 03:05:41.233	[31merror[0m	/Users/a1/data/go/gin-vue-admin/server/initialize/internal/gorm_logger_writer.go:54	SQL 执行错误	{"node": "", "app_id": "", "env": "", "sql": "SELECT * FROM `addon_quant_ai_task` WHERE (status = 4 AND scheduled_at IS NOT NULL AND scheduled_at <= '2026-09-04 03:04:57.395') AND `addon_quant_ai_task`.`deleted_at` IS NULL", "rows": 0, "elapsed_ms": 43823, "mod": "sql", "request_id": "", "trace_id": "", "device_id": "", "client_ip": "", "http_method": "", "http_path": "", "error_msg": "invalid connection", "error_stack": "github.com/flipped-aurora/gin-vue-admin/server/utils/logger.(*Builder).assemble\n\t/Users/a1/data/go/gin-vue-admin/server/utils/logger/builder.go:64\ngithub.com/flipped-aurora/gin-vue-admin/server/utils/logger.(*Builder).log\n\t/Users/a1/data/go/gin-vue-admin/server/utils/logger/builder.go:75\ngithub.com/flipped-aurora/gin-vue-admin/server/utils/logger.(*Builder).Error\n\t/Users/a1/data/go/gin-vue-admin/server/utils/logger/builder.go:81\ngithub.com/flipped-aurora/gin-vue-admin/server/initialize/internal.(*GormLogger).Trace\n\t/Users/a1/data/go/gin-vue-admin/server/initialize/internal/gorm_logger_writer.go:54\ngorm.io/gorm.(*processor).Execute\n\t/Users/a1/go/pkg/mod/gorm.io/gorm@v1.31.1/callbacks.go:140\ngorm.io/gorm.(*DB).Find\n\t/Users/a1/go/pkg/mod/gorm.io/gorm@v1.31.1/finisher_api.go:172\ngithub.com/flipped-aurora/gin-vue-admin/server/service/quant.(*AiTaskService).dispatchScheduledTasks\n\t/Users/a1/data/go/gin-vue-admin/server/service/quant/ai_task_service.go:421\ngithub.com/flipped-aurora/gin-vue-admin/server/service/quant.StartAiTaskScheduler.func1.1\n\t/Users/a1/data/go/gin-vue-admin/server/service/quant/ai_task_service.go:410"}
github.com/flipped-aurora/gin-vue-admin/server/initialize/internal.(*GormLogger).Trace
	/Users/a1/data/go/gin-vue-admin/server/initialize/internal/gorm_logger_writer.go:54
gorm.io/gorm.(*processor).Execute
	/Users/a1/go/pkg/mod/gorm.io/gorm@v1.31.1/callbacks.go:140
gorm.io/gorm.(*DB).Find
	/Users/a1/go/pkg/mod/gorm.io/gorm@v1.31.1/finisher_api.go:172
github.com/flipped-aurora/gin-vue-admin/server/service/quant.(*AiTaskService).dispatchScheduledTasks
	/Users/a1/data/go/gin-vue-admin/server/service/quant/ai_task_service.go:421
github.com/flipped-aurora/gin-vue-admin/server/service/quant.StartAiTaskScheduler.func1.1
	/Users/a1/data/go/gin-vue-admin/server/service/quant/ai_task_service.go:410
[github.com/flipped-aurora/gin-vue-admin/server]2026-09-04 03:05:41.267	[31merror[0m	/Users/a1/data/go/gin-vue-admin/server/service/quant/ai_task_service.go:422	查询待调度AI任务失败	{"node": "", "app_id": "", "env": "", "error": "invalid connection"}
github.com/flipped-aurora/gin-vue-admin/server/service/quant.(*AiTaskService).dispatchScheduledTasks
	/Users/a1/data/go/gin-vue-admin/server/service/quant/ai_task_service.go:422
github.com/flipped-aurora/gin-vue-admin/server/service/quant.StartAiTaskScheduler.func1.1
	/Users/a1/data/go/gin-vue-admin/server/service/quant/ai_task_service.go:410
[github.com/flipped-aurora/gin-vue-admin/server]2026-09-04 03:31:48.158	[31merror[0m	/Users/a1/data/go/gin-vue-admin/server/initialize/internal/gorm_logger_writer.go:54	SQL 执行错误	{"node": "", "app_id": "", "env": "", "sql": "SELECT * FROM `addon_quant_ai_task` WHERE (status = 4 AND scheduled_at IS NOT NULL AND scheduled_at <= '2026-09-04 03:30:48.237') AND `addon_quant_ai_task`.`deleted_at` IS NULL", "rows": 0, "elapsed_ms": 57948, "mod": "sql", "request_id": "", "trace_id": "", "device_id": "", "client_ip": "", "http_method": "", "http_path": "", "error_msg": "invalid connection", "error_stack": "github.com/flipped-aurora/gin-vue-admin/server/utils/logger.(*Builder).assemble\n\t/Users/a1/data/go/gin-vue-admin/server/utils/logger/builder.go:64\ngithub.com/flipped-aurora/gin-vue-admin/server/utils/logger.(*Builder).log\n\t/Users/a1/data/go/gin-vue-admin/server/utils/logger/builder.go:75\ngithub.com/flipped-aurora/gin-vue-admin/server/utils/logger.(*Builder).Error\n\t/Users/a1/data/go/gin-vue-admin/server/utils/logger/builder.go:81\ngithub.com/flipped-aurora/gin-vue-admin/server/initialize/internal.(*GormLogger).Trace\n\t/Users/a1/data/go/gin-vue-admin/server/initialize/internal/gorm_logger_writer.go:54\ngorm.io/gorm.(*processor).Execute\n\t/Users/a1/go/pkg/mod/gorm.io/gorm@v1.31.1/callbacks.go:140\ngorm.io/gorm.(*DB).Find\n\t/Users/a1/go/pkg/mod/gorm.io/gorm@v1.31.1/finisher_api.go:172\ngithub.com/flipped-aurora/gin-vue-admin/server/service/quant.(*AiTaskService).dispatchScheduledTasks\n\t/Users/a1/data/go/gin-vue-admin/server/service/quant/ai_task_service.go:421\ngithub.com/flipped-aurora/gin-vue-admin/server/service/quant.StartAiTaskScheduler.func1.1\n\t/Users/a1/data/go/gin-vue-admin/server/service/quant/ai_task_service.go:410"}
github.com/flipped-aurora/gin-vue-admin/server/initialize/internal.(*GormLogger).Trace
	/Users/a1/data/go/gin-vue-admin/server/initialize/internal/gorm_logger_writer.go:54
gorm.io/gorm.(*processor).Execute
	/Users/a1/go/pkg/mod/gorm.io/gorm@v1.31.1/callbacks.go:140
gorm.io/gorm.(*DB).Find
	/Users/a1/go/pkg/mod/gorm.io/gorm@v1.31.1/finisher_api.go:172
github.com/flipped-aurora/gin-vue-admin/server/service/quant.(*AiTaskService).dispatchScheduledTasks
	/Users/a1/data/go/gin-vue-admin/server/service/quant/ai_task_service.go:421
github.com/flipped-aurora/gin-vue-admin/server/service/quant.StartAiTaskScheduler.func1.1
	/Users/a1/data/go/gin-vue-admin/server/service/quant/ai_task_service.go:410
[github.com/flipped-aurora/gin-vue-admin/server]2026-09-04 03:31:48.159	[31merror[0m	/Users/a1/data/go/gin-vue-admin/server/service/quant/ai_task_service.go:422	查询待调度AI任务失败	{"node": "", "app_id": "", "env": "", "error": "invalid connection"}
github.com/flipped-aurora/gin-vue-admin/server/service/quant.(*AiTaskService).dispatchScheduledTasks
	/Users/a1/data/go/gin-vue-admin/server/service/quant/ai_task_service.go:422
github.com/flipped-aurora/gin-vue-admin/server/service/quant.StartAiTaskScheduler.func1.1
	/Users/a1/data/go/gin-vue-admin/server/service/quant/ai_task_service.go:410
[github.com/flipped-aurora/gin-vue-admin/server]2026-09-04 03:48:57.280	[31merror[0m	/Users/a1/data/go/gin-vue-admin/server/initialize/internal/gorm_logger_writer.go:54	SQL 执行错误	{"node": "", "app_id": "", "env": "", "sql": "SELECT * FROM `addon_quant_ai_task` WHERE (status = 4 AND scheduled_at IS NOT NULL AND scheduled_at <= '2026-09-04 03:48:14.07') AND `addon_quant_ai_task`.`deleted_at` IS NULL", "rows": 0, "elapsed_ms": 43204, "mod": "sql", "request_id": "", "trace_id": "", "device_id": "", "client_ip": "", "http_method": "", "http_path": "", "error_msg": "invalid connection", "error_stack": "github.com/flipped-aurora/gin-vue-admin/server/utils/logger.(*Builder).assemble\n\t/Users/a1/data/go/gin-vue-admin/server/utils/logger/builder.go:64\ngithub.com/flipped-aurora/gin-vue-admin/server/utils/logger.(*Builder).log\n\t/Users/a1/data/go/gin-vue-admin/server/utils/logger/builder.go:75\ngithub.com/flipped-aurora/gin-vue-admin/server/utils/logger.(*Builder).Error\n\t/Users/a1/data/go/gin-vue-admin/server/utils/logger/builder.go:81\ngithub.com/flipped-aurora/gin-vue-admin/server/initialize/internal.(*GormLogger).Trace\n\t/Users/a1/data/go/gin-vue-admin/server/initialize/internal/gorm_logger_writer.go:54\ngorm.io/gorm.(*processor).Execute\n\t/Users/a1/go/pkg/mod/gorm.io/gorm@v1.31.1/callbacks.go:140\ngorm.io/gorm.(*DB).Find\n\t/Users/a1/go/pkg/mod/gorm.io/gorm@v1.31.1/finisher_api.go:172\ngithub.com/flipped-aurora/gin-vue-admin/server/service/quant.(*AiTaskService).dispatchScheduledTasks\n\t/Users/a1/data/go/gin-vue-admin/server/service/quant/ai_task_service.go:421\ngithub.com/flipped-aurora/gin-vue-admin/server/service/quant.StartAiTaskScheduler.func1.1\n\t/Users/a1/data/go/gin-vue-admin/server/service/quant/ai_task_service.go:410"}
github.com/flipped-aurora/gin-vue-admin/server/initialize/internal.(*GormLogger).Trace
	/Users/a1/data/go/gin-vue-admin/server/initialize/internal/gorm_logger_writer.go:54
gorm.io/gorm.(*processor).Execute
	/Users/a1/go/pkg/mod/gorm.io/gorm@v1.31.1/callbacks.go:140
gorm.io/gorm.(*DB).Find
	/Users/a1/go/pkg/mod/gorm.io/gorm@v1.31.1/finisher_api.go:172
github.com/flipped-aurora/gin-vue-admin/server/service/quant.(*AiTaskService).dispatchScheduledTasks
	/Users/a1/data/go/gin-vue-admin/server/service/quant/ai_task_service.go:421
github.com/flipped-aurora/gin-vue-admin/server/service/quant.StartAiTaskScheduler.func1.1
	/Users/a1/data/go/gin-vue-admin/server/service/quant/ai_task_service.go:410
[github.com/flipped-aurora/gin-vue-admin/server]2026-09-04 03:48:57.288	[31merror[0m	/Users/a1/data/go/gin-vue-admin/server/service/quant/ai_task_service.go:422	查询待调度AI任务失败	{"node": "", "app_id": "", "env": "", "error": "invalid connection"}
github.com/flipped-aurora/gin-vue-admin/server/service/quant.(*AiTaskService).dispatchScheduledTasks
	/Users/a1/data/go/gin-vue-admin/server/service/quant/ai_task_service.go:422
github.com/flipped-aurora/gin-vue-admin/server/service/quant.StartAiTaskScheduler.func1.1
	/Users/a1/data/go/gin-vue-admin/server/service/quant/ai_task_service.go:410
[github.com/flipped-aurora/gin-vue-admin/server]2026-09-04 04:29:36.485	[31merror[0m	/Users/a1/data/go/gin-vue-admin/server/initialize/internal/gorm_logger_writer.go:54	SQL 执行错误	{"node": "", "app_id": "", "env": "", "sql": "SELECT * FROM `addon_quant_ai_task` WHERE (status = 4 AND scheduled_at IS NOT NULL AND scheduled_at <= '2026-09-04 04:13:34.691') AND `addon_quant_ai_task`.`deleted_at` IS NULL", "rows": 0, "elapsed_ms": 36124, "mod": "sql", "request_id": "", "trace_id": "", "device_id": "", "client_ip": "", "http_method": "", "http_path": "", "error_msg": "invalid connection", "error_stack": "github.com/flipped-aurora/gin-vue-admin/server/utils/logger.(*Builder).assemble\n\t/Users/a1/data/go/gin-vue-admin/server/utils/logger/builder.go:64\ngithub.com/flipped-aurora/gin-vue-admin/server/utils/logger.(*Builder).log\n\t/Users/a1/data/go/gin-vue-admin/server/utils/logger/builder.go:75\ngithub.com/flipped-aurora/gin-vue-admin/server/utils/logger.(*Builder).Error\n\t/Users/a1/data/go/gin-vue-admin/server/utils/logger/builder.go:81\ngithub.com/flipped-aurora/gin-vue-admin/server/initialize/internal.(*GormLogger).Trace\n\t/Users/a1/data/go/gin-vue-admin/server/initialize/internal/gorm_logger_writer.go:54\ngorm.io/gorm.(*processor).Execute\n\t/Users/a1/go/pkg/mod/gorm.io/gorm@v1.31.1/callbacks.go:140\ngorm.io/gorm.(*DB).Find\n\t/Users/a1/go/pkg/mod/gorm.io/gorm@v1.31.1/finisher_api.go:172\ngithub.com/flipped-aurora/gin-vue-admin/server/service/quant.(*AiTaskService).dispatchScheduledTasks\n\t/Users/a1/data/go/gin-vue-admin/server/service/quant/ai_task_service.go:421\ngithub.com/flipped-aurora/gin-vue-admin/server/service/quant.StartAiTaskScheduler.func1.1\n\t/Users/a1/data/go/gin-vue-admin/server/service/quant/ai_task_service.go:410"}
github.com/flipped-aurora/gin-vue-admin/server/initialize/internal.(*GormLogger).Trace
	/Users/a1/data/go/gin-vue-admin/server/initialize/internal/gorm_logger_writer.go:54
gorm.io/gorm.(*processor).Execute
	/Users/a1/go/pkg/mod/gorm.io/gorm@v1.31.1/callbacks.go:140
gorm.io/gorm.(*DB).Find
	/Users/a1/go/pkg/mod/gorm.io/gorm@v1.31.1/finisher_api.go:172
github.com/flipped-aurora/gin-vue-admin/server/service/quant.(*AiTaskService).dispatchScheduledTasks
	/Users/a1/data/go/gin-vue-admin/server/service/quant/ai_task_service.go:421
github.com/flipped-aurora/gin-vue-admin/server/service/quant.StartAiTaskScheduler.func1.1
	/Users/a1/data/go/gin-vue-admin/server/service/quant/ai_task_service.go:410
[github.com/flipped-aurora/gin-vue-admin/server]2026-09-04 04:29:36.485	[31merror[0m	/Users/a1/data/go/gin-vue-admin/server/service/quant/ai_task_service.go:422	查询待调度AI任务失败	{"node": "", "app_id": "", "env": "", "error": "invalid connection"}
github.com/flipped-aurora/gin-vue-admin/server/service/quant.(*AiTaskService).dispatchScheduledTasks
	/Users/a1/data/go/gin-vue-admin/server/service/quant/ai_task_service.go:422
github.com/flipped-aurora/gin-vue-admin/server/service/quant.StartAiTaskScheduler.func1.1
	/Users/a1/data/go/gin-vue-admin/server/service/quant/ai_task_service.go:410
[github.com/flipped-aurora/gin-vue-admin/server]2026-09-04 05:02:15.030	[31merror[0m	/Users/a1/data/go/gin-vue-admin/server/initialize/internal/gorm_logger_writer.go:54	SQL 执行错误	{"node": "", "app_id": "", "env": "", "sql": "SELECT * FROM `addon_quant_ai_task` WHERE (status = 4 AND scheduled_at IS NOT NULL AND scheduled_at <= '2026-09-04 04:45:56.013') AND `addon_quant_ai_task`.`deleted_at` IS NULL", "rows": 0, "elapsed_ms": 53220, "mod": "sql", "request_id": "", "trace_id": "", "device_id": "", "client_ip": "", "http_method": "", "http_path": "", "error_msg": "invalid connection", "error_stack": "github.com/flipped-aurora/gin-vue-admin/server/utils/logger.(*Builder).assemble\n\t/Users/a1/data/go/gin-vue-admin/server/utils/logger/builder.go:64\ngithub.com/flipped-aurora/gin-vue-admin/server/utils/logger.(*Builder).log\n\t/Users/a1/data/go/gin-vue-admin/server/utils/logger/builder.go:75\ngithub.com/flipped-aurora/gin-vue-admin/server/utils/logger.(*Builder).Error\n\t/Users/a1/data/go/gin-vue-admin/server/utils/logger/builder.go:81\ngithub.com/flipped-aurora/gin-vue-admin/server/initialize/internal.(*GormLogger).Trace\n\t/Users/a1/data/go/gin-vue-admin/server/initialize/internal/gorm_logger_writer.go:54\ngorm.io/gorm.(*processor).Execute\n\t/Users/a1/go/pkg/mod/gorm.io/gorm@v1.31.1/callbacks.go:140\ngorm.io/gorm.(*DB).Find\n\t/Users/a1/go/pkg/mod/gorm.io/gorm@v1.31.1/finisher_api.go:172\ngithub.com/flipped-aurora/gin-vue-admin/server/service/quant.(*AiTaskService).dispatchScheduledTasks\n\t/Users/a1/data/go/gin-vue-admin/server/service/quant/ai_task_service.go:421\ngithub.com/flipped-aurora/gin-vue-admin/server/service/quant.StartAiTaskScheduler.func1.1\n\t/Users/a1/data/go/gin-vue-admin/server/service/quant/ai_task_service.go:410"}
github.com/flipped-aurora/gin-vue-admin/server/initialize/internal.(*GormLogger).Trace
	/Users/a1/data/go/gin-vue-admin/server/initialize/internal/gorm_logger_writer.go:54
gorm.io/gorm.(*processor).Execute
	/Users/a1/go/pkg/mod/gorm.io/gorm@v1.31.1/callbacks.go:140
gorm.io/gorm.(*DB).Find
	/Users/a1/go/pkg/mod/gorm.io/gorm@v1.31.1/finisher_api.go:172
github.com/flipped-aurora/gin-vue-admin/server/service/quant.(*AiTaskService).dispatchScheduledTasks
	/Users/a1/data/go/gin-vue-admin/server/service/quant/ai_task_service.go:421
github.com/flipped-aurora/gin-vue-admin/server/service/quant.StartAiTaskScheduler.func1.1
	/Users/a1/data/go/gin-vue-admin/server/service/quant/ai_task_service.go:410
[github.com/flipped-aurora/gin-vue-admin/server]2026-09-04 05:02:15.031	[31merror[0m	/Users/a1/data/go/gin-vue-admin/server/service/quant/ai_task_service.go:422	查询待调度AI任务失败	{"node": "", "app_id": "", "env": "", "error": "invalid connection"}
github.com/flipped-aurora/gin-vue-admin/server/service/quant.(*AiTaskService).dispatchScheduledTasks
	/Users/a1/data/go/gin-vue-admin/server/service/quant/ai_task_service.go:422
github.com/flipped-aurora/gin-vue-admin/server/service/quant.StartAiTaskScheduler.func1.1
	/Users/a1/data/go/gin-vue-admin/server/service/quant/ai_task_service.go:410
[github.com/flipped-aurora/gin-vue-admin/server]2026-09-04 05:55:12.826	[31merror[0m	/Users/a1/data/go/gin-vue-admin/server/initialize/internal/gorm_logger_writer.go:54	SQL 执行错误	{"node": "", "app_id": "", "env": "", "sql": "SELECT * FROM `addon_quant_ai_task` WHERE (status = 4 AND scheduled_at IS NOT NULL AND scheduled_at <= '2026-09-04 05:39:01.328') AND `addon_quant_ai_task`.`deleted_at` IS NULL", "rows": 0, "elapsed_ms": 45834, "mod": "sql", "request_id": "", "trace_id": "", "device_id": "", "client_ip": "", "http_method": "", "http_path": "", "error_msg": "invalid connection", "error_stack": "github.com/flipped-aurora/gin-vue-admin/server/utils/logger.(*Builder).assemble\n\t/Users/a1/data/go/gin-vue-admin/server/utils/logger/builder.go:64\ngithub.com/flipped-aurora/gin-vue-admin/server/utils/logger.(*Builder).log\n\t/Users/a1/data/go/gin-vue-admin/server/utils/logger/builder.go:75\ngithub.com/flipped-aurora/gin-vue-admin/server/utils/logger.(*Builder).Error\n\t/Users/a1/data/go/gin-vue-admin/server/utils/logger/builder.go:81\ngithub.com/flipped-aurora/gin-vue-admin/server/initialize/internal.(*GormLogger).Trace\n\t/Users/a1/data/go/gin-vue-admin/server/initialize/internal/gorm_logger_writer.go:54\ngorm.io/gorm.(*processor).Execute\n\t/Users/a1/go/pkg/mod/gorm.io/gorm@v1.31.1/callbacks.go:140\ngorm.io/gorm.(*DB).Find\n\t/Users/a1/go/pkg/mod/gorm.io/gorm@v1.31.1/finisher_api.go:172\ngithub.com/flipped-aurora/gin-vue-admin/server/service/quant.(*AiTaskService).dispatchScheduledTasks\n\t/Users/a1/data/go/gin-vue-admin/server/service/quant/ai_task_service.go:421\ngithub.com/flipped-aurora/gin-vue-admin/server/service/quant.StartAiTaskScheduler.func1.1\n\t/Users/a1/data/go/gin-vue-admin/server/service/quant/ai_task_service.go:410"}
github.com/flipped-aurora/gin-vue-admin/server/initialize/internal.(*GormLogger).Trace
	/Users/a1/data/go/gin-vue-admin/server/initialize/internal/gorm_logger_writer.go:54
gorm.io/gorm.(*processor).Execute
	/Users/a1/go/pkg/mod/gorm.io/gorm@v1.31.1/callbacks.go:140
gorm.io/gorm.(*DB).Find
	/Users/a1/go/pkg/mod/gorm.io/gorm@v1.31.1/finisher_api.go:172
github.com/flipped-aurora/gin-vue-admin/server/service/quant.(*AiTaskService).dispatchScheduledTasks
	/Users/a1/data/go/gin-vue-admin/server/service/quant/ai_task_service.go:421
github.com/flipped-aurora/gin-vue-admin/server/service/quant.StartAiTaskScheduler.func1.1
	/Users/a1/data/go/gin-vue-admin/server/service/quant/ai_task_service.go:410
[github.com/flipped-aurora/gin-vue-admin/server]2026-09-04 05:55:12.827	[31merror[0m	/Users/a1/data/go/gin-vue-admin/server/service/quant/ai_task_service.go:422	查询待调度AI任务失败	{"node": "", "app_id": "", "env": "", "error": "invalid connection"}
github.com/flipped-aurora/gin-vue-admin/server/service/quant.(*AiTaskService).dispatchScheduledTasks
	/Users/a1/data/go/gin-vue-admin/server/service/quant/ai_task_service.go:422
github.com/flipped-aurora/gin-vue-admin/server/service/quant.StartAiTaskScheduler.func1.1
	/Users/a1/data/go/gin-vue-admin/server/service/quant/ai_task_service.go:410
[github.com/flipped-aurora/gin-vue-admin/server]2026-09-04 06:12:07.226	[31merror[0m	/Users/a1/data/go/gin-vue-admin/server/initialize/internal/gorm_logger_writer.go:54	SQL 执行错误	{"node": "", "app_id": "", "env": "", "sql": "SELECT * FROM `addon_quant_ai_task` WHERE (status = 4 AND scheduled_at IS NOT NULL AND scheduled_at <= '2026-09-04 06:11:23.846') AND `addon_quant_ai_task`.`deleted_at` IS NULL", "rows": 0, "elapsed_ms": 43371, "mod": "sql", "request_id": "", "trace_id": "", "device_id": "", "client_ip": "", "http_method": "", "http_path": "", "error_msg": "invalid connection", "error_stack": "github.com/flipped-aurora/gin-vue-admin/server/utils/logger.(*Builder).assemble\n\t/Users/a1/data/go/gin-vue-admin/server/utils/logger/builder.go:64\ngithub.com/flipped-aurora/gin-vue-admin/server/utils/logger.(*Builder).log\n\t/Users/a1/data/go/gin-vue-admin/server/utils/logger/builder.go:75\ngithub.com/flipped-aurora/gin-vue-admin/server/utils/logger.(*Builder).Error\n\t/Users/a1/data/go/gin-vue-admin/server/utils/logger/builder.go:81\ngithub.com/flipped-aurora/gin-vue-admin/server/initialize/internal.(*GormLogger).Trace\n\t/Users/a1/data/go/gin-vue-admin/server/initialize/internal/gorm_logger_writer.go:54\ngorm.io/gorm.(*processor).Execute\n\t/Users/a1/go/pkg/mod/gorm.io/gorm@v1.31.1/callbacks.go:140\ngorm.io/gorm.(*DB).Find\n\t/Users/a1/go/pkg/mod/gorm.io/gorm@v1.31.1/finisher_api.go:172\ngithub.com/flipped-aurora/gin-vue-admin/server/service/quant.(*AiTaskService).dispatchScheduledTasks\n\t/Users/a1/data/go/gin-vue-admin/server/service/quant/ai_task_service.go:421\ngithub.com/flipped-aurora/gin-vue-admin/server/service/quant.StartAiTaskScheduler.func1.1\n\t/Users/a1/data/go/gin-vue-admin/server/service/quant/ai_task_service.go:410"}
github.com/flipped-aurora/gin-vue-admin/server/initialize/internal.(*GormLogger).Trace
	/Users/a1/data/go/gin-vue-admin/server/initialize/internal/gorm_logger_writer.go:54
gorm.io/gorm.(*processor).Execute
	/Users/a1/go/pkg/mod/gorm.io/gorm@v1.31.1/callbacks.go:140
gorm.io/gorm.(*DB).Find
	/Users/a1/go/pkg/mod/gorm.io/gorm@v1.31.1/finisher_api.go:172
github.com/flipped-aurora/gin-vue-admin/server/service/quant.(*AiTaskService).dispatchScheduledTasks
	/Users/a1/data/go/gin-vue-admin/server/service/quant/ai_task_service.go:421
github.com/flipped-aurora/gin-vue-admin/server/service/quant.StartAiTaskScheduler.func1.1
	/Users/a1/data/go/gin-vue-admin/server/service/quant/ai_task_service.go:410
[github.com/flipped-aurora/gin-vue-admin/server]2026-09-04 06:12:07.231	[31merror[0m	/Users/a1/data/go/gin-vue-admin/server/service/quant/ai_task_service.go:422	查询待调度AI任务失败	{"node": "", "app_id": "", "env": "", "error": "invalid connection"}
github.com/flipped-aurora/gin-vue-admin/server/service/quant.(*AiTaskService).dispatchScheduledTasks
	/Users/a1/data/go/gin-vue-admin/server/service/quant/ai_task_service.go:422
github.com/flipped-aurora/gin-vue-admin/server/service/quant.StartAiTaskScheduler.func1.1
	/Users/a1/data/go/gin-vue-admin/server/service/quant/ai_task_service.go:410
[github.com/flipped-aurora/gin-vue-admin/server]2026-09-04 06:28:23.621	[31merror[0m	/Users/a1/data/go/gin-vue-admin/server/initialize/internal/gorm_logger_writer.go:54	SQL 执行错误	{"node": "", "app_id": "", "env": "", "sql": "SELECT * FROM `addon_quant_ai_task` WHERE (status = 4 AND scheduled_at IS NOT NULL AND scheduled_at <= '2026-09-04 06:27:48.477') AND `addon_quant_ai_task`.`deleted_at` IS NULL", "rows": 0, "elapsed_ms": 35138, "mod": "sql", "request_id": "", "trace_id": "", "device_id": "", "client_ip": "", "http_method": "", "http_path": "", "error_msg": "invalid connection", "error_stack": "github.com/flipped-aurora/gin-vue-admin/server/utils/logger.(*Builder).assemble\n\t/Users/a1/data/go/gin-vue-admin/server/utils/logger/builder.go:64\ngithub.com/flipped-aurora/gin-vue-admin/server/utils/logger.(*Builder).log\n\t/Users/a1/data/go/gin-vue-admin/server/utils/logger/builder.go:75\ngithub.com/flipped-aurora/gin-vue-admin/server/utils/logger.(*Builder).Error\n\t/Users/a1/data/go/gin-vue-admin/server/utils/logger/builder.go:81\ngithub.com/flipped-aurora/gin-vue-admin/server/initialize/internal.(*GormLogger).Trace\n\t/Users/a1/data/go/gin-vue-admin/server/initialize/internal/gorm_logger_writer.go:54\ngorm.io/gorm.(*processor).Execute\n\t/Users/a1/go/pkg/mod/gorm.io/gorm@v1.31.1/callbacks.go:140\ngorm.io/gorm.(*DB).Find\n\t/Users/a1/go/pkg/mod/gorm.io/gorm@v1.31.1/finisher_api.go:172\ngithub.com/flipped-aurora/gin-vue-admin/server/service/quant.(*AiTaskService).dispatchScheduledTasks\n\t/Users/a1/data/go/gin-vue-admin/server/service/quant/ai_task_service.go:421\ngithub.com/flipped-aurora/gin-vue-admin/server/service/quant.StartAiTaskScheduler.func1.1\n\t/Users/a1/data/go/gin-vue-admin/server/service/quant/ai_task_service.go:410"}
github.com/flipped-aurora/gin-vue-admin/server/initialize/internal.(*GormLogger).Trace
	/Users/a1/data/go/gin-vue-admin/server/initialize/internal/gorm_logger_writer.go:54
gorm.io/gorm.(*processor).Execute
	/Users/a1/go/pkg/mod/gorm.io/gorm@v1.31.1/callbacks.go:140
gorm.io/gorm.(*DB).Find
	/Users/a1/go/pkg/mod/gorm.io/gorm@v1.31.1/finisher_api.go:172
github.com/flipped-aurora/gin-vue-admin/server/service/quant.(*AiTaskService).dispatchScheduledTasks
	/Users/a1/data/go/gin-vue-admin/server/service/quant/ai_task_service.go:421
github.com/flipped-aurora/gin-vue-admin/server/service/quant.StartAiTaskScheduler.func1.1
	/Users/a1/data/go/gin-vue-admin/server/service/quant/ai_task_service.go:410
[github.com/flipped-aurora/gin-vue-admin/server]2026-09-04 06:28:23.634	[31merror[0m	/Users/a1/data/go/gin-vue-admin/server/service/quant/ai_task_service.go:422	查询待调度AI任务失败	{"node": "", "app_id": "", "env": "", "error": "invalid connection"}
github.com/flipped-aurora/gin-vue-admin/server/service/quant.(*AiTaskService).dispatchScheduledTasks
	/Users/a1/data/go/gin-vue-admin/server/service/quant/ai_task_service.go:422
github.com/flipped-aurora/gin-vue-admin/server/service/quant.StartAiTaskScheduler.func1.1
	/Users/a1/data/go/gin-vue-admin/server/service/quant/ai_task_service.go:410
[github.com/flipped-aurora/gin-vue-admin/server]2026-09-04 06:54:34.777	[31merror[0m	/Users/a1/data/go/gin-vue-admin/server/initialize/internal/gorm_logger_writer.go:54	SQL 执行错误	{"node": "", "app_id": "", "env": "", "sql": "SELECT * FROM `addon_quant_ai_task` WHERE (status = 4 AND scheduled_at IS NOT NULL AND scheduled_at <= '2026-09-04 06:44:14.209') AND `addon_quant_ai_task`.`deleted_at` IS NULL", "rows": 0, "elapsed_ms": 32948, "mod": "sql", "request_id": "", "trace_id": "", "device_id": "", "client_ip": "", "http_method": "", "http_path": "", "error_msg": "invalid connection", "error_stack": "github.com/flipped-aurora/gin-vue-admin/server/utils/logger.(*Builder).assemble\n\t/Users/a1/data/go/gin-vue-admin/server/utils/logger/builder.go:64\ngithub.com/flipped-aurora/gin-vue-admin/server/utils/logger.(*Builder).log\n\t/Users/a1/data/go/gin-vue-admin/server/utils/logger/builder.go:75\ngithub.com/flipped-aurora/gin-vue-admin/server/utils/logger.(*Builder).Error\n\t/Users/a1/data/go/gin-vue-admin/server/utils/logger/builder.go:81\ngithub.com/flipped-aurora/gin-vue-admin/server/initialize/internal.(*GormLogger).Trace\n\t/Users/a1/data/go/gin-vue-admin/server/initialize/internal/gorm_logger_writer.go:54\ngorm.io/gorm.(*processor).Execute\n\t/Users/a1/go/pkg/mod/gorm.io/gorm@v1.31.1/callbacks.go:140\ngorm.io/gorm.(*DB).Find\n\t/Users/a1/go/pkg/mod/gorm.io/gorm@v1.31.1/finisher_api.go:172\ngithub.com/flipped-aurora/gin-vue-admin/server/service/quant.(*AiTaskService).dispatchScheduledTasks\n\t/Users/a1/data/go/gin-vue-admin/server/service/quant/ai_task_service.go:421\ngithub.com/flipped-aurora/gin-vue-admin/server/service/quant.StartAiTaskScheduler.func1.1\n\t/Users/a1/data/go/gin-vue-admin/server/service/quant/ai_task_service.go:410"}
github.com/flipped-aurora/gin-vue-admin/server/initialize/internal.(*GormLogger).Trace
	/Users/a1/data/go/gin-vue-admin/server/initialize/internal/gorm_logger_writer.go:54
gorm.io/gorm.(*processor).Execute
	/Users/a1/go/pkg/mod/gorm.io/gorm@v1.31.1/callbacks.go:140
gorm.io/gorm.(*DB).Find
	/Users/a1/go/pkg/mod/gorm.io/gorm@v1.31.1/finisher_api.go:172
github.com/flipped-aurora/gin-vue-admin/server/service/quant.(*AiTaskService).dispatchScheduledTasks
	/Users/a1/data/go/gin-vue-admin/server/service/quant/ai_task_service.go:421
github.com/flipped-aurora/gin-vue-admin/server/service/quant.StartAiTaskScheduler.func1.1
	/Users/a1/data/go/gin-vue-admin/server/service/quant/ai_task_service.go:410
[github.com/flipped-aurora/gin-vue-admin/server]2026-09-04 06:54:34.778	[31merror[0m	/Users/a1/data/go/gin-vue-admin/server/service/quant/ai_task_service.go:422	查询待调度AI任务失败	{"node": "", "app_id": "", "env": "", "error": "invalid connection"}
github.com/flipped-aurora/gin-vue-admin/server/service/quant.(*AiTaskService).dispatchScheduledTasks
	/Users/a1/data/go/gin-vue-admin/server/service/quant/ai_task_service.go:422
github.com/flipped-aurora/gin-vue-admin/server/service/quant.StartAiTaskScheduler.func1.1
	/Users/a1/data/go/gin-vue-admin/server/service/quant/ai_task_service.go:410
[github.com/flipped-aurora/gin-vue-admin/server]2026-09-04 07:39:57.833	[31merror[0m	/Users/a1/data/go/gin-vue-admin/server/initialize/internal/gorm_logger_writer.go:54	SQL 执行错误	{"node": "", "app_id": "", "env": "", "sql": "SELECT * FROM `addon_quant_ai_task` WHERE (status = 4 AND scheduled_at IS NOT NULL AND scheduled_at <= '2026-09-04 07:23:57.482') AND `addon_quant_ai_task`.`deleted_at` IS NULL", "rows": 0, "elapsed_ms": 34685, "mod": "sql", "request_id": "", "trace_id": "", "device_id": "", "client_ip": "", "http_method": "", "http_path": "", "error_msg": "invalid connection", "error_stack": "github.com/flipped-aurora/gin-vue-admin/server/utils/logger.(*Builder).assemble\n\t/Users/a1/data/go/gin-vue-admin/server/utils/logger/builder.go:64\ngithub.com/flipped-aurora/gin-vue-admin/server/utils/logger.(*Builder).log\n\t/Users/a1/data/go/gin-vue-admin/server/utils/logger/builder.go:75\ngithub.com/flipped-aurora/gin-vue-admin/server/utils/logger.(*Builder).Error\n\t/Users/a1/data/go/gin-vue-admin/server/utils/logger/builder.go:81\ngithub.com/flipped-aurora/gin-vue-admin/server/initialize/internal.(*GormLogger).Trace\n\t/Users/a1/data/go/gin-vue-admin/server/initialize/internal/gorm_logger_writer.go:54\ngorm.io/gorm.(*processor).Execute\n\t/Users/a1/go/pkg/mod/gorm.io/gorm@v1.31.1/callbacks.go:140\ngorm.io/gorm.(*DB).Find\n\t/Users/a1/go/pkg/mod/gorm.io/gorm@v1.31.1/finisher_api.go:172\ngithub.com/flipped-aurora/gin-vue-admin/server/service/quant.(*AiTaskService).dispatchScheduledTasks\n\t/Users/a1/data/go/gin-vue-admin/server/service/quant/ai_task_service.go:421\ngithub.com/flipped-aurora/gin-vue-admin/server/service/quant.StartAiTaskScheduler.func1.1\n\t/Users/a1/data/go/gin-vue-admin/server/service/quant/ai_task_service.go:410"}
github.com/flipped-aurora/gin-vue-admin/server/initialize/internal.(*GormLogger).Trace
	/Users/a1/data/go/gin-vue-admin/server/initialize/internal/gorm_logger_writer.go:54
gorm.io/gorm.(*processor).Execute
	/Users/a1/go/pkg/mod/gorm.io/gorm@v1.31.1/callbacks.go:140
gorm.io/gorm.(*DB).Find
	/Users/a1/go/pkg/mod/gorm.io/gorm@v1.31.1/finisher_api.go:172
github.com/flipped-aurora/gin-vue-admin/server/service/quant.(*AiTaskService).dispatchScheduledTasks
	/Users/a1/data/go/gin-vue-admin/server/service/quant/ai_task_service.go:421
github.com/flipped-aurora/gin-vue-admin/server/service/quant.StartAiTaskScheduler.func1.1
	/Users/a1/data/go/gin-vue-admin/server/service/quant/ai_task_service.go:410
[github.com/flipped-aurora/gin-vue-admin/server]2026-09-04 07:39:57.835	[31merror[0m	/Users/a1/data/go/gin-vue-admin/server/service/quant/ai_task_service.go:422	查询待调度AI任务失败	{"node": "", "app_id": "", "env": "", "error": "invalid connection"}
github.com/flipped-aurora/gin-vue-admin/server/service/quant.(*AiTaskService).dispatchScheduledTasks
	/Users/a1/data/go/gin-vue-admin/server/service/quant/ai_task_service.go:422
github.com/flipped-aurora/gin-vue-admin/server/service/quant.StartAiTaskScheduler.func1.1
	/Users/a1/data/go/gin-vue-admin/server/service/quant/ai_task_service.go:410
[github.com/flipped-aurora/gin-vue-admin/server]2026-09-04 07:55:33.340	[31merror[0m	/Users/a1/data/go/gin-vue-admin/server/initialize/internal/gorm_logger_writer.go:54	SQL 执行错误	{"node": "", "app_id": "", "env": "", "sql": "SELECT * FROM `addon_quant_ai_task` WHERE (status = 4 AND scheduled_at IS NOT NULL AND scheduled_at <= '2026-09-04 07:53:17.066') AND `addon_quant_ai_task`.`deleted_at` IS NULL", "rows": 0, "elapsed_ms": 136266, "mod": "sql", "request_id": "", "trace_id": "", "device_id": "", "client_ip": "", "http_method": "", "http_path": "", "error_msg": "invalid connection", "error_stack": "github.com/flipped-aurora/gin-vue-admin/server/utils/logger.(*Builder).assemble\n\t/Users/a1/data/go/gin-vue-admin/server/utils/logger/builder.go:64\ngithub.com/flipped-aurora/gin-vue-admin/server/utils/logger.(*Builder).log\n\t/Users/a1/data/go/gin-vue-admin/server/utils/logger/builder.go:75\ngithub.com/flipped-aurora/gin-vue-admin/server/utils/logger.(*Builder).Error\n\t/Users/a1/data/go/gin-vue-admin/server/utils/logger/builder.go:81\ngithub.com/flipped-aurora/gin-vue-admin/server/initialize/internal.(*GormLogger).Trace\n\t/Users/a1/data/go/gin-vue-admin/server/initialize/internal/gorm_logger_writer.go:54\ngorm.io/gorm.(*processor).Execute\n\t/Users/a1/go/pkg/mod/gorm.io/gorm@v1.31.1/callbacks.go:140\ngorm.io/gorm.(*DB).Find\n\t/Users/a1/go/pkg/mod/gorm.io/gorm@v1.31.1/finisher_api.go:172\ngithub.com/flipped-aurora/gin-vue-admin/server/service/quant.(*AiTaskService).dispatchScheduledTasks\n\t/Users/a1/data/go/gin-vue-admin/server/service/quant/ai_task_service.go:421\ngithub.com/flipped-aurora/gin-vue-admin/server/service/quant.StartAiTaskScheduler.func1.1\n\t/Users/a1/data/go/gin-vue-admin/server/service/quant/ai_task_service.go:410"}
github.com/flipped-aurora/gin-vue-admin/server/initialize/internal.(*GormLogger).Trace
	/Users/a1/data/go/gin-vue-admin/server/initialize/internal/gorm_logger_writer.go:54
gorm.io/gorm.(*processor).Execute
	/Users/a1/go/pkg/mod/gorm.io/gorm@v1.31.1/callbacks.go:140
gorm.io/gorm.(*DB).Find
	/Users/a1/go/pkg/mod/gorm.io/gorm@v1.31.1/finisher_api.go:172
github.com/flipped-aurora/gin-vue-admin/server/service/quant.(*AiTaskService).dispatchScheduledTasks
	/Users/a1/data/go/gin-vue-admin/server/service/quant/ai_task_service.go:421
github.com/flipped-aurora/gin-vue-admin/server/service/quant.StartAiTaskScheduler.func1.1
	/Users/a1/data/go/gin-vue-admin/server/service/quant/ai_task_service.go:410
[github.com/flipped-aurora/gin-vue-admin/server]2026-09-04 07:55:33.364	[31merror[0m	/Users/a1/data/go/gin-vue-admin/server/service/quant/ai_task_service.go:422	查询待调度AI任务失败	{"node": "", "app_id": "", "env": "", "error": "invalid connection"}
github.com/flipped-aurora/gin-vue-admin/server/service/quant.(*AiTaskService).dispatchScheduledTasks
	/Users/a1/data/go/gin-vue-admin/server/service/quant/ai_task_service.go:422
github.com/flipped-aurora/gin-vue-admin/server/service/quant.StartAiTaskScheduler.func1.1
	/Users/a1/data/go/gin-vue-admin/server/service/quant/ai_task_service.go:410
[github.com/flipped-aurora/gin-vue-admin/server]2026-09-04 08:42:24.269	[31merror[0m	/Users/a1/data/go/gin-vue-admin/server/initialize/internal/gorm_logger_writer.go:54	SQL 执行错误	{"node": "", "app_id": "", "env": "", "sql": "SELECT * FROM `addon_quant_ai_task` WHERE (status = 4 AND scheduled_at IS NOT NULL AND scheduled_at <= '2026-09-04 08:28:07.625') AND `addon_quant_ai_task`.`deleted_at` IS NULL", "rows": 0, "elapsed_ms": 35490, "mod": "sql", "request_id": "", "trace_id": "", "device_id": "", "client_ip": "", "http_method": "", "http_path": "", "error_msg": "invalid connection", "error_stack": "github.com/flipped-aurora/gin-vue-admin/server/utils/logger.(*Builder).assemble\n\t/Users/a1/data/go/gin-vue-admin/server/utils/logger/builder.go:64\ngithub.com/flipped-aurora/gin-vue-admin/server/utils/logger.(*Builder).log\n\t/Users/a1/data/go/gin-vue-admin/server/utils/logger/builder.go:75\ngithub.com/flipped-aurora/gin-vue-admin/server/utils/logger.(*Builder).Error\n\t/Users/a1/data/go/gin-vue-admin/server/utils/logger/builder.go:81\ngithub.com/flipped-aurora/gin-vue-admin/server/initialize/internal.(*GormLogger).Trace\n\t/Users/a1/data/go/gin-vue-admin/server/initialize/internal/gorm_logger_writer.go:54\ngorm.io/gorm.(*processor).Execute\n\t/Users/a1/go/pkg/mod/gorm.io/gorm@v1.31.1/callbacks.go:140\ngorm.io/gorm.(*DB).Find\n\t/Users/a1/go/pkg/mod/gorm.io/gorm@v1.31.1/finisher_api.go:172\ngithub.com/flipped-aurora/gin-vue-admin/server/service/quant.(*AiTaskService).dispatchScheduledTasks\n\t/Users/a1/data/go/gin-vue-admin/server/service/quant/ai_task_service.go:421\ngithub.com/flipped-aurora/gin-vue-admin/server/service/quant.StartAiTaskScheduler.func1.1\n\t/Users/a1/data/go/gin-vue-admin/server/service/quant/ai_task_service.go:410"}
github.com/flipped-aurora/gin-vue-admin/server/initialize/internal.(*GormLogger).Trace
	/Users/a1/data/go/gin-vue-admin/server/initialize/internal/gorm_logger_writer.go:54
gorm.io/gorm.(*processor).Execute
	/Users/a1/go/pkg/mod/gorm.io/gorm@v1.31.1/callbacks.go:140
gorm.io/gorm.(*DB).Find
	/Users/a1/go/pkg/mod/gorm.io/gorm@v1.31.1/finisher_api.go:172
github.com/flipped-aurora/gin-vue-admin/server/service/quant.(*AiTaskService).dispatchScheduledTasks
	/Users/a1/data/go/gin-vue-admin/server/service/quant/ai_task_service.go:421
github.com/flipped-aurora/gin-vue-admin/server/service/quant.StartAiTaskScheduler.func1.1
	/Users/a1/data/go/gin-vue-admin/server/service/quant/ai_task_service.go:410
[github.com/flipped-aurora/gin-vue-admin/server]2026-09-04 08:42:24.269	[31merror[0m	/Users/a1/data/go/gin-vue-admin/server/service/quant/ai_task_service.go:422	查询待调度AI任务失败	{"node": "", "app_id": "", "env": "", "error": "invalid connection"}
github.com/flipped-aurora/gin-vue-admin/server/service/quant.(*AiTaskService).dispatchScheduledTasks
	/Users/a1/data/go/gin-vue-admin/server/service/quant/ai_task_service.go:422
github.com/flipped-aurora/gin-vue-admin/server/service/quant.StartAiTaskScheduler.func1.1
	/Users/a1/data/go/gin-vue-admin/server/service/quant/ai_task_service.go:410
[github.com/flipped-aurora/gin-vue-admin/server]2026-09-04 11:35:33.650	[31merror[0m	/Users/a1/data/go/gin-vue-admin/server/initialize/internal/gorm_logger_writer.go:54	SQL 执行错误	{"node": "", "app_id": "", "env": "", "sql": "SELECT * FROM `addon_quant_ai_task` WHERE (status = 4 AND scheduled_at IS NOT NULL AND scheduled_at <= '2026-09-04 11:35:14.84') AND `addon_quant_ai_task`.`deleted_at` IS NULL", "rows": 0, "elapsed_ms": 18809, "mod": "sql", "request_id": "", "trace_id": "", "device_id": "", "client_ip": "", "http_method": "", "http_path": "", "error_msg": "invalid connection", "error_stack": "github.com/flipped-aurora/gin-vue-admin/server/utils/logger.(*Builder).assemble\n\t/Users/a1/data/go/gin-vue-admin/server/utils/logger/builder.go:64\ngithub.com/flipped-aurora/gin-vue-admin/server/utils/logger.(*Builder).log\n\t/Users/a1/data/go/gin-vue-admin/server/utils/logger/builder.go:75\ngithub.com/flipped-aurora/gin-vue-admin/server/utils/logger.(*Builder).Error\n\t/Users/a1/data/go/gin-vue-admin/server/utils/logger/builder.go:81\ngithub.com/flipped-aurora/gin-vue-admin/server/initialize/internal.(*GormLogger).Trace\n\t/Users/a1/data/go/gin-vue-admin/server/initialize/internal/gorm_logger_writer.go:54\ngorm.io/gorm.(*processor).Execute\n\t/Users/a1/go/pkg/mod/gorm.io/gorm@v1.31.1/callbacks.go:140\ngorm.io/gorm.(*DB).Find\n\t/Users/a1/go/pkg/mod/gorm.io/gorm@v1.31.1/finisher_api.go:172\ngithub.com/flipped-aurora/gin-vue-admin/server/service/quant.(*AiTaskService).dispatchScheduledTasks\n\t/Users/a1/data/go/gin-vue-admin/server/service/quant/ai_task_service.go:421\ngithub.com/flipped-aurora/gin-vue-admin/server/service/quant.StartAiTaskScheduler.func1.1\n\t/Users/a1/data/go/gin-vue-admin/server/service/quant/ai_task_service.go:410"}
github.com/flipped-aurora/gin-vue-admin/server/initialize/internal.(*GormLogger).Trace
	/Users/a1/data/go/gin-vue-admin/server/initialize/internal/gorm_logger_writer.go:54
gorm.io/gorm.(*processor).Execute
	/Users/a1/go/pkg/mod/gorm.io/gorm@v1.31.1/callbacks.go:140
gorm.io/gorm.(*DB).Find
	/Users/a1/go/pkg/mod/gorm.io/gorm@v1.31.1/finisher_api.go:172
github.com/flipped-aurora/gin-vue-admin/server/service/quant.(*AiTaskService).dispatchScheduledTasks
	/Users/a1/data/go/gin-vue-admin/server/service/quant/ai_task_service.go:421
github.com/flipped-aurora/gin-vue-admin/server/service/quant.StartAiTaskScheduler.func1.1
	/Users/a1/data/go/gin-vue-admin/server/service/quant/ai_task_service.go:410
[github.com/flipped-aurora/gin-vue-admin/server]2026-09-04 11:35:33.662	[31merror[0m	/Users/a1/data/go/gin-vue-admin/server/service/quant/ai_task_service.go:422	查询待调度AI任务失败	{"node": "", "app_id": "", "env": "", "error": "invalid connection"}
github.com/flipped-aurora/gin-vue-admin/server/service/quant.(*AiTaskService).dispatchScheduledTasks
	/Users/a1/data/go/gin-vue-admin/server/service/quant/ai_task_service.go:422
github.com/flipped-aurora/gin-vue-admin/server/service/quant.StartAiTaskScheduler.func1.1
	/Users/a1/data/go/gin-vue-admin/server/service/quant/ai_task_service.go:410
[github.com/flipped-aurora/gin-vue-admin/server]2026-09-04 11:51:40.620	[31merror[0m	/Users/a1/data/go/gin-vue-admin/server/initialize/internal/gorm_logger_writer.go:54	SQL 执行错误	{"node": "", "app_id": "", "env": "", "sql": "SELECT * FROM `addon_quant_ai_task` WHERE (status = 4 AND scheduled_at IS NOT NULL AND scheduled_at <= '2026-09-04 11:51:21.443') AND `addon_quant_ai_task`.`deleted_at` IS NULL", "rows": 0, "elapsed_ms": 19091, "mod": "sql", "request_id": "", "trace_id": "", "device_id": "", "client_ip": "", "http_method": "", "http_path": "", "error_msg": "invalid connection", "error_stack": "github.com/flipped-aurora/gin-vue-admin/server/utils/logger.(*Builder).assemble\n\t/Users/a1/data/go/gin-vue-admin/server/utils/logger/builder.go:64\ngithub.com/flipped-aurora/gin-vue-admin/server/utils/logger.(*Builder).log\n\t/Users/a1/data/go/gin-vue-admin/server/utils/logger/builder.go:75\ngithub.com/flipped-aurora/gin-vue-admin/server/utils/logger.(*Builder).Error\n\t/Users/a1/data/go/gin-vue-admin/server/utils/logger/builder.go:81\ngithub.com/flipped-aurora/gin-vue-admin/server/initialize/internal.(*GormLogger).Trace\n\t/Users/a1/data/go/gin-vue-admin/server/initialize/internal/gorm_logger_writer.go:54\ngorm.io/gorm.(*processor).Execute\n\t/Users/a1/go/pkg/mod/gorm.io/gorm@v1.31.1/callbacks.go:140\ngorm.io/gorm.(*DB).Find\n\t/Users/a1/go/pkg/mod/gorm.io/gorm@v1.31.1/finisher_api.go:172\ngithub.com/flipped-aurora/gin-vue-admin/server/service/quant.(*AiTaskService).dispatchScheduledTasks\n\t/Users/a1/data/go/gin-vue-admin/server/service/quant/ai_task_service.go:421\ngithub.com/flipped-aurora/gin-vue-admin/server/service/quant.StartAiTaskScheduler.func1.1\n\t/Users/a1/data/go/gin-vue-admin/server/service/quant/ai_task_service.go:410"}
github.com/flipped-aurora/gin-vue-admin/server/initialize/internal.(*GormLogger).Trace
	/Users/a1/data/go/gin-vue-admin/server/initialize/internal/gorm_logger_writer.go:54
gorm.io/gorm.(*processor).Execute
	/Users/a1/go/pkg/mod/gorm.io/gorm@v1.31.1/callbacks.go:140
gorm.io/gorm.(*DB).Find
	/Users/a1/go/pkg/mod/gorm.io/gorm@v1.31.1/finisher_api.go:172
github.com/flipped-aurora/gin-vue-admin/server/service/quant.(*AiTaskService).dispatchScheduledTasks
	/Users/a1/data/go/gin-vue-admin/server/service/quant/ai_task_service.go:421
github.com/flipped-aurora/gin-vue-admin/server/service/quant.StartAiTaskScheduler.func1.1
	/Users/a1/data/go/gin-vue-admin/server/service/quant/ai_task_service.go:410
[github.com/flipped-aurora/gin-vue-admin/server]2026-09-04 11:51:40.621	[31merror[0m	/Users/a1/data/go/gin-vue-admin/server/service/quant/ai_task_service.go:422	查询待调度AI任务失败	{"node": "", "app_id": "", "env": "", "error": "invalid connection"}
github.com/flipped-aurora/gin-vue-admin/server/service/quant.(*AiTaskService).dispatchScheduledTasks
	/Users/a1/data/go/gin-vue-admin/server/service/quant/ai_task_service.go:422
github.com/flipped-aurora/gin-vue-admin/server/service/quant.StartAiTaskScheduler.func1.1
	/Users/a1/data/go/gin-vue-admin/server/service/quant/ai_task_service.go:410
[github.com/flipped-aurora/gin-vue-admin/server]2026-09-04 12:24:03.125	[31merror[0m	/Users/a1/data/go/gin-vue-admin/server/initialize/internal/gorm_logger_writer.go:54	SQL 执行错误	{"node": "", "app_id": "", "env": "", "sql": "SELECT * FROM `addon_quant_ai_task` WHERE (status = 4 AND scheduled_at IS NOT NULL AND scheduled_at <= '2026-09-04 12:07:37.619') AND `addon_quant_ai_task`.`deleted_at` IS NULL", "rows": 0, "elapsed_ms": 59795, "mod": "sql", "request_id": "", "trace_id": "", "device_id": "", "client_ip": "", "http_method": "", "http_path": "", "error_msg": "invalid connection", "error_stack": "github.com/flipped-aurora/gin-vue-admin/server/utils/logger.(*Builder).assemble\n\t/Users/a1/data/go/gin-vue-admin/server/utils/logger/builder.go:64\ngithub.com/flipped-aurora/gin-vue-admin/server/utils/logger.(*Builder).log\n\t/Users/a1/data/go/gin-vue-admin/server/utils/logger/builder.go:75\ngithub.com/flipped-aurora/gin-vue-admin/server/utils/logger.(*Builder).Error\n\t/Users/a1/data/go/gin-vue-admin/server/utils/logger/builder.go:81\ngithub.com/flipped-aurora/gin-vue-admin/server/initialize/internal.(*GormLogger).Trace\n\t/Users/a1/data/go/gin-vue-admin/server/initialize/internal/gorm_logger_writer.go:54\ngorm.io/gorm.(*processor).Execute\n\t/Users/a1/go/pkg/mod/gorm.io/gorm@v1.31.1/callbacks.go:140\ngorm.io/gorm.(*DB).Find\n\t/Users/a1/go/pkg/mod/gorm.io/gorm@v1.31.1/finisher_api.go:172\ngithub.com/flipped-aurora/gin-vue-admin/server/service/quant.(*AiTaskService).dispatchScheduledTasks\n\t/Users/a1/data/go/gin-vue-admin/server/service/quant/ai_task_service.go:421\ngithub.com/flipped-aurora/gin-vue-admin/server/service/quant.StartAiTaskScheduler.func1.1\n\t/Users/a1/data/go/gin-vue-admin/server/service/quant/ai_task_service.go:410"}
github.com/flipped-aurora/gin-vue-admin/server/initialize/internal.(*GormLogger).Trace
	/Users/a1/data/go/gin-vue-admin/server/initialize/internal/gorm_logger_writer.go:54
gorm.io/gorm.(*processor).Execute
	/Users/a1/go/pkg/mod/gorm.io/gorm@v1.31.1/callbacks.go:140
gorm.io/gorm.(*DB).Find
	/Users/a1/go/pkg/mod/gorm.io/gorm@v1.31.1/finisher_api.go:172
github.com/flipped-aurora/gin-vue-admin/server/service/quant.(*AiTaskService).dispatchScheduledTasks
	/Users/a1/data/go/gin-vue-admin/server/service/quant/ai_task_service.go:421
github.com/flipped-aurora/gin-vue-admin/server/service/quant.StartAiTaskScheduler.func1.1
	/Users/a1/data/go/gin-vue-admin/server/service/quant/ai_task_service.go:410
[github.com/flipped-aurora/gin-vue-admin/server]2026-09-04 12:24:03.126	[31merror[0m	/Users/a1/data/go/gin-vue-admin/server/service/quant/ai_task_service.go:422	查询待调度AI任务失败	{"node": "", "app_id": "", "env": "", "error": "invalid connection"}
github.com/flipped-aurora/gin-vue-admin/server/service/quant.(*AiTaskService).dispatchScheduledTasks
	/Users/a1/data/go/gin-vue-admin/server/service/quant/ai_task_service.go:422
github.com/flipped-aurora/gin-vue-admin/server/service/quant.StartAiTaskScheduler.func1.1
	/Users/a1/data/go/gin-vue-admin/server/service/quant/ai_task_service.go:410
[github.com/flipped-aurora/gin-vue-admin/server]2026-09-04 12:56:27.380	[31merror[0m	/Users/a1/data/go/gin-vue-admin/server/initialize/internal/gorm_logger_writer.go:54	SQL 执行错误	{"node": "", "app_id": "", "env": "", "sql": "SELECT * FROM `addon_quant_ai_task` WHERE (status = 4 AND scheduled_at IS NOT NULL AND scheduled_at <= '2026-09-04 12:40:27.658') AND `addon_quant_ai_task`.`deleted_at` IS NULL", "rows": 0, "elapsed_ms": 33952, "mod": "sql", "request_id": "", "trace_id": "", "device_id": "", "client_ip": "", "http_method": "", "http_path": "", "error_msg": "invalid connection", "error_stack": "github.com/flipped-aurora/gin-vue-admin/server/utils/logger.(*Builder).assemble\n\t/Users/a1/data/go/gin-vue-admin/server/utils/logger/builder.go:64\ngithub.com/flipped-aurora/gin-vue-admin/server/utils/logger.(*Builder).log\n\t/Users/a1/data/go/gin-vue-admin/server/utils/logger/builder.go:75\ngithub.com/flipped-aurora/gin-vue-admin/server/utils/logger.(*Builder).Error\n\t/Users/a1/data/go/gin-vue-admin/server/utils/logger/builder.go:81\ngithub.com/flipped-aurora/gin-vue-admin/server/initialize/internal.(*GormLogger).Trace\n\t/Users/a1/data/go/gin-vue-admin/server/initialize/internal/gorm_logger_writer.go:54\ngorm.io/gorm.(*processor).Execute\n\t/Users/a1/go/pkg/mod/gorm.io/gorm@v1.31.1/callbacks.go:140\ngorm.io/gorm.(*DB).Find\n\t/Users/a1/go/pkg/mod/gorm.io/gorm@v1.31.1/finisher_api.go:172\ngithub.com/flipped-aurora/gin-vue-admin/server/service/quant.(*AiTaskService).dispatchScheduledTasks\n\t/Users/a1/data/go/gin-vue-admin/server/service/quant/ai_task_service.go:421\ngithub.com/flipped-aurora/gin-vue-admin/server/service/quant.StartAiTaskScheduler.func1.1\n\t/Users/a1/data/go/gin-vue-admin/server/service/quant/ai_task_service.go:410"}
github.com/flipped-aurora/gin-vue-admin/server/initialize/internal.(*GormLogger).Trace
	/Users/a1/data/go/gin-vue-admin/server/initialize/internal/gorm_logger_writer.go:54
gorm.io/gorm.(*processor).Execute
	/Users/a1/go/pkg/mod/gorm.io/gorm@v1.31.1/callbacks.go:140
gorm.io/gorm.(*DB).Find
	/Users/a1/go/pkg/mod/gorm.io/gorm@v1.31.1/finisher_api.go:172
github.com/flipped-aurora/gin-vue-admin/server/service/quant.(*AiTaskService).dispatchScheduledTasks
	/Users/a1/data/go/gin-vue-admin/server/service/quant/ai_task_service.go:421
github.com/flipped-aurora/gin-vue-admin/server/service/quant.StartAiTaskScheduler.func1.1
	/Users/a1/data/go/gin-vue-admin/server/service/quant/ai_task_service.go:410
[github.com/flipped-aurora/gin-vue-admin/server]2026-09-04 12:56:27.381	[31merror[0m	/Users/a1/data/go/gin-vue-admin/server/service/quant/ai_task_service.go:422	查询待调度AI任务失败	{"node": "", "app_id": "", "env": "", "error": "invalid connection"}
github.com/flipped-aurora/gin-vue-admin/server/service/quant.(*AiTaskService).dispatchScheduledTasks
	/Users/a1/data/go/gin-vue-admin/server/service/quant/ai_task_service.go:422
github.com/flipped-aurora/gin-vue-admin/server/service/quant.StartAiTaskScheduler.func1.1
	/Users/a1/data/go/gin-vue-admin/server/service/quant/ai_task_service.go:410
[github.com/flipped-aurora/gin-vue-admin/server]2026-09-04 13:13:39.665	[31merror[0m	/Users/a1/data/go/gin-vue-admin/server/initialize/internal/gorm_logger_writer.go:54	SQL 执行错误	{"node": "", "app_id": "", "env": "", "sql": "SELECT * FROM `addon_quant_ai_task` WHERE (status = 4 AND scheduled_at IS NOT NULL AND scheduled_at <= '2026-09-04 13:11:27.418') AND `addon_quant_ai_task`.`deleted_at` IS NULL", "rows": 0, "elapsed_ms": 132207, "mod": "sql", "request_id": "", "trace_id": "", "device_id": "", "client_ip": "", "http_method": "", "http_path": "", "error_msg": "invalid connection", "error_stack": "github.com/flipped-aurora/gin-vue-admin/server/utils/logger.(*Builder).assemble\n\t/Users/a1/data/go/gin-vue-admin/server/utils/logger/builder.go:64\ngithub.com/flipped-aurora/gin-vue-admin/server/utils/logger.(*Builder).log\n\t/Users/a1/data/go/gin-vue-admin/server/utils/logger/builder.go:75\ngithub.com/flipped-aurora/gin-vue-admin/server/utils/logger.(*Builder).Error\n\t/Users/a1/data/go/gin-vue-admin/server/utils/logger/builder.go:81\ngithub.com/flipped-aurora/gin-vue-admin/server/initialize/internal.(*GormLogger).Trace\n\t/Users/a1/data/go/gin-vue-admin/server/initialize/internal/gorm_logger_writer.go:54\ngorm.io/gorm.(*processor).Execute\n\t/Users/a1/go/pkg/mod/gorm.io/gorm@v1.31.1/callbacks.go:140\ngorm.io/gorm.(*DB).Find\n\t/Users/a1/go/pkg/mod/gorm.io/gorm@v1.31.1/finisher_api.go:172\ngithub.com/flipped-aurora/gin-vue-admin/server/service/quant.(*AiTaskService).dispatchScheduledTasks\n\t/Users/a1/data/go/gin-vue-admin/server/service/quant/ai_task_service.go:421\ngithub.com/flipped-aurora/gin-vue-admin/server/service/quant.StartAiTaskScheduler.func1.1\n\t/Users/a1/data/go/gin-vue-admin/server/service/quant/ai_task_service.go:410"}
github.com/flipped-aurora/gin-vue-admin/server/initialize/internal.(*GormLogger).Trace
	/Users/a1/data/go/gin-vue-admin/server/initialize/internal/gorm_logger_writer.go:54
gorm.io/gorm.(*processor).Execute
	/Users/a1/go/pkg/mod/gorm.io/gorm@v1.31.1/callbacks.go:140
gorm.io/gorm.(*DB).Find
	/Users/a1/go/pkg/mod/gorm.io/gorm@v1.31.1/finisher_api.go:172
github.com/flipped-aurora/gin-vue-admin/server/service/quant.(*AiTaskService).dispatchScheduledTasks
	/Users/a1/data/go/gin-vue-admin/server/service/quant/ai_task_service.go:421
github.com/flipped-aurora/gin-vue-admin/server/service/quant.StartAiTaskScheduler.func1.1
	/Users/a1/data/go/gin-vue-admin/server/service/quant/ai_task_service.go:410
[github.com/flipped-aurora/gin-vue-admin/server]2026-09-04 13:13:39.666	[31merror[0m	/Users/a1/data/go/gin-vue-admin/server/service/quant/ai_task_service.go:422	查询待调度AI任务失败	{"node": "", "app_id": "", "env": "", "error": "invalid connection"}
github.com/flipped-aurora/gin-vue-admin/server/service/quant.(*AiTaskService).dispatchScheduledTasks
	/Users/a1/data/go/gin-vue-admin/server/service/quant/ai_task_service.go:422
github.com/flipped-aurora/gin-vue-admin/server/service/quant.StartAiTaskScheduler.func1.1
	/Users/a1/data/go/gin-vue-admin/server/service/quant/ai_task_service.go:410
[github.com/flipped-aurora/gin-vue-admin/server]2026-09-04 14:51:55.823	[31merror[0m	/Users/a1/data/go/gin-vue-admin/server/initialize/internal/gorm_logger_writer.go:54	SQL 执行错误	{"node": "", "app_id": "", "env": "", "sql": "SELECT * FROM `addon_quant_ai_task` WHERE (status = 4 AND scheduled_at IS NOT NULL AND scheduled_at <= '2026-09-04 14:51:17.167') AND `addon_quant_ai_task`.`deleted_at` IS NULL", "rows": 0, "elapsed_ms": 38636, "mod": "sql", "request_id": "", "trace_id": "", "device_id": "", "client_ip": "", "http_method": "", "http_path": "", "error_msg": "invalid connection", "error_stack": "github.com/flipped-aurora/gin-vue-admin/server/utils/logger.(*Builder).assemble\n\t/Users/a1/data/go/gin-vue-admin/server/utils/logger/builder.go:64\ngithub.com/flipped-aurora/gin-vue-admin/server/utils/logger.(*Builder).log\n\t/Users/a1/data/go/gin-vue-admin/server/utils/logger/builder.go:75\ngithub.com/flipped-aurora/gin-vue-admin/server/utils/logger.(*Builder).Error\n\t/Users/a1/data/go/gin-vue-admin/server/utils/logger/builder.go:81\ngithub.com/flipped-aurora/gin-vue-admin/server/initialize/internal.(*GormLogger).Trace\n\t/Users/a1/data/go/gin-vue-admin/server/initialize/internal/gorm_logger_writer.go:54\ngorm.io/gorm.(*processor).Execute\n\t/Users/a1/go/pkg/mod/gorm.io/gorm@v1.31.1/callbacks.go:140\ngorm.io/gorm.(*DB).Find\n\t/Users/a1/go/pkg/mod/gorm.io/gorm@v1.31.1/finisher_api.go:172\ngithub.com/flipped-aurora/gin-vue-admin/server/service/quant.(*AiTaskService).dispatchScheduledTasks\n\t/Users/a1/data/go/gin-vue-admin/server/service/quant/ai_task_service.go:421\ngithub.com/flipped-aurora/gin-vue-admin/server/service/quant.StartAiTaskScheduler.func1.1\n\t/Users/a1/data/go/gin-vue-admin/server/service/quant/ai_task_service.go:410"}
github.com/flipped-aurora/gin-vue-admin/server/initialize/internal.(*GormLogger).Trace
	/Users/a1/data/go/gin-vue-admin/server/initialize/internal/gorm_logger_writer.go:54
gorm.io/gorm.(*processor).Execute
	/Users/a1/go/pkg/mod/gorm.io/gorm@v1.31.1/callbacks.go:140
gorm.io/gorm.(*DB).Find
	/Users/a1/go/pkg/mod/gorm.io/gorm@v1.31.1/finisher_api.go:172
github.com/flipped-aurora/gin-vue-admin/server/service/quant.(*AiTaskService).dispatchScheduledTasks
	/Users/a1/data/go/gin-vue-admin/server/service/quant/ai_task_service.go:421
github.com/flipped-aurora/gin-vue-admin/server/service/quant.StartAiTaskScheduler.func1.1
	/Users/a1/data/go/gin-vue-admin/server/service/quant/ai_task_service.go:410
[github.com/flipped-aurora/gin-vue-admin/server]2026-09-04 14:51:55.824	[31merror[0m	/Users/a1/data/go/gin-vue-admin/server/service/quant/ai_task_service.go:422	查询待调度AI任务失败	{"node": "", "app_id": "", "env": "", "error": "invalid connection"}
github.com/flipped-aurora/gin-vue-admin/server/service/quant.(*AiTaskService).dispatchScheduledTasks
	/Users/a1/data/go/gin-vue-admin/server/service/quant/ai_task_service.go:422
github.com/flipped-aurora/gin-vue-admin/server/service/quant.StartAiTaskScheduler.func1.1
	/Users/a1/data/go/gin-vue-admin/server/service/quant/ai_task_service.go:410
[github.com/flipped-aurora/gin-vue-admin/server]2026-09-04 14:53:09.554	[31merror[0m	/Users/a1/data/go/gin-vue-admin/server/initialize/internal/gorm_logger_writer.go:54	SQL 执行错误	{"node": "", "app_id": "", "env": "", "sql": "SELECT * FROM `addon_quant_ai_task` WHERE (status = 4 AND scheduled_at IS NOT NULL AND scheduled_at <= '2026-09-04 14:52:34.527') AND `addon_quant_ai_task`.`deleted_at` IS NULL", "rows": 0, "elapsed_ms": 35026, "mod": "sql", "request_id": "", "trace_id": "", "device_id": "", "client_ip": "", "http_method": "", "http_path": "", "error_msg": "invalid connection", "error_stack": "github.com/flipped-aurora/gin-vue-admin/server/utils/logger.(*Builder).assemble\n\t/Users/a1/data/go/gin-vue-admin/server/utils/logger/builder.go:64\ngithub.com/flipped-aurora/gin-vue-admin/server/utils/logger.(*Builder).log\n\t/Users/a1/data/go/gin-vue-admin/server/utils/logger/builder.go:75\ngithub.com/flipped-aurora/gin-vue-admin/server/utils/logger.(*Builder).Error\n\t/Users/a1/data/go/gin-vue-admin/server/utils/logger/builder.go:81\ngithub.com/flipped-aurora/gin-vue-admin/server/initialize/internal.(*GormLogger).Trace\n\t/Users/a1/data/go/gin-vue-admin/server/initialize/internal/gorm_logger_writer.go:54\ngorm.io/gorm.(*processor).Execute\n\t/Users/a1/go/pkg/mod/gorm.io/gorm@v1.31.1/callbacks.go:140\ngorm.io/gorm.(*DB).Find\n\t/Users/a1/go/pkg/mod/gorm.io/gorm@v1.31.1/finisher_api.go:172\ngithub.com/flipped-aurora/gin-vue-admin/server/service/quant.(*AiTaskService).dispatchScheduledTasks\n\t/Users/a1/data/go/gin-vue-admin/server/service/quant/ai_task_service.go:421\ngithub.com/flipped-aurora/gin-vue-admin/server/service/quant.StartAiTaskScheduler.func1.1\n\t/Users/a1/data/go/gin-vue-admin/server/service/quant/ai_task_service.go:410"}
github.com/flipped-aurora/gin-vue-admin/server/initialize/internal.(*GormLogger).Trace
	/Users/a1/data/go/gin-vue-admin/server/initialize/internal/gorm_logger_writer.go:54
gorm.io/gorm.(*processor).Execute
	/Users/a1/go/pkg/mod/gorm.io/gorm@v1.31.1/callbacks.go:140
gorm.io/gorm.(*DB).Find
	/Users/a1/go/pkg/mod/gorm.io/gorm@v1.31.1/finisher_api.go:172
github.com/flipped-aurora/gin-vue-admin/server/service/quant.(*AiTaskService).dispatchScheduledTasks
	/Users/a1/data/go/gin-vue-admin/server/service/quant/ai_task_service.go:421
github.com/flipped-aurora/gin-vue-admin/server/service/quant.StartAiTaskScheduler.func1.1
	/Users/a1/data/go/gin-vue-admin/server/service/quant/ai_task_service.go:410
[github.com/flipped-aurora/gin-vue-admin/server]2026-09-04 14:53:09.555	[31merror[0m	/Users/a1/data/go/gin-vue-admin/server/service/quant/ai_task_service.go:422	查询待调度AI任务失败	{"node": "", "app_id": "", "env": "", "error": "invalid connection"}
github.com/flipped-aurora/gin-vue-admin/server/service/quant.(*AiTaskService).dispatchScheduledTasks
	/Users/a1/data/go/gin-vue-admin/server/service/quant/ai_task_service.go:422
github.com/flipped-aurora/gin-vue-admin/server/service/quant.StartAiTaskScheduler.func1.1
	/Users/a1/data/go/gin-vue-admin/server/service/quant/ai_task_service.go:410
[github.com/flipped-aurora/gin-vue-admin/server]2026-09-04 15:30:16.092	[31merror[0m	/Users/a1/data/go/gin-vue-admin/server/initialize/internal/gorm_logger_writer.go:54	SQL 执行错误	{"node": "", "app_id": "", "env": "", "sql": "SELECT * FROM `addon_quant_ai_task` WHERE (status = 4 AND scheduled_at IS NOT NULL AND scheduled_at <= '2026-09-04 15:29:43.013') AND `addon_quant_ai_task`.`deleted_at` IS NULL", "rows": 0, "elapsed_ms": 33015, "mod": "sql", "request_id": "", "trace_id": "", "device_id": "", "client_ip": "", "http_method": "", "http_path": "", "error_msg": "invalid connection", "error_stack": "github.com/flipped-aurora/gin-vue-admin/server/utils/logger.(*Builder).assemble\n\t/Users/a1/data/go/gin-vue-admin/server/utils/logger/builder.go:64\ngithub.com/flipped-aurora/gin-vue-admin/server/utils/logger.(*Builder).log\n\t/Users/a1/data/go/gin-vue-admin/server/utils/logger/builder.go:75\ngithub.com/flipped-aurora/gin-vue-admin/server/utils/logger.(*Builder).Error\n\t/Users/a1/data/go/gin-vue-admin/server/utils/logger/builder.go:81\ngithub.com/flipped-aurora/gin-vue-admin/server/initialize/internal.(*GormLogger).Trace\n\t/Users/a1/data/go/gin-vue-admin/server/initialize/internal/gorm_logger_writer.go:54\ngorm.io/gorm.(*processor).Execute\n\t/Users/a1/go/pkg/mod/gorm.io/gorm@v1.31.1/callbacks.go:140\ngorm.io/gorm.(*DB).Find\n\t/Users/a1/go/pkg/mod/gorm.io/gorm@v1.31.1/finisher_api.go:172\ngithub.com/flipped-aurora/gin-vue-admin/server/service/quant.(*AiTaskService).dispatchScheduledTasks\n\t/Users/a1/data/go/gin-vue-admin/server/service/quant/ai_task_service.go:421\ngithub.com/flipped-aurora/gin-vue-admin/server/service/quant.StartAiTaskScheduler.func1.1\n\t/Users/a1/data/go/gin-vue-admin/server/service/quant/ai_task_service.go:410"}
github.com/flipped-aurora/gin-vue-admin/server/initialize/internal.(*GormLogger).Trace
	/Users/a1/data/go/gin-vue-admin/server/initialize/internal/gorm_logger_writer.go:54
gorm.io/gorm.(*processor).Execute
	/Users/a1/go/pkg/mod/gorm.io/gorm@v1.31.1/callbacks.go:140
gorm.io/gorm.(*DB).Find
	/Users/a1/go/pkg/mod/gorm.io/gorm@v1.31.1/finisher_api.go:172
github.com/flipped-aurora/gin-vue-admin/server/service/quant.(*AiTaskService).dispatchScheduledTasks
	/Users/a1/data/go/gin-vue-admin/server/service/quant/ai_task_service.go:421
github.com/flipped-aurora/gin-vue-admin/server/service/quant.StartAiTaskScheduler.func1.1
	/Users/a1/data/go/gin-vue-admin/server/service/quant/ai_task_service.go:410
[github.com/flipped-aurora/gin-vue-admin/server]2026-09-04 15:30:16.094	[31merror[0m	/Users/a1/data/go/gin-vue-admin/server/service/quant/ai_task_service.go:422	查询待调度AI任务失败	{"node": "", "app_id": "", "env": "", "error": "invalid connection"}
github.com/flipped-aurora/gin-vue-admin/server/service/quant.(*AiTaskService).dispatchScheduledTasks
	/Users/a1/data/go/gin-vue-admin/server/service/quant/ai_task_service.go:422
github.com/flipped-aurora/gin-vue-admin/server/service/quant.StartAiTaskScheduler.func1.1
	/Users/a1/data/go/gin-vue-admin/server/service/quant/ai_task_service.go:410
[github.com/flipped-aurora/gin-vue-admin/server]2026-09-04 16:11:02.147	[31merror[0m	/Users/a1/data/go/gin-vue-admin/server/initialize/internal/gorm_logger_writer.go:54	SQL 执行错误	{"node": "", "app_id": "", "env": "", "sql": "SELECT * FROM `addon_quant_ai_task` WHERE (status = 4 AND scheduled_at IS NOT NULL AND scheduled_at <= '2026-09-04 16:02:34.24') AND `addon_quant_ai_task`.`deleted_at` IS NULL", "rows": 0, "elapsed_ms": 48960, "mod": "sql", "request_id": "", "trace_id": "", "device_id": "", "client_ip": "", "http_method": "", "http_path": "", "error_msg": "invalid connection", "error_stack": "github.com/flipped-aurora/gin-vue-admin/server/utils/logger.(*Builder).assemble\n\t/Users/a1/data/go/gin-vue-admin/server/utils/logger/builder.go:64\ngithub.com/flipped-aurora/gin-vue-admin/server/utils/logger.(*Builder).log\n\t/Users/a1/data/go/gin-vue-admin/server/utils/logger/builder.go:75\ngithub.com/flipped-aurora/gin-vue-admin/server/utils/logger.(*Builder).Error\n\t/Users/a1/data/go/gin-vue-admin/server/utils/logger/builder.go:81\ngithub.com/flipped-aurora/gin-vue-admin/server/initialize/internal.(*GormLogger).Trace\n\t/Users/a1/data/go/gin-vue-admin/server/initialize/internal/gorm_logger_writer.go:54\ngorm.io/gorm.(*processor).Execute\n\t/Users/a1/go/pkg/mod/gorm.io/gorm@v1.31.1/callbacks.go:140\ngorm.io/gorm.(*DB).Find\n\t/Users/a1/go/pkg/mod/gorm.io/gorm@v1.31.1/finisher_api.go:172\ngithub.com/flipped-aurora/gin-vue-admin/server/service/quant.(*AiTaskService).dispatchScheduledTasks\n\t/Users/a1/data/go/gin-vue-admin/server/service/quant/ai_task_service.go:421\ngithub.com/flipped-aurora/gin-vue-admin/server/service/quant.StartAiTaskScheduler.func1.1\n\t/Users/a1/data/go/gin-vue-admin/server/service/quant/ai_task_service.go:410"}
github.com/flipped-aurora/gin-vue-admin/server/initialize/internal.(*GormLogger).Trace
	/Users/a1/data/go/gin-vue-admin/server/initialize/internal/gorm_logger_writer.go:54
gorm.io/gorm.(*processor).Execute
	/Users/a1/go/pkg/mod/gorm.io/gorm@v1.31.1/callbacks.go:140
gorm.io/gorm.(*DB).Find
	/Users/a1/go/pkg/mod/gorm.io/gorm@v1.31.1/finisher_api.go:172
github.com/flipped-aurora/gin-vue-admin/server/service/quant.(*AiTaskService).dispatchScheduledTasks
	/Users/a1/data/go/gin-vue-admin/server/service/quant/ai_task_service.go:421
github.com/flipped-aurora/gin-vue-admin/server/service/quant.StartAiTaskScheduler.func1.1
	/Users/a1/data/go/gin-vue-admin/server/service/quant/ai_task_service.go:410
[github.com/flipped-aurora/gin-vue-admin/server]2026-09-04 16:11:02.148	[31merror[0m	/Users/a1/data/go/gin-vue-admin/server/service/quant/ai_task_service.go:422	查询待调度AI任务失败	{"node": "", "app_id": "", "env": "", "error": "invalid connection"}
github.com/flipped-aurora/gin-vue-admin/server/service/quant.(*AiTaskService).dispatchScheduledTasks
	/Users/a1/data/go/gin-vue-admin/server/service/quant/ai_task_service.go:422
github.com/flipped-aurora/gin-vue-admin/server/service/quant.StartAiTaskScheduler.func1.1
	/Users/a1/data/go/gin-vue-admin/server/service/quant/ai_task_service.go:410
[github.com/flipped-aurora/gin-vue-admin/server]2026-09-04 16:56:34.425	[31merror[0m	/Users/a1/data/go/gin-vue-admin/server/initialize/internal/gorm_logger_writer.go:54	SQL 执行错误	{"node": "", "app_id": "", "env": "", "sql": "SELECT * FROM `addon_quant_ai_task` WHERE (status = 4 AND scheduled_at IS NOT NULL AND scheduled_at <= '2026-09-04 16:40:38.962') AND `addon_quant_ai_task`.`deleted_at` IS NULL", "rows": 0, "elapsed_ms": 29802, "mod": "sql", "request_id": "", "trace_id": "", "device_id": "", "client_ip": "", "http_method": "", "http_path": "", "error_msg": "invalid connection", "error_stack": "github.com/flipped-aurora/gin-vue-admin/server/utils/logger.(*Builder).assemble\n\t/Users/a1/data/go/gin-vue-admin/server/utils/logger/builder.go:64\ngithub.com/flipped-aurora/gin-vue-admin/server/utils/logger.(*Builder).log\n\t/Users/a1/data/go/gin-vue-admin/server/utils/logger/builder.go:75\ngithub.com/flipped-aurora/gin-vue-admin/server/utils/logger.(*Builder).Error\n\t/Users/a1/data/go/gin-vue-admin/server/utils/logger/builder.go:81\ngithub.com/flipped-aurora/gin-vue-admin/server/initialize/internal.(*GormLogger).Trace\n\t/Users/a1/data/go/gin-vue-admin/server/initialize/internal/gorm_logger_writer.go:54\ngorm.io/gorm.(*processor).Execute\n\t/Users/a1/go/pkg/mod/gorm.io/gorm@v1.31.1/callbacks.go:140\ngorm.io/gorm.(*DB).Find\n\t/Users/a1/go/pkg/mod/gorm.io/gorm@v1.31.1/finisher_api.go:172\ngithub.com/flipped-aurora/gin-vue-admin/server/service/quant.(*AiTaskService).dispatchScheduledTasks\n\t/Users/a1/data/go/gin-vue-admin/server/service/quant/ai_task_service.go:421\ngithub.com/flipped-aurora/gin-vue-admin/server/service/quant.StartAiTaskScheduler.func1.1\n\t/Users/a1/data/go/gin-vue-admin/server/service/quant/ai_task_service.go:410"}
github.com/flipped-aurora/gin-vue-admin/server/initialize/internal.(*GormLogger).Trace
	/Users/a1/data/go/gin-vue-admin/server/initialize/internal/gorm_logger_writer.go:54
gorm.io/gorm.(*processor).Execute
	/Users/a1/go/pkg/mod/gorm.io/gorm@v1.31.1/callbacks.go:140
gorm.io/gorm.(*DB).Find
	/Users/a1/go/pkg/mod/gorm.io/gorm@v1.31.1/finisher_api.go:172
github.com/flipped-aurora/gin-vue-admin/server/service/quant.(*AiTaskService).dispatchScheduledTasks
	/Users/a1/data/go/gin-vue-admin/server/service/quant/ai_task_service.go:421
github.com/flipped-aurora/gin-vue-admin/server/service/quant.StartAiTaskScheduler.func1.1
	/Users/a1/data/go/gin-vue-admin/server/service/quant/ai_task_service.go:410
[github.com/flipped-aurora/gin-vue-admin/server]2026-09-04 16:56:34.426	[31merror[0m	/Users/a1/data/go/gin-vue-admin/server/service/quant/ai_task_service.go:422	查询待调度AI任务失败	{"node": "", "app_id": "", "env": "", "error": "invalid connection"}
github.com/flipped-aurora/gin-vue-admin/server/service/quant.(*AiTaskService).dispatchScheduledTasks
	/Users/a1/data/go/gin-vue-admin/server/service/quant/ai_task_service.go:422
github.com/flipped-aurora/gin-vue-admin/server/service/quant.StartAiTaskScheduler.func1.1
	/Users/a1/data/go/gin-vue-admin/server/service/quant/ai_task_service.go:410
[github.com/flipped-aurora/gin-vue-admin/server]2026-09-04 17:08:44.138	[31merror[0m	/Users/a1/data/go/gin-vue-admin/server/initialize/internal/gorm_logger_writer.go:54	SQL 执行错误	{"node": "", "app_id": "", "env": "", "sql": "SELECT * FROM `addon_quant_ai_task` WHERE (status = 4 AND scheduled_at IS NOT NULL AND scheduled_at <= '2026-09-04 17:06:43.14') AND `addon_quant_ai_task`.`deleted_at` IS NULL", "rows": 0, "elapsed_ms": 120996, "mod": "sql", "request_id": "", "trace_id": "", "device_id": "", "client_ip": "", "http_method": "", "http_path": "", "error_msg": "invalid connection", "error_stack": "github.com/flipped-aurora/gin-vue-admin/server/utils/logger.(*Builder).assemble\n\t/Users/a1/data/go/gin-vue-admin/server/utils/logger/builder.go:64\ngithub.com/flipped-aurora/gin-vue-admin/server/utils/logger.(*Builder).log\n\t/Users/a1/data/go/gin-vue-admin/server/utils/logger/builder.go:75\ngithub.com/flipped-aurora/gin-vue-admin/server/utils/logger.(*Builder).Error\n\t/Users/a1/data/go/gin-vue-admin/server/utils/logger/builder.go:81\ngithub.com/flipped-aurora/gin-vue-admin/server/initialize/internal.(*GormLogger).Trace\n\t/Users/a1/data/go/gin-vue-admin/server/initialize/internal/gorm_logger_writer.go:54\ngorm.io/gorm.(*processor).Execute\n\t/Users/a1/go/pkg/mod/gorm.io/gorm@v1.31.1/callbacks.go:140\ngorm.io/gorm.(*DB).Find\n\t/Users/a1/go/pkg/mod/gorm.io/gorm@v1.31.1/finisher_api.go:172\ngithub.com/flipped-aurora/gin-vue-admin/server/service/quant.(*AiTaskService).dispatchScheduledTasks\n\t/Users/a1/data/go/gin-vue-admin/server/service/quant/ai_task_service.go:421\ngithub.com/flipped-aurora/gin-vue-admin/server/service/quant.StartAiTaskScheduler.func1.1\n\t/Users/a1/data/go/gin-vue-admin/server/service/quant/ai_task_service.go:410"}
github.com/flipped-aurora/gin-vue-admin/server/initialize/internal.(*GormLogger).Trace
	/Users/a1/data/go/gin-vue-admin/server/initialize/internal/gorm_logger_writer.go:54
gorm.io/gorm.(*processor).Execute
	/Users/a1/go/pkg/mod/gorm.io/gorm@v1.31.1/callbacks.go:140
gorm.io/gorm.(*DB).Find
	/Users/a1/go/pkg/mod/gorm.io/gorm@v1.31.1/finisher_api.go:172
github.com/flipped-aurora/gin-vue-admin/server/service/quant.(*AiTaskService).dispatchScheduledTasks
	/Users/a1/data/go/gin-vue-admin/server/service/quant/ai_task_service.go:421
github.com/flipped-aurora/gin-vue-admin/server/service/quant.StartAiTaskScheduler.func1.1
	/Users/a1/data/go/gin-vue-admin/server/service/quant/ai_task_service.go:410
[github.com/flipped-aurora/gin-vue-admin/server]2026-09-04 17:08:44.138	[31merror[0m	/Users/a1/data/go/gin-vue-admin/server/service/quant/ai_task_service.go:422	查询待调度AI任务失败	{"node": "", "app_id": "", "env": "", "error": "invalid connection"}
github.com/flipped-aurora/gin-vue-admin/server/service/quant.(*AiTaskService).dispatchScheduledTasks
	/Users/a1/data/go/gin-vue-admin/server/service/quant/ai_task_service.go:422
github.com/flipped-aurora/gin-vue-admin/server/service/quant.StartAiTaskScheduler.func1.1
	/Users/a1/data/go/gin-vue-admin/server/service/quant/ai_task_service.go:410
[github.com/flipped-aurora/gin-vue-admin/server]2026-09-04 18:42:19.999	[31merror[0m	/Users/a1/data/go/gin-vue-admin/server/initialize/internal/gorm_logger_writer.go:54	SQL 执行错误	{"node": "", "app_id": "", "env": "", "sql": "SELECT * FROM `addon_quant_ai_task` WHERE (status = 4 AND scheduled_at IS NOT NULL AND scheduled_at <= '2026-09-04 18:41:38.582') AND `addon_quant_ai_task`.`deleted_at` IS NULL", "rows": 0, "elapsed_ms": 41225, "mod": "sql", "request_id": "", "trace_id": "", "device_id": "", "client_ip": "", "http_method": "", "http_path": "", "error_msg": "invalid connection", "error_stack": "github.com/flipped-aurora/gin-vue-admin/server/utils/logger.(*Builder).assemble\n\t/Users/a1/data/go/gin-vue-admin/server/utils/logger/builder.go:64\ngithub.com/flipped-aurora/gin-vue-admin/server/utils/logger.(*Builder).log\n\t/Users/a1/data/go/gin-vue-admin/server/utils/logger/builder.go:75\ngithub.com/flipped-aurora/gin-vue-admin/server/utils/logger.(*Builder).Error\n\t/Users/a1/data/go/gin-vue-admin/server/utils/logger/builder.go:81\ngithub.com/flipped-aurora/gin-vue-admin/server/initialize/internal.(*GormLogger).Trace\n\t/Users/a1/data/go/gin-vue-admin/server/initialize/internal/gorm_logger_writer.go:54\ngorm.io/gorm.(*processor).Execute\n\t/Users/a1/go/pkg/mod/gorm.io/gorm@v1.31.1/callbacks.go:140\ngorm.io/gorm.(*DB).Find\n\t/Users/a1/go/pkg/mod/gorm.io/gorm@v1.31.1/finisher_api.go:172\ngithub.com/flipped-aurora/gin-vue-admin/server/service/quant.(*AiTaskService).dispatchScheduledTasks\n\t/Users/a1/data/go/gin-vue-admin/server/service/quant/ai_task_service.go:421\ngithub.com/flipped-aurora/gin-vue-admin/server/service/quant.StartAiTaskScheduler.func1.1\n\t/Users/a1/data/go/gin-vue-admin/server/service/quant/ai_task_service.go:410"}
github.com/flipped-aurora/gin-vue-admin/server/initialize/internal.(*GormLogger).Trace
	/Users/a1/data/go/gin-vue-admin/server/initialize/internal/gorm_logger_writer.go:54
gorm.io/gorm.(*processor).Execute
	/Users/a1/go/pkg/mod/gorm.io/gorm@v1.31.1/callbacks.go:140
gorm.io/gorm.(*DB).Find
	/Users/a1/go/pkg/mod/gorm.io/gorm@v1.31.1/finisher_api.go:172
github.com/flipped-aurora/gin-vue-admin/server/service/quant.(*AiTaskService).dispatchScheduledTasks
	/Users/a1/data/go/gin-vue-admin/server/service/quant/ai_task_service.go:421
github.com/flipped-aurora/gin-vue-admin/server/service/quant.StartAiTaskScheduler.func1.1
	/Users/a1/data/go/gin-vue-admin/server/service/quant/ai_task_service.go:410
[github.com/flipped-aurora/gin-vue-admin/server]2026-09-04 18:42:20.017	[31merror[0m	/Users/a1/data/go/gin-vue-admin/server/service/quant/ai_task_service.go:422	查询待调度AI任务失败	{"node": "", "app_id": "", "env": "", "error": "invalid connection"}
github.com/flipped-aurora/gin-vue-admin/server/service/quant.(*AiTaskService).dispatchScheduledTasks
	/Users/a1/data/go/gin-vue-admin/server/service/quant/ai_task_service.go:422
github.com/flipped-aurora/gin-vue-admin/server/service/quant.StartAiTaskScheduler.func1.1
	/Users/a1/data/go/gin-vue-admin/server/service/quant/ai_task_service.go:410
[github.com/flipped-aurora/gin-vue-admin/server]2026-09-04 19:31:35.855	[31merror[0m	/Users/a1/data/go/gin-vue-admin/server/initialize/internal/gorm_logger_writer.go:54	SQL 执行错误	{"node": "", "app_id": "", "env": "", "sql": "SELECT * FROM `addon_quant_ai_task` WHERE (status = 4 AND scheduled_at IS NOT NULL AND scheduled_at <= '2026-09-04 19:07:42.908') AND `addon_quant_ai_task`.`deleted_at` IS NULL", "rows": 0, "elapsed_ms": 82907, "mod": "sql", "request_id": "", "trace_id": "", "device_id": "", "client_ip": "", "http_method": "", "http_path": "", "error_msg": "invalid connection", "error_stack": "github.com/flipped-aurora/gin-vue-admin/server/utils/logger.(*Builder).assemble\n\t/Users/a1/data/go/gin-vue-admin/server/utils/logger/builder.go:64\ngithub.com/flipped-aurora/gin-vue-admin/server/utils/logger.(*Builder).log\n\t/Users/a1/data/go/gin-vue-admin/server/utils/logger/builder.go:75\ngithub.com/flipped-aurora/gin-vue-admin/server/utils/logger.(*Builder).Error\n\t/Users/a1/data/go/gin-vue-admin/server/utils/logger/builder.go:81\ngithub.com/flipped-aurora/gin-vue-admin/server/initialize/internal.(*GormLogger).Trace\n\t/Users/a1/data/go/gin-vue-admin/server/initialize/internal/gorm_logger_writer.go:54\ngorm.io/gorm.(*processor).Execute\n\t/Users/a1/go/pkg/mod/gorm.io/gorm@v1.31.1/callbacks.go:140\ngorm.io/gorm.(*DB).Find\n\t/Users/a1/go/pkg/mod/gorm.io/gorm@v1.31.1/finisher_api.go:172\ngithub.com/flipped-aurora/gin-vue-admin/server/service/quant.(*AiTaskService).dispatchScheduledTasks\n\t/Users/a1/data/go/gin-vue-admin/server/service/quant/ai_task_service.go:421\ngithub.com/flipped-aurora/gin-vue-admin/server/service/quant.StartAiTaskScheduler.func1.1\n\t/Users/a1/data/go/gin-vue-admin/server/service/quant/ai_task_service.go:410"}
github.com/flipped-aurora/gin-vue-admin/server/initialize/internal.(*GormLogger).Trace
	/Users/a1/data/go/gin-vue-admin/server/initialize/internal/gorm_logger_writer.go:54
gorm.io/gorm.(*processor).Execute
	/Users/a1/go/pkg/mod/gorm.io/gorm@v1.31.1/callbacks.go:140
gorm.io/gorm.(*DB).Find
	/Users/a1/go/pkg/mod/gorm.io/gorm@v1.31.1/finisher_api.go:172
github.com/flipped-aurora/gin-vue-admin/server/service/quant.(*AiTaskService).dispatchScheduledTasks
	/Users/a1/data/go/gin-vue-admin/server/service/quant/ai_task_service.go:421
github.com/flipped-aurora/gin-vue-admin/server/service/quant.StartAiTaskScheduler.func1.1
	/Users/a1/data/go/gin-vue-admin/server/service/quant/ai_task_service.go:410
[github.com/flipped-aurora/gin-vue-admin/server]2026-09-04 19:31:35.855	[31merror[0m	/Users/a1/data/go/gin-vue-admin/server/service/quant/ai_task_service.go:422	查询待调度AI任务失败	{"node": "", "app_id": "", "env": "", "error": "invalid connection"}
github.com/flipped-aurora/gin-vue-admin/server/service/quant.(*AiTaskService).dispatchScheduledTasks
	/Users/a1/data/go/gin-vue-admin/server/service/quant/ai_task_service.go:422
github.com/flipped-aurora/gin-vue-admin/server/service/quant.StartAiTaskScheduler.func1.1
	/Users/a1/data/go/gin-vue-admin/server/service/quant/ai_task_service.go:410
[github.com/flipped-aurora/gin-vue-admin/server]2026-09-04 19:49:14.367	[31merror[0m	/Users/a1/data/go/gin-vue-admin/server/initialize/internal/gorm_logger_writer.go:54	SQL 执行错误	{"node": "", "app_id": "", "env": "", "sql": "SELECT * FROM `addon_quant_ai_task` WHERE (status = 4 AND scheduled_at IS NOT NULL AND scheduled_at <= '2026-09-04 19:32:12.948') AND `addon_quant_ai_task`.`deleted_at` IS NULL", "rows": 0, "elapsed_ms": 47802, "mod": "sql", "request_id": "", "trace_id": "", "device_id": "", "client_ip": "", "http_method": "", "http_path": "", "error_msg": "invalid connection", "error_stack": "github.com/flipped-aurora/gin-vue-admin/server/utils/logger.(*Builder).assemble\n\t/Users/a1/data/go/gin-vue-admin/server/utils/logger/builder.go:64\ngithub.com/flipped-aurora/gin-vue-admin/server/utils/logger.(*Builder).log\n\t/Users/a1/data/go/gin-vue-admin/server/utils/logger/builder.go:75\ngithub.com/flipped-aurora/gin-vue-admin/server/utils/logger.(*Builder).Error\n\t/Users/a1/data/go/gin-vue-admin/server/utils/logger/builder.go:81\ngithub.com/flipped-aurora/gin-vue-admin/server/initialize/internal.(*GormLogger).Trace\n\t/Users/a1/data/go/gin-vue-admin/server/initialize/internal/gorm_logger_writer.go:54\ngorm.io/gorm.(*processor).Execute\n\t/Users/a1/go/pkg/mod/gorm.io/gorm@v1.31.1/callbacks.go:140\ngorm.io/gorm.(*DB).Find\n\t/Users/a1/go/pkg/mod/gorm.io/gorm@v1.31.1/finisher_api.go:172\ngithub.com/flipped-aurora/gin-vue-admin/server/service/quant.(*AiTaskService).dispatchScheduledTasks\n\t/Users/a1/data/go/gin-vue-admin/server/service/quant/ai_task_service.go:421\ngithub.com/flipped-aurora/gin-vue-admin/server/service/quant.StartAiTaskScheduler.func1.1\n\t/Users/a1/data/go/gin-vue-admin/server/service/quant/ai_task_service.go:410"}
github.com/flipped-aurora/gin-vue-admin/server/initialize/internal.(*GormLogger).Trace
	/Users/a1/data/go/gin-vue-admin/server/initialize/internal/gorm_logger_writer.go:54
gorm.io/gorm.(*processor).Execute
	/Users/a1/go/pkg/mod/gorm.io/gorm@v1.31.1/callbacks.go:140
gorm.io/gorm.(*DB).Find
	/Users/a1/go/pkg/mod/gorm.io/gorm@v1.31.1/finisher_api.go:172
github.com/flipped-aurora/gin-vue-admin/server/service/quant.(*AiTaskService).dispatchScheduledTasks
	/Users/a1/data/go/gin-vue-admin/server/service/quant/ai_task_service.go:421
github.com/flipped-aurora/gin-vue-admin/server/service/quant.StartAiTaskScheduler.func1.1
	/Users/a1/data/go/gin-vue-admin/server/service/quant/ai_task_service.go:410
[github.com/flipped-aurora/gin-vue-admin/server]2026-09-04 19:49:14.368	[31merror[0m	/Users/a1/data/go/gin-vue-admin/server/service/quant/ai_task_service.go:422	查询待调度AI任务失败	{"node": "", "app_id": "", "env": "", "error": "invalid connection"}
github.com/flipped-aurora/gin-vue-admin/server/service/quant.(*AiTaskService).dispatchScheduledTasks
	/Users/a1/data/go/gin-vue-admin/server/service/quant/ai_task_service.go:422
github.com/flipped-aurora/gin-vue-admin/server/service/quant.StartAiTaskScheduler.func1.1
	/Users/a1/data/go/gin-vue-admin/server/service/quant/ai_task_service.go:410
[github.com/flipped-aurora/gin-vue-admin/server]2026-09-04 20:20:44.318	[31merror[0m	/Users/a1/data/go/gin-vue-admin/server/initialize/internal/gorm_logger_writer.go:54	SQL 执行错误	{"node": "", "app_id": "", "env": "", "sql": "SELECT * FROM `addon_quant_ai_task` WHERE (status = 4 AND scheduled_at IS NOT NULL AND scheduled_at <= '2026-09-04 20:04:15.198') AND `addon_quant_ai_task`.`deleted_at` IS NULL", "rows": 0, "elapsed_ms": 62785, "mod": "sql", "request_id": "", "trace_id": "", "device_id": "", "client_ip": "", "http_method": "", "http_path": "", "error_msg": "invalid connection", "error_stack": "github.com/flipped-aurora/gin-vue-admin/server/utils/logger.(*Builder).assemble\n\t/Users/a1/data/go/gin-vue-admin/server/utils/logger/builder.go:64\ngithub.com/flipped-aurora/gin-vue-admin/server/utils/logger.(*Builder).log\n\t/Users/a1/data/go/gin-vue-admin/server/utils/logger/builder.go:75\ngithub.com/flipped-aurora/gin-vue-admin/server/utils/logger.(*Builder).Error\n\t/Users/a1/data/go/gin-vue-admin/server/utils/logger/builder.go:81\ngithub.com/flipped-aurora/gin-vue-admin/server/initialize/internal.(*GormLogger).Trace\n\t/Users/a1/data/go/gin-vue-admin/server/initialize/internal/gorm_logger_writer.go:54\ngorm.io/gorm.(*processor).Execute\n\t/Users/a1/go/pkg/mod/gorm.io/gorm@v1.31.1/callbacks.go:140\ngorm.io/gorm.(*DB).Find\n\t/Users/a1/go/pkg/mod/gorm.io/gorm@v1.31.1/finisher_api.go:172\ngithub.com/flipped-aurora/gin-vue-admin/server/service/quant.(*AiTaskService).dispatchScheduledTasks\n\t/Users/a1/data/go/gin-vue-admin/server/service/quant/ai_task_service.go:421\ngithub.com/flipped-aurora/gin-vue-admin/server/service/quant.StartAiTaskScheduler.func1.1\n\t/Users/a1/data/go/gin-vue-admin/server/service/quant/ai_task_service.go:410"}
github.com/flipped-aurora/gin-vue-admin/server/initialize/internal.(*GormLogger).Trace
	/Users/a1/data/go/gin-vue-admin/server/initialize/internal/gorm_logger_writer.go:54
gorm.io/gorm.(*processor).Execute
	/Users/a1/go/pkg/mod/gorm.io/gorm@v1.31.1/callbacks.go:140
gorm.io/gorm.(*DB).Find
	/Users/a1/go/pkg/mod/gorm.io/gorm@v1.31.1/finisher_api.go:172
github.com/flipped-aurora/gin-vue-admin/server/service/quant.(*AiTaskService).dispatchScheduledTasks
	/Users/a1/data/go/gin-vue-admin/server/service/quant/ai_task_service.go:421
github.com/flipped-aurora/gin-vue-admin/server/service/quant.StartAiTaskScheduler.func1.1
	/Users/a1/data/go/gin-vue-admin/server/service/quant/ai_task_service.go:410
[github.com/flipped-aurora/gin-vue-admin/server]2026-09-04 20:20:44.319	[31merror[0m	/Users/a1/data/go/gin-vue-admin/server/service/quant/ai_task_service.go:422	查询待调度AI任务失败	{"node": "", "app_id": "", "env": "", "error": "invalid connection"}
github.com/flipped-aurora/gin-vue-admin/server/service/quant.(*AiTaskService).dispatchScheduledTasks
	/Users/a1/data/go/gin-vue-admin/server/service/quant/ai_task_service.go:422
github.com/flipped-aurora/gin-vue-admin/server/service/quant.StartAiTaskScheduler.func1.1
	/Users/a1/data/go/gin-vue-admin/server/service/quant/ai_task_service.go:410
[github.com/flipped-aurora/gin-vue-admin/server]2026-09-04 20:42:15.552	[31merror[0m	/Users/a1/data/go/gin-vue-admin/server/initialize/internal/gorm_logger_writer.go:54	SQL 执行错误	{"node": "", "app_id": "", "env": "", "sql": "SELECT * FROM `addon_quant_ai_task` WHERE (status = 4 AND scheduled_at IS NOT NULL AND scheduled_at <= '2026-09-04 20:26:27.671') AND `addon_quant_ai_task`.`deleted_at` IS NULL", "rows": 0, "elapsed_ms": 21427, "mod": "sql", "request_id": "", "trace_id": "", "device_id": "", "client_ip": "", "http_method": "", "http_path": "", "error_msg": "invalid connection", "error_stack": "github.com/flipped-aurora/gin-vue-admin/server/utils/logger.(*Builder).assemble\n\t/Users/a1/data/go/gin-vue-admin/server/utils/logger/builder.go:64\ngithub.com/flipped-aurora/gin-vue-admin/server/utils/logger.(*Builder).log\n\t/Users/a1/data/go/gin-vue-admin/server/utils/logger/builder.go:75\ngithub.com/flipped-aurora/gin-vue-admin/server/utils/logger.(*Builder).Error\n\t/Users/a1/data/go/gin-vue-admin/server/utils/logger/builder.go:81\ngithub.com/flipped-aurora/gin-vue-admin/server/initialize/internal.(*GormLogger).Trace\n\t/Users/a1/data/go/gin-vue-admin/server/initialize/internal/gorm_logger_writer.go:54\ngorm.io/gorm.(*processor).Execute\n\t/Users/a1/go/pkg/mod/gorm.io/gorm@v1.31.1/callbacks.go:140\ngorm.io/gorm.(*DB).Find\n\t/Users/a1/go/pkg/mod/gorm.io/gorm@v1.31.1/finisher_api.go:172\ngithub.com/flipped-aurora/gin-vue-admin/server/service/quant.(*AiTaskService).dispatchScheduledTasks\n\t/Users/a1/data/go/gin-vue-admin/server/service/quant/ai_task_service.go:421\ngithub.com/flipped-aurora/gin-vue-admin/server/service/quant.StartAiTaskScheduler.func1.1\n\t/Users/a1/data/go/gin-vue-admin/server/service/quant/ai_task_service.go:410"}
github.com/flipped-aurora/gin-vue-admin/server/initialize/internal.(*GormLogger).Trace
	/Users/a1/data/go/gin-vue-admin/server/initialize/internal/gorm_logger_writer.go:54
gorm.io/gorm.(*processor).Execute
	/Users/a1/go/pkg/mod/gorm.io/gorm@v1.31.1/callbacks.go:140
gorm.io/gorm.(*DB).Find
	/Users/a1/go/pkg/mod/gorm.io/gorm@v1.31.1/finisher_api.go:172
github.com/flipped-aurora/gin-vue-admin/server/service/quant.(*AiTaskService).dispatchScheduledTasks
	/Users/a1/data/go/gin-vue-admin/server/service/quant/ai_task_service.go:421
github.com/flipped-aurora/gin-vue-admin/server/service/quant.StartAiTaskScheduler.func1.1
	/Users/a1/data/go/gin-vue-admin/server/service/quant/ai_task_service.go:410
[github.com/flipped-aurora/gin-vue-admin/server]2026-09-04 20:42:15.552	[31merror[0m	/Users/a1/data/go/gin-vue-admin/server/service/quant/ai_task_service.go:422	查询待调度AI任务失败	{"node": "", "app_id": "", "env": "", "error": "invalid connection"}
github.com/flipped-aurora/gin-vue-admin/server/service/quant.(*AiTaskService).dispatchScheduledTasks
	/Users/a1/data/go/gin-vue-admin/server/service/quant/ai_task_service.go:422
github.com/flipped-aurora/gin-vue-admin/server/service/quant.StartAiTaskScheduler.func1.1
	/Users/a1/data/go/gin-vue-admin/server/service/quant/ai_task_service.go:410
[github.com/flipped-aurora/gin-vue-admin/server]2026-09-04 21:14:39.855	[31merror[0m	/Users/a1/data/go/gin-vue-admin/server/initialize/internal/gorm_logger_writer.go:54	SQL 执行错误	{"node": "", "app_id": "", "env": "", "sql": "SELECT * FROM `addon_quant_ai_task` WHERE (status = 4 AND scheduled_at IS NOT NULL AND scheduled_at <= '2026-09-04 20:58:49.848') AND `addon_quant_ai_task`.`deleted_at` IS NULL", "rows": 0, "elapsed_ms": 23621, "mod": "sql", "request_id": "", "trace_id": "", "device_id": "", "client_ip": "", "http_method": "", "http_path": "", "error_msg": "invalid connection", "error_stack": "github.com/flipped-aurora/gin-vue-admin/server/utils/logger.(*Builder).assemble\n\t/Users/a1/data/go/gin-vue-admin/server/utils/logger/builder.go:64\ngithub.com/flipped-aurora/gin-vue-admin/server/utils/logger.(*Builder).log\n\t/Users/a1/data/go/gin-vue-admin/server/utils/logger/builder.go:75\ngithub.com/flipped-aurora/gin-vue-admin/server/utils/logger.(*Builder).Error\n\t/Users/a1/data/go/gin-vue-admin/server/utils/logger/builder.go:81\ngithub.com/flipped-aurora/gin-vue-admin/server/initialize/internal.(*GormLogger).Trace\n\t/Users/a1/data/go/gin-vue-admin/server/initialize/internal/gorm_logger_writer.go:54\ngorm.io/gorm.(*processor).Execute\n\t/Users/a1/go/pkg/mod/gorm.io/gorm@v1.31.1/callbacks.go:140\ngorm.io/gorm.(*DB).Find\n\t/Users/a1/go/pkg/mod/gorm.io/gorm@v1.31.1/finisher_api.go:172\ngithub.com/flipped-aurora/gin-vue-admin/server/service/quant.(*AiTaskService).dispatchScheduledTasks\n\t/Users/a1/data/go/gin-vue-admin/server/service/quant/ai_task_service.go:421\ngithub.com/flipped-aurora/gin-vue-admin/server/service/quant.StartAiTaskScheduler.func1.1\n\t/Users/a1/data/go/gin-vue-admin/server/service/quant/ai_task_service.go:410"}
github.com/flipped-aurora/gin-vue-admin/server/initialize/internal.(*GormLogger).Trace
	/Users/a1/data/go/gin-vue-admin/server/initialize/internal/gorm_logger_writer.go:54
gorm.io/gorm.(*processor).Execute
	/Users/a1/go/pkg/mod/gorm.io/gorm@v1.31.1/callbacks.go:140
gorm.io/gorm.(*DB).Find
	/Users/a1/go/pkg/mod/gorm.io/gorm@v1.31.1/finisher_api.go:172
github.com/flipped-aurora/gin-vue-admin/server/service/quant.(*AiTaskService).dispatchScheduledTasks
	/Users/a1/data/go/gin-vue-admin/server/service/quant/ai_task_service.go:421
github.com/flipped-aurora/gin-vue-admin/server/service/quant.StartAiTaskScheduler.func1.1
	/Users/a1/data/go/gin-vue-admin/server/service/quant/ai_task_service.go:410
[github.com/flipped-aurora/gin-vue-admin/server]2026-09-04 21:14:39.855	[31merror[0m	/Users/a1/data/go/gin-vue-admin/server/service/quant/ai_task_service.go:422	查询待调度AI任务失败	{"node": "", "app_id": "", "env": "", "error": "invalid connection"}
github.com/flipped-aurora/gin-vue-admin/server/service/quant.(*AiTaskService).dispatchScheduledTasks
	/Users/a1/data/go/gin-vue-admin/server/service/quant/ai_task_service.go:422
github.com/flipped-aurora/gin-vue-admin/server/service/quant.StartAiTaskScheduler.func1.1
	/Users/a1/data/go/gin-vue-admin/server/service/quant/ai_task_service.go:410
[github.com/flipped-aurora/gin-vue-admin/server]2026-09-04 21:43:44.087	[31merror[0m	/Users/a1/data/go/gin-vue-admin/server/initialize/internal/gorm_logger_writer.go:54	SQL 执行错误	{"node": "", "app_id": "", "env": "", "sql": "SELECT * FROM `addon_quant_ai_task` WHERE (status = 4 AND scheduled_at IS NOT NULL AND scheduled_at <= '2026-09-04 21:27:53.187') AND `addon_quant_ai_task`.`deleted_at` IS NULL", "rows": 0, "elapsed_ms": 25455, "mod": "sql", "request_id": "", "trace_id": "", "device_id": "", "client_ip": "", "http_method": "", "http_path": "", "error_msg": "invalid connection", "error_stack": "github.com/flipped-aurora/gin-vue-admin/server/utils/logger.(*Builder).assemble\n\t/Users/a1/data/go/gin-vue-admin/server/utils/logger/builder.go:64\ngithub.com/flipped-aurora/gin-vue-admin/server/utils/logger.(*Builder).log\n\t/Users/a1/data/go/gin-vue-admin/server/utils/logger/builder.go:75\ngithub.com/flipped-aurora/gin-vue-admin/server/utils/logger.(*Builder).Error\n\t/Users/a1/data/go/gin-vue-admin/server/utils/logger/builder.go:81\ngithub.com/flipped-aurora/gin-vue-admin/server/initialize/internal.(*GormLogger).Trace\n\t/Users/a1/data/go/gin-vue-admin/server/initialize/internal/gorm_logger_writer.go:54\ngorm.io/gorm.(*processor).Execute\n\t/Users/a1/go/pkg/mod/gorm.io/gorm@v1.31.1/callbacks.go:140\ngorm.io/gorm.(*DB).Find\n\t/Users/a1/go/pkg/mod/gorm.io/gorm@v1.31.1/finisher_api.go:172\ngithub.com/flipped-aurora/gin-vue-admin/server/service/quant.(*AiTaskService).dispatchScheduledTasks\n\t/Users/a1/data/go/gin-vue-admin/server/service/quant/ai_task_service.go:421\ngithub.com/flipped-aurora/gin-vue-admin/server/service/quant.StartAiTaskScheduler.func1.1\n\t/Users/a1/data/go/gin-vue-admin/server/service/quant/ai_task_service.go:410"}
github.com/flipped-aurora/gin-vue-admin/server/initialize/internal.(*GormLogger).Trace
	/Users/a1/data/go/gin-vue-admin/server/initialize/internal/gorm_logger_writer.go:54
gorm.io/gorm.(*processor).Execute
	/Users/a1/go/pkg/mod/gorm.io/gorm@v1.31.1/callbacks.go:140
gorm.io/gorm.(*DB).Find
	/Users/a1/go/pkg/mod/gorm.io/gorm@v1.31.1/finisher_api.go:172
github.com/flipped-aurora/gin-vue-admin/server/service/quant.(*AiTaskService).dispatchScheduledTasks
	/Users/a1/data/go/gin-vue-admin/server/service/quant/ai_task_service.go:421
github.com/flipped-aurora/gin-vue-admin/server/service/quant.StartAiTaskScheduler.func1.1
	/Users/a1/data/go/gin-vue-admin/server/service/quant/ai_task_service.go:410
[github.com/flipped-aurora/gin-vue-admin/server]2026-09-04 21:43:44.088	[31merror[0m	/Users/a1/data/go/gin-vue-admin/server/service/quant/ai_task_service.go:422	查询待调度AI任务失败	{"node": "", "app_id": "", "env": "", "error": "invalid connection"}
github.com/flipped-aurora/gin-vue-admin/server/service/quant.(*AiTaskService).dispatchScheduledTasks
	/Users/a1/data/go/gin-vue-admin/server/service/quant/ai_task_service.go:422
github.com/flipped-aurora/gin-vue-admin/server/service/quant.StartAiTaskScheduler.func1.1
	/Users/a1/data/go/gin-vue-admin/server/service/quant/ai_task_service.go:410
[github.com/flipped-aurora/gin-vue-admin/server]2026-09-04 22:05:05.234	[31merror[0m	/Users/a1/data/go/gin-vue-admin/server/initialize/internal/gorm_logger_writer.go:54	SQL 执行错误	{"node": "", "app_id": "", "env": "", "sql": "SELECT * FROM `addon_quant_ai_task` WHERE (status = 4 AND scheduled_at IS NOT NULL AND scheduled_at <= '2026-09-04 22:00:14.867') AND `addon_quant_ai_task`.`deleted_at` IS NULL", "rows": 0, "elapsed_ms": 50086, "mod": "sql", "request_id": "", "trace_id": "", "device_id": "", "client_ip": "", "http_method": "", "http_path": "", "error_msg": "invalid connection", "error_stack": "github.com/flipped-aurora/gin-vue-admin/server/utils/logger.(*Builder).assemble\n\t/Users/a1/data/go/gin-vue-admin/server/utils/logger/builder.go:64\ngithub.com/flipped-aurora/gin-vue-admin/server/utils/logger.(*Builder).log\n\t/Users/a1/data/go/gin-vue-admin/server/utils/logger/builder.go:75\ngithub.com/flipped-aurora/gin-vue-admin/server/utils/logger.(*Builder).Error\n\t/Users/a1/data/go/gin-vue-admin/server/utils/logger/builder.go:81\ngithub.com/flipped-aurora/gin-vue-admin/server/initialize/internal.(*GormLogger).Trace\n\t/Users/a1/data/go/gin-vue-admin/server/initialize/internal/gorm_logger_writer.go:54\ngorm.io/gorm.(*processor).Execute\n\t/Users/a1/go/pkg/mod/gorm.io/gorm@v1.31.1/callbacks.go:140\ngorm.io/gorm.(*DB).Find\n\t/Users/a1/go/pkg/mod/gorm.io/gorm@v1.31.1/finisher_api.go:172\ngithub.com/flipped-aurora/gin-vue-admin/server/service/quant.(*AiTaskService).dispatchScheduledTasks\n\t/Users/a1/data/go/gin-vue-admin/server/service/quant/ai_task_service.go:421\ngithub.com/flipped-aurora/gin-vue-admin/server/service/quant.StartAiTaskScheduler.func1.1\n\t/Users/a1/data/go/gin-vue-admin/server/service/quant/ai_task_service.go:410"}
github.com/flipped-aurora/gin-vue-admin/server/initialize/internal.(*GormLogger).Trace
	/Users/a1/data/go/gin-vue-admin/server/initialize/internal/gorm_logger_writer.go:54
gorm.io/gorm.(*processor).Execute
	/Users/a1/go/pkg/mod/gorm.io/gorm@v1.31.1/callbacks.go:140
gorm.io/gorm.(*DB).Find
	/Users/a1/go/pkg/mod/gorm.io/gorm@v1.31.1/finisher_api.go:172
github.com/flipped-aurora/gin-vue-admin/server/service/quant.(*AiTaskService).dispatchScheduledTasks
	/Users/a1/data/go/gin-vue-admin/server/service/quant/ai_task_service.go:421
github.com/flipped-aurora/gin-vue-admin/server/service/quant.StartAiTaskScheduler.func1.1
	/Users/a1/data/go/gin-vue-admin/server/service/quant/ai_task_service.go:410
[github.com/flipped-aurora/gin-vue-admin/server]2026-09-04 22:05:05.235	[31merror[0m	/Users/a1/data/go/gin-vue-admin/server/service/quant/ai_task_service.go:422	查询待调度AI任务失败	{"node": "", "app_id": "", "env": "", "error": "invalid connection"}
github.com/flipped-aurora/gin-vue-admin/server/service/quant.(*AiTaskService).dispatchScheduledTasks
	/Users/a1/data/go/gin-vue-admin/server/service/quant/ai_task_service.go:422
github.com/flipped-aurora/gin-vue-admin/server/service/quant.StartAiTaskScheduler.func1.1
	/Users/a1/data/go/gin-vue-admin/server/service/quant/ai_task_service.go:410
[github.com/flipped-aurora/gin-vue-admin/server]2026-09-04 22:20:20.535	[31merror[0m	/Users/a1/data/go/gin-vue-admin/server/initialize/internal/gorm_logger_writer.go:54	SQL 执行错误	{"node": "", "app_id": "", "env": "", "sql": "SELECT * FROM `addon_quant_ai_task` WHERE (status = 4 AND scheduled_at IS NOT NULL AND scheduled_at <= '2026-09-04 22:18:04.909') AND `addon_quant_ai_task`.`deleted_at` IS NULL", "rows": 0, "elapsed_ms": 135623, "mod": "sql", "request_id": "", "trace_id": "", "device_id": "", "client_ip": "", "http_method": "", "http_path": "", "error_msg": "invalid connection", "error_stack": "github.com/flipped-aurora/gin-vue-admin/server/utils/logger.(*Builder).assemble\n\t/Users/a1/data/go/gin-vue-admin/server/utils/logger/builder.go:64\ngithub.com/flipped-aurora/gin-vue-admin/server/utils/logger.(*Builder).log\n\t/Users/a1/data/go/gin-vue-admin/server/utils/logger/builder.go:75\ngithub.com/flipped-aurora/gin-vue-admin/server/utils/logger.(*Builder).Error\n\t/Users/a1/data/go/gin-vue-admin/server/utils/logger/builder.go:81\ngithub.com/flipped-aurora/gin-vue-admin/server/initialize/internal.(*GormLogger).Trace\n\t/Users/a1/data/go/gin-vue-admin/server/initialize/internal/gorm_logger_writer.go:54\ngorm.io/gorm.(*processor).Execute\n\t/Users/a1/go/pkg/mod/gorm.io/gorm@v1.31.1/callbacks.go:140\ngorm.io/gorm.(*DB).Find\n\t/Users/a1/go/pkg/mod/gorm.io/gorm@v1.31.1/finisher_api.go:172\ngithub.com/flipped-aurora/gin-vue-admin/server/service/quant.(*AiTaskService).dispatchScheduledTasks\n\t/Users/a1/data/go/gin-vue-admin/server/service/quant/ai_task_service.go:421\ngithub.com/flipped-aurora/gin-vue-admin/server/service/quant.StartAiTaskScheduler.func1.1\n\t/Users/a1/data/go/gin-vue-admin/server/service/quant/ai_task_service.go:410"}
github.com/flipped-aurora/gin-vue-admin/server/initialize/internal.(*GormLogger).Trace
	/Users/a1/data/go/gin-vue-admin/server/initialize/internal/gorm_logger_writer.go:54
gorm.io/gorm.(*processor).Execute
	/Users/a1/go/pkg/mod/gorm.io/gorm@v1.31.1/callbacks.go:140
gorm.io/gorm.(*DB).Find
	/Users/a1/go/pkg/mod/gorm.io/gorm@v1.31.1/finisher_api.go:172
github.com/flipped-aurora/gin-vue-admin/server/service/quant.(*AiTaskService).dispatchScheduledTasks
	/Users/a1/data/go/gin-vue-admin/server/service/quant/ai_task_service.go:421
github.com/flipped-aurora/gin-vue-admin/server/service/quant.StartAiTaskScheduler.func1.1
	/Users/a1/data/go/gin-vue-admin/server/service/quant/ai_task_service.go:410
[github.com/flipped-aurora/gin-vue-admin/server]2026-09-04 22:20:20.536	[31merror[0m	/Users/a1/data/go/gin-vue-admin/server/service/quant/ai_task_service.go:422	查询待调度AI任务失败	{"node": "", "app_id": "", "env": "", "error": "invalid connection"}
github.com/flipped-aurora/gin-vue-admin/server/service/quant.(*AiTaskService).dispatchScheduledTasks
	/Users/a1/data/go/gin-vue-admin/server/service/quant/ai_task_service.go:422
github.com/flipped-aurora/gin-vue-admin/server/service/quant.StartAiTaskScheduler.func1.1
	/Users/a1/data/go/gin-vue-admin/server/service/quant/ai_task_service.go:410
[github.com/flipped-aurora/gin-vue-admin/server]2026-09-04 22:25:56.159	[31merror[0m	/Users/a1/data/go/gin-vue-admin/server/initialize/internal/gorm_logger_writer.go:54	SQL 执行错误	{"node": "", "app_id": "", "env": "", "sql": "SELECT * FROM `addon_quant_ai_task` WHERE (status = 4 AND scheduled_at IS NOT NULL AND scheduled_at <= '2026-09-04 22:25:18.064') AND `addon_quant_ai_task`.`deleted_at` IS NULL", "rows": 0, "elapsed_ms": 38090, "mod": "sql", "request_id": "", "trace_id": "", "device_id": "", "client_ip": "", "http_method": "", "http_path": "", "error_msg": "invalid connection", "error_stack": "github.com/flipped-aurora/gin-vue-admin/server/utils/logger.(*Builder).assemble\n\t/Users/a1/data/go/gin-vue-admin/server/utils/logger/builder.go:64\ngithub.com/flipped-aurora/gin-vue-admin/server/utils/logger.(*Builder).log\n\t/Users/a1/data/go/gin-vue-admin/server/utils/logger/builder.go:75\ngithub.com/flipped-aurora/gin-vue-admin/server/utils/logger.(*Builder).Error\n\t/Users/a1/data/go/gin-vue-admin/server/utils/logger/builder.go:81\ngithub.com/flipped-aurora/gin-vue-admin/server/initialize/internal.(*GormLogger).Trace\n\t/Users/a1/data/go/gin-vue-admin/server/initialize/internal/gorm_logger_writer.go:54\ngorm.io/gorm.(*processor).Execute\n\t/Users/a1/go/pkg/mod/gorm.io/gorm@v1.31.1/callbacks.go:140\ngorm.io/gorm.(*DB).Find\n\t/Users/a1/go/pkg/mod/gorm.io/gorm@v1.31.1/finisher_api.go:172\ngithub.com/flipped-aurora/gin-vue-admin/server/service/quant.(*AiTaskService).dispatchScheduledTasks\n\t/Users/a1/data/go/gin-vue-admin/server/service/quant/ai_task_service.go:421\ngithub.com/flipped-aurora/gin-vue-admin/server/service/quant.StartAiTaskScheduler.func1.1\n\t/Users/a1/data/go/gin-vue-admin/server/service/quant/ai_task_service.go:410"}
github.com/flipped-aurora/gin-vue-admin/server/initialize/internal.(*GormLogger).Trace
	/Users/a1/data/go/gin-vue-admin/server/initialize/internal/gorm_logger_writer.go:54
gorm.io/gorm.(*processor).Execute
	/Users/a1/go/pkg/mod/gorm.io/gorm@v1.31.1/callbacks.go:140
gorm.io/gorm.(*DB).Find
	/Users/a1/go/pkg/mod/gorm.io/gorm@v1.31.1/finisher_api.go:172
github.com/flipped-aurora/gin-vue-admin/server/service/quant.(*AiTaskService).dispatchScheduledTasks
	/Users/a1/data/go/gin-vue-admin/server/service/quant/ai_task_service.go:421
github.com/flipped-aurora/gin-vue-admin/server/service/quant.StartAiTaskScheduler.func1.1
	/Users/a1/data/go/gin-vue-admin/server/service/quant/ai_task_service.go:410
[github.com/flipped-aurora/gin-vue-admin/server]2026-09-04 22:25:56.159	[31merror[0m	/Users/a1/data/go/gin-vue-admin/server/service/quant/ai_task_service.go:422	查询待调度AI任务失败	{"node": "", "app_id": "", "env": "", "error": "invalid connection"}
github.com/flipped-aurora/gin-vue-admin/server/service/quant.(*AiTaskService).dispatchScheduledTasks
	/Users/a1/data/go/gin-vue-admin/server/service/quant/ai_task_service.go:422
github.com/flipped-aurora/gin-vue-admin/server/service/quant.StartAiTaskScheduler.func1.1
	/Users/a1/data/go/gin-vue-admin/server/service/quant/ai_task_service.go:410
